datetime,MsgNumber,StateAfter
2025-05-22 15:51:06,2803,0
2025-05-22 15:51:06,2803,1
2025-05-22 15:51:08,2803,0
2025-05-22 15:51:09,2803,1
2025-05-22 15:51:11,2803,0
2025-05-22 15:51:11,2803,1
2025-05-22 15:51:13,2803,0
2025-05-22 15:51:14,2803,1
2025-05-22 15:51:16,2803,0
2025-05-22 15:51:16,2803,1
2025-05-22 15:51:18,2803,0
2025-05-22 15:51:19,2803,1
2025-05-22 15:51:21,2803,0
2025-05-22 15:51:22,2803,1
2025-05-22 15:51:26,2803,0
2025-05-22 15:51:26,2803,1
2025-05-22 15:51:28,2803,0
2025-05-22 15:51:39,2803,1
2025-05-22 15:51:41,2803,0
2025-05-22 15:51:48,2803,1
2025-05-22 15:51:50,2803,0
2025-05-22 15:51:50,2803,1
2025-05-22 15:51:52,2803,0
2025-05-22 15:51:53,2803,1
2025-05-22 15:51:55,2803,0
2025-05-22 15:51:55,2803,1
2025-05-22 15:51:57,2803,0
2025-05-22 15:51:58,2803,1
2025-05-22 15:52:00,2803,0
2025-05-22 15:52:01,2803,1
2025-05-22 15:52:05,2803,0
2025-05-22 15:52:05,2803,1
2025-05-22 15:52:07,2803,0
2025-05-22 15:52:08,2803,1
2025-05-22 15:52:12,2803,0
2025-05-22 15:52:12,2803,1
2025-05-22 15:52:14,2803,0
2025-05-22 15:52:26,2803,1
2025-05-22 15:52:28,2803,0
2025-05-22 15:52:32,2803,1
2025-05-22 15:52:34,2803,0
2025-05-22 15:52:34,2803,1
2025-05-22 15:52:38,2803,0
2025-05-22 15:52:39,2803,1
2025-05-22 15:52:43,2803,0
2025-05-22 15:52:44,2803,1
2025-05-22 15:52:46,2803,0
2025-05-22 15:52:47,2803,1
2025-05-22 15:52:49,2803,0
2025-05-22 15:52:49,2803,1
2025-05-22 15:52:51,2803,0
2025-05-22 15:52:54,2803,1
2025-05-22 15:52:58,2803,0
2025-05-22 15:52:59,2803,1
2025-05-22 15:53:01,2803,0
2025-05-22 15:53:12,2803,1
2025-05-22 15:53:16,2803,0
2025-05-22 15:53:19,2803,1
2025-05-22 15:53:21,2803,0
2025-05-22 15:53:24,2803,1
2025-05-22 15:53:26,2803,0
2025-05-22 15:53:26,2803,1
2025-05-22 15:53:28,2803,0
2025-05-22 15:53:29,2803,1
2025-05-22 15:53:31,2803,0
2025-05-22 15:53:32,2803,1
2025-05-22 15:53:34,2803,0
2025-05-22 15:53:34,2803,1
2025-05-22 15:53:38,2803,0
2025-05-22 15:53:39,2803,1
2025-05-22 15:53:41,2803,0
2025-05-22 15:53:42,2803,1
2025-05-22 15:53:46,2803,0
2025-05-22 15:53:56,2803,1
2025-05-22 15:53:58,2803,0
2025-05-22 15:53:59,2803,1
2025-05-22 15:54:01,2803,0
2025-05-22 15:54:01,2803,1
2025-05-22 15:54:03,2803,0
2025-05-22 15:54:04,2803,1
2025-05-22 15:54:06,2803,0
2025-05-22 15:54:07,2803,1
2025-05-22 15:54:09,2803,0
2025-05-22 15:54:09,2803,1
2025-05-22 15:54:11,2803,0
2025-05-22 15:54:11,2803,1
2025-05-22 15:54:13,2803,0
2025-05-22 15:54:14,2803,1
2025-05-22 15:54:18,2803,0
2025-05-22 15:54:20,2803,1
2025-05-22 15:54:22,2803,0
2025-05-22 15:54:23,2803,1
2025-05-22 15:54:25,2803,0
2025-05-22 15:54:28,2803,1
2025-05-22 15:54:30,2803,0
2025-05-22 15:54:30,2803,1
2025-05-22 15:54:32,2803,0
2025-05-22 15:54:43,2803,1
2025-05-22 15:54:45,2803,0
2025-05-22 15:54:48,2803,1
2025-05-22 15:54:50,2803,0
2025-05-22 15:54:51,2803,1
2025-05-22 15:54:53,2803,0
2025-05-22 15:54:59,2803,1
2025-05-22 15:55:01,2803,0
2025-05-22 15:55:34,2803,1
2025-05-22 15:55:36,2803,0
2025-05-22 15:55:44,2803,1
2025-05-22 15:55:46,2803,0
2025-05-22 20:30:22,3238,1
2025-05-22 20:30:24,3238,0
2025-05-22 23:17:43,2803,1
2025-05-22 23:17:45,2803,0
2025-05-22 23:18:19,2803,1
2025-05-22 23:18:21,2803,0
2025-05-22 23:18:22,2803,1
2025-05-22 23:18:24,2803,0
2025-05-22 23:18:28,2803,1
2025-05-22 23:18:30,2803,0
2025-05-22 23:18:32,2803,1
2025-05-22 23:18:34,2803,0
2025-05-22 23:18:37,2803,1
2025-05-22 23:18:39,2803,0
2025-05-22 23:18:52,2803,1
2025-05-22 23:18:54,2803,0
2025-05-22 23:18:55,2803,1
2025-05-22 23:18:59,2803,0
2025-05-22 23:19:00,2803,1
2025-05-22 23:19:04,2803,0
2025-05-22 23:19:04,2803,1
2025-05-22 23:19:06,2803,0
2025-05-22 23:19:07,2803,1
2025-05-22 23:19:09,2803,0
2025-05-22 23:19:13,2803,1
2025-05-22 23:19:17,2803,0
2025-05-22 23:19:18,2803,1
2025-05-22 23:19:20,2803,0
2025-05-22 23:19:24,2803,1
2025-05-22 23:19:26,2803,0
2025-05-22 23:19:38,2803,1
2025-05-22 23:19:42,2803,0
2025-05-22 23:19:43,2803,1
2025-05-22 23:19:45,2803,0
2025-05-22 23:19:45,2803,1
2025-05-22 23:19:47,2803,0
2025-05-22 23:19:48,2803,1
2025-05-22 23:19:50,2803,0
2025-05-22 23:19:50,2803,1
2025-05-22 23:19:52,2803,0
2025-05-22 23:19:53,2803,1
2025-05-22 23:19:55,2803,0
2025-05-22 23:19:55,2803,1
2025-05-22 23:19:57,2803,0
2025-05-22 23:19:58,2803,1
2025-05-22 23:20:00,2803,0
2025-05-22 23:20:01,2803,1
2025-05-22 23:20:05,2803,0
2025-05-22 23:20:25,2803,1
2025-05-22 23:20:29,2803,0
2025-05-22 23:20:29,2803,1
2025-05-22 23:20:31,2803,0
2025-05-22 23:20:32,2803,1
2025-05-22 23:20:34,2803,0
2025-05-22 23:20:34,2803,1
2025-05-22 23:20:36,2803,0
2025-05-22 23:20:37,2803,1
2025-05-22 23:20:39,2803,0
2025-05-22 23:20:39,2803,1
2025-05-22 23:20:41,2803,0
2025-05-22 23:20:42,2803,1
2025-05-22 23:20:44,2803,0
2025-05-22 23:20:44,2803,1
2025-05-22 23:20:46,2803,0
2025-05-22 23:20:47,2803,1
2025-05-22 23:20:49,2803,0
2025-05-22 23:20:50,2803,1
2025-05-22 23:20:54,2803,0
2025-05-22 23:21:11,2803,1
2025-05-22 23:21:13,2803,0
2025-05-22 23:21:13,2803,1
2025-05-22 23:21:15,2803,0
2025-05-22 23:21:15,2803,1
2025-05-22 23:21:19,2803,0
2025-05-22 23:21:19,2803,1
2025-05-22 23:21:23,2803,0
2025-05-22 23:21:24,2803,1
2025-05-22 23:21:28,2803,0
2025-05-22 23:21:28,2803,1
2025-05-22 23:21:30,2803,0
2025-05-22 23:21:30,2803,1
2025-05-22 23:21:32,2803,0
2025-05-22 23:21:33,2803,1
2025-05-22 23:21:41,2803,0
2025-05-22 23:21:47,2803,1
2025-05-22 23:21:54,2803,0
2025-05-22 23:21:57,2803,1
2025-05-22 23:22:01,2803,0
2025-05-22 23:22:01,2803,1
2025-05-22 23:22:03,2803,0
2025-05-22 23:22:03,2803,1
2025-05-22 23:22:07,2803,0
2025-05-22 23:22:07,2803,1
2025-05-22 23:22:09,2803,0
2025-05-22 23:22:10,2803,1
2025-05-22 23:22:12,2803,0
2025-05-22 23:22:12,2803,1
2025-05-22 23:22:16,2803,0
2025-05-22 23:22:16,2803,1
2025-05-22 23:22:18,2803,0
2025-05-22 23:22:18,2803,1
2025-05-22 23:22:20,2803,0
2025-05-22 23:22:21,2803,1
2025-05-22 23:22:23,2803,0
2025-05-22 23:22:23,2803,1
2025-05-22 23:22:27,2803,0
2025-05-22 23:22:32,2803,1
2025-05-22 23:22:34,2803,0
2025-05-22 23:22:35,2803,1
2025-05-22 23:22:39,2803,0
2025-05-22 23:22:39,2803,1
2025-05-22 23:22:43,2803,0
2025-05-22 23:22:44,2803,1
2025-05-22 23:22:48,2803,0
2025-05-22 23:22:48,2803,1
2025-05-22 23:22:50,2803,0
2025-05-22 23:22:50,2803,1
2025-05-22 23:22:54,2803,0
2025-05-22 23:22:54,2803,1
2025-05-22 23:22:58,2803,0
2025-05-22 23:22:58,2803,1
2025-05-22 23:23:00,2803,0
2025-05-22 23:23:00,2803,1
2025-05-22 23:23:04,2803,0
2025-05-22 23:23:05,2803,1
2025-05-22 23:23:07,2803,0
2025-05-22 23:23:07,2803,1
2025-05-22 23:23:13,2803,0
2025-05-22 23:23:15,2803,1
2025-05-22 23:23:19,2803,0
2025-05-22 23:23:19,2803,1
2025-05-22 23:23:21,2803,0
2025-05-22 23:23:22,2803,1
2025-05-22 23:23:24,2803,0
2025-05-22 23:23:25,2803,1
2025-05-22 23:23:31,2803,0
2025-05-22 23:23:31,2803,1
2025-05-22 23:23:33,2803,0
2025-05-22 23:23:33,2803,1
2025-05-22 23:23:36,2803,0
2025-05-22 23:23:37,2803,1
2025-05-22 23:23:39,2803,0
2025-05-22 23:23:39,2803,1
2025-05-22 23:23:43,2803,0
2025-05-22 23:23:43,2803,1
2025-05-22 23:23:45,2803,0
2025-05-22 23:23:45,2803,1
2025-05-22 23:23:47,2803,0
2025-05-22 23:23:47,2803,1
2025-05-22 23:23:52,2803,0
2025-05-22 23:23:52,2803,1
2025-05-22 23:23:55,2803,0
2025-05-22 23:23:55,2803,1
2025-05-22 23:23:57,2803,0
2025-05-22 23:23:57,2803,1
2025-05-22 23:23:59,2803,0
2025-05-22 23:24:00,2803,1
2025-05-22 23:24:02,2803,0
2025-05-22 23:24:02,2803,1
2025-05-22 23:24:06,2803,0
2025-05-22 23:24:07,2803,1
2025-05-22 23:24:09,2803,0
2025-05-22 23:24:09,2803,1
2025-05-22 23:24:11,2803,0
2025-05-22 23:24:11,2803,1
2025-05-22 23:24:19,2803,0
2025-05-22 23:24:19,2803,1
2025-05-22 23:24:21,2803,0
2025-05-22 23:24:21,2803,1
2025-05-22 23:24:23,2803,0
2025-05-22 23:24:23,2803,1
2025-05-22 23:24:25,2803,0
2025-05-22 23:24:25,2803,1
2025-05-22 23:24:34,2803,0
2025-05-22 23:24:34,2803,1
2025-05-22 23:24:38,2803,0
2025-05-22 23:24:38,2803,1
2025-05-22 23:24:42,2803,0
2025-05-22 23:24:42,2803,1
2025-05-22 23:24:44,2803,0
2025-05-22 23:24:44,2803,1
2025-05-22 23:24:46,2803,0
2025-05-22 23:24:46,2803,1
2025-05-22 23:24:50,2803,0
2025-05-22 23:24:50,2803,1
2025-05-22 23:24:54,2803,0
2025-05-22 23:24:55,2803,1
2025-05-22 23:25:03,2803,0
2025-05-22 23:25:03,2803,1
2025-05-22 23:25:05,2803,0
2025-05-22 23:25:05,2803,1
2025-05-22 23:25:09,2803,0
2025-05-22 23:25:09,2803,1
2025-05-22 23:25:13,2803,0
2025-05-22 23:25:13,2803,1
2025-05-22 23:25:23,2803,0
2025-05-22 23:25:23,2803,1
2025-05-22 23:25:29,2803,0
2025-05-22 23:25:30,2803,1
2025-05-22 23:25:48,2803,0
2025-05-22 23:25:48,2803,1
2025-05-22 23:25:52,2803,0
2025-05-22 23:25:52,2803,1
2025-05-22 23:25:56,2803,0
2025-05-22 23:25:56,2803,1
2025-05-22 23:25:58,2803,0
2025-05-22 23:25:58,2803,1
2025-05-22 23:26:04,2803,0
2025-05-22 23:26:04,2803,1
2025-05-22 23:26:10,2803,0
2025-05-22 23:26:10,2803,1
2025-05-22 23:26:12,2803,0
2025-05-22 23:26:12,2803,1
2025-05-22 23:26:16,2803,0
2025-05-22 23:26:17,2803,1
2025-05-22 23:26:21,2803,0
2025-05-22 23:26:21,2803,1
2025-05-22 23:26:23,2803,0
2025-05-22 23:26:23,2803,1
2025-05-22 23:26:33,2803,0
2025-05-22 23:26:33,2803,1
2025-05-22 23:26:37,2803,0
2025-05-22 23:26:37,2803,1
2025-05-22 23:26:41,2803,0
2025-05-22 23:26:41,2803,1
2025-05-22 23:26:49,2803,0
2025-05-22 23:26:49,2803,1
2025-05-22 23:27:05,2803,0
2025-05-22 23:27:05,2803,1
2025-05-22 23:27:22,2803,0
2025-05-22 23:27:22,2803,1
2025-05-22 23:27:30,2803,0
2025-05-22 23:27:30,2803,1
2025-05-22 23:27:36,2803,0
2025-05-22 23:27:36,2803,1
2025-05-22 23:27:42,2803,0
2025-05-22 23:27:42,2803,1
2025-05-22 23:27:50,2803,0
2025-05-22 23:27:50,2803,1
2025-05-22 23:28:06,2803,0
2025-05-22 23:28:06,2803,1
2025-05-22 23:28:14,2803,0
2025-05-22 23:28:14,2803,1
2025-05-22 23:28:29,2803,0
2025-05-22 23:28:29,2803,1
2025-05-22 23:28:37,2803,0
2025-05-22 23:28:37,2803,1
2025-05-22 23:28:43,2803,0
2025-05-22 23:28:43,2803,1
2025-05-22 23:28:49,2803,0
2025-05-22 23:28:49,2803,1
2025-05-22 23:28:55,2803,0
2025-05-22 23:28:55,2803,1
2025-05-22 23:29:17,2803,0
2025-05-22 23:29:17,2803,1
2025-05-22 23:29:33,2803,0
2025-05-22 23:29:34,2803,1
2025-05-22 23:29:42,2803,0
2025-05-22 23:29:42,2803,1
2025-05-22 23:29:52,2803,0
2025-05-22 23:29:52,2803,1
2025-05-22 23:29:58,2803,0
2025-05-22 23:29:58,2803,1
2025-05-22 23:30:14,2803,0
2025-05-22 23:30:14,2803,1
2025-05-22 23:30:22,2803,0
2025-05-22 23:30:22,2803,1
2025-05-22 23:30:36,2803,0
2025-05-22 23:30:36,2803,1
2025-05-22 23:30:44,2803,0
2025-05-22 23:30:44,2803,1
2025-05-22 23:30:52,2803,0
2025-05-22 23:30:53,2803,1
2025-05-22 23:31:01,2803,0
2025-05-22 23:31:01,2803,1
2025-05-22 23:31:09,2803,0
2025-05-22 23:31:09,2803,1
2025-05-22 23:31:17,2803,0
2025-05-22 23:31:17,2803,1
2025-05-22 23:31:25,2803,0
2025-05-22 23:31:25,2803,1
2025-05-22 23:31:33,2803,0
2025-05-22 23:31:33,2803,1
2025-05-22 23:31:55,2803,0
2025-05-22 23:31:55,2803,1
2025-05-22 23:32:09,2803,0
2025-05-22 23:32:10,2803,1
2025-05-22 23:32:32,2803,0
2025-05-22 23:32:32,2803,1
2025-05-22 23:32:38,2803,0
2025-05-22 23:32:38,2803,1
2025-05-22 23:32:46,2803,0
2025-05-22 23:32:46,2803,1
2025-05-22 23:33:24,2803,0
2025-05-22 23:33:25,2803,1
2025-05-22 23:33:33,2803,0
2025-05-22 23:33:33,2803,1
2025-05-22 23:33:55,2803,0
2025-05-22 23:33:55,2803,1
2025-05-22 23:34:03,2803,0
2025-05-22 23:34:03,2803,1
2025-05-22 23:34:19,2803,0
2025-05-22 23:34:19,2803,1
2025-05-22 23:34:27,2803,0
2025-05-22 23:34:27,2803,1
2025-05-22 23:34:35,2803,0
2025-05-22 23:34:35,2803,1
2025-05-22 23:34:52,2803,0
2025-05-22 23:34:52,2803,1
2025-05-22 23:35:20,2803,0
2025-05-22 23:35:20,2803,1
2025-05-22 23:35:42,2803,0
2025-05-22 23:35:43,2803,1
2025-05-22 23:35:59,2803,0
2025-05-22 23:35:59,2803,1
2025-05-22 23:36:46,2803,0
2025-05-22 23:36:46,2803,1
2025-05-22 23:37:02,2803,0
2025-05-22 23:37:02,2803,1
2025-05-22 23:37:25,2803,0
2025-05-22 23:37:25,2803,1
2025-05-22 23:37:37,2803,0
2025-05-22 23:37:38,2803,1
2025-05-22 23:37:48,2803,0
2025-05-22 23:37:48,2803,1
2025-05-22 23:37:58,2803,0
2025-05-22 23:37:58,2803,1
2025-05-22 23:38:19,2803,0
2025-05-22 23:38:19,2803,1
2025-05-22 23:38:40,2803,0
2025-05-22 23:38:40,2803,1
2025-05-22 23:39:03,2803,0
2025-05-22 23:39:03,2803,1
2025-05-22 23:39:37,2803,0
2025-05-22 23:39:37,2803,1
2025-05-22 23:39:54,2803,0
2025-05-22 23:39:54,2803,1
2025-05-22 23:40:26,2803,0
2025-05-22 23:40:26,2803,1
2025-05-22 23:41:39,2803,0
2025-05-22 23:41:39,2803,1
2025-05-22 23:42:01,2803,0
2025-05-22 23:42:01,2803,1
2025-05-22 23:42:50,2803,0
2025-05-22 23:42:50,2803,1
2025-05-22 23:43:20,2803,0
2025-05-22 23:43:20,2803,1
2025-05-22 23:43:31,2803,0
2025-05-22 23:43:31,2803,1
2025-05-22 23:43:44,2803,0
2025-05-22 23:43:44,2803,1
2025-05-22 23:44:07,2803,0
2025-05-22 23:44:07,2803,1
2025-05-23 13:09:14,2803,0
2025-05-23 13:09:14,2803,1
2025-05-23 13:09:48,2803,0
2025-05-23 13:09:48,2803,1
2025-05-23 13:10:06,2803,0
2025-05-23 13:10:06,2803,1
2025-05-23 13:13:14,2803,0
2025-05-23 13:13:14,2803,1
2025-05-23 13:13:58,2803,0
2025-05-23 13:13:58,2803,1
2025-05-23 13:14:04,2803,0
2025-05-23 13:14:04,2803,1
2025-05-23 13:15:16,2803,0
2025-05-23 13:15:17,2803,1
2025-05-23 13:16:57,2803,0
2025-05-23 13:16:57,2803,1
2025-05-23 13:17:49,2803,0
2025-05-23 13:17:49,2803,1
2025-05-23 13:18:20,2803,0
2025-05-23 13:18:20,2803,1
2025-05-23 13:19:31,2803,0
2025-05-23 13:19:31,2803,1
2025-05-23 13:20:00,2803,0
2025-05-23 13:20:00,2803,1
2025-05-23 13:22:01,2803,0
2025-05-23 13:22:01,2803,1
2025-05-23 13:22:45,2803,0
2025-05-23 13:22:45,2803,1
2025-05-23 13:23:00,2803,0
2025-05-23 13:23:00,2803,1
2025-05-23 13:23:12,2803,0
2025-05-23 13:23:12,2803,1
2025-05-23 13:23:40,2803,0
2025-05-23 13:23:40,2803,1
2025-05-23 13:23:59,2803,0
2025-05-23 13:23:59,2803,1
2025-05-23 13:24:22,2803,0
2025-05-23 13:24:22,2803,1
2025-05-23 13:24:32,2803,0
2025-05-23 13:24:32,2803,1
2025-05-23 13:24:42,2803,0
2025-05-23 13:24:42,2803,1
2025-05-23 13:24:55,2803,0
2025-05-23 13:24:55,2803,1
2025-05-23 13:25:10,2803,0
2025-05-23 13:25:10,2803,1
2025-05-23 13:25:43,2803,0
2025-05-23 13:25:43,2803,1
2025-05-23 13:26:21,2803,0
2025-05-23 13:26:21,2803,1
2025-05-23 13:26:54,2803,0
2025-05-23 13:26:54,2803,1
2025-05-23 13:27:07,2803,0
2025-05-23 13:27:07,2803,1
2025-05-23 13:27:21,2803,0
2025-05-23 13:27:21,2803,1
2025-05-23 13:27:50,2803,0
2025-05-23 13:27:50,2803,1
2025-05-23 13:28:02,2803,0
2025-05-23 13:28:03,2803,1
2025-05-23 13:28:13,2803,0
2025-05-23 13:28:13,2803,1
2025-05-23 13:28:19,2803,0
2025-05-23 13:28:19,2803,1
2025-05-23 13:28:32,2803,0
2025-05-23 13:28:33,2803,1
2025-05-23 13:29:32,2803,0
2025-05-23 13:29:32,2803,1
2025-05-23 13:29:42,2803,0
2025-05-23 13:29:42,2803,1
2025-05-23 13:30:55,2803,0
2025-05-23 13:30:55,2803,1
2025-05-23 13:32:24,2803,0
2025-05-23 13:32:24,2803,1
2025-05-23 13:33:09,2803,0
2025-05-23 13:33:09,2803,1
2025-05-23 13:33:15,2803,0
2025-05-23 13:33:15,2803,1
2025-05-23 13:33:24,2803,0
2025-05-23 13:33:24,2803,1
2025-05-23 13:33:41,2803,0
2025-05-23 13:33:41,2803,1
2025-05-23 13:33:54,2803,0
2025-05-23 13:33:54,2803,1
2025-05-23 13:34:05,2803,0
2025-05-23 13:34:05,2803,1
2025-05-23 13:34:15,2803,0
2025-05-23 13:34:15,2803,1
2025-05-23 13:34:24,2803,0
2025-05-23 13:34:24,2803,1
2025-05-23 13:34:35,2803,0
2025-05-23 13:34:35,2803,1
2025-05-23 13:35:23,2803,0
2025-05-23 13:35:23,2803,1
2025-05-23 13:35:32,2803,0
2025-05-23 13:35:32,2803,1
2025-05-23 13:35:43,2803,0
2025-05-23 13:35:43,2803,1
2025-05-23 13:35:58,2803,0
2025-05-23 13:35:58,2803,1
2025-05-23 13:36:18,2803,0
2025-05-23 13:36:18,2803,1
2025-05-23 13:36:33,2803,0
2025-05-23 13:36:33,2803,1
2025-05-23 13:36:46,2803,0
2025-05-23 13:36:46,2803,1
2025-05-23 13:37:42,2803,0
2025-05-23 13:37:42,2803,1
2025-05-23 13:38:55,2803,0
2025-05-23 13:38:55,2803,1
2025-05-23 13:39:08,2803,0
2025-05-23 13:39:08,2803,1
2025-05-23 13:39:23,2803,0
2025-05-23 13:39:24,2803,1
2025-05-23 13:39:38,2803,0
2025-05-23 13:39:38,2803,1
2025-05-23 13:40:35,2803,0
2025-05-23 13:40:35,2803,1
2025-05-23 13:40:49,2803,0
2025-05-23 13:40:49,2803,1
2025-05-23 13:41:06,2803,0
2025-05-23 13:41:06,2803,1
2025-05-23 13:41:23,2803,0
2025-05-23 13:41:23,2803,1
2025-05-23 13:41:38,2803,0
2025-05-23 13:41:38,2803,1
2025-05-23 13:42:19,2803,0
2025-05-23 13:42:19,2803,1
2025-05-23 13:42:29,2803,0
2025-05-23 13:42:29,2803,1
2025-05-23 13:42:35,2803,0
2025-05-23 13:42:35,2803,1
2025-05-23 13:42:49,2803,0
2025-05-23 13:42:49,2803,1
2025-05-23 13:43:21,2803,0
2025-05-23 13:43:21,2803,1
2025-05-23 13:43:37,2803,0
2025-05-23 13:43:37,2803,1
2025-05-23 13:43:44,2803,0
2025-05-23 13:43:44,2803,1
2025-05-23 13:44:36,2803,0
2025-05-23 13:44:36,2803,1
2025-05-23 13:44:47,2803,0
2025-05-23 13:44:47,2803,1
2025-05-23 13:44:57,2803,0
2025-05-23 13:44:57,2803,1
2025-05-23 13:45:13,2803,0
2025-05-23 13:45:13,2803,1
2025-05-23 13:46:02,2803,0
2025-05-23 13:46:02,2803,1
2025-05-23 13:46:11,2803,0
2025-05-23 13:46:11,2803,1
2025-05-23 13:46:17,2803,0
2025-05-23 13:46:17,2803,1
2025-05-23 13:47:12,2803,0
2025-05-23 13:47:12,2803,1
2025-05-23 13:47:25,2803,0
2025-05-23 13:47:25,2803,1
2025-05-23 13:47:31,2803,0
2025-05-23 13:47:31,2803,1
2025-05-23 13:47:40,2803,0
2025-05-23 13:47:40,2803,1
2025-05-23 13:47:57,2803,0
2025-05-23 13:47:57,2803,1
2025-05-23 13:48:17,2803,0
2025-05-23 13:48:17,2803,1
2025-05-23 13:48:43,2803,0
2025-05-23 13:48:43,2803,1
2025-05-23 13:48:51,2803,0
2025-05-23 13:48:51,2803,1
2025-05-23 13:49:28,2803,0
2025-05-23 13:49:28,2803,1
2025-05-23 13:49:39,2803,0
2025-05-23 13:49:40,2803,1
2025-05-23 13:50:09,2803,0
2025-05-23 13:50:09,2803,1
2025-05-23 13:50:25,2803,0
2025-05-23 13:50:25,2803,1
2025-05-23 13:51:07,2803,0
2025-05-23 13:51:07,2803,1
2025-05-23 13:51:15,2803,0
2025-05-23 13:51:15,2803,1
2025-05-23 13:51:51,2803,0
2025-05-23 13:51:51,2803,1
2025-05-23 13:52:16,2803,0
2025-05-23 13:52:16,2803,1
2025-05-23 13:52:18,2803,0
2025-05-23 13:52:18,2803,1
2025-05-23 13:52:41,2803,0
2025-05-23 13:52:41,2803,1
2025-05-23 13:53:20,2803,0
2025-05-23 13:53:20,2803,1
2025-05-23 13:53:43,2803,0
2025-05-23 13:53:43,2803,1
2025-05-23 13:53:53,2803,0
2025-05-23 13:53:53,2803,1
2025-05-23 13:53:59,2803,0
2025-05-23 13:54:00,2803,1
2025-05-23 13:54:31,2803,0
2025-05-23 13:54:31,2803,1
2025-05-23 13:54:53,2803,0
2025-05-23 13:54:53,2803,1
2025-05-23 13:55:06,2803,0
2025-05-23 13:55:06,2803,1
2025-05-23 13:55:20,2803,0
2025-05-23 13:55:20,2803,1
2025-05-23 13:55:45,2803,0
2025-05-23 13:55:45,2803,1
2025-05-23 13:55:57,2803,0
2025-05-23 13:55:57,2803,1
2025-05-23 13:56:16,2803,0
2025-05-23 13:56:16,2803,1
2025-05-23 13:56:24,2803,0
2025-05-23 13:56:24,2803,1
2025-05-23 13:56:35,2803,0
2025-05-23 13:56:35,2803,1
2025-05-23 13:56:41,2803,0
2025-05-23 13:56:41,2803,1
2025-05-23 13:56:43,2803,0
2025-05-23 13:56:43,2803,1
2025-05-23 13:56:49,2803,0
2025-05-23 13:56:49,2803,1
2025-05-23 13:57:28,2803,0
2025-05-23 13:57:28,2803,1
2025-05-23 13:57:32,2803,0
2025-05-23 13:57:32,2803,1
2025-05-23 13:57:47,2803,0
2025-05-23 13:57:47,2803,1
2025-05-23 13:57:59,2803,0
2025-05-23 13:57:59,2803,1
2025-05-23 13:58:17,2803,0
2025-05-23 13:58:17,2803,1
2025-05-23 13:58:58,2803,0
2025-05-23 13:58:58,2803,1
2025-05-23 13:59:35,2803,0
2025-05-23 13:59:35,2803,1
2025-05-23 13:59:45,2803,0
2025-05-23 13:59:45,2803,1
2025-05-23 13:59:51,2803,0
2025-05-23 13:59:51,2803,1
2025-05-23 14:00:02,2803,0
2025-05-23 14:00:02,2803,1
2025-05-23 14:00:09,2803,0
2025-05-23 14:00:09,2803,1
2025-05-23 14:00:23,2803,0
2025-05-23 14:00:23,2803,1
2025-05-23 14:00:37,2803,0
2025-05-23 14:00:38,2803,1
2025-05-23 14:00:52,2803,0
2025-05-23 14:00:52,2803,1
2025-05-23 14:01:00,2803,0
2025-05-23 14:01:00,2803,1
2025-05-23 14:01:15,2803,0
2025-05-23 14:01:15,2803,1
2025-05-23 14:01:23,2803,0
2025-05-23 14:01:23,2803,1
2025-05-23 14:01:37,2803,0
2025-05-23 14:01:37,2803,1
2025-05-23 14:01:54,2803,0
2025-05-23 14:01:54,2803,1
2025-05-23 14:02:18,2803,0
2025-05-23 14:02:18,2803,1
2025-05-23 14:02:30,2803,0
2025-05-23 14:02:30,2803,1
2025-05-23 14:02:41,2803,0
2025-05-23 14:02:41,2803,1
2025-05-23 14:02:59,2803,0
2025-05-23 14:02:59,2803,1
2025-05-23 14:03:15,2803,0
2025-05-23 14:03:15,2803,1
2025-05-23 14:03:23,2803,0
2025-05-23 14:03:23,2803,1
2025-05-23 14:03:29,2803,0
2025-05-23 14:03:30,2803,1
2025-05-23 14:03:56,2803,0
2025-05-23 14:03:56,2803,1
2025-05-23 14:04:14,2803,0
2025-05-23 14:04:14,2803,1
2025-05-23 14:04:29,2803,0
2025-05-23 14:04:29,2803,1
2025-05-23 14:04:37,2803,0
2025-05-23 14:04:37,2803,1
2025-05-23 14:05:11,2803,0
2025-05-23 14:05:12,2803,1
2025-05-23 14:05:20,2803,0
2025-05-23 14:05:20,2803,1
2025-05-23 14:05:26,2803,0
2025-05-23 14:05:26,2803,1
2025-05-23 14:05:38,2803,0
2025-05-23 14:05:38,2803,1
2025-05-23 14:05:42,2803,0
2025-05-23 14:05:42,2803,1
2025-05-23 14:05:48,2803,0
2025-05-23 14:05:48,2803,1
2025-05-23 14:05:52,2803,0
2025-05-23 14:05:52,2803,1
2025-05-23 14:06:00,2803,0
2025-05-23 14:06:00,2803,1
2025-05-23 14:06:23,2803,0
2025-05-23 14:06:23,2803,1
2025-05-23 14:06:47,2803,0
2025-05-23 14:06:47,2803,1
2025-05-23 14:07:03,2803,0
2025-05-23 14:07:04,2803,1
2025-05-23 14:07:12,2803,0
2025-05-23 14:07:12,2803,1
2025-05-23 14:07:34,2803,0
2025-05-23 14:07:34,2803,1
2025-05-23 14:07:52,2803,0
2025-05-23 14:07:52,2803,1
2025-05-23 14:07:58,2803,0
2025-05-23 14:07:58,2803,1
2025-05-23 14:08:06,2803,0
2025-05-23 14:08:06,2803,1
2025-05-23 14:08:31,2803,0
2025-05-23 14:08:31,2803,1
2025-05-23 14:09:15,2803,0
2025-05-23 14:09:15,2803,1
2025-05-23 14:09:38,2803,0
2025-05-23 14:09:38,2803,1
2025-05-23 14:10:00,2803,0
2025-05-23 14:10:00,2803,1
2025-05-23 14:10:12,2803,0
2025-05-23 14:10:12,2803,1
2025-05-23 14:10:30,2803,0
2025-05-23 14:10:31,2803,1
2025-05-23 14:10:59,2803,0
2025-05-23 14:10:59,2803,1
2025-05-23 14:11:07,2803,0
2025-05-23 14:11:07,2803,1
2025-05-23 14:11:23,2803,0
2025-05-23 14:11:23,2803,1
2025-05-23 14:12:00,2803,0
2025-05-23 14:12:00,2803,1
2025-05-23 14:12:08,2803,0
2025-05-23 14:12:08,2803,1
2025-05-23 14:12:16,2803,0
2025-05-23 14:12:16,2803,1
2025-05-23 14:12:40,2803,0
2025-05-23 14:12:40,2803,1
2025-05-23 14:12:48,2803,0
2025-05-23 14:12:49,2803,1
2025-05-23 14:13:17,2803,0
2025-05-23 14:13:17,2803,1
2025-05-23 14:13:33,2803,0
2025-05-23 14:13:33,2803,1
2025-05-23 14:13:47,2803,0
2025-05-23 14:13:48,2803,1
2025-05-23 14:14:14,2803,0
2025-05-23 14:14:14,2803,1
2025-05-23 14:14:22,2803,0
2025-05-23 14:14:22,2803,1
2025-05-23 14:14:38,2803,0
2025-05-23 14:14:38,2803,1
2025-05-23 14:14:46,2803,0
2025-05-23 14:14:46,2803,1
2025-05-23 14:14:54,2803,0
2025-05-23 14:14:55,2803,1
2025-05-23 14:15:07,2803,0
2025-05-23 14:15:07,2803,1
2025-05-23 14:15:43,2803,0
2025-05-23 14:15:43,2803,1
2025-05-23 14:15:51,2803,0
2025-05-23 14:15:51,2803,1
2025-05-23 14:16:03,2803,0
2025-05-23 14:16:04,2803,1
2025-05-23 14:17:11,2803,0
2025-05-23 14:17:11,2803,1
2025-05-23 14:17:23,2803,0
2025-05-23 14:17:23,2803,1
2025-05-23 14:18:01,2803,0
2025-05-23 14:18:01,2803,1
2025-05-23 14:18:09,2803,0
2025-05-23 14:18:10,2803,1
2025-05-23 14:18:18,2803,0
2025-05-23 14:18:18,2803,1
2025-05-23 14:18:32,2803,0
2025-05-23 14:18:32,2803,1
2025-05-23 14:18:52,2803,0
2025-05-23 14:18:52,2803,1
2025-05-23 14:19:04,2803,0
2025-05-23 14:19:04,2803,1
2025-05-23 14:19:10,2803,0
2025-05-23 14:19:10,2803,1
2025-05-23 14:19:31,2803,0
2025-05-23 14:19:31,2803,1
2025-05-23 14:19:39,2803,0
2025-05-23 14:19:39,2803,1
2025-05-23 14:19:49,2803,0
2025-05-23 14:19:49,2803,1
2025-05-23 14:19:53,2803,0
2025-05-23 14:19:53,2803,1
2025-05-23 14:20:07,2803,0
2025-05-23 14:20:07,2803,1
2025-05-23 14:20:26,2803,0
2025-05-23 14:20:26,2803,1
2025-05-23 14:20:34,2803,0
2025-05-23 14:20:34,2803,1
2025-05-23 14:20:42,2803,0
2025-05-23 14:20:42,2803,1
2025-05-23 14:20:50,2803,0
2025-05-23 14:20:50,2803,1
2025-05-23 14:21:02,2803,0
2025-05-23 14:21:02,2803,1
2025-05-23 14:21:10,2803,0
2025-05-23 14:21:10,2803,1
2025-05-23 14:21:16,2803,0
2025-05-23 14:21:16,2803,1
2025-05-23 14:21:33,2803,0
2025-05-23 14:21:33,2803,1
2025-05-23 14:21:59,2803,0
2025-05-23 14:21:59,2803,1
2025-05-23 14:22:05,2803,0
2025-05-23 14:22:05,2803,1
2025-05-23 14:22:21,2803,0
2025-05-23 14:22:21,2803,1
2025-05-23 14:22:34,2803,0
2025-05-23 14:22:34,2803,1
2025-05-23 14:22:40,2803,0
2025-05-23 14:22:40,2803,1
2025-05-23 14:23:16,2803,0
2025-05-23 14:23:16,2803,1
2025-05-23 14:23:22,2803,0
2025-05-23 14:23:22,2803,1
2025-05-23 14:23:29,2803,0
2025-05-23 14:23:29,2803,1
2025-05-23 14:23:39,2803,0
2025-05-23 14:23:40,2803,1
2025-05-23 14:24:14,2803,0
2025-05-23 14:24:14,2803,1
2025-05-23 14:24:26,2803,0
2025-05-23 14:24:26,2803,1
2025-05-23 14:24:38,2803,0
2025-05-23 14:24:39,2803,1
2025-05-23 14:24:55,2803,0
2025-05-23 14:24:55,2803,1
2025-05-23 14:25:15,2803,0
2025-05-23 14:25:15,2803,1
2025-05-23 14:25:19,2803,0
2025-05-23 14:25:19,2803,1
2025-05-23 14:25:35,2803,0
2025-05-23 14:25:35,2803,1
2025-05-23 14:25:48,2803,0
2025-05-23 14:25:48,2803,1
2025-05-23 14:25:56,2803,0
2025-05-23 14:25:56,2803,1
2025-05-23 14:26:06,2803,0
2025-05-23 14:26:06,2803,1
2025-05-23 14:26:14,2803,0
2025-05-23 14:26:14,2803,1
2025-05-23 14:26:22,2803,0
2025-05-23 14:26:22,2803,1
2025-05-23 14:26:30,2803,0
2025-05-23 14:26:30,2803,1
2025-05-23 14:26:44,2803,0
2025-05-23 14:26:44,2803,1
2025-05-23 14:26:59,2803,0
2025-05-23 14:26:59,2803,1
2025-05-23 14:27:11,2803,0
2025-05-23 14:27:11,2803,1
2025-05-23 14:27:33,2803,0
2025-05-23 14:27:33,2803,1
2025-05-23 14:28:02,2803,0
2025-05-23 14:28:02,2803,1
2025-05-23 14:28:24,2803,0
2025-05-23 14:28:24,2803,1
2025-05-23 14:28:38,2803,0
2025-05-23 14:28:38,2803,1
2025-05-23 14:28:46,2803,0
2025-05-23 14:28:46,2803,1
2025-05-23 14:28:54,2803,0
2025-05-23 14:28:54,2803,1
2025-05-23 14:29:02,2803,0
2025-05-23 14:29:03,2803,1
2025-05-23 14:29:15,2803,0
2025-05-23 14:29:15,2803,1
2025-05-23 14:29:21,2803,0
2025-05-23 14:29:21,2803,1
2025-05-23 14:29:29,2803,0
2025-05-23 14:29:29,2803,1
2025-05-23 14:29:41,2803,0
2025-05-23 14:29:41,2803,1
2025-05-23 14:29:59,2803,0
2025-05-23 14:29:59,2803,1
2025-05-23 14:30:07,2803,0
2025-05-23 14:30:08,2803,1
2025-05-23 14:30:16,2803,0
2025-05-23 14:30:16,2803,1
2025-05-23 14:30:24,2803,0
2025-05-23 14:30:24,2803,1
2025-05-23 14:30:32,2803,0
2025-05-23 14:30:32,2803,1
2025-05-23 14:30:34,2803,0
2025-05-23 14:30:34,2803,1
2025-05-23 14:30:42,2803,0
2025-05-23 14:30:42,2803,1
2025-05-23 14:30:50,2803,0
2025-05-23 14:30:50,2803,1
2025-05-23 14:30:58,2803,0
2025-05-23 14:30:58,2803,1
2025-05-23 14:31:06,2803,0
2025-05-23 14:31:06,2803,1
2025-05-23 14:31:14,2803,0
2025-05-23 14:31:15,2803,1
2025-05-23 14:31:23,2803,0
2025-05-23 14:31:23,2803,1
2025-05-23 14:31:31,2803,0
2025-05-23 14:31:31,2803,1
2025-05-23 14:31:39,2803,0
2025-05-23 14:31:39,2803,1
2025-05-23 14:31:59,2803,0
2025-05-23 14:31:59,2803,1
2025-05-23 14:32:23,2803,0
2025-05-23 14:32:23,2803,1
2025-05-23 14:32:31,2803,0
2025-05-23 14:32:32,2803,1
2025-05-23 14:33:10,2803,0
2025-05-23 14:33:10,2803,1
2025-05-23 14:33:18,2803,0
2025-05-23 14:33:18,2803,1
2025-05-23 14:33:36,2803,0
2025-05-23 14:33:36,2803,1
2025-05-23 14:33:44,2803,0
2025-05-23 14:33:45,2803,1
2025-05-23 14:33:53,2803,0
2025-05-23 14:33:53,2803,1
2025-05-23 14:34:01,2803,0
2025-05-23 14:34:01,2803,1
2025-05-23 14:34:09,2803,0
2025-05-23 14:34:09,2803,1
2025-05-23 14:34:31,2803,0
2025-05-23 14:34:31,2803,1
2025-05-23 14:34:39,2803,0
2025-05-23 14:34:39,2803,1
2025-05-23 14:34:58,2803,0
2025-05-23 14:34:58,2803,1
2025-05-23 14:35:14,2803,0
2025-05-23 14:35:14,2803,1
2025-05-23 14:35:22,2803,0
2025-05-23 14:35:22,2803,1
2025-05-23 14:35:28,2803,0
2025-05-23 14:35:28,2803,1
2025-05-23 14:35:44,2803,0
2025-05-23 14:35:44,2803,1
2025-05-23 14:35:58,2803,0
2025-05-23 14:35:59,2803,1
2025-05-23 14:36:13,2803,0
2025-05-23 14:36:13,2803,1
2025-05-23 14:36:19,2803,0
2025-05-23 14:36:19,2803,1
2025-05-23 14:36:27,2803,0
2025-05-23 14:36:27,2803,1
2025-05-23 14:36:33,2803,0
2025-05-23 14:36:33,2803,1
2025-05-23 14:36:41,2803,0
2025-05-23 14:36:41,2803,1
2025-05-23 14:36:57,2803,0
2025-05-23 14:36:57,2803,1
2025-05-23 14:37:18,2803,0
2025-05-23 14:37:18,2803,1
2025-05-23 14:37:26,2803,0
2025-05-23 14:37:26,2803,1
2025-05-23 14:37:32,2803,0
2025-05-23 14:37:32,2803,1
2025-05-23 14:37:52,2803,0
2025-05-23 14:37:52,2803,1
2025-05-23 14:38:00,2803,0
2025-05-23 14:38:00,2803,1
2025-05-23 14:38:22,2803,0
2025-05-23 14:38:23,2803,1
2025-05-23 14:38:39,2803,0
2025-05-23 14:38:39,2803,1
2025-05-23 14:38:53,2803,0
2025-05-23 14:38:53,2803,1
2025-05-23 14:39:01,2803,0
2025-05-23 14:39:01,2803,1
2025-05-23 14:39:21,2803,0
2025-05-23 14:39:21,2803,1
2025-05-23 14:39:35,2803,0
2025-05-23 14:39:36,2803,1
2025-05-23 14:40:02,2803,0
2025-05-23 14:40:02,2803,1
2025-05-23 14:40:14,2803,0
2025-05-23 14:40:14,2803,1
2025-05-23 14:40:22,2803,0
2025-05-23 14:40:22,2803,1
2025-05-23 14:40:30,2803,0
2025-05-23 14:40:30,2803,1
2025-05-23 14:40:38,2803,0
2025-05-23 14:40:38,2803,1
2025-05-23 14:40:46,2803,0
2025-05-23 14:40:46,2803,1
2025-05-23 14:40:59,2803,0
2025-05-23 14:40:59,2803,1
2025-05-23 14:41:07,2803,0
2025-05-23 14:41:07,2803,1
2025-05-23 14:41:13,2803,0
2025-05-23 14:41:13,2803,1
2025-05-23 14:41:21,2803,0
2025-05-23 14:41:21,2803,1
2025-05-23 14:41:35,2803,0
2025-05-23 14:41:35,2803,1
2025-05-23 14:41:43,2803,0
2025-05-23 14:41:43,2803,1
2025-05-23 14:41:59,2803,0
2025-05-23 14:41:59,2803,1
2025-05-23 14:42:07,2803,0
2025-05-23 14:42:08,2803,1
2025-05-23 14:42:24,2803,0
2025-05-23 14:42:24,2803,1
2025-05-23 14:42:38,2803,0
2025-05-23 14:42:38,2803,1
2025-05-23 14:43:00,2803,0
2025-05-23 14:43:00,2803,1
2025-05-23 14:43:12,2803,0
2025-05-23 14:43:12,2803,1
2025-05-23 14:43:18,2803,0
2025-05-23 14:43:19,2803,1
2025-05-23 14:43:31,2803,0
2025-05-23 14:43:31,2803,1
2025-05-23 14:43:55,2803,0
2025-05-23 14:43:55,2803,1
2025-05-23 14:44:11,2803,0
2025-05-23 14:44:11,2803,1
2025-05-23 14:44:19,2803,0
2025-05-23 14:44:19,2803,1
2025-05-23 14:44:25,2803,0
2025-05-23 14:44:26,2803,1
2025-05-23 14:44:46,2803,0
2025-05-23 14:44:46,2803,1
2025-05-23 14:45:00,2803,0
2025-05-23 14:45:00,2803,1
2025-05-23 14:45:08,2803,0
2025-05-23 14:45:08,2803,1
2025-05-23 14:45:20,2803,0
2025-05-23 14:45:20,2803,1
2025-05-23 14:45:28,2803,0
2025-05-23 14:45:28,2803,1
2025-05-23 14:45:36,2803,0
2025-05-23 14:45:37,2803,1
2025-05-23 14:45:53,2803,0
2025-05-23 14:45:53,2803,1
2025-05-23 14:46:09,2803,0
2025-05-23 14:46:09,2803,1
2025-05-23 14:46:17,2803,0
2025-05-23 14:46:17,2803,1
2025-05-23 14:46:29,2803,0
2025-05-23 14:46:29,2803,1
2025-05-23 14:46:35,2803,0
2025-05-23 14:46:35,2803,1
2025-05-23 14:46:45,2803,0
2025-05-23 14:46:46,2803,1
2025-05-23 14:46:52,2803,0
2025-05-23 14:46:52,2803,1
2025-05-23 14:47:14,2803,0
2025-05-23 14:47:14,2803,1
2025-05-23 14:47:28,2803,0
2025-05-23 14:47:28,2803,1
2025-05-23 14:47:44,2803,0
2025-05-23 14:47:44,2803,1
2025-05-23 14:47:52,2803,0
2025-05-23 14:47:52,2803,1
2025-05-23 14:48:21,2803,0
2025-05-23 14:48:21,2803,1
2025-05-23 14:49:17,2803,0
2025-05-23 14:49:18,2803,1
2025-05-23 14:49:50,2803,0
2025-05-23 14:49:50,2803,1
2025-05-23 14:49:58,2803,0
2025-05-23 14:49:58,2803,1
2025-05-23 14:50:14,2803,0
2025-05-23 14:50:14,2803,1
2025-05-23 14:50:30,2803,0
2025-05-23 14:50:31,2803,1
2025-05-23 14:50:39,2803,0
2025-05-23 14:50:39,2803,1
2025-05-23 14:51:03,2803,0
2025-05-23 14:51:03,2803,1
2025-05-23 14:51:11,2803,0
2025-05-23 14:51:11,2803,1
2025-05-23 14:51:39,2803,0
2025-05-23 14:51:39,2803,1
2025-05-23 14:51:47,2803,0
2025-05-23 14:51:48,2803,1
2025-05-23 14:52:22,2803,0
2025-05-23 14:52:22,2803,1
2025-05-23 14:52:46,2803,0
2025-05-23 14:52:46,2803,1
2025-05-23 14:52:54,2803,0
2025-05-23 14:52:54,2803,1
2025-05-23 14:53:09,2803,0
2025-05-23 14:53:09,2803,1
2025-05-23 14:53:17,2803,0
2025-05-23 14:53:17,2803,1
2025-05-23 14:53:25,2803,0
2025-05-23 14:53:25,2803,1
2025-05-23 14:53:33,2803,0
2025-05-23 14:53:33,2803,1
2025-05-23 14:53:41,2803,0
2025-05-23 14:53:41,2803,1
2025-05-23 14:53:57,2803,0
2025-05-23 14:53:57,2803,1
2025-05-23 14:54:09,2803,0
2025-05-23 14:54:09,2803,1
2025-05-23 14:54:15,2803,0
2025-05-23 14:54:16,2803,1
2025-05-23 14:54:24,2803,0
2025-05-23 14:54:24,2803,1
2025-05-23 14:55:10,2803,0
2025-05-23 14:55:10,2803,1
2025-05-23 14:55:16,2803,0
2025-05-23 14:55:16,2803,1
2025-05-23 14:55:24,2803,0
2025-05-23 14:55:24,2803,1
2025-05-23 14:55:49,2803,0
2025-05-23 14:55:49,2803,1
2025-05-23 14:55:57,2803,0
2025-05-23 14:55:57,2803,1
2025-05-23 14:56:05,2803,0
2025-05-23 14:56:05,2803,1
2025-05-23 14:56:19,2803,0
2025-05-23 14:56:19,2803,1
2025-05-23 14:56:27,2803,0
2025-05-23 14:56:27,2803,1
2025-05-23 14:56:41,2803,0
2025-05-23 14:56:41,2803,1
2025-05-23 14:56:49,2803,0
2025-05-23 14:56:50,2803,1
2025-05-23 14:57:02,2803,0
2025-05-23 14:57:02,2803,1
2025-05-23 14:57:10,2803,0
2025-05-23 14:57:10,2803,1
2025-05-23 14:57:26,2803,0
2025-05-23 14:57:26,2803,1
2025-05-23 14:57:34,2803,0
2025-05-23 14:57:34,2803,1
2025-05-23 14:57:42,2803,0
2025-05-23 14:57:42,2803,1
2025-05-23 14:57:50,2803,0
2025-05-23 14:57:50,2803,1
2025-05-23 14:58:00,2803,0
2025-05-23 14:58:01,2803,1
2025-05-23 14:58:07,2803,0
2025-05-23 14:58:07,2803,1
2025-05-23 14:58:31,2803,0
2025-05-23 14:58:31,2803,1
2025-05-23 14:58:39,2803,0
2025-05-23 14:58:39,2803,1
2025-05-23 14:58:55,2803,0
2025-05-23 14:58:55,2803,1
2025-05-23 14:59:03,2803,0
2025-05-23 14:59:03,2803,1
2025-05-23 14:59:19,2803,0
2025-05-23 14:59:20,2803,1
2025-05-23 14:59:38,2803,0
2025-05-23 14:59:38,2803,1
2025-05-23 14:59:46,2803,0
2025-05-23 14:59:46,2803,1
2025-05-23 14:59:54,2803,0
2025-05-23 14:59:54,2803,1
2025-05-23 15:00:11,2803,0
2025-05-23 15:00:11,2803,1
2025-05-23 15:00:17,2803,0
2025-05-23 15:00:17,2803,1
2025-05-23 15:00:41,2803,0
2025-05-23 15:00:41,2803,1
2025-05-23 15:00:55,2803,0
2025-05-23 15:00:55,2803,1
2025-05-23 15:01:22,2803,0
2025-05-23 15:01:22,2803,1
2025-05-23 15:01:30,2803,0
2025-05-23 15:01:30,2803,1
2025-05-23 15:01:38,2803,0
2025-05-23 15:01:38,2803,1
2025-05-23 15:01:46,2803,0
2025-05-23 15:01:46,2803,1
2025-05-23 15:01:54,2803,0
2025-05-23 15:01:54,2803,1
2025-05-23 15:02:02,2803,0
2025-05-23 15:02:02,2803,1
2025-05-23 15:02:10,2803,0
2025-05-23 15:02:10,2803,1
2025-05-23 15:02:26,2803,0
2025-05-23 15:02:27,2803,1
2025-05-23 15:02:35,2803,0
2025-05-23 15:02:35,2803,1
2025-05-23 15:02:43,2803,0
2025-05-23 15:02:43,2803,1
2025-05-23 15:02:49,2803,0
2025-05-23 15:02:49,2803,1
2025-05-23 15:02:57,2803,0
2025-05-23 15:02:57,2803,1
2025-05-23 15:03:13,2803,0
2025-05-23 15:03:13,2803,1
2025-05-23 15:03:21,2803,0
2025-05-23 15:03:21,2803,1
2025-05-23 15:03:27,2803,0
2025-05-23 15:03:27,2803,1
2025-05-23 15:03:35,2803,0
2025-05-23 15:03:35,2803,1
2025-05-23 15:03:58,2803,0
2025-05-23 15:03:58,2803,1
2025-05-23 15:04:10,2803,0
2025-05-23 15:04:10,2803,1
2025-05-23 15:04:18,2803,0
2025-05-23 15:04:18,2803,1
2025-05-23 15:04:26,2803,0
2025-05-23 15:04:26,2803,1
2025-05-23 15:04:32,2803,0
2025-05-23 15:04:32,2803,1
2025-05-23 15:04:40,2803,0
2025-05-23 15:04:40,2803,1
2025-05-23 15:04:48,2803,0
2025-05-23 15:04:48,2803,1
2025-05-23 15:04:56,2803,0
2025-05-23 15:04:57,2803,1
2025-05-23 15:05:05,2803,0
2025-05-23 15:05:05,2803,1
2025-05-23 15:05:13,2803,0
2025-05-23 15:05:13,2803,1
2025-05-23 15:05:21,2803,0
2025-05-23 15:05:21,2803,1
2025-05-23 15:05:29,2803,0
2025-05-23 15:05:29,2803,1
2025-05-23 15:05:37,2803,0
2025-05-23 15:05:37,2803,1
2025-05-23 15:05:43,2803,0
2025-05-23 15:05:43,2803,1
2025-05-23 15:05:53,2803,0
2025-05-23 15:05:53,2803,1
2025-05-23 15:06:01,2803,0
2025-05-23 15:06:01,2803,1
2025-05-23 15:06:17,2803,0
2025-05-23 15:06:18,2803,1
2025-05-23 15:06:26,2803,0
2025-05-23 15:06:26,2803,1
2025-05-23 15:06:44,2803,0
2025-05-23 15:06:44,2803,1
2025-05-23 15:07:12,2803,0
2025-05-23 15:07:12,2803,1
2025-05-23 15:07:37,2803,0
2025-05-23 15:07:37,2803,1
2025-05-23 15:07:59,2803,0
2025-05-23 15:07:59,2803,1
2025-05-23 15:08:13,2803,0
2025-05-23 15:08:13,2803,1
2025-05-23 15:08:25,2803,0
2025-05-23 15:08:25,2803,1
2025-05-23 15:08:33,2803,0
2025-05-23 15:08:33,2803,1
2025-05-23 15:08:41,2803,0
2025-05-23 15:08:42,2803,1
2025-05-23 15:08:46,2803,0
2025-05-23 15:08:46,2803,1
2025-05-23 15:08:54,2803,0
2025-05-23 15:08:54,2803,1
2025-05-23 15:09:00,2803,0
2025-05-23 15:09:00,2803,1
2025-05-23 15:09:08,2803,0
2025-05-23 15:09:08,2803,1
2025-05-23 15:09:26,2803,0
2025-05-23 15:09:26,2803,1
2025-05-23 15:09:34,2803,0
2025-05-23 15:09:34,2803,1
2025-05-23 15:09:42,2803,0
2025-05-23 15:09:42,2803,1
2025-05-23 15:09:59,2803,0
2025-05-23 15:09:59,2803,1
2025-05-23 15:10:15,2803,0
2025-05-23 15:10:15,2803,1
2025-05-23 15:10:23,2803,0
2025-05-23 15:10:23,2803,1
2025-05-23 15:10:31,2803,0
2025-05-23 15:10:31,2803,1
2025-05-23 15:10:39,2803,0
2025-05-23 15:10:39,2803,1
2025-05-23 15:10:47,2803,0
2025-05-23 15:10:47,2803,1
2025-05-23 15:11:09,2803,0
2025-05-23 15:11:10,2803,1
2025-05-23 15:11:16,2803,0
2025-05-23 15:11:16,2803,1
2025-05-23 15:11:24,2803,0
2025-05-23 15:11:24,2803,1
2025-05-23 15:11:50,2803,0
2025-05-23 15:11:50,2803,1
2025-05-23 15:12:06,2803,0
2025-05-23 15:12:06,2803,1
2025-05-23 15:12:31,2803,0
2025-05-23 15:12:31,2803,1
2025-05-23 15:12:39,2803,0
2025-05-23 15:12:39,2803,1
2025-05-23 15:12:49,2803,0
2025-05-23 15:12:49,2803,1
2025-05-23 15:13:01,2803,0
2025-05-23 15:13:01,2803,1
2025-05-23 15:13:09,2803,0
2025-05-23 15:13:09,2803,1
2025-05-23 15:13:44,2803,0
2025-05-23 15:13:44,2803,1
2025-05-23 15:13:52,2803,0
2025-05-23 15:13:52,2803,1
2025-05-23 15:14:08,2803,0
2025-05-23 15:14:08,2803,1
2025-05-23 15:14:36,2803,0
2025-05-23 15:14:36,2803,1
2025-05-23 15:14:53,2803,0
2025-05-23 15:14:53,2803,1
2025-05-23 15:15:11,2803,0
2025-05-23 15:15:11,2803,1
2025-05-23 15:15:17,2803,0
2025-05-23 15:15:17,2803,1
2025-05-23 15:15:25,2803,0
2025-05-23 15:15:25,2803,1
2025-05-23 15:15:41,2803,0
2025-05-23 15:15:41,2803,1
2025-05-23 15:15:49,2803,0
2025-05-23 15:15:49,2803,1
2025-05-23 15:15:55,2803,0
2025-05-23 15:15:55,2803,1
2025-05-23 15:16:03,2803,0
2025-05-23 15:16:04,2803,1
2025-05-23 15:16:12,2803,0
2025-05-23 15:16:12,2803,1
2025-05-23 15:16:18,2803,0
2025-05-23 15:16:18,2803,1
2025-05-23 15:16:26,2803,0
2025-05-23 15:16:26,2803,1
2025-05-23 15:16:38,2803,0
2025-05-23 15:16:38,2803,1
2025-05-23 15:16:46,2803,0
2025-05-23 15:16:46,2803,1
2025-05-23 15:16:54,2803,0
2025-05-23 15:16:54,2803,1
2025-05-23 15:17:10,2803,0
2025-05-23 15:17:10,2803,1
2025-05-23 15:17:35,2803,0
2025-05-23 15:17:35,2803,1
2025-05-23 15:17:41,2803,0
2025-05-23 15:17:41,2803,1
2025-05-23 15:17:55,2803,0
2025-05-23 15:17:55,2803,1
2025-05-23 15:17:59,2803,0
2025-05-23 15:17:59,2803,1
2025-05-23 15:18:19,2803,0
2025-05-23 15:18:19,2803,1
2025-05-23 15:18:27,2803,0
2025-05-23 15:18:28,2803,1
2025-05-23 15:18:34,2803,0
2025-05-23 15:18:34,2803,1
2025-05-23 15:18:42,2803,0
2025-05-23 15:18:42,2803,1
2025-05-23 15:18:52,2803,0
2025-05-23 15:18:52,2803,1
2025-05-23 15:19:14,2803,0
2025-05-23 15:19:14,2803,1
2025-05-23 15:19:20,2803,0
2025-05-23 15:19:20,2803,1
2025-05-23 15:19:28,2803,0
2025-05-23 15:19:28,2803,1
2025-05-23 15:19:42,2803,0
2025-05-23 15:19:43,2803,1
2025-05-23 15:19:49,2803,0
2025-05-23 15:19:49,2803,1
2025-05-23 15:19:55,2803,0
2025-05-23 15:19:55,2803,1
2025-05-23 15:20:03,2803,0
2025-05-23 15:20:03,2803,1
2025-05-23 15:20:11,2803,0
2025-05-23 15:20:11,2803,1
2025-05-23 15:20:19,2803,0
2025-05-23 15:20:19,2803,1
2025-05-23 15:20:35,2803,0
2025-05-23 15:20:35,2803,1
2025-05-23 15:20:43,2803,0
2025-05-23 15:20:43,2803,1
2025-05-23 15:20:49,2803,0
2025-05-23 15:20:49,2803,1
2025-05-23 15:21:02,2803,0
2025-05-23 15:21:02,2803,1
2025-05-23 15:21:10,2803,0
2025-05-23 15:21:10,2803,1
2025-05-23 15:21:18,2803,0
2025-05-23 15:21:18,2803,1
2025-05-23 15:21:24,2803,0
2025-05-23 15:21:24,2803,1
2025-05-23 15:21:36,2803,0
2025-05-23 15:21:36,2803,1
2025-05-23 15:21:44,2803,0
2025-05-23 15:21:44,2803,1
2025-05-23 15:21:52,2803,0
2025-05-23 15:21:52,2803,1
2025-05-23 15:22:00,2803,0
2025-05-23 15:22:00,2803,1
2025-05-23 15:22:08,2803,0
2025-05-23 15:22:09,2803,1
2025-05-23 15:22:17,2803,0
2025-05-23 15:22:17,2803,1
2025-05-23 15:22:25,2803,0
2025-05-23 15:22:25,2803,1
2025-05-23 15:22:31,2803,0
2025-05-23 15:22:31,2803,1
2025-05-23 15:22:45,2803,0
2025-05-23 15:22:45,2803,1
2025-05-23 15:22:53,2803,0
2025-05-23 15:22:53,2803,1
2025-05-23 15:23:05,2803,0
2025-05-23 15:23:05,2803,1
2025-05-23 15:23:28,2803,0
2025-05-23 15:23:28,2803,1
2025-05-23 15:23:45,2803,0
2025-05-23 15:23:45,2803,1
2025-05-23 15:24:17,2803,0
2025-05-23 15:24:17,2803,1
2025-05-23 15:24:25,2803,0
2025-05-23 15:24:25,2803,1
2025-05-23 15:24:33,2803,0
2025-05-23 15:24:33,2803,1
2025-05-23 15:24:41,2803,0
2025-05-23 15:24:42,2803,1
2025-05-23 15:24:58,2803,0
2025-05-23 15:24:58,2803,1
2025-05-23 15:25:22,2803,0
2025-05-23 15:25:22,2803,1
2025-05-23 15:25:44,2803,0
2025-05-23 15:25:44,2803,1
2025-05-23 15:25:58,2803,0
2025-05-23 15:25:59,2803,1
2025-05-23 15:26:09,2803,0
2025-05-23 15:26:09,2803,1
2025-05-23 15:26:23,2803,0
2025-05-23 15:26:23,2803,1
2025-05-23 15:26:47,2803,0
2025-05-23 15:26:47,2803,1
2025-05-23 15:27:01,2803,0
2025-05-23 15:27:01,2803,1
2025-05-23 15:27:09,2803,0
2025-05-23 15:27:10,2803,1
2025-05-23 15:27:18,2803,0
2025-05-23 15:27:18,2803,1
2025-05-23 15:27:26,2803,0
2025-05-23 15:27:26,2803,1
2025-05-23 15:27:34,2803,0
2025-05-23 15:27:34,2803,1
2025-05-23 15:27:42,2803,0
2025-05-23 15:27:42,2803,1
2025-05-23 15:27:48,2803,0
2025-05-23 15:27:48,2803,1
2025-05-23 15:28:12,2803,0
2025-05-23 15:28:12,2803,1
2025-05-23 15:28:28,2803,0
2025-05-23 15:28:29,2803,1
2025-05-23 15:28:43,2803,0
2025-05-23 15:28:43,2803,1
2025-05-23 15:28:51,2803,0
2025-05-23 15:28:51,2803,1
2025-05-23 15:28:59,2803,0
2025-05-23 15:28:59,2803,1
2025-05-23 15:29:17,2803,0
2025-05-23 15:29:17,2803,1
2025-05-23 15:29:39,2803,0
2025-05-23 15:29:40,2803,1
2025-05-23 15:29:48,2803,0
2025-05-23 15:29:48,2803,1
2025-05-23 15:29:52,2803,0
2025-05-23 15:29:52,2803,1
2025-05-23 15:30:00,2803,0
2025-05-23 15:30:00,2803,1
2025-05-23 15:30:08,2803,0
2025-05-23 15:30:08,2803,1
2025-05-23 15:30:34,2803,0
2025-05-23 15:30:34,2803,1
2025-05-23 15:30:50,2803,0
2025-05-23 15:30:51,2803,1
2025-05-23 15:30:59,2803,0
2025-05-23 15:30:59,2803,1
2025-05-23 15:31:05,2803,0
2025-05-23 15:31:05,2803,1
2025-05-23 15:31:29,2803,0
2025-05-23 15:31:29,2803,1
2025-05-23 15:31:45,2803,0
2025-05-23 15:31:45,2803,1
2025-05-23 15:32:54,2803,0
2025-05-23 15:32:54,2803,1
2025-05-23 15:33:02,2803,0
2025-05-23 15:33:02,2803,1
2025-05-23 15:33:08,2803,0
2025-05-23 15:33:08,2803,1
2025-05-23 15:33:20,2803,0
2025-05-23 15:33:21,2803,1
2025-05-23 15:33:37,2803,0
2025-05-23 15:33:37,2803,1
2025-05-23 15:33:53,2803,0
2025-05-23 15:33:53,2803,1
2025-05-23 15:34:01,2803,0
2025-05-23 15:34:01,2803,1
2025-05-23 15:34:07,2803,0
2025-05-23 15:34:07,2803,1
2025-05-23 15:34:15,2803,0
2025-05-23 15:34:15,2803,1
2025-05-23 15:34:23,2803,0
2025-05-23 15:34:23,2803,1
2025-05-23 15:34:31,2803,0
2025-05-23 15:34:31,2803,1
2025-05-23 15:34:42,2803,0
2025-05-23 15:34:42,2803,1
2025-05-23 15:34:50,2803,0
2025-05-23 15:34:50,2803,1
2025-05-23 15:34:58,2803,0
2025-05-23 15:34:58,2803,1
2025-05-23 15:35:06,2803,0
2025-05-23 15:35:06,2803,1
2025-05-23 15:35:14,2803,0
2025-05-23 15:35:14,2803,1
2025-05-23 15:35:30,2803,0
2025-05-23 15:35:30,2803,1
2025-05-23 15:35:38,2803,0
2025-05-23 15:35:38,2803,1
2025-05-23 15:35:50,2803,0
2025-05-23 15:35:51,2803,1
2025-05-23 15:35:59,2803,0
2025-05-23 15:35:59,2803,1
2025-05-23 15:36:15,2803,0
2025-05-23 15:36:15,2803,1
2025-05-23 15:36:31,2803,0
2025-05-23 15:36:31,2803,1
2025-05-23 15:36:39,2803,0
2025-05-23 15:36:39,2803,1
2025-05-23 15:36:55,2803,0
2025-05-23 15:36:55,2803,1
2025-05-23 15:37:03,2803,0
2025-05-23 15:37:03,2803,1
2025-05-23 15:37:11,2803,0
2025-05-23 15:37:12,2803,1
2025-05-23 15:37:20,2803,0
2025-05-23 15:37:20,2803,1
2025-05-23 15:37:30,2803,0
2025-05-23 15:37:30,2803,1
2025-05-23 15:37:54,2803,0
2025-05-23 15:37:54,2803,1
2025-05-23 15:38:16,2803,0
2025-05-23 15:38:16,2803,1
2025-05-23 15:38:24,2803,0
2025-05-23 15:38:24,2803,1
2025-05-23 15:38:45,2803,0
2025-05-23 15:38:45,2803,1
2025-05-23 15:38:53,2803,0
2025-05-23 15:38:53,2803,1
2025-05-23 15:39:17,2803,0
2025-05-23 15:39:17,2803,1
2025-05-23 15:39:21,2803,0
2025-05-23 15:39:21,2803,1
2025-05-23 15:39:29,2803,0
2025-05-23 15:39:29,2803,1
2025-05-23 15:39:37,2803,0
2025-05-23 15:39:38,2803,1
2025-05-23 15:39:46,2803,0
2025-05-23 15:39:46,2803,1
2025-05-23 15:39:54,2803,0
2025-05-23 15:39:54,2803,1
2025-05-23 15:40:02,2803,0
2025-05-23 15:40:02,2803,1
2025-05-23 15:40:10,2803,0
2025-05-23 15:40:10,2803,1
2025-05-23 15:40:24,2803,0
2025-05-23 15:40:24,2803,1
2025-05-23 15:40:36,2803,0
2025-05-23 15:40:36,2803,1
2025-05-23 15:40:44,2803,0
2025-05-23 15:40:44,2803,1
2025-05-23 15:40:50,2803,0
2025-05-23 15:40:51,2803,1
2025-05-23 15:40:59,2803,0
2025-05-23 15:40:59,2803,1
2025-05-23 15:41:07,2803,0
2025-05-23 15:41:07,2803,1
2025-05-23 15:41:11,2803,0
2025-05-23 15:41:11,2803,1
2025-05-23 15:41:19,2803,0
2025-05-23 15:41:19,2803,1
2025-05-23 15:41:35,2803,0
2025-05-23 15:41:35,2803,1
2025-05-23 15:41:37,2803,0
2025-05-23 15:41:37,2803,1
2025-05-23 15:41:53,2803,0
2025-05-23 15:41:53,2803,1
2025-05-23 15:42:01,2803,0
2025-05-23 15:42:02,2803,1
2025-05-23 15:42:06,2803,0
2025-05-23 15:42:06,2803,1
2025-05-23 15:42:14,2803,0
2025-05-23 15:42:14,2803,1
2025-05-23 15:42:30,2803,0
2025-05-23 15:42:30,2803,1
2025-05-23 15:42:46,2803,0
2025-05-23 15:42:46,2803,1
2025-05-23 15:42:56,2803,0
2025-05-23 15:42:56,2803,1
2025-05-23 15:43:12,2803,0
2025-05-23 15:43:12,2803,1
2025-05-23 15:43:18,2803,0
2025-05-23 15:43:19,2803,1
2025-05-23 15:43:27,2803,0
2025-05-23 15:43:27,2803,1
2025-05-23 15:43:35,2803,0
2025-05-23 15:43:35,2803,1
2025-05-23 15:43:49,2803,0
2025-05-23 15:43:49,2803,1
2025-05-23 15:44:01,2803,0
2025-05-23 15:44:01,2803,1
2025-05-23 15:44:15,2803,0
2025-05-23 15:44:15,2803,1
2025-05-23 15:44:23,2803,0
2025-05-23 15:44:23,2803,1
2025-05-23 15:44:31,2803,0
2025-05-23 15:44:32,2803,1
2025-05-23 15:44:40,2803,0
2025-05-23 15:44:40,2803,1
2025-05-23 15:44:48,2803,0
2025-05-23 15:44:48,2803,1
2025-05-23 15:44:56,2803,0
2025-05-23 15:44:56,2803,1
2025-05-23 15:45:04,2803,0
2025-05-23 15:45:04,2803,1
2025-05-23 15:45:12,2803,0
2025-05-23 15:45:12,2803,1
2025-05-23 15:45:20,2803,0
2025-05-23 15:45:20,2803,1
2025-05-23 15:45:28,2803,0
2025-05-23 15:45:28,2803,1
2025-05-23 15:45:52,2803,0
2025-05-23 15:45:53,2803,1
2025-05-23 15:46:01,2803,0
2025-05-23 15:46:01,2803,1
2025-05-23 15:46:09,2803,0
2025-05-23 15:46:09,2803,1
2025-05-23 15:46:17,2803,0
2025-05-23 15:46:17,2803,1
2025-05-23 15:46:25,2803,0
2025-05-23 15:46:25,2803,1
2025-05-23 15:46:33,2803,0
2025-05-23 15:46:33,2803,1
2025-05-23 15:46:41,2803,0
2025-05-23 15:46:41,2803,1
2025-05-23 15:46:49,2803,0
2025-05-23 15:46:49,2803,1
2025-05-23 15:46:55,2803,0
2025-05-23 15:46:55,2803,1
2025-05-23 15:47:03,2803,0
2025-05-23 15:47:03,2803,1
2025-05-23 15:47:07,2803,0
2025-05-23 15:47:08,2803,1
2025-05-23 15:47:16,2803,0
2025-05-23 15:47:16,2803,1
2025-05-23 15:47:24,2803,0
2025-05-23 15:47:24,2803,1
2025-05-23 15:47:30,2803,0
2025-05-23 15:47:30,2803,1
2025-05-23 15:47:38,2803,0
2025-05-23 15:47:38,2803,1
2025-05-23 15:47:46,2803,0
2025-05-23 15:47:46,2803,1
2025-05-23 15:47:54,2803,0
2025-05-23 15:47:54,2803,1
2025-05-23 15:48:02,2803,0
2025-05-23 15:48:02,2803,1
2025-05-23 15:48:10,2803,0
2025-05-23 15:48:10,2803,1
2025-05-23 15:48:18,2803,0
2025-05-23 15:48:18,2803,1
2025-05-23 15:48:26,2803,0
2025-05-23 15:48:27,2803,1
2025-05-23 15:48:39,2803,0
2025-05-23 15:48:39,2803,1
2025-05-23 15:48:47,2803,0
2025-05-23 15:48:47,2803,1
2025-05-23 15:48:55,2803,0
2025-05-23 15:48:55,2803,1
2025-05-23 15:48:59,2803,0
2025-05-23 15:48:59,2803,1
2025-05-23 15:49:17,2803,0
2025-05-23 15:49:17,2803,1
2025-05-23 15:49:31,2803,0
2025-05-23 15:49:32,2803,1
2025-05-23 15:49:46,2803,0
2025-05-23 15:49:46,2803,1
2025-05-23 15:49:58,2803,0
2025-05-23 15:49:58,2803,1
2025-05-23 15:50:06,2803,0
2025-05-23 15:50:06,2803,1
2025-05-23 15:50:10,2803,0
2025-05-23 15:50:10,2803,1
2025-05-23 15:50:18,2803,0
2025-05-23 15:50:18,2803,1
2025-05-23 15:50:26,2803,0
2025-05-23 15:50:26,2803,1
2025-05-23 15:50:34,2803,0
2025-05-23 15:50:34,2803,1
2025-05-23 15:50:42,2803,0
2025-05-23 15:50:43,2803,1
2025-05-23 15:50:53,2803,0
2025-05-23 15:50:53,2803,1
2025-05-23 15:50:59,2803,0
2025-05-23 15:50:59,2803,1
2025-05-23 15:51:07,2803,0
2025-05-23 15:51:07,2803,1
2025-05-23 15:51:15,2803,0
2025-05-23 15:51:15,2803,1
2025-05-23 15:51:19,2803,0
2025-05-23 15:51:19,2803,1
2025-05-23 15:51:41,2803,0
2025-05-23 15:51:41,2803,1
2025-05-23 15:51:53,2803,0
2025-05-23 15:51:54,2803,1
2025-05-23 15:52:02,2803,0
2025-05-23 15:52:02,2803,1
2025-05-23 15:52:10,2803,0
2025-05-23 15:52:10,2803,1
2025-05-23 15:52:20,2803,0
2025-05-23 15:52:20,2803,1
2025-05-23 15:52:32,2803,0
2025-05-23 15:52:32,2803,1
2025-05-23 15:52:40,2803,0
2025-05-23 15:52:40,2803,1
2025-05-23 15:52:48,2803,0
2025-05-23 15:52:48,2803,1
2025-05-23 15:52:56,2803,0
2025-05-23 15:52:56,2803,1
2025-05-23 15:53:02,2803,0
2025-05-23 15:53:03,2803,1
2025-05-23 15:53:11,2803,0
2025-05-23 15:53:11,2803,1
2025-05-23 15:53:17,2803,0
2025-05-23 15:53:17,2803,1
2025-05-23 15:53:23,2803,0
2025-05-23 15:53:23,2803,1
2025-05-23 15:53:31,2803,0
2025-05-23 15:53:31,2803,1
2025-05-23 15:53:39,2803,0
2025-05-23 15:53:39,2803,1
2025-05-23 15:53:47,2803,0
2025-05-23 15:53:47,2803,1
2025-05-23 15:54:01,2803,0
2025-05-23 15:54:01,2803,1
2025-05-23 15:54:13,2803,0
2025-05-23 15:54:14,2803,1
2025-05-23 15:54:22,2803,0
2025-05-23 15:54:22,2803,1
2025-05-23 15:54:44,2803,0
2025-05-23 15:54:44,2803,1
2025-05-23 15:54:52,2803,0
2025-05-23 15:54:52,2803,1
2025-05-23 15:54:56,2803,0
2025-05-23 15:54:56,2803,1
2025-05-23 15:55:06,2803,0
2025-05-23 15:55:06,2803,1
2025-05-23 15:55:14,2803,0
2025-05-23 15:55:14,2803,1
2025-05-23 15:55:20,2803,0
2025-05-23 15:55:21,2803,1
2025-05-23 15:55:27,2803,0
2025-05-23 15:55:27,2803,1
2025-05-23 15:55:33,2803,0
2025-05-23 15:55:33,2803,1
2025-05-23 15:55:37,2803,0
2025-05-23 15:55:37,2803,1
2025-05-23 15:55:53,2803,0
2025-05-23 15:55:53,2803,1
2025-05-23 15:55:57,2803,0
2025-05-23 15:55:57,2803,1
2025-05-23 15:55:59,2803,0
2025-05-23 15:55:59,2803,1
2025-05-23 15:56:07,2803,0
2025-05-23 15:56:07,2803,1
2025-05-23 15:56:15,2803,0
2025-05-23 15:56:15,2803,1
2025-05-23 15:56:19,2803,0
2025-05-23 15:56:20,2803,1
2025-05-23 15:56:26,2803,0
2025-05-23 15:56:26,2803,1
2025-05-23 15:56:46,2803,0
2025-05-23 15:56:46,2803,1
2025-05-23 15:56:52,2803,0
2025-05-23 15:56:52,2803,1
2025-05-23 15:56:58,2803,0
2025-05-23 15:56:58,2803,1
2025-05-23 15:57:02,2803,0
2025-05-23 15:57:02,2803,1
2025-05-23 15:57:06,2803,0
2025-05-23 15:57:06,2803,1
2025-05-23 15:57:08,2803,0
2025-05-23 15:57:08,2803,1
2025-05-23 15:57:16,2803,0
2025-05-23 15:57:17,2803,1
2025-05-23 15:57:25,2803,0
2025-05-23 15:57:25,2803,1
2025-05-23 15:57:29,2803,0
2025-05-23 15:57:29,2803,1
2025-05-23 15:57:41,2803,0
2025-05-23 15:57:41,2803,1
2025-05-23 15:57:55,2803,0
2025-05-23 15:57:55,2803,1
2025-05-23 15:57:57,2803,0
2025-05-23 15:57:57,2803,1
2025-05-23 15:58:01,2803,0
2025-05-23 15:58:01,2803,1
2025-05-23 15:58:09,2803,0
2025-05-23 15:58:09,2803,1
2025-05-23 15:58:17,2803,0
2025-05-23 15:58:18,2803,1
2025-05-23 15:58:24,2803,0
2025-05-23 15:58:24,2803,1
2025-05-23 15:58:36,2803,0
2025-05-23 15:58:36,2803,1
2025-05-23 15:58:46,2803,0
2025-05-23 15:58:46,2803,1
2025-05-23 15:58:54,2803,0
2025-05-23 15:58:54,2803,1
2025-05-23 15:58:58,2803,0
2025-05-23 15:58:58,2803,1
2025-05-23 15:59:08,2803,0
2025-05-23 15:59:08,2803,1
2025-05-23 15:59:14,2803,0
2025-05-23 15:59:15,2803,1
2025-05-23 15:59:29,2803,0
2025-05-23 15:59:29,2803,1
2025-05-23 15:59:31,2803,0
2025-05-23 15:59:31,2803,1
2025-05-23 15:59:33,2803,0
2025-05-23 15:59:33,2803,1
2025-05-23 15:59:39,2803,0
2025-05-23 15:59:39,2803,1
2025-05-23 15:59:49,2803,0
2025-05-23 15:59:49,2803,1
2025-05-23 15:59:55,2803,0
2025-05-23 15:59:55,2803,1
2025-05-23 16:00:04,2803,0
2025-05-23 16:00:04,2803,1
2025-05-23 16:00:12,2803,0
2025-05-23 16:00:12,2803,1
2025-05-23 16:00:24,2803,0
2025-05-23 16:00:24,2803,1
2025-05-23 16:00:30,2803,0
2025-05-23 16:00:30,2803,1
2025-05-23 16:00:32,2803,0
2025-05-23 16:00:33,2803,1
2025-05-23 16:00:41,2803,0
2025-05-23 16:00:41,2803,1
2025-05-23 16:00:59,2803,0
2025-05-23 16:00:59,2803,1
2025-05-23 16:01:05,2803,0
2025-05-23 16:01:05,2803,1
2025-05-23 16:01:17,2803,0
2025-05-23 16:01:17,2803,1
2025-05-23 16:01:21,2803,0
2025-05-23 16:01:21,2803,1
2025-05-23 16:01:23,2803,0
2025-05-23 16:01:24,2803,1
2025-05-23 16:01:30,2803,0
2025-05-23 16:01:30,2803,1
2025-05-23 16:01:42,2803,0
2025-05-23 16:01:42,2803,1
2025-05-23 16:01:50,2803,0
2025-05-23 16:01:50,2803,1
2025-05-23 16:02:02,2803,0
2025-05-23 16:02:02,2803,1
2025-05-23 16:02:08,2803,0
2025-05-23 16:02:08,2803,1
2025-05-23 16:02:14,2803,0
2025-05-23 16:02:14,2803,1
2025-05-23 16:02:18,2803,0
2025-05-23 16:02:18,2803,1
2025-05-23 16:02:22,2803,0
2025-05-23 16:02:23,2803,1
2025-05-23 16:02:27,2803,0
2025-05-23 16:02:27,2803,1
2025-05-23 16:02:33,2803,0
2025-05-23 16:02:33,2803,1
2025-05-23 16:02:39,2803,0
2025-05-23 16:02:39,2803,1
2025-05-23 16:02:41,2803,0
2025-05-23 16:02:41,2803,1
2025-05-23 16:02:55,2803,0
2025-05-23 16:02:55,2803,1
2025-05-23 16:02:57,2803,0
2025-05-23 16:02:57,2803,1
2025-05-23 16:03:06,2803,0
2025-05-23 16:03:06,2803,1
2025-05-23 16:03:16,2803,0
2025-05-23 16:03:16,2803,1
2025-05-23 16:03:24,2803,0
2025-05-23 16:03:24,2803,1
2025-05-23 16:03:30,2803,0
2025-05-23 16:03:30,2803,1
2025-05-23 16:03:34,2803,0
2025-05-23 16:03:34,2803,1
2025-05-23 16:03:36,2803,0
2025-05-23 16:03:36,2803,1
2025-05-23 16:03:40,2803,0
2025-05-23 16:03:40,2803,1
2025-05-23 16:03:53,2803,0
2025-05-23 16:03:53,2803,1
2025-05-23 16:03:55,2803,0
2025-05-23 16:03:55,2803,1
2025-05-23 16:03:59,2803,0
2025-05-23 16:03:59,2803,1
2025-05-23 16:04:05,2803,0
2025-05-23 16:04:05,2803,1
2025-05-23 16:04:09,2803,0
2025-05-23 16:04:09,2803,1
2025-05-23 16:04:13,2803,0
2025-05-23 16:04:13,2803,1
2025-05-23 16:04:19,2803,0
2025-05-23 16:04:19,2803,1
2025-05-23 16:04:23,2803,0
2025-05-23 16:04:23,2803,1
2025-05-23 16:04:31,2803,0
2025-05-23 16:04:31,2803,1
2025-05-23 16:04:35,2803,0
2025-05-23 16:04:36,2803,1
2025-05-23 16:04:38,2803,0
2025-05-23 16:04:38,2803,1
2025-05-23 16:04:42,2803,0
2025-05-23 16:04:42,2803,1
2025-05-23 16:04:46,2803,0
2025-05-23 16:04:46,2803,1
2025-05-23 16:04:56,2803,0
2025-05-23 16:04:56,2803,1
2025-05-23 16:05:12,2803,0
2025-05-23 16:05:12,2803,1
2025-05-23 16:05:16,2803,0
2025-05-23 16:05:17,2803,1
2025-05-23 16:05:27,2803,0
2025-05-23 16:05:27,2803,1
2025-05-23 16:05:33,2803,0
2025-05-23 16:05:33,2803,1
2025-05-23 16:05:39,2803,0
2025-05-23 16:05:39,2803,1
2025-05-23 16:05:41,2803,0
2025-05-23 16:05:41,2803,1
2025-05-23 16:05:43,2803,0
2025-05-23 16:05:43,2803,1
2025-05-23 16:05:47,2803,0
2025-05-23 16:05:47,2803,1
2025-05-23 16:05:49,2803,0
2025-05-23 16:05:49,2803,1
2025-05-23 16:06:01,2803,0
2025-05-23 16:06:02,2803,1
2025-05-23 16:06:08,2803,0
2025-05-23 16:06:08,2803,1
2025-05-23 16:06:14,2803,0
2025-05-23 16:06:14,2803,1
2025-05-23 16:06:18,2803,0
2025-05-23 16:06:18,2803,1
2025-05-23 16:06:24,2803,0
2025-05-23 16:06:24,2803,1
2025-05-23 16:06:30,2803,0
2025-05-23 16:06:30,2803,1
2025-05-23 16:06:44,2803,0
2025-05-23 16:06:45,2803,1
2025-05-23 16:06:51,2803,0
2025-05-23 16:06:51,2803,1
2025-05-23 16:06:55,2803,0
2025-05-23 16:06:55,2803,1
2025-05-23 16:07:03,2803,0
2025-05-23 16:07:03,2803,1
2025-05-23 16:07:05,2803,0
2025-05-23 16:07:05,2803,1
2025-05-23 16:07:13,2803,0
2025-05-23 16:07:13,2803,1
2025-05-23 16:07:17,2803,0
2025-05-23 16:07:17,2803,1
2025-05-23 16:07:21,2803,0
2025-05-23 16:07:21,2803,1
2025-05-23 16:07:23,2803,0
2025-05-23 16:07:23,2803,1
2025-05-23 16:07:27,2803,0
2025-05-23 16:07:28,2803,1
2025-05-23 16:07:36,2803,0
2025-05-23 16:07:36,2803,1
2025-05-23 16:07:44,2803,0
2025-05-23 16:07:44,2803,1
2025-05-23 16:07:48,2803,0
2025-05-23 16:07:48,2803,1
2025-05-23 16:07:56,2803,0
2025-05-23 16:07:56,2803,1
2025-05-23 16:08:00,2803,0
2025-05-23 16:08:00,2803,1
2025-05-23 16:08:04,2803,0
2025-05-23 16:08:04,2803,1
2025-05-23 16:08:10,2803,0
2025-05-23 16:08:10,2803,1
2025-05-23 16:08:21,2803,0
2025-05-23 16:08:21,2803,1
2025-05-23 16:08:25,2803,0
2025-05-23 16:08:25,2803,1
2025-05-23 16:08:35,2803,0
2025-05-23 16:08:35,2803,1
2025-05-23 16:08:37,2803,0
2025-05-23 16:08:37,2803,1
2025-05-23 16:08:41,2803,0
2025-05-23 16:08:41,2803,1
2025-05-23 16:08:45,2803,0
2025-05-23 16:08:45,2803,1
2025-05-23 16:08:51,2803,0
2025-05-23 16:08:51,2803,1
2025-05-23 16:08:53,2803,0
2025-05-23 16:08:54,2803,1
2025-05-23 16:08:58,2803,0
2025-05-23 16:08:58,2803,1
2025-05-23 16:09:02,2803,0
2025-05-23 16:09:02,2803,1
2025-05-23 16:09:04,2803,0
2025-05-23 16:09:04,2803,1
2025-05-23 16:09:08,2803,0
2025-05-23 16:09:08,2803,1
2025-05-23 16:09:20,2803,0
2025-05-23 16:09:20,2803,1
2025-05-23 16:09:22,2803,0
2025-05-23 16:09:22,2803,1
2025-05-23 16:09:24,2803,0
2025-05-23 16:09:24,2803,1
2025-05-23 16:09:37,2803,0
2025-05-23 16:09:37,2803,1
2025-05-23 16:09:43,2803,0
2025-05-23 16:09:43,2803,1
2025-05-23 16:09:49,2803,0
2025-05-23 16:09:49,2803,1
2025-05-23 16:09:53,2803,0
2025-05-23 16:09:53,2803,1
2025-05-23 16:09:55,2803,0
2025-05-23 16:09:55,2803,1
2025-05-23 16:09:57,2803,0
2025-05-23 16:09:57,2803,1
2025-05-23 16:10:03,2803,0
2025-05-23 16:10:04,2803,1
2025-05-23 16:10:06,2803,0
2025-05-23 16:10:06,2803,1
2025-05-23 16:10:08,2803,0
2025-05-23 16:10:08,2803,1
2025-05-23 16:10:10,2803,0
2025-05-23 16:10:10,2803,1
2025-05-23 16:10:12,2803,0
2025-05-23 16:10:12,2803,1
2025-05-23 16:10:14,2803,0
2025-05-23 16:10:14,2803,1
2025-05-23 16:10:20,2803,0
2025-05-23 16:10:20,2803,1
2025-05-23 16:10:22,2803,0
2025-05-23 16:10:23,2803,1
2025-05-23 16:10:31,2803,0
2025-05-23 16:10:31,2803,1
2025-05-23 16:10:35,2803,0
2025-05-23 16:10:35,2803,1
2025-05-23 16:10:37,2803,0
2025-05-23 16:10:37,2803,1
2025-05-23 16:10:39,2803,0
2025-05-23 16:10:39,2803,1
2025-05-23 16:10:41,2803,0
2025-05-23 16:10:41,2803,1
2025-05-23 16:10:45,2803,0
2025-05-23 16:10:45,2803,1
2025-05-23 16:10:47,2803,0
2025-05-23 16:10:47,2803,1
2025-05-23 16:10:51,2803,0
2025-05-23 16:10:52,2803,1
2025-05-23 16:10:58,2803,0
2025-05-23 16:10:58,2803,1
2025-05-23 16:11:00,2803,0
2025-05-23 16:11:00,2803,1
2025-05-23 16:11:02,2803,0
2025-05-23 16:11:02,2803,1
2025-05-23 16:11:04,2803,0
2025-05-23 16:11:04,2803,1
2025-05-23 16:11:06,2803,0
2025-05-23 16:11:06,2803,1
2025-05-23 16:11:12,2803,0
2025-05-23 16:11:12,2803,1
2025-05-23 16:11:14,2803,0
2025-05-23 16:11:14,2803,1
2025-05-23 16:11:16,2803,0
2025-05-23 16:11:16,2803,1
2025-05-23 16:11:18,2803,0
2025-05-23 16:11:19,2803,1
2025-05-23 16:11:21,2803,0
2025-05-23 16:11:21,2803,1
2025-05-23 16:11:33,2803,0
2025-05-23 16:11:33,2803,1
2025-05-23 16:11:35,2803,0
2025-05-23 16:11:35,2803,1
2025-05-23 16:11:39,2803,0
2025-05-23 16:11:39,2803,1
2025-05-23 16:11:45,2803,0
2025-05-23 16:11:45,2803,1
2025-05-23 16:11:47,2803,0
2025-05-23 16:11:47,2803,1
2025-05-23 16:11:51,2803,0
2025-05-23 16:11:52,2803,1
2025-05-23 16:11:54,2803,0
2025-05-23 16:11:54,2803,1
2025-05-23 16:12:02,2803,0
2025-05-23 16:12:02,2803,1
2025-05-23 16:12:08,2803,0
2025-05-23 16:12:08,2803,1
2025-05-23 16:12:12,2803,0
2025-05-23 16:12:12,2803,1
2025-05-23 16:12:14,2803,0
2025-05-23 16:12:14,2803,1
2025-05-23 16:12:22,2803,0
2025-05-23 16:12:23,2803,1
2025-05-23 16:12:25,2803,0
2025-05-23 16:12:25,2803,1
2025-05-23 16:12:29,2803,0
2025-05-23 16:12:29,2803,1
2025-05-23 16:12:35,2803,0
2025-05-23 16:12:35,2803,1
2025-05-23 16:12:39,2803,0
2025-05-23 16:12:39,2803,1
2025-05-23 16:12:41,2803,0
2025-05-23 16:12:42,2803,1
2025-05-23 16:12:43,2803,0
2025-05-23 16:12:44,2803,1
2025-05-23 16:12:58,2803,0
2025-05-23 16:12:58,2803,1
2025-05-23 16:13:00,2803,0
2025-05-23 16:13:00,2803,1
2025-05-23 16:13:04,2803,0
2025-05-23 16:13:04,2803,1
2025-05-23 16:13:10,2803,0
2025-05-23 16:13:10,2803,1
2025-05-23 16:13:14,2803,0
2025-05-23 16:13:15,2803,1
2025-05-23 16:13:17,2803,0
2025-05-23 16:13:17,2803,1
2025-05-23 16:13:23,2803,0
2025-05-23 16:13:23,2803,1
2025-05-23 16:13:27,2803,0
2025-05-23 16:13:27,2803,1
2025-05-23 16:13:37,2803,0
2025-05-23 16:13:37,2803,1
2025-05-23 16:13:41,2803,0
2025-05-23 16:13:41,2803,1
2025-05-23 16:13:43,2803,0
2025-05-23 16:13:43,2803,1
2025-05-23 16:13:55,2803,0
2025-05-23 16:13:56,2803,1
2025-05-23 16:13:58,2803,0
2025-05-23 16:13:58,2803,1
2025-05-23 16:14:04,2803,0
2025-05-23 16:14:04,2803,1
2025-05-23 16:14:06,2803,0
2025-05-23 16:14:06,2803,1
2025-05-23 16:14:10,2803,0
2025-05-23 16:14:10,2803,1
2025-05-23 16:14:14,2803,0
2025-05-23 16:14:14,2803,1
2025-05-23 16:14:16,2803,0
2025-05-23 16:14:17,2803,1
2025-05-23 16:14:19,2803,0
2025-05-23 16:14:19,2803,1
2025-05-23 16:14:23,2803,0
2025-05-23 16:14:23,2803,1
2025-05-23 16:14:25,2803,0
2025-05-23 16:14:25,2803,1
2025-05-23 16:14:31,2803,0
2025-05-23 16:14:31,2803,1
2025-05-23 16:14:33,2803,0
2025-05-23 16:14:33,2803,1
2025-05-23 16:14:35,2803,0
2025-05-23 16:14:35,2803,1
2025-05-23 16:14:37,2803,0
2025-05-23 16:14:37,2803,1
2025-05-23 16:14:41,2803,0
2025-05-23 16:14:42,2803,1
2025-05-23 16:14:44,2803,0
2025-05-23 16:14:44,2803,1
2025-05-23 16:14:48,2803,0
2025-05-23 16:14:48,2803,1
2025-05-23 16:14:50,2803,0
2025-05-23 16:14:50,2803,1
2025-05-23 16:14:58,2803,0
2025-05-23 16:14:58,2803,1
2025-05-23 16:15:02,2803,0
2025-05-23 16:15:02,2803,1
2025-05-23 16:15:04,2803,0
2025-05-23 16:15:04,2803,1
2025-05-23 16:15:08,2803,0
2025-05-23 16:15:08,2803,1
2025-05-23 16:15:10,2803,0
2025-05-23 16:15:10,2803,1
2025-05-23 16:15:13,2803,0
2025-05-23 16:15:13,2803,1
2025-05-23 16:15:17,2803,0
2025-05-23 16:15:17,2803,1
2025-05-23 16:15:19,2803,0
2025-05-23 16:15:19,2803,1
2025-05-23 16:15:23,2803,0
2025-05-23 16:15:23,2803,1
2025-05-23 16:15:25,2803,0
2025-05-23 16:15:25,2803,1
2025-05-23 16:15:27,2803,0
2025-05-23 16:15:27,2803,1
2025-05-23 16:15:33,2803,0
2025-05-23 16:15:33,2803,1
2025-05-23 16:15:35,2803,0
2025-05-23 16:15:35,2803,1
2025-05-23 16:15:39,2803,0
2025-05-23 16:15:39,2803,1
2025-05-23 16:15:45,2803,0
2025-05-23 16:15:46,2803,1
2025-05-23 16:15:48,2803,0
2025-05-23 16:15:48,2803,1
2025-05-23 16:15:50,2803,0
2025-05-23 16:15:50,2803,1
2025-05-23 16:15:54,2803,0
2025-05-23 16:15:54,2803,1
2025-05-23 16:15:56,2803,0
2025-05-23 16:15:56,2803,1
2025-05-23 16:16:00,2803,0
2025-05-23 16:16:00,2803,1
2025-05-23 16:16:02,2803,0
2025-05-23 16:16:03,2803,1
2025-05-23 16:16:05,2803,0
2025-05-23 16:16:05,2803,1
2025-05-23 16:16:09,2803,0
2025-05-23 16:16:09,2803,1
2025-05-23 16:16:13,2803,0
2025-05-23 16:16:13,2803,1
2025-05-23 16:16:15,2803,0
2025-05-23 16:16:15,2803,1
2025-05-23 16:16:24,2803,0
2025-05-23 16:16:24,2803,1
2025-05-23 16:16:28,2803,0
2025-05-23 16:16:28,2803,1
2025-05-23 16:16:30,2803,0
2025-05-23 16:16:30,2803,1
2025-05-23 16:16:32,2803,0
2025-05-23 16:16:32,2803,1
2025-05-23 16:16:34,2803,0
2025-05-23 16:16:34,2803,1
2025-05-23 16:16:36,2803,0
2025-05-23 16:16:36,2803,1
2025-05-23 16:16:38,2803,0
2025-05-23 16:16:38,2803,1
2025-05-23 16:16:42,2803,0
2025-05-23 16:16:43,2803,1
2025-05-23 16:16:49,2803,0
2025-05-23 16:16:49,2803,1
2025-05-23 16:16:53,2803,0
2025-05-23 16:16:53,2803,1
2025-05-23 16:16:59,2803,0
2025-05-23 16:16:59,2803,1
2025-05-23 16:17:01,2803,0
2025-05-23 16:17:01,2803,1
2025-05-23 16:17:03,2803,0
2025-05-23 16:17:04,2803,1
2025-05-23 16:17:08,2803,0
2025-05-23 16:17:08,2803,1
2025-05-23 16:17:16,2803,0
2025-05-23 16:17:16,2803,1
2025-05-23 16:17:22,2803,0
2025-05-23 16:17:22,2803,1
2025-05-23 16:17:26,2803,0
2025-05-23 16:17:26,2803,1
2025-05-23 16:17:28,2803,0
2025-05-23 16:17:29,2803,1
2025-05-23 16:17:33,2803,0
2025-05-23 16:17:33,2803,1
2025-05-23 16:17:35,2803,0
2025-05-23 16:17:35,2803,1
2025-05-23 16:17:39,2803,0
2025-05-23 16:17:39,2803,1
2025-05-23 16:17:43,2803,0
2025-05-23 16:17:43,2803,1
2025-05-23 16:17:45,2803,0
2025-05-23 16:17:45,2803,1
2025-05-23 16:17:53,2803,0
2025-05-23 16:17:54,2803,1
2025-05-23 16:18:00,2803,0
2025-05-23 16:18:00,2803,1
2025-05-23 16:18:06,2803,0
2025-05-23 16:18:06,2803,1
2025-05-23 16:18:12,2803,0
2025-05-23 16:18:13,2803,1
2025-05-23 16:18:15,2803,0
2025-05-23 16:18:16,2803,1
2025-05-23 16:18:22,2803,0
2025-05-23 16:18:22,2803,1
2025-05-23 16:18:24,2803,0
2025-05-23 16:18:24,2803,1
2025-05-23 16:18:30,2803,0
2025-05-23 16:18:31,2803,1
2025-05-23 16:18:39,2803,0
2025-05-23 16:18:39,2803,1
2025-05-23 16:18:41,2803,0
2025-05-23 16:18:41,2803,1
2025-05-23 16:18:43,2803,0
2025-05-23 16:18:43,2803,1
2025-05-23 16:18:47,2803,0
2025-05-23 16:18:47,2803,1
2025-05-23 16:18:49,2803,0
2025-05-23 16:18:49,2803,1
2025-05-23 16:18:53,2803,0
2025-05-23 16:18:54,2803,1
2025-05-23 16:18:56,2803,0
2025-05-23 16:18:56,2803,1
2025-05-23 16:19:00,2803,0
2025-05-23 16:19:00,2803,1
2025-05-23 16:19:02,2803,0
2025-05-23 16:19:02,2803,1
2025-05-23 16:19:04,2803,0
2025-05-23 16:19:05,2803,1
2025-05-23 16:19:09,2803,0
2025-05-23 16:19:10,2803,1
2025-05-23 16:19:12,2803,0
2025-05-23 16:19:12,2803,1
2025-05-23 16:19:14,2803,0
2025-05-23 16:19:14,2803,1
2025-05-23 16:19:16,2803,0
2025-05-23 16:19:17,2803,1
2025-05-23 16:19:23,2803,0
2025-05-23 16:19:23,2803,1
2025-05-23 16:19:25,2803,0
2025-05-23 16:19:25,2803,1
2025-05-23 16:19:29,2803,0
2025-05-23 16:19:29,2803,1
2025-05-23 16:19:31,2803,0
2025-05-23 16:19:31,2803,1
2025-05-23 16:19:35,2803,0
2025-05-23 16:19:35,2803,1
2025-05-23 16:19:37,2803,0
2025-05-23 16:19:38,2803,1
2025-05-23 16:19:40,2803,0
2025-05-23 16:19:40,2803,1
2025-05-23 16:19:42,2803,0
2025-05-23 16:19:42,2803,1
2025-05-23 16:19:44,2803,0
2025-05-23 16:19:44,2803,1
2025-05-23 16:19:46,2803,0
2025-05-23 16:19:47,2803,1
2025-05-23 16:19:49,2803,0
2025-05-23 16:19:49,2803,1
2025-05-23 16:19:51,2803,0
2025-05-23 16:19:52,2803,1
2025-05-23 16:19:54,2803,0
2025-05-23 16:19:55,2803,1
2025-05-23 16:19:59,2803,0
2025-05-23 16:20:00,2803,1
2025-05-23 16:20:02,2803,0
2025-05-23 16:20:03,2803,1
2025-05-23 16:20:05,2803,0
2025-05-23 16:20:05,2803,1
2025-05-23 16:20:11,2803,0
2025-05-23 16:20:11,2803,1
2025-05-23 16:20:17,2803,0
2025-05-23 16:20:18,2803,1
2025-05-23 16:20:20,2803,0
2025-05-23 16:20:20,2803,1
2025-05-23 16:20:22,2803,0
2025-05-23 16:20:22,2803,1
2025-05-23 16:20:24,2803,0
2025-05-23 16:20:24,2803,1
2025-05-23 16:20:26,2803,0
2025-05-23 16:20:26,2803,1
2025-05-23 16:20:28,2803,0
2025-05-23 16:20:28,2803,1
2025-05-23 16:20:32,2803,0
2025-05-23 16:20:32,2803,1
2025-05-23 16:20:34,2803,0
2025-05-23 16:20:35,2803,1
2025-05-23 16:20:39,2803,0
2025-05-23 16:20:39,2803,1
2025-05-23 16:20:41,2803,0
2025-05-23 16:20:42,2803,1
2025-05-23 16:20:46,2803,0
2025-05-23 16:20:46,2803,1
2025-05-23 16:20:48,2803,0
2025-05-23 16:20:48,2803,1
2025-05-23 16:20:52,2803,0
2025-05-23 16:20:52,2803,1
2025-05-23 16:20:56,2803,0
2025-05-23 16:20:56,2803,1
2025-05-23 16:20:58,2803,0
2025-05-23 16:20:58,2803,1
2025-05-23 16:21:02,2803,0
2025-05-23 16:21:03,2803,1
2025-05-23 16:21:05,2803,0
2025-05-23 16:21:05,2803,1
2025-05-23 16:21:07,2803,0
2025-05-23 16:21:07,2803,1
2025-05-23 16:21:11,2803,0
2025-05-23 16:21:12,2803,1
2025-05-23 16:21:14,2803,0
2025-05-23 16:21:14,2803,1
2025-05-23 16:21:20,2803,0
2025-05-23 16:21:20,2803,1
2025-05-23 16:21:22,2803,0
2025-05-23 16:21:23,2803,1
2025-05-23 16:21:25,2803,0
2025-05-23 16:21:26,2803,1
2025-05-23 16:21:28,2803,0
2025-05-23 16:21:28,2803,1
2025-05-23 16:21:34,2803,0
2025-05-23 16:21:34,2803,1
2025-05-23 16:21:40,2803,0
2025-05-23 16:21:40,2803,1
2025-05-23 16:21:42,2803,0
2025-05-23 16:21:43,2803,1
2025-05-23 16:21:47,2803,0
2025-05-23 16:21:47,2803,1
2025-05-23 16:21:49,2803,0
2025-05-23 16:21:49,2803,1
2025-05-23 16:21:51,2803,0
2025-05-23 16:21:51,2803,1
2025-05-23 16:21:55,2803,0
2025-05-23 16:21:55,2803,1
2025-05-23 16:21:57,2803,0
2025-05-23 16:21:59,2803,1
2025-05-23 16:22:01,2803,0
2025-05-23 16:22:01,2803,1
2025-05-23 16:22:03,2803,0
2025-05-23 16:22:04,2803,1
2025-05-23 16:22:06,2803,0
2025-05-23 16:22:06,2803,1
2025-05-23 16:22:08,2803,0
2025-05-23 16:22:10,2803,1
2025-05-23 16:22:12,2803,0
2025-05-23 16:22:13,2803,1
2025-05-23 16:22:15,2803,0
2025-05-23 16:22:16,2803,1
2025-05-23 16:22:18,2803,0
2025-05-23 16:22:18,2803,1
2025-05-23 16:22:22,2803,0
2025-05-23 16:22:22,2803,1
2025-05-23 16:22:26,2803,0
2025-05-23 16:22:26,2803,1
2025-05-23 16:22:28,2803,0
2025-05-23 16:22:29,2803,1
2025-05-23 16:22:35,2803,0
2025-05-23 16:22:35,2803,1
2025-05-23 16:22:37,2803,0
2025-05-23 16:22:37,2803,1
2025-05-23 16:22:39,2803,0
2025-05-23 16:22:39,2803,1
2025-05-23 16:22:43,2803,0
2025-05-23 16:22:45,2803,1
2025-05-23 16:22:47,2803,0
2025-05-23 16:22:47,2803,1
2025-05-23 16:22:49,2803,0
2025-05-23 16:22:50,2803,1
2025-05-23 16:22:52,2803,0
2025-05-23 16:22:53,2803,1
2025-05-23 16:22:55,2803,0
2025-05-23 16:22:55,2803,1
2025-05-23 16:22:57,2803,0
2025-05-23 16:22:58,2803,1
2025-05-23 16:23:00,2803,0
2025-05-23 16:23:01,2803,1
2025-05-23 16:23:05,2803,0
2025-05-23 16:23:05,2803,1
2025-05-23 16:23:07,2803,0
2025-05-23 16:23:07,2803,1
2025-05-23 16:23:11,2803,0
2025-05-23 16:23:12,2803,1
2025-05-23 16:23:14,2803,0
2025-05-23 16:23:14,2803,1
2025-05-23 16:23:16,2803,0
2025-05-23 16:23:16,2803,1
2025-05-23 16:23:22,2803,0
2025-05-23 16:23:22,2803,1
2025-05-23 16:23:24,2803,0
2025-05-23 16:23:25,2803,1
2025-05-23 16:23:28,2803,0
2025-05-23 16:23:28,2803,1
2025-05-23 16:23:30,2803,0
2025-05-23 16:23:31,2803,1
2025-05-23 16:23:33,2803,0
2025-05-23 16:23:43,2803,1
2025-05-23 16:23:47,2803,0
2025-05-23 16:23:47,2803,1
2025-05-23 16:23:49,2803,0
2025-05-23 16:23:49,2803,1
2025-05-23 16:23:51,2803,0
2025-05-23 16:23:52,2803,1
2025-05-23 16:23:54,2803,0
2025-05-23 16:23:54,2803,1
2025-05-23 16:23:58,2803,0
2025-05-23 16:23:58,2803,1
2025-05-23 16:24:00,2803,0
2025-05-23 16:24:00,2803,1
2025-05-23 16:24:02,2803,0
2025-05-23 16:24:02,2803,1
2025-05-23 16:24:04,2803,0
2025-05-23 16:24:04,2803,1
2025-05-23 16:24:06,2803,0
2025-05-23 16:24:07,2803,1
2025-05-23 16:24:09,2803,0
2025-05-23 16:24:09,2803,1
2025-05-23 16:24:13,2803,0
2025-05-23 16:24:13,2803,1
2025-05-23 16:24:15,2803,0
2025-05-23 16:24:16,2803,1
2025-05-23 16:24:18,2803,0
2025-05-23 16:24:18,2803,1
2025-05-23 16:24:20,2803,0
2025-05-23 16:24:23,2803,1
2025-05-23 16:24:25,2803,0
2025-05-23 16:24:25,2803,1
2025-05-23 16:24:27,2803,0
2025-05-23 16:24:28,2803,1
2025-05-23 16:24:30,2803,0
2025-05-23 16:24:31,2803,1
2025-05-23 16:24:35,2803,0
2025-05-23 16:24:35,2803,1
2025-05-23 16:24:39,2803,0
2025-05-23 16:24:39,2803,1
2025-05-23 16:24:45,2803,0
2025-05-23 16:24:46,2803,1
2025-05-23 16:24:48,2803,0
2025-05-23 16:24:48,2803,1
2025-05-23 16:24:50,2803,0
2025-05-23 16:24:50,2803,1
2025-05-23 16:24:52,2803,0
2025-05-23 16:24:52,2803,1
2025-05-23 16:24:54,2803,0
2025-05-23 16:24:54,2803,1
2025-05-23 16:24:56,2803,0
2025-05-23 16:24:56,2803,1
2025-05-23 16:25:00,2803,0
2025-05-23 16:25:01,2803,1
2025-05-23 16:25:03,2803,0
2025-05-23 16:25:09,2803,1
2025-05-23 16:25:13,2803,0
2025-05-23 16:25:14,2803,1
2025-05-23 16:25:16,2803,0
2025-05-23 16:25:17,2803,1
2025-05-23 16:25:21,2803,0
2025-05-23 16:25:21,2803,1
2025-05-23 16:25:25,2803,0
2025-05-23 16:25:25,2803,1
2025-05-23 16:25:27,2803,0
2025-05-23 16:25:27,2803,1
2025-05-23 16:25:31,2803,0
2025-05-23 16:25:32,2803,1
2025-05-23 16:25:34,2803,0
2025-05-23 16:25:34,2803,1
2025-05-23 16:25:36,2803,0
2025-05-23 16:25:36,2803,1
2025-05-23 16:25:40,2803,0
2025-05-23 16:25:40,2803,1
2025-05-23 16:25:46,2803,0
2025-05-23 16:25:47,2803,1
2025-05-23 16:25:49,2803,0
2025-05-23 16:25:49,2803,1
2025-05-23 16:25:51,2803,0
2025-05-23 16:25:56,2803,1
2025-05-23 16:25:58,2803,0
2025-05-23 16:25:58,2803,1
2025-05-23 16:26:04,2803,0
2025-05-23 16:26:04,2803,1
2025-05-23 16:26:06,2803,0
2025-05-23 16:26:06,2803,1
2025-05-23 16:26:12,2803,0
2025-05-23 16:26:13,2803,1
2025-05-23 16:26:19,2803,0
2025-05-23 16:26:19,2803,1
2025-05-23 16:26:25,2803,0
2025-05-23 16:26:25,2803,1
2025-05-23 16:26:27,2803,0
2025-05-23 16:26:29,2803,1
2025-05-23 16:26:31,2803,0
2025-05-23 16:26:31,2803,1
2025-05-23 16:26:35,2803,0
2025-05-23 16:26:39,2803,1
2025-05-23 16:26:41,2803,0
2025-05-23 16:26:42,2803,1
2025-05-23 16:26:46,2803,0
2025-05-23 16:26:46,2803,1
2025-05-23 16:26:50,2803,0
2025-05-23 16:26:50,2803,1
2025-05-23 16:26:56,2803,0
2025-05-23 16:26:57,2803,1
2025-05-23 16:26:59,2803,0
2025-05-23 16:26:59,2803,1
2025-05-23 16:27:05,2803,0
2025-05-23 16:27:05,2803,1
2025-05-23 16:27:11,2803,0
2025-05-23 16:27:12,2803,1
2025-05-23 16:27:14,2803,0
2025-05-23 16:27:16,2803,1
2025-05-23 16:27:18,2803,0
2025-05-23 16:27:19,2803,1
2025-05-23 16:27:21,2803,0
2025-05-23 16:27:22,2803,1
2025-05-23 16:27:24,2803,0
2025-05-23 16:27:27,2803,1
2025-05-23 16:27:29,2803,0
2025-05-23 16:27:29,2803,1
2025-05-23 16:27:35,2803,0
2025-05-23 16:27:35,2803,1
2025-05-23 16:27:37,2803,0
2025-05-23 16:27:38,2803,1
2025-05-23 16:27:42,2803,0
2025-05-23 16:27:42,2803,1
2025-05-23 16:27:44,2803,0
2025-05-23 16:27:44,2803,1
2025-05-23 16:27:48,2803,0
2025-05-23 16:27:48,2803,1
2025-05-23 16:27:50,2803,0
2025-05-23 16:27:51,2803,1
2025-05-23 16:27:53,2803,0
2025-05-23 16:27:53,2803,1
2025-05-23 16:27:57,2803,0
2025-05-23 16:27:57,2803,1
2025-05-23 16:27:59,2803,0
2025-05-23 16:28:00,2803,1
2025-05-23 16:28:02,2803,0
2025-05-23 16:28:04,2803,1
2025-05-23 16:28:06,2803,0
2025-05-23 16:28:12,2803,1
2025-05-23 16:28:14,2803,0
2025-05-23 16:28:14,2803,1
2025-05-23 16:28:20,2803,0
2025-05-23 16:28:21,2803,1
2025-05-23 16:28:23,2803,0
2025-05-23 16:28:23,2803,1
2025-05-23 16:28:27,2803,0
2025-05-23 16:28:27,2803,1
2025-05-23 16:28:29,2803,0
2025-05-23 16:28:30,2803,1
2025-05-23 16:28:34,2803,0
2025-05-23 16:28:34,2803,1
2025-05-23 16:28:36,2803,0
2025-05-23 16:28:37,2803,1
2025-05-23 16:28:39,2803,0
2025-05-23 16:28:39,2803,1
2025-05-23 16:28:41,2803,0
2025-05-23 16:28:41,2803,1
2025-05-23 16:28:45,2803,0
2025-05-23 16:28:46,2803,1
2025-05-23 16:28:48,2803,0
2025-05-23 16:28:49,2803,1
2025-05-23 16:28:51,2803,0
2025-05-23 16:28:52,2803,1
2025-05-23 16:28:54,2803,0
2025-05-23 16:28:54,2803,1
2025-05-23 16:28:56,2803,0
2025-05-23 16:29:01,2803,1
2025-05-23 16:29:05,2803,0
2025-05-23 16:29:05,2803,1
2025-05-23 16:29:09,2803,0
2025-05-23 16:29:09,2803,1
2025-05-23 16:29:11,2803,0
2025-05-23 16:29:11,2803,1
2025-05-23 16:29:15,2803,0
2025-05-23 16:29:15,2803,1
2025-05-23 16:29:17,2803,0
2025-05-23 16:29:18,2803,1
2025-05-23 16:29:20,2803,0
2025-05-23 16:29:20,2803,1
2025-05-23 16:29:22,2803,0
2025-05-23 16:29:22,2803,1
2025-05-23 16:29:24,2803,0
2025-05-23 16:29:24,2803,1
2025-05-23 16:29:26,2803,0
2025-05-23 16:29:26,2803,1
2025-05-23 16:29:30,2803,0
2025-05-23 16:29:30,2803,1
2025-05-23 16:29:32,2803,0
2025-05-23 16:29:38,2803,1
2025-05-23 16:29:42,2803,0
2025-05-23 16:29:43,2803,1
2025-05-23 16:29:45,2803,0
2025-05-23 16:29:46,2803,1
2025-05-23 16:29:48,2803,0
2025-05-23 16:29:48,2803,1
2025-05-23 16:29:50,2803,0
2025-05-23 16:29:50,2803,1
2025-05-23 16:29:56,2803,0
2025-05-23 16:29:57,2803,1
2025-05-23 16:30:01,2803,0
2025-05-23 16:30:01,2803,1
2025-05-23 16:30:05,2803,0
2025-05-23 16:30:05,2803,1
2025-05-23 16:30:09,2803,0
2025-05-23 16:30:09,2803,1
2025-05-23 16:30:11,2803,0
2025-05-23 16:30:12,2803,1
2025-05-23 16:30:14,2803,0
2025-05-23 16:30:14,2803,1
2025-05-23 16:30:16,2803,0
2025-05-23 16:30:17,2803,1
2025-05-23 16:30:19,2803,0
2025-05-23 16:30:24,2803,1
2025-05-23 16:30:26,2803,0
2025-05-23 16:30:28,2803,1
2025-05-23 16:30:34,2803,0
2025-05-23 16:30:34,2803,1
2025-05-23 16:30:42,2803,0
2025-05-23 16:30:43,2803,1
2025-05-23 16:30:49,2803,0
2025-05-23 16:30:49,2803,1
2025-05-23 16:30:55,2803,0
2025-05-23 16:30:55,2803,1
2025-05-23 16:30:57,2803,0
2025-05-23 16:30:58,2803,1
2025-05-23 16:31:02,2803,0
2025-05-23 16:31:03,2803,1
2025-05-23 16:31:05,2803,0
2025-05-23 16:31:06,2803,1
2025-05-23 16:31:08,2803,0
2025-05-23 16:31:11,2803,1
2025-05-23 16:31:15,2803,0
2025-05-23 16:31:15,2803,1
2025-05-23 16:31:19,2803,0
2025-05-23 16:31:19,2803,1
2025-05-23 16:31:21,2803,0
2025-05-23 16:31:21,2803,1
2025-05-23 16:31:25,2803,0
2025-05-23 16:31:26,2803,1
2025-05-23 16:31:28,2803,0
2025-05-23 16:31:28,2803,1
2025-05-23 16:31:34,2803,0
2025-05-23 16:31:34,2803,1
2025-05-23 16:31:36,2803,0
2025-05-23 16:31:36,2803,1
2025-05-23 16:31:40,2803,0
2025-05-23 16:31:41,2803,1
2025-05-23 16:31:43,2803,0
2025-05-23 16:31:43,2803,1
2025-05-23 16:31:45,2803,0
2025-05-23 16:31:46,2803,1
2025-05-23 16:31:48,2803,0
2025-05-23 16:31:48,2803,1
2025-05-23 16:31:50,2803,0
2025-05-23 16:31:52,2803,1
2025-05-23 16:31:54,2803,0
2025-05-23 16:31:55,2803,1
2025-05-23 16:31:57,2803,0
2025-05-23 16:31:58,2803,1
2025-05-23 16:32:00,2803,0
2025-05-23 16:32:00,2803,1
2025-05-23 16:32:06,2803,0
2025-05-23 16:32:06,2803,1
2025-05-23 16:32:12,2803,0
2025-05-23 16:32:13,2803,1
2025-05-23 16:32:15,2803,0
2025-05-23 16:32:15,2803,1
2025-05-23 16:32:19,2803,0
2025-05-23 16:32:19,2803,1
2025-05-23 16:32:21,2803,0
2025-05-23 16:32:21,2803,1
2025-05-23 16:32:27,2803,0
2025-05-23 16:32:28,2803,1
2025-05-23 16:32:30,2803,0
2025-05-23 16:32:33,2803,1
2025-05-23 16:32:35,2803,0
2025-05-23 16:32:36,2803,1
2025-05-23 16:32:38,2803,0
2025-05-23 16:32:43,2803,1
2025-05-23 16:32:45,2803,0
2025-05-23 16:32:45,2803,1
2025-05-23 16:32:51,2803,0
2025-05-23 16:32:51,2803,1
2025-05-23 16:32:57,2803,0
2025-05-23 16:32:58,2803,1
2025-05-23 16:33:00,2803,0
2025-05-23 16:33:00,2803,1
2025-05-23 16:33:02,2803,0
2025-05-23 16:33:02,2803,1
2025-05-23 16:33:06,2803,0
2025-05-23 16:33:06,2803,1
2025-05-23 16:33:08,2803,0
2025-05-23 16:33:09,2803,1
2025-05-23 16:33:15,2803,0
2025-05-23 16:33:23,2803,1
2025-05-23 16:33:25,2803,0
2025-05-23 16:33:29,2803,1
2025-05-23 16:33:31,2803,0
2025-05-23 16:33:32,2803,1
2025-05-23 16:33:39,2803,0
2025-05-23 16:33:39,2803,1
2025-05-23 16:33:41,2803,0
2025-05-23 16:33:41,2803,1
2025-05-23 16:33:45,2803,0
2025-05-23 16:33:45,2803,1
2025-05-23 16:33:47,2803,0
2025-05-23 16:33:47,2803,1
2025-05-23 16:33:52,2803,0
2025-05-23 16:33:52,2803,1
2025-05-23 16:33:54,2803,0
2025-05-23 16:33:54,2803,1
2025-05-23 16:34:00,2803,0
2025-05-23 16:34:00,2803,1
2025-05-23 16:34:02,2803,0
2025-05-23 16:34:04,2803,1
2025-05-23 16:34:06,2803,0
2025-05-23 16:34:07,2803,1
2025-05-23 16:34:09,2803,0
2025-05-23 16:34:09,2803,1
2025-05-23 16:34:11,2803,0
2025-05-23 16:34:11,2803,1
2025-05-23 16:34:15,2803,0
2025-05-23 16:34:17,2803,1
2025-05-23 16:34:25,2803,0
2025-05-23 16:34:25,2803,1
2025-05-23 16:34:29,2803,0
2025-05-23 16:34:29,2803,1
2025-05-23 16:34:31,2803,0
2025-05-23 16:34:31,2803,1
2025-05-23 16:34:35,2803,0
2025-05-23 16:34:36,2803,1
2025-05-23 16:34:40,2803,0
2025-05-23 16:34:40,2803,1
2025-05-23 16:34:46,2803,0
2025-05-23 16:34:47,2803,1
2025-05-23 16:34:49,2803,0
2025-05-23 16:34:57,2803,1
2025-05-23 16:35:03,2803,0
2025-05-23 16:35:03,2803,1
2025-05-23 16:35:05,2803,0
2025-05-23 16:35:05,2803,1
2025-05-23 16:35:11,2803,0
2025-05-23 16:35:12,2803,1
2025-05-23 16:35:14,2803,0
2025-05-23 16:35:14,2803,1
2025-05-23 16:35:20,2803,0
2025-05-23 16:35:20,2803,1
2025-05-23 16:35:22,2803,0
2025-05-23 16:35:22,2803,1
2025-05-23 16:35:26,2803,0
2025-05-23 16:35:27,2803,1
2025-05-23 16:35:29,2803,0
2025-05-23 16:35:30,2803,1
2025-05-23 16:35:32,2803,0
2025-05-23 16:35:32,2803,1
2025-05-23 16:35:34,2803,0
2025-05-23 16:35:36,2803,1
2025-05-23 16:35:38,2803,0
2025-05-23 16:35:41,2803,1
2025-05-23 16:35:49,2803,0
2025-05-23 16:35:49,2803,1
2025-05-23 16:35:53,2803,0
2025-05-23 16:35:53,2803,1
2025-05-23 16:35:55,2803,0
2025-05-23 16:35:55,2803,1
2025-05-23 16:36:01,2803,0
2025-05-23 16:36:02,2803,1
2025-05-23 16:36:04,2803,0
2025-05-23 16:36:04,2803,1
2025-05-23 16:36:10,2803,0
2025-05-23 16:36:11,2803,1
2025-05-23 16:36:13,2803,0
2025-05-23 16:36:17,2803,1
2025-05-23 16:36:19,2803,0
2025-05-23 16:36:19,2803,1
2025-05-23 16:36:21,2803,0
2025-05-23 16:36:27,2803,1
2025-05-23 16:36:29,2803,0
2025-05-23 16:36:29,2803,1
2025-05-23 16:36:35,2803,0
2025-05-23 16:36:35,2803,1
2025-05-23 16:36:37,2803,0
2025-05-23 16:36:37,2803,1
2025-05-23 16:36:41,2803,0
2025-05-23 16:36:42,2803,1
2025-05-23 16:36:44,2803,0
2025-05-23 16:36:44,2803,1
2025-05-23 16:36:48,2803,0
2025-05-23 16:36:48,2803,1
2025-05-23 16:36:50,2803,0
2025-05-23 16:36:50,2803,1
2025-05-23 16:36:52,2803,0
2025-05-23 16:36:53,2803,1
2025-05-23 16:36:55,2803,0
2025-05-23 16:36:55,2803,1
2025-05-23 16:36:59,2803,0
2025-05-23 16:37:02,2803,1
2025-05-23 16:37:04,2803,0
2025-05-23 16:37:06,2803,1
2025-05-23 16:37:08,2803,0
2025-05-23 16:37:11,2803,1
2025-05-23 16:37:13,2803,0
2025-05-23 16:37:13,2803,1
2025-05-23 16:37:21,2803,0
2025-05-23 16:37:21,2803,1
2025-05-23 16:37:27,2803,0
2025-05-23 16:37:28,2803,1
2025-05-23 16:37:30,2803,0
2025-05-23 16:37:30,2803,1
2025-05-23 16:37:36,2803,0
2025-05-23 16:37:36,2803,1
2025-05-23 16:37:42,2803,0
2025-05-23 16:37:43,2803,1
2025-05-23 16:37:45,2803,0
2025-05-23 16:37:53,2803,1
2025-05-23 16:37:55,2803,0
2025-05-23 16:37:59,2803,1
2025-05-23 16:38:08,2803,0
2025-05-23 16:38:08,2803,1
2025-05-23 16:38:10,2803,0
2025-05-23 16:38:10,2803,1
2025-05-23 16:38:14,2803,0
2025-05-23 16:38:14,2803,1
2025-05-23 16:38:16,2803,0
2025-05-23 16:38:16,2803,1
2025-05-23 16:38:21,2803,0
2025-05-23 16:38:21,2803,1
2025-05-23 16:38:23,2803,0
2025-05-23 16:38:23,2803,1
2025-05-23 16:38:25,2803,0
2025-05-23 16:38:25,2803,1
2025-05-23 16:38:29,2803,0
2025-05-23 16:38:29,2803,1
2025-05-23 16:38:31,2803,0
2025-05-23 16:38:36,2803,1
2025-05-23 16:38:38,2803,0
2025-05-23 16:38:38,2803,1
2025-05-23 16:38:44,2803,0
2025-05-23 16:38:46,2803,1
2025-05-23 16:38:48,2803,0
2025-05-23 16:38:48,2803,1
2025-05-23 16:38:54,2803,0
2025-05-23 16:38:54,2803,1
2025-05-23 16:39:00,2803,0
2025-05-23 16:39:00,2803,1
2025-05-23 16:39:02,2803,0
2025-05-23 16:39:03,2803,1
2025-05-23 16:39:09,2803,0
2025-05-23 16:39:09,2803,1
2025-05-23 16:39:13,2803,0
2025-05-23 16:39:13,2803,1
2025-05-23 16:39:15,2803,0
2025-05-23 16:39:24,2803,1
2025-05-23 16:39:32,2803,0
2025-05-23 16:39:33,2803,1
2025-05-23 16:39:39,2803,0
2025-05-23 16:39:40,2803,1
2025-05-23 16:39:42,2803,0
2025-05-23 16:39:42,2803,1
2025-05-23 16:39:44,2803,0
2025-05-23 16:39:44,2803,1
2025-05-23 16:39:46,2803,0
2025-05-23 16:39:47,2803,1
2025-05-23 16:39:49,2803,0
2025-05-23 16:39:49,2803,1
2025-05-23 16:39:51,2803,0
2025-05-23 16:39:51,2803,1
2025-05-23 16:39:55,2803,0
2025-05-23 16:39:57,2803,1
2025-05-23 16:40:01,2803,0
2025-05-23 16:40:02,2803,1
2025-05-23 16:40:04,2803,0
2025-05-23 16:40:13,2803,1
2025-05-23 16:40:17,2803,0
2025-05-23 16:40:17,2803,1
2025-05-23 16:40:23,2803,0
2025-05-23 16:40:23,2803,1
2025-05-23 16:40:25,2803,0
2025-05-23 16:40:25,2803,1
2025-05-23 16:40:29,2803,0
2025-05-23 16:40:30,2803,1
2025-05-23 16:40:32,2803,0
2025-05-23 16:40:32,2803,1
2025-05-23 16:40:36,2803,0
2025-05-23 16:40:36,2803,1
2025-05-23 16:40:42,2803,0
2025-05-23 16:40:47,2803,1
2025-05-23 16:40:49,2803,0
2025-05-23 16:40:57,2803,1
2025-05-23 16:40:59,2803,0
2025-05-23 16:40:59,2803,1
2025-05-23 16:41:05,2803,0
2025-05-23 16:41:05,2803,1
2025-05-23 16:41:11,2803,0
2025-05-23 16:41:12,2803,1
2025-05-23 16:41:18,2803,0
2025-05-23 16:41:18,2803,1
2025-05-23 16:41:20,2803,0
2025-05-23 16:41:20,2803,1
2025-05-23 16:41:26,2803,0
2025-05-23 16:41:27,2803,1
2025-05-23 16:41:29,2803,0
2025-05-23 16:41:45,2803,1
2025-05-23 16:41:47,2803,0
2025-05-23 16:41:47,2803,1
2025-05-23 16:41:49,2803,0
2025-05-23 16:41:50,2803,1
2025-05-23 16:41:52,2803,0
2025-05-23 16:41:52,2803,1
2025-05-23 16:41:56,2803,0
2025-05-23 16:41:57,2803,1
2025-05-23 16:41:59,2803,0
2025-05-23 16:41:59,2803,1
2025-05-23 16:42:01,2803,0
2025-05-23 16:42:01,2803,1
2025-05-23 16:42:05,2803,0
2025-05-23 16:42:05,2803,1
2025-05-23 16:42:07,2803,0
2025-05-23 16:42:08,2803,1
2025-05-23 16:42:14,2803,0
2025-05-23 16:42:23,2803,1
2025-05-23 16:42:25,2803,0
2025-05-23 16:42:29,2803,1
2025-05-23 16:42:31,2803,0
2025-05-23 16:42:31,2803,1
2025-05-23 16:42:35,2803,0
2025-05-23 16:42:36,2803,1
2025-05-23 16:42:38,2803,0
2025-05-23 16:42:38,2803,1
2025-05-23 16:42:42,2803,0
2025-05-23 16:42:43,2803,1
2025-05-23 16:42:45,2803,0
2025-05-23 16:42:45,2803,1
2025-05-23 16:42:49,2803,0
2025-05-23 16:42:49,2803,1
2025-05-23 16:42:51,2803,0
2025-05-23 16:42:52,2803,1
2025-05-23 16:42:54,2803,0
2025-05-23 16:42:54,2803,1
2025-05-23 16:43:00,2803,0
2025-05-23 16:43:10,2803,1
2025-05-23 16:43:14,2803,0
2025-05-23 16:43:17,2803,1
2025-05-23 16:43:25,2803,0
2025-05-23 16:43:25,2803,1
2025-05-23 16:43:29,2803,0
2025-05-23 16:43:31,2803,1
2025-05-23 16:43:35,2803,0
2025-05-23 16:43:35,2803,1
2025-05-23 16:43:37,2803,0
2025-05-23 16:43:38,2803,1
2025-05-23 16:43:40,2803,0
2025-05-23 16:43:40,2803,1
2025-05-23 16:43:42,2803,0
2025-05-23 16:43:42,2803,1
2025-05-23 16:43:44,2803,0
2025-05-23 16:43:44,2803,1
2025-05-23 16:43:46,2803,0
2025-05-23 16:43:56,2803,1
2025-05-23 16:44:00,2803,0
2025-05-23 16:44:01,2803,1
2025-05-23 16:44:03,2803,0
2025-05-23 16:44:04,2803,1
2025-05-23 16:44:08,2803,0
2025-05-23 16:44:08,2803,1
2025-05-23 16:44:12,2803,0
2025-05-23 16:44:13,2803,1
2025-05-23 16:44:17,2803,0
2025-05-23 16:44:18,2803,1
2025-05-23 16:44:22,2803,0
2025-05-23 16:44:22,2803,1
2025-05-23 16:44:24,2803,0
2025-05-23 16:44:27,2803,1
2025-05-23 16:44:29,2803,0
2025-05-23 16:44:29,2803,1
2025-05-23 16:44:31,2803,0
2025-05-23 16:44:32,2803,1
2025-05-23 16:44:34,2803,0
2025-05-23 16:44:41,2803,1
2025-05-23 16:44:43,2803,0
2025-05-23 16:44:43,2803,1
2025-05-23 16:44:49,2803,0
2025-05-23 16:44:49,2803,1
2025-05-23 16:44:53,2803,0
2025-05-23 16:44:54,2803,1
2025-05-23 16:44:56,2803,0
2025-05-23 16:44:56,2803,1
2025-05-23 16:44:58,2803,0
2025-05-23 16:44:59,2803,1
2025-05-23 16:45:01,2803,0
2025-05-23 16:45:01,2803,1
2025-05-23 16:45:03,2803,0
2025-05-23 16:45:03,2803,1
2025-05-23 16:45:05,2803,0
2025-05-23 16:45:05,2803,1
2025-05-23 16:45:07,2803,0
2025-05-23 16:45:07,2803,1
2025-05-23 16:45:09,2803,0
2025-05-23 16:45:16,2803,1
2025-05-23 16:45:20,2803,0
2025-05-23 16:45:29,2803,1
2025-05-23 16:45:33,2803,0
2025-05-23 16:45:33,2803,1
2025-05-23 16:45:35,2803,0
2025-05-23 16:45:35,2803,1
2025-05-23 16:45:41,2803,0
2025-05-23 16:45:41,2803,1
2025-05-23 16:45:47,2803,0
2025-05-23 16:45:48,2803,1
2025-05-23 16:45:50,2803,0
2025-05-23 16:45:50,2803,1
2025-05-23 16:45:54,2803,0
2025-05-23 16:45:54,2803,1
2025-05-23 16:45:56,2803,0
2025-05-23 16:45:57,2803,1
2025-05-23 16:45:59,2803,0
2025-05-23 16:46:15,2803,1
2025-05-23 16:46:19,2803,0
2025-05-23 16:46:20,2803,1
2025-05-23 16:46:22,2803,0
2025-05-23 16:46:22,2803,1
2025-05-23 16:46:26,2803,0
2025-05-23 16:46:28,2803,1
2025-05-23 16:46:30,2803,0
2025-05-23 16:46:30,2803,1
2025-05-23 16:46:34,2803,0
2025-05-23 16:46:36,2803,1
2025-05-23 16:46:38,2803,0
2025-05-23 16:46:38,2803,1
2025-05-23 16:46:42,2803,0
2025-05-23 16:46:53,2803,1
2025-05-23 16:46:55,2803,0
2025-05-23 16:47:01,2803,1
2025-05-23 16:47:05,2803,0
2025-05-23 16:47:06,2803,1
2025-05-23 16:47:08,2803,0
2025-05-23 16:47:08,2803,1
2025-05-23 16:47:10,2803,0
2025-05-23 16:47:11,2803,1
2025-05-23 16:47:15,2803,0
2025-05-23 16:47:15,2803,1
2025-05-23 16:47:19,2803,0
2025-05-23 16:47:19,2803,1
2025-05-23 16:47:21,2803,0
2025-05-23 16:47:22,2803,1
2025-05-23 16:47:24,2803,0
2025-05-23 16:47:24,2803,1
2025-05-23 16:47:26,2803,0
2025-05-23 16:47:26,2803,1
2025-05-23 16:47:28,2803,0
2025-05-23 16:47:28,2803,1
2025-05-23 16:47:30,2803,0
2025-05-23 16:47:40,2803,1
2025-05-23 16:47:44,2803,0
2025-05-23 16:47:48,2803,1
2025-05-23 16:47:50,2803,0
2025-05-23 16:47:50,2803,1
2025-05-23 16:47:52,2803,0
2025-05-23 16:47:52,2803,1
2025-05-23 16:47:54,2803,0
2025-05-23 16:47:55,2803,1
2025-05-23 16:47:57,2803,0
2025-05-23 16:47:57,2803,1
2025-05-23 16:47:59,2803,0
2025-05-23 16:48:00,2803,1
2025-05-23 16:48:02,2803,0
2025-05-23 16:48:02,2803,1
2025-05-23 16:48:08,2803,0
2025-05-23 16:48:09,2803,1
2025-05-23 16:48:11,2803,0
2025-05-23 16:48:11,2803,1
2025-05-23 16:48:15,2803,0
2025-05-23 16:48:27,2803,1
2025-05-23 16:48:29,2803,0
2025-05-23 16:48:29,2803,1
2025-05-23 16:48:33,2803,0
2025-05-23 16:48:34,2803,1
2025-05-23 16:48:38,2803,0
2025-05-23 16:48:38,2803,1
2025-05-23 16:48:40,2803,0
2025-05-23 16:48:41,2803,1
2025-05-23 16:48:45,2803,0
2025-05-23 16:48:48,2803,1
2025-05-23 16:48:52,2803,0
2025-05-23 16:48:52,2803,1
2025-05-23 16:48:54,2803,0
2025-05-23 16:48:56,2803,1
2025-05-23 16:49:00,2803,0
2025-05-23 16:49:01,2803,1
2025-05-23 16:49:03,2803,0
2025-05-23 16:49:13,2803,1
2025-05-23 16:49:17,2803,0
2025-05-23 16:49:17,2803,1
2025-05-23 16:49:21,2803,0
2025-05-23 16:49:22,2803,1
2025-05-23 16:49:26,2803,0
2025-05-23 16:49:26,2803,1
2025-05-23 16:49:28,2803,0
2025-05-23 16:49:29,2803,1
2025-05-23 16:49:31,2803,0
2025-05-23 16:49:31,2803,1
2025-05-23 16:49:33,2803,0
2025-05-23 16:49:34,2803,1
2025-05-23 16:49:38,2803,0
2025-05-23 16:49:39,2803,1
2025-05-23 16:49:43,2803,0
2025-05-23 16:49:46,2803,1
2025-05-23 16:49:48,2803,0
2025-05-23 16:49:58,2803,1
2025-05-23 16:50:00,2803,0
2025-05-23 16:50:00,2803,1
2025-05-23 16:50:04,2803,0
2025-05-23 16:50:05,2803,1
2025-05-23 16:50:07,2803,0
2025-05-23 16:50:07,2803,1
2025-05-23 16:50:11,2803,0
2025-05-23 16:50:11,2803,1
2025-05-23 16:50:17,2803,0
2025-05-23 16:50:18,2803,1
2025-05-23 16:50:20,2803,0
2025-05-23 16:50:20,2803,1
2025-05-23 16:50:24,2803,0
2025-05-23 16:50:25,2803,1
2025-05-23 16:50:27,2803,0
2025-05-23 16:50:27,2803,1
2025-05-23 16:50:29,2803,0
2025-05-23 16:50:45,2803,1
2025-05-23 16:50:49,2803,0
2025-05-23 16:50:50,2803,1
2025-05-23 16:50:52,2803,0
2025-05-23 16:50:52,2803,1
2025-05-23 16:50:54,2803,0
2025-05-23 16:50:55,2803,1
2025-05-23 16:50:57,2803,0
2025-05-23 16:50:59,2803,1
2025-05-23 16:51:01,2803,0
2025-05-23 16:51:01,2803,1
2025-05-23 16:51:03,2803,0
2025-05-23 16:51:04,2803,1
2025-05-23 16:51:06,2803,0
2025-05-23 16:51:07,2803,1
2025-05-23 16:51:11,2803,0
2025-05-23 16:51:11,2803,1
2025-05-23 16:51:13,2803,0
2025-05-23 16:51:23,2803,1
2025-05-23 16:51:25,2803,0
2025-05-23 16:51:30,2803,1
2025-05-23 16:51:32,2803,0
2025-05-23 16:51:33,2803,1
2025-05-23 16:51:37,2803,0
2025-05-23 16:51:37,2803,1
2025-05-23 16:51:39,2803,0
2025-05-23 16:51:40,2803,1
2025-05-23 16:51:44,2803,0
2025-05-23 16:51:44,2803,1
2025-05-23 16:51:46,2803,0
2025-05-23 16:51:46,2803,1
2025-05-23 16:51:50,2803,0
2025-05-23 16:51:53,2803,1
2025-05-23 16:51:59,2803,0
2025-05-23 16:52:09,2803,1
2025-05-23 16:52:11,2803,0
2025-05-23 16:52:11,2803,1
2025-05-23 16:52:13,2803,0
2025-05-23 16:52:18,2803,1
2025-05-23 16:52:20,2803,0
2025-05-23 16:52:20,2803,1
2025-05-23 16:52:22,2803,0
2025-05-23 16:52:22,2803,1
2025-05-23 16:52:24,2803,0
2025-05-23 16:52:25,2803,1
2025-05-23 16:52:27,2803,0
2025-05-23 16:52:27,2803,1
2025-05-23 16:52:29,2803,0
2025-05-23 16:52:31,2803,1
2025-05-23 16:52:35,2803,0
2025-05-23 16:52:36,2803,1
2025-05-23 16:52:38,2803,0
2025-05-23 16:52:39,2803,1
2025-05-23 16:52:43,2803,0
2025-05-23 16:52:44,2803,1
2025-05-23 16:52:48,2803,0
2025-05-23 16:52:55,2803,1
2025-05-23 16:52:59,2803,0
2025-05-23 16:53:00,2803,1
2025-05-23 16:53:02,2803,0
2025-05-23 16:53:03,2803,1
2025-05-23 16:53:05,2803,0
2025-05-23 16:53:05,2803,1
2025-05-23 16:53:09,2803,0
2025-05-23 16:53:10,2803,1
2025-05-23 16:53:12,2803,0
2025-05-23 16:53:12,2803,1
2025-05-23 16:53:14,2803,0
2025-05-23 16:53:15,2803,1
2025-05-23 16:53:17,2803,0
2025-05-23 16:53:18,2803,1
2025-05-23 16:53:22,2803,0
2025-05-23 16:53:25,2803,1
2025-05-23 16:53:27,2803,0
2025-05-23 16:53:28,2803,1
2025-05-23 16:53:32,2803,0
2025-05-23 16:53:41,2803,1
2025-05-23 16:53:43,2803,0
2025-05-23 16:53:44,2803,1
2025-05-23 16:53:46,2803,0
2025-05-23 16:53:46,2803,1
2025-05-23 16:53:48,2803,0
2025-05-23 16:53:48,2803,1
2025-05-23 16:53:52,2803,0
2025-05-23 16:53:53,2803,1
2025-05-23 16:53:55,2803,0
2025-05-23 16:53:55,2803,1
2025-05-23 16:53:57,2803,0
2025-05-23 16:53:57,2803,1
2025-05-23 16:53:59,2803,0
2025-05-23 16:54:01,2803,1
2025-05-23 16:54:03,2803,0
2025-05-23 16:54:04,2803,1
2025-05-23 16:54:08,2803,0
2025-05-23 16:54:15,2803,1
2025-05-23 16:54:17,2803,0
2025-05-23 16:54:18,2803,1
2025-05-23 16:54:20,2803,0
2025-05-23 16:54:28,2803,1
2025-05-23 16:54:32,2803,0
2025-05-23 16:54:32,2803,1
2025-05-23 16:54:34,2803,0
2025-05-23 16:54:35,2803,1
2025-05-23 16:54:39,2803,0
2025-05-23 16:54:39,2803,1
2025-05-23 16:54:43,2803,0
2025-05-23 16:54:44,2803,1
2025-05-23 16:54:46,2803,0
2025-05-23 16:54:46,2803,1
2025-05-23 16:54:50,2803,0
2025-05-23 16:54:50,2803,1
2025-05-23 16:54:52,2803,0
2025-05-23 16:54:52,2803,1
2025-05-23 16:54:54,2803,0
2025-05-23 16:55:14,2803,1
2025-05-23 16:55:16,2803,0
2025-05-23 16:55:16,2803,1
2025-05-23 16:55:18,2803,0
2025-05-23 16:55:18,2803,1
2025-05-23 16:55:20,2803,0
2025-05-23 16:55:21,2803,1
2025-05-23 16:55:23,2803,0
2025-05-23 16:55:23,2803,1
2025-05-23 16:55:25,2803,0
2025-05-23 16:55:26,2803,1
2025-05-23 16:55:28,2803,0
2025-05-23 16:55:28,2803,1
2025-05-23 16:55:30,2803,0
2025-05-23 16:55:31,2803,1
2025-05-23 16:55:35,2803,0
2025-05-23 16:55:35,2803,1
2025-05-23 16:55:37,2803,0
2025-05-23 16:55:38,2803,1
2025-05-23 16:55:40,2803,0
2025-05-23 16:55:40,2803,1
2025-05-23 16:55:42,2803,0
2025-05-23 16:56:00,2803,1
2025-05-23 16:56:04,2803,0
2025-05-23 16:56:05,2803,1
2025-05-23 16:56:07,2803,0
2025-05-23 16:56:07,2803,1
2025-05-23 16:56:09,2803,0
2025-05-23 16:56:10,2803,1
2025-05-23 16:56:12,2803,0
2025-05-23 16:56:12,2803,1
2025-05-23 16:56:14,2803,0
2025-05-23 16:56:15,2803,1
2025-05-23 16:56:17,2803,0
2025-05-23 16:56:17,2803,1
2025-05-23 16:56:19,2803,0
2025-05-23 16:56:20,2803,1
2025-05-23 16:56:22,2803,0
2025-05-23 16:56:23,2803,1
2025-05-23 16:56:25,2803,0
2025-05-23 16:56:25,2803,1
2025-05-23 16:56:27,2803,0
2025-05-23 16:56:39,2803,1
2025-05-23 16:56:41,2803,0
2025-05-23 16:56:46,2803,1
2025-05-23 16:56:50,2803,0
2025-05-23 16:56:51,2803,1
2025-05-23 16:56:53,2803,0
2025-05-23 16:56:53,2803,1
2025-05-23 16:56:55,2803,0
2025-05-23 16:56:56,2803,1
2025-05-23 16:56:58,2803,0
2025-05-23 16:56:58,2803,1
2025-05-23 16:57:00,2803,0
2025-05-23 16:57:01,2803,1
2025-05-23 16:57:05,2803,0
2025-05-23 16:57:06,2803,1
2025-05-23 16:57:08,2803,0
2025-05-23 16:57:08,2803,1
2025-05-23 16:57:14,2803,0
2025-05-23 16:57:25,2803,1
2025-05-23 16:57:29,2803,0
2025-05-23 16:57:29,2803,1
2025-05-23 16:57:31,2803,0
2025-05-23 16:57:33,2803,1
2025-05-23 16:57:37,2803,0
2025-05-23 16:57:37,2803,1
2025-05-23 16:57:39,2803,0
2025-05-23 16:57:40,2803,1
2025-05-23 16:57:42,2803,0
2025-05-23 16:57:42,2803,1
2025-05-23 16:57:44,2803,0
2025-05-23 16:57:45,2803,1
2025-05-23 16:57:47,2803,0
2025-05-23 16:57:48,2803,1
2025-05-23 16:57:52,2803,0
2025-05-23 16:57:53,2803,1
2025-05-23 16:57:55,2803,0
2025-05-23 16:57:55,2803,1
2025-05-23 16:57:57,2803,0
2025-05-23 16:57:57,2803,1
2025-05-23 16:57:59,2803,0
2025-05-23 16:58:01,2803,1
2025-05-23 16:58:03,2803,0
2025-05-23 16:58:12,2803,1
2025-05-23 16:58:16,2803,0
2025-05-23 16:58:16,2803,1
2025-05-23 16:58:18,2803,0
2025-05-23 16:58:19,2803,1
2025-05-23 16:58:21,2803,0
2025-05-23 16:58:21,2803,1
2025-05-23 16:58:23,2803,0
2025-05-23 16:58:24,2803,1
2025-05-23 16:58:26,2803,0
2025-05-23 16:58:26,2803,1
2025-05-23 16:58:28,2803,0
2025-05-23 16:58:28,2803,1
2025-05-23 16:58:30,2803,0
2025-05-23 16:58:31,2803,1
2025-05-23 16:58:33,2803,0
2025-05-23 16:58:34,2803,1
2025-05-23 16:58:38,2803,0
2025-05-23 16:58:43,2803,1
2025-05-23 16:58:45,2803,0
2025-05-23 16:58:47,2803,1
2025-05-23 16:58:49,2803,0
2025-05-23 16:58:58,2803,1
2025-05-23 16:59:02,2803,0
2025-05-23 16:59:02,2803,1
2025-05-23 16:59:04,2803,0
2025-05-23 16:59:05,2803,1
2025-05-23 16:59:07,2803,0
2025-05-23 16:59:07,2803,1
2025-05-23 16:59:11,2803,0
2025-05-23 16:59:11,2803,1
2025-05-23 16:59:16,2803,0
2025-05-23 16:59:16,2803,1
2025-05-23 16:59:20,2803,0
2025-05-23 16:59:20,2803,1
2025-05-23 16:59:26,2803,0
2025-05-23 16:59:44,2803,1
2025-05-23 16:59:48,2803,0
2025-05-23 16:59:49,2803,1
2025-05-23 16:59:51,2803,0
2025-05-23 16:59:51,2803,1
2025-05-23 16:59:53,2803,0
2025-05-23 16:59:54,2803,1
2025-05-23 16:59:56,2803,0
2025-05-23 16:59:56,2803,1
2025-05-23 16:59:58,2803,0
2025-05-23 16:59:58,2803,1
2025-05-23 17:00:03,2803,0
2025-05-23 17:00:03,2803,1
2025-05-23 17:00:05,2803,0
2025-05-23 17:00:06,2803,1
2025-05-23 17:00:10,2803,0
2025-05-23 17:00:10,2803,1
2025-05-23 17:00:12,2803,0
2025-05-23 17:00:31,2803,1
2025-05-23 17:00:35,2803,0
2025-05-23 17:00:35,2803,1
2025-05-23 17:00:37,2803,0
2025-05-23 17:00:38,2803,1
2025-05-23 17:00:40,2803,0
2025-05-23 17:00:40,2803,1
2025-05-23 17:00:42,2803,0
2025-05-23 17:00:43,2803,1
2025-05-23 17:00:45,2803,0
2025-05-23 17:00:46,2803,1
2025-05-23 17:00:48,2803,0
2025-05-23 17:00:48,2803,1
2025-05-23 17:00:50,2803,0
2025-05-23 17:00:50,2803,1
2025-05-23 17:00:52,2803,0
2025-05-23 17:00:53,2803,1
2025-05-23 17:00:57,2803,0
2025-05-23 17:01:10,2803,1
2025-05-23 17:01:12,2803,0
2025-05-23 17:01:17,2803,1
2025-05-23 17:01:21,2803,0
2025-05-23 17:01:22,2803,1
2025-05-23 17:01:24,2803,0
2025-05-23 17:01:24,2803,1
2025-05-23 17:01:26,2803,0
2025-05-23 17:01:27,2803,1
2025-05-23 17:01:29,2803,0
2025-05-23 17:01:31,2803,1
2025-05-23 17:01:35,2803,0
2025-05-23 17:01:35,2803,1
2025-05-23 17:01:37,2803,0
2025-05-23 17:01:38,2803,1
2025-05-23 17:01:42,2803,0
2025-05-23 17:01:43,2803,1
2025-05-23 17:01:45,2803,0
2025-05-23 17:01:56,2803,1
2025-05-23 17:02:00,2803,0
2025-05-23 17:02:03,2803,1
2025-05-23 17:02:07,2803,0
2025-05-23 17:02:08,2803,1
2025-05-23 17:02:10,2803,0
2025-05-23 17:02:10,2803,1
2025-05-23 17:02:12,2803,0
2025-05-23 17:02:13,2803,1
2025-05-23 17:02:15,2803,0
2025-05-23 17:02:15,2803,1
2025-05-23 17:02:19,2803,0
2025-05-23 17:02:19,2803,1
2025-05-23 17:02:21,2803,0
2025-05-23 17:02:22,2803,1
2025-05-23 17:02:24,2803,0
2025-05-23 17:02:25,2803,1
2025-05-23 17:02:29,2803,0
2025-05-23 17:02:29,2803,1
2025-05-23 17:02:31,2803,0
2025-05-23 17:02:42,2803,1
2025-05-23 17:02:46,2803,0
2025-05-23 17:02:47,2803,1
2025-05-23 17:02:49,2803,0
2025-05-23 17:02:50,2803,1
2025-05-23 17:02:56,2803,0
2025-05-23 17:02:56,2803,1
2025-05-23 17:02:58,2803,0
2025-05-23 17:02:58,2803,1
2025-05-23 17:03:00,2803,0
2025-05-23 17:03:00,2803,1
2025-05-23 17:03:02,2803,0
2025-05-23 17:03:03,2803,1
2025-05-23 17:03:07,2803,0
2025-05-23 17:03:08,2803,1
2025-05-23 17:03:10,2803,0
2025-05-23 17:03:13,2803,1
2025-05-23 17:03:15,2803,0
2025-05-23 17:03:15,2803,1
2025-05-23 17:03:17,2803,0
2025-05-23 17:03:28,2803,1
2025-05-23 17:03:32,2803,0
2025-05-23 17:03:33,2803,1
2025-05-23 17:03:35,2803,0
2025-05-23 17:03:35,2803,1
2025-05-23 17:03:37,2803,0
2025-05-23 17:03:38,2803,1
2025-05-23 17:03:40,2803,0
2025-05-23 17:03:40,2803,1
2025-05-23 17:03:42,2803,0
2025-05-23 17:03:42,2803,1
2025-05-23 17:03:46,2803,0
2025-05-23 17:03:47,2803,1
2025-05-23 17:03:49,2803,0
2025-05-23 17:03:49,2803,1
2025-05-23 17:03:53,2803,0
2025-05-23 17:03:54,2803,1
2025-05-23 17:03:56,2803,0
2025-05-23 17:03:56,2803,1
2025-05-23 17:03:58,2803,0
2025-05-23 17:04:02,2803,1
2025-05-23 17:04:04,2803,0
2025-05-23 17:04:15,2803,1
2025-05-23 17:04:19,2803,0
2025-05-23 17:04:19,2803,1
2025-05-23 17:04:21,2803,0
2025-05-23 17:04:22,2803,1
2025-05-23 17:04:24,2803,0
2025-05-23 17:04:24,2803,1
2025-05-23 17:04:26,2803,0
2025-05-23 17:04:27,2803,1
2025-05-23 17:04:29,2803,0
2025-05-23 17:04:29,2803,1
2025-05-23 17:04:31,2803,0
2025-05-23 17:04:32,2803,1
2025-05-23 17:04:34,2803,0
2025-05-23 17:04:36,2803,1
2025-05-23 17:04:40,2803,0
2025-05-23 17:04:40,2803,1
2025-05-23 17:04:42,2803,0
2025-05-23 17:05:01,2803,1
2025-05-23 17:05:03,2803,0
2025-05-23 17:05:03,2803,1
2025-05-23 17:05:05,2803,0
2025-05-23 17:05:05,2803,1
2025-05-23 17:05:07,2803,0
2025-05-23 17:05:08,2803,1
2025-05-23 17:05:10,2803,0
2025-05-23 17:05:10,2803,1
2025-05-23 17:05:12,2803,0
2025-05-23 17:05:14,2803,1
2025-05-23 17:05:16,2803,0
2025-05-23 17:05:17,2803,1
2025-05-23 17:05:19,2803,0
2025-05-23 17:05:19,2803,1
2025-05-23 17:05:21,2803,0
2025-05-23 17:05:22,2803,1
2025-05-23 17:05:26,2803,0
2025-05-23 17:05:26,2803,1
2025-05-23 17:05:29,2803,0
2025-05-23 17:05:47,2803,1
2025-05-23 17:05:51,2803,0
2025-05-23 17:05:52,2803,1
2025-05-23 17:05:54,2803,0
2025-05-23 17:05:54,2803,1
2025-05-23 17:05:56,2803,0
2025-05-23 17:05:57,2803,1
2025-05-23 17:05:59,2803,0
2025-05-23 17:06:01,2803,1
2025-05-23 17:06:05,2803,0
2025-05-23 17:06:05,2803,1
2025-05-23 17:06:07,2803,0
2025-05-23 17:06:08,2803,1
2025-05-23 17:06:12,2803,0
2025-05-23 17:06:13,2803,1
2025-05-23 17:06:15,2803,0
2025-05-23 17:06:26,2803,1
2025-05-23 17:06:28,2803,0
2025-05-23 17:06:35,2803,1
2025-05-23 17:06:39,2803,0
2025-05-23 17:06:39,2803,1
2025-05-23 17:06:41,2803,0
2025-05-23 17:06:42,2803,1
2025-05-23 17:06:44,2803,0
2025-05-23 17:06:44,2803,1
2025-05-23 17:06:46,2803,0
2025-05-23 17:06:47,2803,1
2025-05-23 17:06:49,2803,0
2025-05-23 17:06:49,2803,1
2025-05-23 17:06:51,2803,0
2025-05-23 17:06:51,2803,1
2025-05-23 17:06:53,2803,0
2025-05-23 17:06:54,2803,1
2025-05-23 17:06:58,2803,0
2025-05-23 17:06:59,2803,1
2025-05-23 17:07:01,2803,0
2025-05-23 17:07:12,2803,1
2025-05-23 17:07:16,2803,0
2025-05-23 17:07:16,2803,1
2025-05-23 17:07:18,2803,0
2025-05-23 17:07:20,2803,1
2025-05-23 17:07:24,2803,0
2025-05-23 17:07:24,2803,1
2025-05-23 17:07:26,2803,0
2025-05-23 17:07:27,2803,1
2025-05-23 17:07:29,2803,0
2025-05-23 17:07:29,2803,1
2025-05-23 17:07:31,2803,0
2025-05-23 17:07:33,2803,1
2025-05-23 17:07:37,2803,0
2025-05-23 17:07:38,2803,1
2025-05-23 17:07:40,2803,0
2025-05-23 17:07:42,2803,1
2025-05-23 17:07:46,2803,0
2025-05-23 17:07:58,2803,1
2025-05-23 17:08:02,2803,0
2025-05-23 17:08:03,2803,1
2025-05-23 17:08:05,2803,0
2025-05-23 17:08:05,2803,1
2025-05-23 17:08:07,2803,0
2025-05-23 17:08:08,2803,1
2025-05-23 17:08:10,2803,0
2025-05-23 17:08:10,2803,1
2025-05-23 17:08:12,2803,0
2025-05-23 17:08:13,2803,1
2025-05-23 17:08:15,2803,0
2025-05-23 17:08:15,2803,1
2025-05-23 17:08:17,2803,0
2025-05-23 17:08:20,2803,1
2025-05-23 17:08:24,2803,0
2025-05-23 17:08:24,2803,1
2025-05-23 17:08:26,2803,0
2025-05-23 17:08:30,2803,1
2025-05-23 17:08:32,2803,0
2025-05-23 17:08:44,2803,1
2025-05-23 17:08:48,2803,0
2025-05-23 17:08:49,2803,1
2025-05-23 17:08:51,2803,0
2025-05-23 17:08:51,2803,1
2025-05-23 17:08:54,2803,0
2025-05-23 17:08:54,2803,1
2025-05-23 17:08:56,2803,0
2025-05-23 17:08:57,2803,1
2025-05-23 17:08:59,2803,0
2025-05-23 17:08:59,2803,1
2025-05-23 17:09:01,2803,0
2025-05-23 17:09:02,2803,1
2025-05-23 17:09:04,2803,0
2025-05-23 17:09:06,2803,1
2025-05-23 17:09:10,2803,0
2025-05-23 17:09:10,2803,1
2025-05-23 17:09:12,2803,0
2025-05-23 17:09:31,2803,1
2025-05-23 17:09:35,2803,0
2025-05-23 17:09:35,2803,1
2025-05-23 17:09:37,2803,0
2025-05-23 17:09:38,2803,1
2025-05-23 17:09:40,2803,0
2025-05-23 17:09:40,2803,1
2025-05-23 17:09:42,2803,0
2025-05-23 17:09:43,2803,1
2025-05-23 17:09:45,2803,0
2025-05-23 17:09:45,2803,1
2025-05-23 17:09:47,2803,0
2025-05-23 17:09:48,2803,1
2025-05-23 17:09:50,2803,0
2025-05-23 17:09:52,2803,1
2025-05-23 17:09:56,2803,0
2025-05-23 17:09:57,2803,1
2025-05-23 17:09:59,2803,0
2025-05-23 17:10:17,2803,1
2025-05-23 17:10:21,2803,0
2025-05-23 17:10:21,2803,1
2025-05-23 17:10:23,2803,0
2025-05-23 17:10:24,2803,1
2025-05-23 17:10:26,2803,0
2025-05-23 17:10:27,2803,1
2025-05-23 17:10:29,2803,0
2025-05-23 17:10:31,2803,1
2025-05-23 17:10:33,2803,0
2025-05-23 17:10:33,2803,1
2025-05-23 17:10:35,2803,0
2025-05-23 17:10:35,2803,1
2025-05-23 17:10:37,2803,0
2025-05-23 17:10:38,2803,1
2025-05-23 17:10:42,2803,0
2025-05-23 17:10:43,2803,1
2025-05-23 17:10:45,2803,0
2025-05-23 17:10:54,2803,1
2025-05-23 17:10:56,2803,0
2025-05-23 17:11:02,2803,1
2025-05-23 17:11:04,2803,0
2025-05-23 17:11:05,2803,1
2025-05-23 17:11:09,2803,0
2025-05-23 17:11:09,2803,1
2025-05-23 17:11:11,2803,0
2025-05-23 17:11:12,2803,1
2025-05-23 17:11:14,2803,0
2025-05-23 17:11:14,2803,1
2025-05-23 17:11:16,2803,0
2025-05-23 17:11:17,2803,1
2025-05-23 17:11:21,2803,0
2025-05-23 17:11:22,2803,1
2025-05-23 17:11:24,2803,0
2025-05-23 17:11:25,2803,1
2025-05-23 17:11:27,2803,0
2025-05-23 17:11:27,2803,1
2025-05-23 17:11:29,2803,0
2025-05-23 17:11:29,2803,1
2025-05-23 17:11:31,2803,0
2025-05-23 17:11:41,2803,1
2025-05-23 17:11:43,2803,0
2025-05-23 17:11:43,2803,1
2025-05-23 17:11:45,2803,0
2025-05-23 17:11:49,2803,1
2025-05-23 17:11:53,2803,0
2025-05-23 17:11:54,2803,1
2025-05-23 17:11:56,2803,0
2025-05-23 17:11:56,2803,1
2025-05-23 17:11:58,2803,0
2025-05-23 17:11:59,2803,1
2025-05-23 17:12:01,2803,0
2025-05-23 17:12:03,2803,1
2025-05-23 17:12:07,2803,0
2025-05-23 17:12:11,2803,1
2025-05-23 17:12:15,2803,0
2025-05-23 17:12:15,2803,1
2025-05-23 17:12:17,2803,0
2025-05-23 17:12:27,2803,1
2025-05-23 17:12:33,2803,0
2025-05-23 17:12:33,2803,1
2025-05-23 17:12:35,2803,0
2025-05-23 17:12:36,2803,1
2025-05-23 17:12:38,2803,0
2025-05-23 17:12:38,2803,1
2025-05-23 17:12:40,2803,0
2025-05-23 17:12:40,2803,1
2025-05-23 17:12:42,2803,0
2025-05-23 17:12:43,2803,1
2025-05-23 17:12:45,2803,0
2025-05-23 17:12:45,2803,1
2025-05-23 17:12:47,2803,0
2025-05-23 17:12:48,2803,1
2025-05-23 17:12:52,2803,0
2025-05-23 17:12:53,2803,1
2025-05-23 17:12:55,2803,0
2025-05-23 17:12:59,2803,1
2025-05-23 17:13:03,2803,0
2025-05-23 17:13:13,2803,1
2025-05-23 17:13:17,2803,0
2025-05-23 17:13:18,2803,1
2025-05-23 17:13:20,2803,0
2025-05-23 17:13:20,2803,1
2025-05-23 17:13:22,2803,0
2025-05-23 17:13:23,2803,1
2025-05-23 17:13:25,2803,0
2025-05-23 17:13:25,2803,1
2025-05-23 17:13:27,2803,0
2025-05-23 17:13:28,2803,1
2025-05-23 17:13:30,2803,0
2025-05-23 17:13:30,2803,1
2025-05-23 17:13:32,2803,0
2025-05-23 17:13:33,2803,1
2025-05-23 17:13:35,2803,0
2025-05-23 17:13:36,2803,1
2025-05-23 17:13:40,2803,0
2025-05-23 17:13:48,2803,1
2025-05-23 17:13:50,2803,0
2025-05-23 17:14:01,2803,1
2025-05-23 17:14:05,2803,0
2025-05-23 17:14:05,2803,1
2025-05-23 17:14:07,2803,0
2025-05-23 17:14:08,2803,1
2025-05-23 17:14:10,2803,0
2025-05-23 17:14:10,2803,1
2025-05-23 17:14:12,2803,0
2025-05-23 17:14:13,2803,1
2025-05-23 17:14:15,2803,0
2025-05-23 17:14:15,2803,1
2025-05-23 17:14:17,2803,0
2025-05-23 17:14:18,2803,1
2025-05-23 17:14:20,2803,0
2025-05-23 17:14:21,2803,1
2025-05-23 17:14:25,2803,0
2025-05-23 17:14:25,2803,1
2025-05-23 17:14:27,2803,0
2025-05-23 17:14:46,2803,1
2025-05-23 17:14:50,2803,0
2025-05-23 17:14:50,2803,1
2025-05-23 17:14:52,2803,0
2025-05-23 17:14:53,2803,1
2025-05-23 17:14:55,2803,0
2025-05-23 17:14:56,2803,1
2025-05-23 17:14:58,2803,0
2025-05-23 17:14:58,2803,1
2025-05-23 17:15:00,2803,0
2025-05-23 17:15:01,2803,1
2025-05-23 17:15:03,2803,0
2025-05-23 17:15:03,2803,1
2025-05-23 17:15:05,2803,0
2025-05-23 17:15:05,2803,1
2025-05-23 17:15:07,2803,0
2025-05-23 17:15:08,2803,1
2025-05-23 17:15:12,2803,0
2025-05-23 17:15:24,2803,1
2025-05-23 17:15:26,2803,0
2025-05-23 17:15:32,2803,1
2025-05-23 17:15:36,2803,0
2025-05-23 17:15:37,2803,1
2025-05-23 17:15:39,2803,0
2025-05-23 17:15:39,2803,1
2025-05-23 17:15:41,2803,0
2025-05-23 17:15:42,2803,1
2025-05-23 17:15:44,2803,0
2025-05-23 17:15:47,2803,1
2025-05-23 17:15:49,2803,0
2025-05-23 17:15:50,2803,1
2025-05-23 17:15:52,2803,0
2025-05-23 17:15:52,2803,1
2025-05-23 17:15:54,2803,0
2025-05-23 17:15:55,2803,1
2025-05-23 17:15:57,2803,0
2025-05-23 17:15:57,2803,1
2025-05-23 17:15:59,2803,0
2025-05-23 17:16:11,2803,1
2025-05-23 17:16:15,2803,0
2025-05-23 17:16:20,2803,1
2025-05-23 17:16:22,2803,0
2025-05-23 17:16:22,2803,1
2025-05-23 17:16:24,2803,0
2025-05-23 17:16:24,2803,1
2025-05-23 17:16:26,2803,0
2025-05-23 17:16:27,2803,1
2025-05-23 17:16:29,2803,0
2025-05-23 17:16:29,2803,1
2025-05-23 17:16:31,2803,0
2025-05-23 17:16:32,2803,1
2025-05-23 17:16:36,2803,0
2025-05-23 17:16:37,2803,1
2025-05-23 17:16:39,2803,0
2025-05-23 17:16:40,2803,1
2025-05-23 17:16:42,2803,0
2025-05-23 17:16:42,2803,1
2025-05-23 17:16:44,2803,0
2025-05-23 17:16:44,2803,1
2025-05-23 17:16:46,2803,0
2025-05-23 17:16:59,2803,1
2025-05-23 17:17:01,2803,0
2025-05-23 17:17:02,2803,1
2025-05-23 17:17:04,2803,0
2025-05-23 17:17:05,2803,1
2025-05-23 17:17:07,2803,0
2025-05-23 17:17:08,2803,1
2025-05-23 17:17:10,2803,0
2025-05-23 17:17:10,2803,1
2025-05-23 17:17:12,2803,0
2025-05-23 17:17:13,2803,1
2025-05-23 17:17:15,2803,0
2025-05-23 17:17:17,2803,1
2025-05-23 17:17:19,2803,0
2025-05-23 17:17:20,2803,1
2025-05-23 17:17:24,2803,0
2025-05-23 17:17:27,2803,1
2025-05-23 17:17:29,2803,0
2025-05-23 17:17:29,2803,1
2025-05-23 17:17:31,2803,0
2025-05-23 17:17:45,2803,1
2025-05-23 17:17:49,2803,0
2025-05-23 17:17:49,2803,1
2025-05-23 17:17:51,2803,0
2025-05-23 17:17:53,2803,1
2025-05-23 17:17:55,2803,0
2025-05-23 17:17:55,2803,1
2025-05-23 17:17:57,2803,0
2025-05-23 17:17:58,2803,1
2025-05-23 17:18:00,2803,0
2025-05-23 17:18:00,2803,1
2025-05-23 17:18:02,2803,0
2025-05-23 17:18:03,2803,1
2025-05-23 17:18:05,2803,0
2025-05-23 17:18:06,2803,1
2025-05-23 17:18:10,2803,0
2025-05-23 17:18:17,2803,1
2025-05-23 17:18:19,2803,0
2025-05-23 17:18:28,2803,1
2025-05-23 17:18:30,2803,0
2025-05-23 17:18:31,2803,1
2025-05-23 17:18:33,2803,0
2025-05-23 17:18:34,2803,1
2025-05-23 17:18:39,2803,0
2025-05-23 17:18:40,2803,1
2025-05-23 17:18:42,2803,0
2025-05-23 17:18:43,2803,1
2025-05-23 17:18:45,2803,0
2025-05-23 17:18:45,2803,1
2025-05-23 17:18:47,2803,0
2025-05-23 17:18:48,2803,1
2025-05-23 17:18:50,2803,0
2025-05-23 17:18:51,2803,1
2025-05-23 17:18:55,2803,0
2025-05-23 17:18:55,2803,1
2025-05-23 17:18:57,2803,0
2025-05-23 17:19:16,2803,1
2025-05-23 17:19:18,2803,0
2025-05-23 17:19:18,2803,1
2025-05-23 17:19:22,2803,0
2025-05-23 17:19:23,2803,1
2025-05-23 17:19:25,2803,0
2025-05-23 17:19:25,2803,1
2025-05-23 17:19:27,2803,0
2025-05-23 17:19:29,2803,1
2025-05-23 17:19:31,2803,0
2025-05-23 17:19:32,2803,1
2025-05-23 17:19:34,2803,0
2025-05-23 17:19:34,2803,1
2025-05-23 17:19:36,2803,0
2025-05-23 17:19:37,2803,1
2025-05-23 17:19:41,2803,0
2025-05-23 17:19:42,2803,1
2025-05-23 17:19:44,2803,0
2025-05-23 17:20:04,2803,1
2025-05-23 17:20:06,2803,0
2025-05-23 17:20:07,2803,1
2025-05-23 17:20:09,2803,0
2025-05-23 17:20:09,2803,1
2025-05-23 17:20:11,2803,0
2025-05-23 17:20:12,2803,1
2025-05-23 17:20:14,2803,0
2025-05-23 17:20:17,2803,1
2025-05-23 17:20:21,2803,0
2025-05-23 17:20:25,2803,1
2025-05-23 17:20:29,2803,0
2025-05-23 17:20:39,2803,1
2025-05-23 17:20:41,2803,0
2025-05-23 17:20:42,2803,1
2025-05-23 17:20:44,2803,0
2025-05-23 17:20:51,2803,1
2025-05-23 17:20:53,2803,0
2025-05-23 17:20:55,2803,1
2025-05-23 17:20:57,2803,0
2025-05-23 17:20:58,2803,1
2025-05-23 17:21:00,2803,0
2025-05-23 17:21:03,2803,1
2025-05-23 17:21:07,2803,0
2025-05-23 17:21:12,2803,1
2025-05-23 17:21:14,2803,0
2025-05-23 17:21:28,2803,1
2025-05-23 17:21:30,2803,0
2025-05-23 17:21:31,2803,1
2025-05-23 17:21:33,2803,0
2025-05-23 17:21:35,2803,1
2025-05-23 17:21:39,2803,0
2025-05-23 17:21:39,2803,1
2025-05-23 17:21:41,2803,0
2025-05-23 17:21:42,2803,1
2025-05-23 17:21:44,2803,0
2025-05-23 17:21:44,2803,1
2025-05-23 17:21:46,2803,0
2025-05-23 17:21:50,2803,1
2025-05-23 17:21:54,2803,0
2025-05-23 17:21:58,2803,1
2025-05-23 17:22:00,2803,0
2025-05-23 17:22:13,2803,1
2025-05-23 17:22:17,2803,0
2025-05-23 17:22:18,2803,1
2025-05-23 17:22:20,2803,0
2025-05-23 17:22:37,2803,1
2025-05-23 17:22:39,2803,0
2025-05-23 17:23:10,2803,1
2025-05-23 17:23:12,2803,0
2025-05-23 17:23:14,2803,1
2025-05-23 17:23:16,2803,0
2025-05-23 17:23:49,2803,1
2025-05-23 17:23:51,2803,0
2025-05-23 17:24:09,2803,1
2025-05-23 17:24:11,2803,0
2025-05-23 17:24:31,2803,1
2025-05-23 17:24:33,2803,0
2025-05-23 17:25:19,2803,1
2025-05-23 17:25:21,2803,0
2025-05-23 17:25:28,2803,1
2025-05-23 17:25:30,2803,0
2025-05-23 17:25:39,2803,1
2025-05-23 17:25:41,2803,0
2025-05-23 17:26:03,2803,1
2025-05-23 17:26:05,2803,0
2025-05-23 17:26:21,2803,1
2025-05-23 17:26:23,2803,0
2025-05-23 17:26:44,2803,1
2025-05-23 17:26:46,2803,0
2025-05-23 17:26:51,2803,1
2025-05-23 17:26:53,2803,0
2025-05-23 17:27:06,2803,1
2025-05-23 17:27:08,2803,0
2025-05-23 17:27:13,2803,1
2025-05-23 17:27:15,2803,0
2025-05-23 17:27:16,2803,1
2025-05-23 17:27:18,2803,0
2025-05-23 17:27:31,2803,1
2025-05-23 17:27:33,2803,0
2025-05-23 17:27:34,2803,1
2025-05-23 17:27:36,2803,0
2025-05-23 17:27:52,2803,1
2025-05-23 17:27:54,2803,0
2025-05-23 17:28:02,2803,1
2025-05-23 17:28:04,2803,0
2025-05-23 17:28:40,2803,1
2025-05-23 17:28:42,2803,0
2025-05-23 17:29:40,2803,1
2025-05-23 17:29:42,2803,0
2025-05-23 17:30:03,2803,1
2025-05-23 17:30:05,2803,0
2025-05-23 17:30:42,2803,1
2025-05-23 17:30:44,2803,0
2025-05-23 17:30:57,2803,1
2025-05-23 17:30:59,2803,0
2025-05-23 17:31:20,2803,1
2025-05-23 17:31:22,2803,0
2025-05-23 17:32:08,2803,1
2025-05-23 17:32:10,2803,0
2025-05-23 17:33:02,2803,1
2025-05-23 17:33:04,2803,0
2025-05-23 17:33:32,2803,1
2025-05-23 17:33:34,2803,0
2025-05-23 17:33:41,2803,1
2025-05-23 17:33:43,2803,0
2025-05-23 17:33:44,2803,1
2025-05-23 17:33:47,2803,0
2025-05-23 17:33:47,2803,1
2025-05-23 17:33:49,2803,0
2025-05-23 17:33:53,2803,1
2025-05-23 17:33:55,2803,0
2025-05-23 17:34:07,2803,1
2025-05-23 17:34:09,2803,0
2025-05-23 17:34:19,2803,1
2025-05-23 17:34:21,2803,0
2025-05-23 17:34:22,2803,1
2025-05-23 17:34:24,2803,0
2025-05-23 17:34:30,2803,1
2025-05-23 17:34:32,2803,0
2025-05-23 17:34:32,2803,1
2025-05-23 17:34:34,2803,0
2025-05-23 17:34:38,2803,1
2025-05-23 17:34:42,2803,0
2025-05-23 17:34:42,2803,1
2025-05-23 17:34:44,2803,0
2025-05-23 17:34:57,2803,1
2025-05-23 17:34:59,2803,0
2025-05-23 17:35:04,2803,1
2025-05-23 17:35:06,2803,0
2025-05-23 17:35:08,2803,1
2025-05-23 17:35:10,2803,0
2025-05-23 17:35:11,2803,1
2025-05-23 17:35:13,2803,0
2025-05-23 17:35:18,2803,1
2025-05-23 17:35:20,2803,0
2025-05-23 17:35:21,2803,1
2025-05-23 17:35:23,2803,0
2025-05-23 17:35:24,2803,1
2025-05-23 17:35:28,2803,0
2025-05-23 17:35:28,2803,1
2025-05-23 17:35:30,2803,0
2025-05-23 17:35:41,2803,1
2025-05-23 17:35:43,2803,0
2025-05-23 17:35:46,2803,1
2025-05-23 17:35:48,2803,0
2025-05-23 17:35:49,2803,1
2025-05-23 17:35:53,2803,0
2025-05-23 17:35:53,2803,1
2025-05-23 17:35:55,2803,0
2025-05-23 17:35:57,2803,1
2025-05-23 17:35:59,2803,0
2025-05-23 17:36:02,2803,1
2025-05-23 17:36:04,2803,0
2025-05-23 17:36:05,2803,1
2025-05-23 17:36:07,2803,0
2025-05-23 17:36:07,2803,1
2025-05-23 17:36:09,2803,0
2025-05-23 17:36:11,2803,1
2025-05-23 17:36:13,2803,0
2025-05-23 17:36:13,2803,1
2025-05-23 17:36:15,2803,0
2025-05-23 17:36:27,2803,1
2025-05-23 17:36:29,2803,0
2025-05-23 17:36:30,2803,1
2025-05-23 17:36:32,2803,0
2025-05-23 17:36:32,2803,1
2025-05-23 17:36:34,2803,0
2025-05-23 17:36:35,2803,1
2025-05-23 17:36:37,2803,0
2025-05-23 17:36:37,2803,1
2025-05-23 17:36:39,2803,0
2025-05-23 17:36:40,2803,1
2025-05-23 17:36:42,2803,0
2025-05-23 17:36:43,2803,1
2025-05-23 17:36:45,2803,0
2025-05-23 17:36:46,2803,1
2025-05-23 17:36:48,2803,0
2025-05-23 17:36:49,2803,1
2025-05-23 17:36:51,2803,0
2025-05-23 17:36:51,2803,1
2025-05-23 17:36:55,2803,0
2025-05-23 17:37:01,2803,1
2025-05-23 17:37:03,2803,0
2025-05-23 17:37:15,2803,1
2025-05-23 17:37:17,2803,0
2025-05-23 17:37:19,2803,1
2025-05-23 17:37:23,2803,0
2025-05-23 17:37:23,2803,1
2025-05-23 17:37:25,2803,0
2025-05-23 17:37:26,2803,1
2025-05-23 17:37:28,2803,0
2025-05-23 17:37:28,2803,1
2025-05-23 17:37:30,2803,0
2025-05-23 17:37:31,2803,1
2025-05-23 17:37:33,2803,0
2025-05-23 17:37:35,2803,1
2025-05-23 17:37:37,2803,0
2025-05-23 17:37:37,2803,1
2025-05-23 17:37:39,2803,0
2025-05-23 17:38:00,2803,1
2025-05-23 17:38:02,2803,0
2025-05-23 17:38:03,2803,1
2025-05-23 17:38:05,2803,0
2025-05-23 17:38:06,2803,1
2025-05-23 17:38:08,2803,0
2025-05-23 17:38:09,2803,1
2025-05-23 17:38:13,2803,0
2025-05-23 17:38:13,2803,1
2025-05-23 17:38:15,2803,0
2025-05-23 17:38:16,2803,1
2025-05-23 17:38:18,2803,0
2025-05-23 17:38:21,2803,1
2025-05-23 17:38:23,2803,0
2025-05-23 17:38:24,2803,1
2025-05-23 17:38:28,2803,0
2025-05-23 17:38:37,2803,1
2025-05-23 17:38:39,2803,0
2025-05-23 17:38:44,2803,1
2025-05-23 17:38:46,2803,0
2025-05-23 17:38:48,2803,1
2025-05-23 17:38:50,2803,0
2025-05-23 17:38:51,2803,1
2025-05-23 17:38:53,2803,0
2025-05-23 17:38:53,2803,1
2025-05-23 17:38:55,2803,0
2025-05-23 17:38:56,2803,1
2025-05-23 17:38:58,2803,0
2025-05-23 17:39:00,2803,1
2025-05-23 17:39:02,2803,0
2025-05-23 17:39:02,2803,1
2025-05-23 17:39:04,2803,0
2025-05-23 17:39:05,2803,1
2025-05-23 17:39:07,2803,0
2025-05-23 17:39:07,2803,1
2025-05-23 17:39:09,2803,0
2025-05-23 17:39:10,2803,1
2025-05-23 17:39:12,2803,0
2025-05-23 17:39:12,2803,1
2025-05-23 17:39:14,2803,0
2025-05-23 17:39:34,2803,1
2025-05-23 17:39:36,2803,0
2025-05-23 17:39:36,2803,1
2025-05-23 17:39:38,2803,0
2025-05-23 17:39:38,2803,1
2025-05-23 17:39:40,2803,0
2025-05-23 17:39:41,2803,1
2025-05-23 17:39:43,2803,0
2025-05-23 17:39:48,2803,1
2025-05-23 17:39:52,2803,0
2025-05-23 17:39:54,2803,1
2025-05-23 17:39:56,2803,0
2025-05-23 17:39:56,2803,1
2025-05-23 17:39:58,2803,0
2025-05-23 17:39:58,2803,1
2025-05-23 17:40:00,2803,0
2025-05-23 17:40:12,2803,1
2025-05-23 17:40:16,2803,0
2025-05-23 17:40:19,2803,1
2025-05-23 17:40:23,2803,0
2025-05-23 17:40:23,2803,1
2025-05-23 17:40:25,2803,0
2025-05-23 17:40:26,2803,1
2025-05-23 17:40:28,2803,0
2025-05-23 17:40:28,2803,1
2025-05-23 17:40:30,2803,0
2025-05-23 17:40:34,2803,1
2025-05-23 17:40:36,2803,0
2025-05-23 17:40:37,2803,1
2025-05-23 17:40:39,2803,0
2025-05-23 17:40:40,2803,1
2025-05-23 17:40:44,2803,0
2025-05-23 17:40:44,2803,1
2025-05-23 17:40:47,2803,0
2025-05-23 17:41:01,2803,1
2025-05-23 17:41:03,2803,0
2025-05-23 17:41:03,2803,1
2025-05-23 17:41:05,2803,0
2025-05-23 17:41:06,2803,1
2025-05-23 17:41:08,2803,0
2025-05-23 17:41:08,2803,1
2025-05-23 17:41:10,2803,0
2025-05-23 17:41:11,2803,1
2025-05-23 17:41:13,2803,0
2025-05-23 17:41:13,2803,1
2025-05-23 17:41:15,2803,0
2025-05-23 17:41:16,2803,1
2025-05-23 17:41:18,2803,0
2025-05-23 17:41:19,2803,1
2025-05-23 17:41:21,2803,0
2025-05-23 17:41:21,2803,1
2025-05-23 17:41:23,2803,0
2025-05-23 17:41:23,2803,1
2025-05-23 17:41:25,2803,0
2025-05-23 17:41:29,2803,1
2025-05-23 17:41:33,2803,0
2025-05-23 17:41:44,2803,1
2025-05-23 17:41:46,2803,0
2025-05-23 17:41:46,2803,1
2025-05-23 17:41:48,2803,0
2025-05-23 17:41:48,2803,1
2025-05-23 17:41:50,2803,0
2025-05-23 17:41:51,2803,1
2025-05-23 17:41:53,2803,0
2025-05-23 17:41:53,2803,1
2025-05-23 17:41:55,2803,0
2025-05-23 17:41:56,2803,1
2025-05-23 17:41:58,2803,0
2025-05-23 17:41:59,2803,1
2025-05-23 17:42:01,2803,0
2025-05-23 17:42:02,2803,1
2025-05-23 17:42:04,2803,0
2025-05-23 17:42:05,2803,1
2025-05-23 17:42:09,2803,0
2025-05-23 17:42:33,2803,1
2025-05-23 17:42:37,2803,0
2025-05-23 17:42:38,2803,1
2025-05-23 17:42:42,2803,0
2025-05-23 17:42:43,2803,1
2025-05-23 17:42:47,2803,0
2025-05-23 17:42:47,2803,1
2025-05-23 17:42:49,2803,0
2025-05-23 17:42:53,2803,1
2025-05-23 17:42:57,2803,0
2025-05-23 17:43:15,2803,1
2025-05-23 17:43:17,2803,0
2025-05-23 17:43:17,2803,1
2025-05-23 17:43:21,2803,0
2025-05-23 17:43:22,2803,1
2025-05-23 17:43:24,2803,0
2025-05-23 17:43:24,2803,1
2025-05-23 17:43:26,2803,0
2025-05-23 17:43:27,2803,1
2025-05-23 17:43:29,2803,0
2025-05-23 17:43:30,2803,1
2025-05-23 17:43:32,2803,0
2025-05-23 17:43:32,2803,1
2025-05-23 17:43:34,2803,0
2025-05-23 17:43:35,2803,1
2025-05-23 17:43:37,2803,0
2025-05-23 17:43:37,2803,1
2025-05-23 17:43:39,2803,0
2025-05-23 17:43:40,2803,1
2025-05-23 17:43:42,2803,0
2025-05-23 17:43:42,2803,1
2025-05-23 17:43:44,2803,0
2025-05-23 17:43:55,2803,1
2025-05-23 17:43:57,2803,0
2025-05-23 17:44:03,2803,1
2025-05-23 17:44:05,2803,0
2025-05-23 17:44:05,2803,1
2025-05-23 17:44:09,2803,0
2025-05-23 17:44:10,2803,1
2025-05-23 17:44:12,2803,0
2025-05-23 17:44:12,2803,1
2025-05-23 17:44:14,2803,0
2025-05-23 17:44:16,2803,1
2025-05-23 17:44:20,2803,0
2025-05-23 17:44:24,2803,1
2025-05-23 17:44:28,2803,0
2025-05-23 17:44:28,2803,1
2025-05-23 17:44:30,2803,0
2025-05-23 17:44:49,2803,1
2025-05-23 17:44:51,2803,0
2025-05-23 17:44:51,2803,1
2025-05-23 17:44:55,2803,0
2025-05-23 17:44:56,2803,1
2025-05-23 17:44:58,2803,0
2025-05-23 17:44:58,2803,1
2025-05-23 17:45:00,2803,0
2025-05-23 17:45:02,2803,1
2025-05-23 17:45:04,2803,0
2025-05-23 17:45:04,2803,1
2025-05-23 17:45:06,2803,0
2025-05-23 17:45:07,2803,1
2025-05-23 17:45:09,2803,0
2025-05-23 17:45:10,2803,1
2025-05-23 17:45:12,2803,0
2025-05-23 17:45:12,2803,1
2025-05-23 17:45:14,2803,0
2025-05-23 17:45:15,2803,1
2025-05-23 17:45:17,2803,0
2025-05-23 17:45:27,2803,1
2025-05-23 17:45:32,2803,0
2025-05-23 17:45:32,2803,1
2025-05-23 17:45:34,2803,0
2025-05-23 17:45:35,2803,1
2025-05-23 17:45:39,2803,0
2025-05-23 17:45:40,2803,1
2025-05-23 17:45:42,2803,0
2025-05-23 17:45:42,2803,1
2025-05-23 17:45:44,2803,0
2025-05-23 17:45:45,2803,1
2025-05-23 17:45:47,2803,0
2025-05-23 17:45:49,2803,1
2025-05-23 17:45:51,2803,0
2025-05-23 17:45:51,2803,1
2025-05-23 17:45:53,2803,0
2025-05-23 17:45:53,2803,1
2025-05-23 17:45:55,2803,0
2025-05-23 17:45:58,2803,1
2025-05-23 17:46:00,2803,0
2025-05-23 17:46:00,2803,1
2025-05-23 17:46:02,2803,0
2025-05-23 17:46:15,2803,1
2025-05-23 17:46:17,2803,0
2025-05-23 17:46:17,2803,1
2025-05-23 17:46:19,2803,0
2025-05-23 17:46:20,2803,1
2025-05-23 17:46:22,2803,0
2025-05-23 17:46:24,2803,1
2025-05-23 17:46:26,2803,0
2025-05-23 17:46:30,2803,1
2025-05-23 17:46:32,2803,0
2025-05-23 17:46:32,2803,1
2025-05-23 17:46:34,2803,0
2025-05-23 17:46:35,2803,1
2025-05-23 17:46:37,2803,0
2025-05-23 17:46:37,2803,1
2025-05-23 17:46:39,2803,0
2025-05-23 17:46:40,2803,1
2025-05-23 17:46:42,2803,0
2025-05-23 17:46:47,2803,1
2025-05-23 17:46:49,2803,0
2025-05-23 17:47:01,2803,1
2025-05-23 17:47:03,2803,0
2025-05-23 17:47:03,2803,1
2025-05-23 17:47:05,2803,0
2025-05-23 17:47:06,2803,1
2025-05-23 17:47:08,2803,0
2025-05-23 17:47:08,2803,1
2025-05-23 17:47:10,2803,0
2025-05-23 17:47:12,2803,1
2025-05-23 17:47:14,2803,0
2025-05-23 17:47:15,2803,1
2025-05-23 17:47:17,2803,0
2025-05-23 20:19:22,2803,1
2025-05-23 20:19:24,2803,0
2025-05-23 20:19:58,2803,1
2025-05-23 20:20:00,2803,0
2025-05-23 20:20:12,2803,1
2025-05-23 20:20:14,2803,0
2025-05-23 20:20:35,2803,1
2025-05-23 20:20:37,2803,0
2025-05-23 20:20:39,2803,1
2025-05-23 20:20:41,2803,0
2025-05-23 20:20:51,2803,1
2025-05-23 20:20:53,2803,0
2025-05-23 20:20:57,2803,1
2025-05-23 20:20:59,2803,0
2025-05-23 20:21:23,2803,1
2025-05-23 20:21:25,2803,0
2025-05-23 20:21:28,2803,1
2025-05-23 20:21:30,2803,0
2025-05-23 20:21:33,2803,1
2025-05-23 20:21:35,2803,0
2025-05-23 20:21:41,2803,1
2025-05-23 20:21:43,2803,0
2025-05-23 20:21:44,2803,1
2025-05-23 20:21:46,2803,0
2025-05-23 20:22:07,2803,1
2025-05-23 20:22:09,2803,0
2025-05-23 20:22:10,2803,1
2025-05-23 20:22:12,2803,0
2025-05-23 20:22:12,2803,1
2025-05-23 20:22:14,2803,0
2025-05-23 20:22:15,2803,1
2025-05-23 20:22:17,2803,0
2025-05-23 20:22:20,2803,1
2025-05-23 20:22:24,2803,0
2025-05-23 20:22:26,2803,1
2025-05-23 20:22:30,2803,0
2025-05-23 20:22:31,2803,1
2025-05-23 20:22:33,2803,0
2025-05-23 20:22:43,2803,1
2025-05-23 20:22:45,2803,0
2025-05-23 20:22:51,2803,1
2025-05-23 20:22:53,2803,0
2025-05-23 20:22:54,2803,1
2025-05-23 20:22:56,2803,0
2025-05-23 20:22:57,2803,1
2025-05-23 20:22:59,2803,0
2025-05-23 20:22:59,2803,1
2025-05-23 20:23:01,2803,0
2025-05-23 20:23:02,2803,1
2025-05-23 20:23:04,2803,0
2025-05-23 20:23:05,2803,1
2025-05-23 20:23:07,2803,0
2025-05-23 20:23:07,2803,1
2025-05-23 20:23:09,2803,0
2025-05-23 20:23:09,2803,1
2025-05-23 20:23:11,2803,0
2025-05-23 20:23:13,2803,1
2025-05-23 20:23:17,2803,0
2025-05-23 20:23:29,2803,1
2025-05-23 20:23:31,2803,0
2025-05-23 20:23:31,2803,1
2025-05-23 20:23:33,2803,0
2025-05-23 20:23:33,2803,1
2025-05-23 20:23:35,2803,0
2025-05-23 20:23:36,2803,1
2025-05-23 20:23:40,2803,0
2025-05-23 20:23:41,2803,1
2025-05-23 20:23:43,2803,0
2025-05-23 20:23:43,2803,1
2025-05-23 20:23:45,2803,0
2025-05-23 20:23:46,2803,1
2025-05-23 20:23:48,2803,0
2025-05-23 20:23:49,2803,1
2025-05-23 20:23:51,2803,0
2025-05-23 20:23:51,2803,1
2025-05-23 20:23:55,2803,0
2025-05-23 20:23:57,2803,1
2025-05-23 20:23:59,2803,0
2025-05-23 20:24:00,2803,1
2025-05-23 20:24:02,2803,0
2025-05-23 20:24:02,2803,1
2025-05-23 20:24:04,2803,0
2025-05-23 20:24:15,2803,1
2025-05-23 20:24:19,2803,0
2025-05-23 20:24:20,2803,1
2025-05-23 20:24:22,2803,0
2025-05-23 20:24:22,2803,1
2025-05-23 20:24:24,2803,0
2025-05-23 20:24:25,2803,1
2025-05-23 20:24:27,2803,0
2025-05-23 20:24:27,2803,1
2025-05-23 20:24:29,2803,0
2025-05-23 20:24:30,2803,1
2025-05-23 20:24:34,2803,0
2025-05-23 20:24:35,2803,1
2025-05-23 20:24:37,2803,0
2025-05-23 20:24:37,2803,1
2025-05-23 20:24:39,2803,0
2025-05-23 20:24:39,2803,1
2025-05-23 20:24:43,2803,0
2025-05-23 20:24:51,2803,1
2025-05-23 20:24:53,2803,0
2025-05-23 20:25:01,2803,1
2025-05-23 20:25:05,2803,0
2025-05-23 20:25:06,2803,1
2025-05-23 20:25:08,2803,0
2025-05-23 20:25:08,2803,1
2025-05-23 20:25:12,2803,0
2025-05-23 20:25:12,2803,1
2025-05-23 20:25:14,2803,0
2025-05-23 20:25:14,2803,1
2025-05-23 20:25:18,2803,0
2025-05-23 20:25:19,2803,1
2025-05-23 20:25:23,2803,0
2025-05-23 20:25:23,2803,1
2025-05-23 20:25:27,2803,0
2025-05-23 20:25:27,2803,1
2025-05-23 20:25:29,2803,0
2025-05-23 20:25:29,2803,1
2025-05-23 20:25:31,2803,0
2025-05-23 20:25:48,2803,1
2025-05-23 20:25:52,2803,0
2025-05-23 20:25:52,2803,1
2025-05-23 20:25:54,2803,0
2025-05-23 20:25:55,2803,1
2025-05-23 20:25:59,2803,0
2025-05-23 20:25:59,2803,1
2025-05-23 20:26:01,2803,0
2025-05-23 20:26:01,2803,1
2025-05-23 20:26:03,2803,0
2025-05-23 20:26:04,2803,1
2025-05-23 20:26:08,2803,0
2025-05-23 20:26:08,2803,1
2025-05-23 20:26:14,2803,0
2025-05-23 20:26:14,2803,1
2025-05-23 20:26:16,2803,0
2025-05-23 20:26:26,2803,1
2025-05-23 20:26:28,2803,0
2025-05-23 20:26:34,2803,1
2025-05-23 20:26:38,2803,0
2025-05-23 20:26:38,2803,1
2025-05-23 20:26:44,2803,0
2025-05-23 20:26:45,2803,1
2025-05-23 20:26:47,2803,0
2025-05-23 20:26:47,2803,1
2025-05-23 20:26:53,2803,0
2025-05-23 20:26:53,2803,1
2025-05-23 20:26:55,2803,0
2025-05-23 20:26:55,2803,1
2025-05-23 20:26:57,2803,0
2025-05-23 20:26:58,2803,1
2025-05-23 20:27:00,2803,0
2025-05-23 20:27:00,2803,1
2025-05-23 20:27:04,2803,0
2025-05-23 20:27:13,2803,1
2025-05-23 20:27:17,2803,0
2025-05-23 20:27:17,2803,1
2025-05-23 20:27:19,2803,0
2025-05-23 20:27:20,2803,1
2025-05-23 20:27:24,2803,0
2025-05-23 20:27:25,2803,1
2025-05-23 20:27:27,2803,0
2025-05-23 20:27:27,2803,1
2025-05-23 20:27:29,2803,0
2025-05-23 20:27:30,2803,1
2025-05-23 20:27:34,2803,0
2025-05-23 20:27:34,2803,1
2025-05-23 20:27:36,2803,0
2025-05-23 20:27:36,2803,1
2025-05-23 20:27:40,2803,0
2025-05-23 20:27:40,2803,1
2025-05-23 20:27:42,2803,0
2025-05-23 20:27:43,2803,1
2025-05-23 20:27:47,2803,0
2025-05-23 20:27:47,2803,1
2025-05-23 20:27:49,2803,0
2025-05-23 20:27:49,2803,1
2025-05-23 20:27:51,2803,0
2025-05-23 20:27:59,2803,1
2025-05-23 20:28:01,2803,0
2025-05-23 20:28:01,2803,1
2025-05-23 20:28:05,2803,0
2025-05-23 20:28:05,2803,1
2025-05-23 20:28:07,2803,0
2025-05-23 20:28:07,2803,1
2025-05-23 20:28:09,2803,0
2025-05-23 20:28:10,2803,1
2025-05-23 20:28:12,2803,0
2025-05-23 20:28:12,2803,1
2025-05-23 20:28:16,2803,0
2025-05-23 20:28:16,2803,1
2025-05-23 20:28:20,2803,0
2025-05-23 20:28:21,2803,1
2025-05-23 20:28:23,2803,0
2025-05-23 20:28:23,2803,1
2025-05-23 20:28:29,2803,0
2025-05-23 20:28:32,2803,1
2025-05-23 20:28:34,2803,0
2025-05-23 20:28:35,2803,1
2025-05-23 20:28:37,2803,0
2025-05-23 20:28:43,2803,1
2025-05-23 20:28:49,2803,0
2025-05-23 20:28:49,2803,1
2025-05-23 20:28:51,2803,0
2025-05-23 20:28:51,2803,1
2025-05-23 20:28:55,2803,0
2025-05-23 20:28:56,2803,1
2025-05-23 20:28:58,2803,0
2025-05-23 20:28:58,2803,1
2025-05-23 20:29:02,2803,0
2025-05-23 20:29:02,2803,1
2025-05-23 20:29:04,2803,0
2025-05-23 20:29:04,2803,1
2025-05-23 20:29:06,2803,0
2025-05-23 20:29:06,2803,1
2025-05-23 20:29:08,2803,0
2025-05-23 20:29:09,2803,1
2025-05-23 20:29:11,2803,0
2025-05-23 20:29:11,2803,1
2025-05-23 20:29:13,2803,0
2025-05-23 20:29:14,2803,1
2025-05-23 20:29:16,2803,0
2025-05-23 20:29:22,2803,1
2025-05-23 20:29:24,2803,0
2025-05-23 20:29:29,2803,1
2025-05-23 20:29:31,2803,0
2025-05-23 20:29:32,2803,1
2025-05-23 20:29:38,2803,0
2025-05-23 20:29:38,2803,1
2025-05-23 20:29:42,2803,0
2025-05-23 20:29:42,2803,1
2025-05-23 20:29:46,2803,0
2025-05-23 20:29:46,2803,1
2025-05-23 20:29:48,2803,0
2025-05-23 20:29:48,2803,1
2025-05-23 20:29:52,2803,0
2025-05-23 20:29:53,2803,1
2025-05-23 20:29:55,2803,0
2025-05-23 20:29:55,2803,1
2025-05-23 20:29:59,2803,0
2025-05-23 20:29:59,2803,1
2025-05-23 20:30:01,2803,0
2025-05-23 20:30:05,2803,1
2025-05-23 20:30:07,2803,0
2025-05-23 20:30:08,2803,1
2025-05-23 20:30:12,2803,0
2025-05-23 20:30:12,2803,1
2025-05-23 20:30:14,2803,0
2025-05-23 20:30:16,2803,1
2025-05-23 20:30:18,2803,0
2025-05-23 20:30:19,2803,1
2025-05-23 20:30:23,2803,0
2025-05-23 20:30:23,2803,1
2025-05-23 20:30:31,2803,0
2025-05-23 20:30:32,2803,1
2025-05-23 20:30:34,2803,0
2025-05-23 20:30:34,2803,1
2025-05-23 20:30:36,2803,0
2025-05-23 20:30:36,2803,1
2025-05-23 20:30:40,2803,0
2025-05-23 20:30:40,2803,1
2025-05-23 20:30:46,2803,0
2025-05-23 20:30:47,2803,1
2025-05-23 20:30:49,2803,0
2025-05-23 20:30:51,2803,1
2025-05-23 20:30:53,2803,0
2025-05-23 20:30:56,2803,1
2025-05-23 20:31:00,2803,0
2025-05-23 20:31:00,2803,1
2025-05-23 20:31:02,2803,0
2025-05-23 20:31:03,2803,1
2025-05-23 20:31:11,2803,0
2025-05-23 20:31:11,2803,1
2025-05-23 20:31:17,2803,0
2025-05-23 20:31:18,2803,1
2025-05-23 20:31:20,2803,0
2025-05-23 20:31:20,2803,1
2025-05-23 20:31:26,2803,0
2025-05-23 20:31:26,2803,1
2025-05-23 20:31:32,2803,0
2025-05-23 20:31:33,2803,1
2025-05-23 20:31:35,2803,0
2025-05-23 20:31:36,2803,1
2025-05-23 20:31:38,2803,0
2025-05-23 20:31:42,2803,1
2025-05-23 20:31:50,2803,0
2025-05-23 20:31:51,2803,1
2025-05-23 20:31:57,2803,0
2025-05-23 20:31:57,2803,1
2025-05-23 20:31:59,2803,0
2025-05-23 20:31:59,2803,1
2025-05-23 20:32:03,2803,0
2025-05-23 20:32:03,2803,1
2025-05-23 20:32:05,2803,0
2025-05-23 20:32:05,2803,1
2025-05-23 20:32:11,2803,0
2025-05-23 20:32:11,2803,1
2025-05-23 20:32:13,2803,0
2025-05-23 20:32:14,2803,1
2025-05-23 20:32:16,2803,0
2025-05-23 20:32:16,2803,1
2025-05-23 20:32:18,2803,0
2025-05-23 20:32:18,2803,1
2025-05-23 20:32:20,2803,0
2025-05-23 20:32:20,2803,1
2025-05-23 20:32:22,2803,0
2025-05-23 20:32:23,2803,1
2025-05-23 20:32:25,2803,0
2025-05-23 20:32:26,2803,1
2025-05-23 20:32:28,2803,0
2025-05-23 20:32:28,2803,1
2025-05-23 20:32:32,2803,0
2025-05-23 20:32:32,2803,1
2025-05-23 20:32:34,2803,0
2025-05-23 20:32:34,2803,1
2025-05-23 20:32:36,2803,0
2025-05-23 20:32:36,2803,1
2025-05-23 20:32:40,2803,0
2025-05-23 20:32:40,2803,1
2025-05-23 20:32:42,2803,0
2025-05-23 20:32:43,2803,1
2025-05-23 20:32:47,2803,0
2025-05-23 20:32:47,2803,1
2025-05-23 20:32:49,2803,0
2025-05-23 20:32:49,2803,1
2025-05-23 20:32:51,2803,0
2025-05-23 20:32:51,2803,1
2025-05-23 20:32:55,2803,0
2025-05-23 20:32:55,2803,1
2025-05-23 20:32:57,2803,0
2025-05-23 20:32:58,2803,1
2025-05-23 20:33:00,2803,0
2025-05-23 20:33:00,2803,1
2025-05-23 20:33:02,2803,0
2025-05-23 20:33:03,2803,1
2025-05-23 20:33:05,2803,0
2025-05-23 20:33:05,2803,1
2025-05-23 20:33:07,2803,0
2025-05-23 20:33:07,2803,1
2025-05-23 20:33:11,2803,0
2025-05-23 20:33:12,2803,1
2025-05-23 20:33:16,2803,0
2025-05-23 20:33:16,2803,1
2025-05-23 20:33:20,2803,0
2025-05-23 20:33:20,2803,1
2025-05-23 20:33:22,2803,0
2025-05-23 20:33:23,2803,1
2025-05-23 20:33:25,2803,0
2025-05-23 20:33:25,2803,1
2025-05-23 20:33:29,2803,0
2025-05-23 20:33:29,2803,1
2025-05-23 20:33:31,2803,0
2025-05-23 20:33:31,2803,1
2025-05-23 20:33:38,2803,0
2025-05-23 20:33:38,2803,1
2025-05-23 20:33:44,2803,0
2025-05-23 20:33:44,2803,1
2025-05-23 20:33:48,2803,0
2025-05-23 20:33:48,2803,1
2025-05-23 20:33:50,2803,0
2025-05-23 20:33:50,2803,1
2025-05-23 20:33:54,2803,0
2025-05-23 20:33:55,2803,1
2025-05-23 20:33:57,2803,0
2025-05-23 20:33:57,2803,1
2025-05-23 20:33:59,2803,0
2025-05-23 20:33:59,2803,1
2025-05-23 20:34:07,1801,1
2025-05-23 20:34:09,2803,0
2025-05-23 20:34:09,2803,1
2025-05-23 20:34:11,2803,0
2025-05-23 20:34:11,2803,1
2025-05-23 20:34:15,2803,0
2025-05-23 20:34:15,2803,1
2025-05-23 20:34:17,2803,0
2025-05-23 20:34:18,2803,1
2025-05-23 20:34:22,2803,0
2025-05-23 20:34:22,2803,1
2025-05-23 20:34:24,2803,0
2025-05-23 20:34:24,2803,1
2025-05-23 20:34:28,2803,0
2025-05-23 20:34:28,2803,1
2025-05-23 20:34:30,2803,0
2025-05-23 20:34:30,2803,1
2025-05-23 20:34:32,2803,0
2025-05-23 20:34:32,2803,1
2025-05-23 20:34:34,2803,0
2025-05-23 20:34:34,2803,1
2025-05-23 20:34:40,2803,0
2025-05-23 20:34:41,2803,1
2025-05-23 20:34:43,2803,0
2025-05-23 20:34:43,2803,1
2025-05-23 20:34:45,2803,0
2025-05-23 20:34:45,2803,1
2025-05-23 20:34:47,2803,0
2025-05-23 20:34:47,2803,1
2025-05-23 20:34:49,2803,0
2025-05-23 20:34:49,2803,1
2025-05-23 20:34:55,2803,0
2025-05-23 20:34:55,2803,1
2025-05-23 20:34:57,2803,0
2025-05-23 20:34:57,2803,1
2025-05-23 20:35:01,2803,0
2025-05-23 20:35:01,2803,1
2025-05-23 20:35:05,2803,0
2025-05-23 20:35:06,2803,1
2025-05-23 20:35:08,2803,0
2025-05-23 20:35:08,2803,1
2025-05-23 20:35:10,2803,0
2025-05-23 20:35:10,2803,1
2025-05-23 20:35:12,2803,0
2025-05-23 20:35:12,2803,1
2025-05-23 20:35:20,2803,0
2025-05-23 20:35:20,2803,1
2025-05-23 20:35:22,2803,0
2025-05-23 20:35:22,2803,1
2025-05-23 20:35:24,2803,0
2025-05-23 20:35:24,2803,1
2025-05-23 20:35:28,2803,0
2025-05-23 20:35:29,2803,1
2025-05-23 20:35:31,2803,0
2025-05-23 20:35:31,2803,1
2025-05-23 20:35:33,2803,0
2025-05-23 20:35:33,2803,1
2025-05-23 20:35:37,2803,0
2025-05-23 20:35:37,2803,1
2025-05-23 20:35:39,2803,0
2025-05-23 20:35:39,2803,1
2025-05-23 20:35:43,2803,0
2025-05-23 20:35:43,2803,1
2025-05-23 20:35:49,2803,0
2025-05-23 20:35:49,2803,1
2025-05-23 20:35:53,2803,0
2025-05-23 20:35:53,2803,1
2025-05-23 20:36:05,2803,0
2025-05-23 20:36:06,2803,1
2025-05-23 20:36:08,2803,0
2025-05-23 20:36:08,2803,1
2025-05-23 20:36:14,2803,0
2025-05-23 20:36:14,2803,1
2025-05-23 20:36:16,2803,0
2025-05-23 20:36:16,2803,1
2025-05-23 20:36:26,2803,0
2025-05-23 20:36:26,2803,1
2025-05-23 20:36:30,2803,0
2025-05-23 20:36:30,2803,1
2025-05-23 20:36:32,2803,0
2025-05-23 20:36:32,2803,1
2025-05-23 20:36:36,2803,0
2025-05-23 20:36:36,2803,1
2025-05-23 20:36:42,2803,0
2025-05-23 20:36:42,2803,1
2025-05-23 20:36:48,2803,0
2025-05-23 20:36:49,2803,1
2025-05-23 20:36:53,2803,0
2025-05-23 20:36:53,2803,1
2025-05-23 20:37:09,2803,0
2025-05-23 20:37:09,2803,1
2025-05-23 20:37:11,2803,0
2025-05-23 20:37:11,2803,1
2025-05-23 20:37:17,2803,0
2025-05-23 20:37:17,2803,1
2025-05-23 20:37:25,2803,0
2025-05-23 20:37:25,2803,1
2025-05-23 20:37:33,2803,0
2025-05-23 20:37:33,2803,1
2025-05-23 20:37:39,2803,0
2025-05-23 20:37:39,2803,1
2025-05-23 20:37:45,2803,0
2025-05-23 20:37:46,2803,1
2025-05-23 20:37:56,2803,0
2025-05-23 20:37:56,2803,1
2025-05-23 20:38:06,2803,0
2025-05-23 20:38:06,2803,1
2025-05-23 20:38:08,2803,0
2025-05-23 20:38:08,2803,1
2025-05-23 20:38:16,2803,0
2025-05-23 20:38:16,2803,1
2025-05-23 20:38:32,2803,0
2025-05-23 20:38:32,2803,1
2025-05-23 20:38:48,2803,0
2025-05-23 20:38:49,2803,1
2025-05-23 20:38:57,2803,0
2025-05-23 20:38:57,2803,1
2025-05-23 20:39:01,2803,0
2025-05-23 20:39:01,2803,1
2025-05-23 20:39:25,2803,0
2025-05-23 20:39:25,2803,1
2025-05-23 20:39:49,2803,0
2025-05-23 20:39:49,2803,1
2025-05-23 20:39:57,2803,0
2025-05-23 20:39:57,2803,1
2025-05-23 20:40:14,2803,0
2025-05-23 20:40:14,2803,1
2025-05-23 20:40:22,2803,0
2025-05-23 20:40:22,2803,1
2025-05-23 20:40:30,2803,0
2025-05-23 20:40:30,2803,1
2025-05-23 20:40:36,2803,0
2025-05-23 20:40:36,2803,1
2025-05-23 20:40:44,2803,0
2025-05-23 20:40:44,2803,1
2025-05-23 20:40:50,2803,0
2025-05-23 20:40:50,2803,1
2025-05-23 20:40:58,2803,0
2025-05-23 20:40:58,2803,1
2025-05-23 20:41:06,2803,0
2025-05-23 20:41:06,2803,1
2025-05-23 20:41:18,2803,0
2025-05-23 20:41:19,2803,1
2025-05-23 20:41:27,2803,0
2025-05-23 20:41:27,2803,1
2025-05-23 20:41:35,2803,0
2025-05-23 20:41:35,2803,1
2025-05-23 20:41:43,2803,0
2025-05-23 20:41:43,2803,1
2025-05-23 20:41:53,2803,0
2025-05-23 20:41:53,2803,1
2025-05-23 20:41:59,2803,0
2025-05-23 20:41:59,2803,1
2025-05-23 20:42:05,2803,0
2025-05-23 20:42:05,2803,1
2025-05-23 20:42:11,2803,0
2025-05-23 20:42:11,2803,1
2025-05-23 20:42:19,2803,0
2025-05-23 20:42:19,2803,1
2025-05-23 20:42:27,2803,0
2025-05-23 20:42:28,2803,1
2025-05-23 20:42:52,2803,0
2025-05-23 20:42:52,2803,1
2025-05-23 20:43:08,2803,0
2025-05-23 20:43:08,2803,1
2025-05-23 20:43:14,2803,0
2025-05-23 20:43:14,2803,1
2025-05-23 20:43:22,2803,0
2025-05-23 20:43:22,2803,1
2025-05-23 20:43:46,2803,0
2025-05-23 20:43:47,2803,1
2025-05-23 20:43:53,2803,0
2025-05-23 20:43:53,2803,1
2025-05-23 20:44:01,2803,0
2025-05-23 20:44:01,2803,1
2025-05-23 20:44:09,2803,0
2025-05-23 20:44:09,2803,1
2025-05-23 20:44:27,2803,0
2025-05-23 20:44:27,2803,1
2025-05-23 20:44:55,2803,0
2025-05-23 20:44:56,2803,1
2025-05-23 20:45:12,2803,0
2025-05-23 20:45:12,2803,1
2025-05-23 20:45:20,2803,0
2025-05-23 20:45:20,2803,1
2025-05-23 20:45:56,2803,0
2025-05-23 20:45:56,2803,1
2025-05-23 20:46:05,2803,0
2025-05-23 20:46:05,2803,1
2025-05-23 20:46:21,2803,0
2025-05-23 20:46:21,2803,1
2025-05-23 20:46:29,2803,0
2025-05-23 20:46:29,2803,1
2025-05-23 20:46:31,2803,0
2025-05-23 20:46:31,2803,1
2025-05-23 20:46:58,2803,0
2025-05-23 20:46:58,2803,1
2025-05-23 20:47:30,2803,0
2025-05-23 20:47:31,2803,1
2025-05-23 20:47:37,2803,0
2025-05-23 20:47:37,2803,1
2025-05-23 20:47:51,2803,0
2025-05-23 20:47:51,2803,1
2025-05-23 20:48:03,2803,0
2025-05-23 20:48:04,2803,1
2025-05-23 20:48:37,2803,0
2025-05-23 20:48:37,2803,1
2025-05-23 20:48:59,2803,0
2025-05-23 20:48:59,2803,1
2025-05-23 20:49:10,2803,0
2025-05-23 20:49:10,2803,1
2025-05-23 20:49:26,2803,0
2025-05-23 20:49:26,2803,1
2025-05-23 20:50:18,2803,0
2025-05-23 20:50:18,2803,1
2025-05-23 20:50:56,2803,0
2025-05-23 20:50:56,2803,1
2025-05-23 20:51:41,2803,0
2025-05-23 20:51:41,2803,1
2025-05-23 20:51:56,2803,0
2025-05-23 20:51:56,2803,1
2025-05-23 20:53:07,2803,0
2025-05-23 20:53:07,2803,1
2025-05-23 20:53:19,2803,0
2025-05-23 20:53:19,2803,1
2025-05-23 20:54:15,2803,0
2025-05-23 20:54:15,2803,1
2025-05-23 20:55:03,2803,0
2025-05-23 20:55:03,2803,1
2025-05-23 20:55:32,2803,0
2025-05-23 20:55:32,2803,1
2025-05-23 20:55:41,2803,0
2025-05-23 20:55:41,2803,1
2025-05-23 20:56:52,2803,0
2025-05-23 20:56:52,2803,1
2025-05-24 13:38:32,2803,0
2025-05-24 13:38:32,2803,1
2025-05-24 13:38:59,2803,0
2025-05-24 13:38:59,2803,1
2025-05-24 13:39:10,2803,0
2025-05-24 13:39:10,2803,1
2025-05-24 13:39:39,2803,0
2025-05-24 13:39:39,2803,1
2025-05-24 13:39:48,2803,0
2025-05-24 13:39:48,2803,1
2025-05-24 13:39:58,2803,0
2025-05-24 13:39:58,2803,1
2025-05-24 13:40:21,2803,0
2025-05-24 13:40:21,2803,1
2025-05-24 13:40:54,2803,0
2025-05-24 13:40:54,2803,1
2025-05-24 13:41:00,2803,0
2025-05-24 13:41:00,2803,1
2025-05-24 13:41:11,2803,0
2025-05-24 13:41:11,2803,1
2025-05-24 13:41:56,2803,0
2025-05-24 13:41:56,2803,1
2025-05-24 13:42:03,2803,0
2025-05-24 13:42:03,2803,1
2025-05-24 13:42:23,2803,0
2025-05-24 13:42:23,2803,1
2025-05-24 13:42:33,2803,0
2025-05-24 13:42:34,2803,1
2025-05-24 13:42:38,2803,0
2025-05-24 13:42:38,2803,1
2025-05-24 13:43:11,2803,0
2025-05-24 13:43:12,2803,1
2025-05-24 13:43:22,2803,0
2025-05-24 13:43:22,2803,1
2025-05-24 13:43:27,2803,0
2025-05-24 13:43:27,2803,1
2025-05-24 13:43:46,2803,0
2025-05-24 13:43:46,2803,1
2025-05-24 13:43:52,2803,0
2025-05-24 13:43:52,2803,1
2025-05-24 13:44:22,2803,0
2025-05-24 13:44:22,2803,1
2025-05-24 13:44:41,2803,0
2025-05-24 13:44:41,2803,1
2025-05-24 13:44:47,2803,0
2025-05-24 13:44:47,2803,1
2025-05-24 13:44:49,2803,0
2025-05-24 13:44:50,2803,1
2025-05-24 13:45:10,2803,0
2025-05-24 13:45:10,2803,1
2025-05-24 13:45:44,2803,0
2025-05-24 13:45:44,2803,1
2025-05-24 13:45:59,2803,0
2025-05-24 13:45:59,2803,1
2025-05-24 13:46:07,2803,0
2025-05-24 13:46:07,2803,1
2025-05-24 13:46:13,2803,0
2025-05-24 13:46:13,2803,1
2025-05-24 13:46:22,2803,0
2025-05-24 13:46:22,2803,1
2025-05-24 13:46:32,2803,0
2025-05-24 13:46:32,2803,1
2025-05-24 13:46:59,2803,0
2025-05-24 13:46:59,2803,1
2025-05-24 13:47:26,2803,0
2025-05-24 13:47:26,2803,1
2025-05-24 13:47:28,2803,0
2025-05-24 13:47:28,2803,1
2025-05-24 13:47:36,2803,0
2025-05-24 13:47:36,2803,1
2025-05-24 13:48:01,2803,0
2025-05-24 13:48:02,2803,1
2025-05-24 13:48:22,2803,0
2025-05-24 13:48:22,2803,1
2025-05-24 13:48:30,2803,0
2025-05-24 13:48:30,2803,1
2025-05-24 13:48:38,2803,0
2025-05-24 13:48:38,2803,1
2025-05-24 13:48:42,2803,0
2025-05-24 13:48:42,2803,1
2025-05-24 13:49:03,2803,0
2025-05-24 13:49:03,2803,1
2025-05-24 13:49:21,2803,0
2025-05-24 13:49:22,2803,1
2025-05-24 13:49:32,2803,0
2025-05-24 13:49:32,2803,1
2025-05-24 13:49:44,2803,0
2025-05-24 13:49:44,2803,1
2025-05-24 13:49:50,2803,0
2025-05-24 13:49:50,2803,1
2025-05-24 13:49:58,2803,0
2025-05-24 13:49:58,2803,1
2025-05-24 13:50:12,2803,0
2025-05-24 13:50:12,2803,1
2025-05-24 13:50:26,2803,0
2025-05-24 13:50:26,2803,1
2025-05-24 13:50:34,2803,0
2025-05-24 13:50:35,2803,1
2025-05-24 13:50:41,2803,0
2025-05-24 13:50:41,2803,1
2025-05-24 13:50:55,2803,0
2025-05-24 13:50:55,2803,1
2025-05-24 13:51:03,2803,0
2025-05-24 13:51:03,2803,1
2025-05-24 13:51:19,2803,0
2025-05-24 13:51:19,2803,1
2025-05-24 13:51:37,2803,0
2025-05-24 13:51:37,2803,1
2025-05-24 13:52:00,2803,0
2025-05-24 13:52:00,2803,1
2025-05-24 13:52:08,2803,0
2025-05-24 13:52:08,2803,1
2025-05-24 13:52:16,2803,0
2025-05-24 13:52:16,2803,1
2025-05-24 13:52:24,2803,0
2025-05-24 13:52:24,2803,1
2025-05-24 13:52:32,2803,0
2025-05-24 13:52:32,2803,1
2025-05-24 13:52:40,2803,0
2025-05-24 13:52:40,2803,1
2025-05-24 13:52:48,2803,0
2025-05-24 13:52:48,2803,1
2025-05-24 13:52:56,2803,0
2025-05-24 13:52:56,2803,1
2025-05-24 13:53:04,2803,0
2025-05-24 13:53:05,2803,1
2025-05-24 13:53:13,2803,0
2025-05-24 13:53:13,2803,1
2025-05-24 13:53:21,2803,0
2025-05-24 13:53:21,2803,1
2025-05-24 13:53:29,2803,0
2025-05-24 13:53:29,2803,1
2025-05-24 13:53:45,2803,0
2025-05-24 13:53:45,2803,1
2025-05-24 13:53:53,2803,0
2025-05-24 13:53:53,2803,1
2025-05-24 13:54:09,2803,0
2025-05-24 13:54:09,2803,1
2025-05-24 13:54:25,2803,0
2025-05-24 13:54:26,2803,1
2025-05-24 13:54:34,2803,0
2025-05-24 13:54:34,2803,1
2025-05-24 13:54:48,2803,0
2025-05-24 13:54:48,2803,1
2025-05-24 13:54:56,2803,0
2025-05-24 13:54:56,2803,1
2025-05-24 13:55:10,2803,0
2025-05-24 13:55:10,2803,1
2025-05-24 13:55:34,2803,0
2025-05-24 13:55:34,2803,1
2025-05-24 13:55:59,2803,0
2025-05-24 13:55:59,2803,1
2025-05-24 13:56:05,2803,0
2025-05-24 13:56:05,2803,1
2025-05-24 13:56:23,2803,0
2025-05-24 13:56:23,2803,1
2025-05-24 13:56:29,2803,0
2025-05-24 13:56:29,2803,1
2025-05-24 13:56:39,2803,0
2025-05-24 13:56:39,2803,1
2025-05-24 13:56:55,2803,0
2025-05-24 13:56:55,2803,1
2025-05-24 13:57:03,2803,0
2025-05-24 13:57:04,2803,1
2025-05-24 13:57:12,2803,0
2025-05-24 13:57:12,2803,1
2025-05-24 13:57:20,2803,0
2025-05-24 13:57:20,2803,1
2025-05-24 13:57:28,2803,0
2025-05-24 13:57:28,2803,1
2025-05-24 13:57:36,2803,0
2025-05-24 13:57:36,2803,1
2025-05-24 13:57:44,2803,0
2025-05-24 13:57:44,2803,1
2025-05-24 13:57:52,2803,0
2025-05-24 13:57:52,2803,1
2025-05-24 13:58:00,2803,0
2025-05-24 13:58:00,2803,1
2025-05-24 13:58:08,2803,0
2025-05-24 13:58:08,2803,1
2025-05-24 13:58:22,2803,0
2025-05-24 13:58:23,2803,1
2025-05-24 13:58:29,2803,0
2025-05-24 13:58:29,2803,1
2025-05-24 13:58:45,2803,0
2025-05-24 13:58:45,2803,1
2025-05-24 13:58:51,2803,0
2025-05-24 13:58:51,2803,1
2025-05-24 13:58:59,2803,0
2025-05-24 13:58:59,2803,1
2025-05-24 13:59:05,2803,0
2025-05-24 13:59:05,2803,1
2025-05-24 13:59:11,2803,0
2025-05-24 13:59:11,2803,1
2025-05-24 13:59:27,2803,0
2025-05-24 13:59:27,2803,1
2025-05-24 13:59:33,2803,0
2025-05-24 13:59:34,2803,1
2025-05-24 13:59:40,2803,0
2025-05-24 13:59:40,2803,1
2025-05-24 13:59:56,2803,0
2025-05-24 13:59:56,2803,1
2025-05-24 14:00:11,2803,0
2025-05-24 14:00:11,2803,1
2025-05-24 14:00:19,2803,0
2025-05-24 14:00:19,2803,1
2025-05-24 14:00:25,2803,0
2025-05-24 14:00:25,2803,1
2025-05-24 14:00:33,2803,0
2025-05-24 14:00:33,2803,1
2025-05-24 14:00:45,2803,0
2025-05-24 14:00:45,2803,1
2025-05-24 14:00:53,2803,0
2025-05-24 14:00:53,2803,1
2025-05-24 14:01:01,2803,0
2025-05-24 14:01:01,2803,1
2025-05-24 14:01:18,2803,0
2025-05-24 14:01:18,2803,1
2025-05-24 14:01:26,2803,0
2025-05-24 14:01:26,2803,1
2025-05-24 14:01:32,2803,0
2025-05-24 14:01:32,2803,1
2025-05-24 14:01:36,2803,0
2025-05-24 14:01:36,2803,1
2025-05-24 14:01:44,2803,0
2025-05-24 14:01:44,2803,1
2025-05-24 14:01:52,2803,0
2025-05-24 14:01:52,2803,1
2025-05-24 14:02:06,2803,0
2025-05-24 14:02:06,2803,1
2025-05-24 14:02:51,2803,0
2025-05-24 14:02:51,2803,1
2025-05-24 14:02:57,2803,0
2025-05-24 14:02:57,2803,1
2025-05-24 14:03:01,2803,0
2025-05-24 14:03:01,2803,1
2025-05-24 14:03:09,2803,0
2025-05-24 14:03:09,2803,1
2025-05-24 14:03:13,2803,0
2025-05-24 14:03:13,2803,1
2025-05-24 14:03:21,2803,0
2025-05-24 14:03:21,2803,1
2025-05-24 14:03:23,2803,0
2025-05-24 14:03:24,2803,1
2025-05-24 14:03:32,2803,0
2025-05-24 14:03:32,2803,1
2025-05-24 14:03:38,2803,0
2025-05-24 14:03:38,2803,1
2025-05-24 14:03:46,2803,0
2025-05-24 14:03:46,2803,1
2025-05-24 14:04:00,2803,0
2025-05-24 14:04:00,2803,1
2025-05-24 14:04:04,2803,0
2025-05-24 14:04:04,2803,1
2025-05-24 14:04:08,2803,0
2025-05-24 14:04:08,2803,1
2025-05-24 14:04:16,2803,0
2025-05-24 14:04:16,2803,1
2025-05-24 14:04:22,2803,0
2025-05-24 14:04:22,2803,1
2025-05-24 14:04:28,2803,0
2025-05-24 14:04:29,2803,1
2025-05-24 14:04:37,2803,0
2025-05-24 14:04:37,2803,1
2025-05-24 14:04:39,2803,0
2025-05-24 14:04:39,2803,1
2025-05-24 14:04:41,2803,0
2025-05-24 14:04:41,2803,1
2025-05-24 14:04:45,2803,0
2025-05-24 14:04:45,2803,1
2025-05-24 14:04:47,2803,0
2025-05-24 14:04:47,2803,1
2025-05-24 14:04:49,2803,0
2025-05-24 14:04:49,2803,1
2025-05-24 14:04:55,2803,0
2025-05-24 14:04:55,2803,1
2025-05-24 14:04:59,2803,0
2025-05-24 14:04:59,2803,1
2025-05-24 14:05:01,2803,0
2025-05-24 14:05:02,2803,1
2025-05-24 14:05:06,2803,0
2025-05-24 14:05:06,2803,1
2025-05-24 14:05:10,2803,0
2025-05-24 14:05:10,2803,1
2025-05-24 14:05:16,2803,0
2025-05-24 14:05:16,2803,1
2025-05-24 14:05:18,2803,0
2025-05-24 14:05:18,2803,1
2025-05-24 14:05:26,2803,0
2025-05-24 14:05:26,2803,1
2025-05-24 14:05:30,2803,0
2025-05-24 14:05:30,2803,1
2025-05-24 14:05:34,2803,0
2025-05-24 14:05:35,2803,1
2025-05-24 14:05:37,2803,0
2025-05-24 14:05:37,2803,1
2025-05-24 14:05:39,2803,0
2025-05-24 14:05:39,2803,1
2025-05-24 14:05:43,2803,0
2025-05-24 14:05:43,2803,1
2025-05-24 14:05:45,2803,0
2025-05-24 14:05:45,2803,1
2025-05-24 14:05:47,2803,0
2025-05-24 14:05:47,2803,1
2025-05-24 14:05:51,2803,0
2025-05-24 14:05:51,2803,1
2025-05-24 14:05:57,2803,0
2025-05-24 14:05:57,2803,1
2025-05-24 14:05:59,2803,0
2025-05-24 14:06:00,2803,1
2025-05-24 14:06:02,2803,0
2025-05-24 14:06:02,2803,1
2025-05-24 14:06:04,2803,0
2025-05-24 14:06:04,2803,1
2025-05-24 14:06:06,2803,0
2025-05-24 14:06:06,2803,1
2025-05-24 14:06:10,2803,0
2025-05-24 14:06:10,2803,1
2025-05-24 14:06:12,2803,0
2025-05-24 14:06:12,2803,1
2025-05-24 14:06:14,2803,0
2025-05-24 14:06:14,2803,1
2025-05-24 14:06:18,2803,0
2025-05-24 14:06:18,2803,1
2025-05-24 14:06:22,2803,0
2025-05-24 14:06:23,2803,1
2025-05-24 14:06:25,2803,0
2025-05-24 14:06:25,2803,1
2025-05-24 14:06:27,2803,0
2025-05-24 14:06:27,2803,1
2025-05-24 14:06:31,2803,0
2025-05-24 14:06:31,2803,1
2025-05-24 14:06:33,2803,0
2025-05-24 14:06:33,2803,1
2025-05-24 14:06:37,2803,0
2025-05-24 14:06:37,2803,1
2025-05-24 14:06:41,2803,0
2025-05-24 14:06:41,2803,1
2025-05-24 14:06:43,2803,0
2025-05-24 14:06:44,2803,1
2025-05-24 14:06:46,2803,0
2025-05-24 14:06:46,2803,1
2025-05-24 14:06:50,2803,0
2025-05-24 14:06:50,2803,1
2025-05-24 14:06:52,2803,0
2025-05-24 14:06:52,2803,1
2025-05-24 14:06:56,2803,0
2025-05-24 14:06:56,2803,1
2025-05-24 14:06:58,2803,0
2025-05-24 14:06:58,2803,1
2025-05-24 14:07:02,2803,0
2025-05-24 14:07:02,2803,1
2025-05-24 14:07:04,2803,0
2025-05-24 14:07:05,2803,1
2025-05-24 14:07:07,2803,0
2025-05-24 14:07:07,2803,1
2025-05-24 14:07:11,2803,0
2025-05-24 14:07:11,2803,1
2025-05-24 14:07:17,2803,0
2025-05-24 14:07:17,2803,1
2025-05-24 14:07:21,2803,0
2025-05-24 14:07:21,2803,1
2025-05-24 14:07:25,2803,0
2025-05-24 14:07:25,2803,1
2025-05-24 14:07:27,2803,0
2025-05-24 14:07:28,2803,1
2025-05-24 14:07:30,2803,0
2025-05-24 14:07:30,2803,1
2025-05-24 14:07:36,2803,0
2025-05-24 14:07:36,2803,1
2025-05-24 14:07:38,2803,0
2025-05-24 14:07:38,2803,1
2025-05-24 14:07:42,2803,0
2025-05-24 14:07:42,2803,1
2025-05-24 14:07:44,2803,0
2025-05-24 14:07:44,2803,1
2025-05-24 14:07:48,2803,0
2025-05-24 14:07:48,2803,1
2025-05-24 14:07:50,2803,0
2025-05-24 14:07:50,2803,1
2025-05-24 14:07:54,2803,0
2025-05-24 14:07:55,2803,1
2025-05-24 14:07:57,2803,0
2025-05-24 14:07:57,2803,1
2025-05-24 14:07:59,2803,0
2025-05-24 14:07:59,2803,1
2025-05-24 14:08:01,2803,0
2025-05-24 14:08:01,2803,1
2025-05-24 14:08:03,2803,0
2025-05-24 14:08:03,2803,1
2025-05-24 14:08:05,2803,0
2025-05-24 14:08:06,2803,1
2025-05-24 14:08:08,2803,0
2025-05-24 14:08:08,2803,1
2025-05-24 14:08:10,2803,0
2025-05-24 14:08:10,2803,1
2025-05-24 14:08:12,2803,0
2025-05-24 14:08:12,2803,1
2025-05-24 14:08:14,2803,0
2025-05-24 14:08:14,2803,1
2025-05-24 14:08:18,2803,0
2025-05-24 14:08:18,2803,1
2025-05-24 14:08:24,2803,0
2025-05-24 14:08:24,2803,1
2025-05-24 14:08:28,2803,0
2025-05-24 14:08:28,2803,1
2025-05-24 14:08:34,2803,0
2025-05-24 14:08:35,2803,1
2025-05-24 14:08:39,2803,0
2025-05-24 14:08:39,2803,1
2025-05-24 14:08:41,2803,0
2025-05-24 14:08:41,2803,1
2025-05-24 14:08:43,2803,0
2025-05-24 14:08:43,2803,1
2025-05-24 14:08:45,2803,0
2025-05-24 14:08:45,2803,1
2025-05-24 14:08:47,2803,0
2025-05-24 14:08:48,2803,1
2025-05-24 14:08:50,2803,0
2025-05-24 14:08:50,2803,1
2025-05-24 14:08:52,2803,0
2025-05-24 14:08:53,2803,1
2025-05-24 14:08:55,2803,0
2025-05-24 14:08:55,2803,1
2025-05-24 14:08:57,2803,0
2025-05-24 14:08:58,2803,1
2025-05-24 14:09:02,2803,0
2025-05-24 14:09:02,2803,1
2025-05-24 14:09:06,2803,0
2025-05-24 14:09:06,2803,1
2025-05-24 14:09:12,2803,0
2025-05-24 14:09:12,2803,1
2025-05-24 14:09:14,2803,0
2025-05-24 14:09:15,2803,1
2025-05-24 14:09:17,2803,0
2025-05-24 14:09:17,2803,1
2025-05-24 14:09:21,2803,0
2025-05-24 14:09:21,2803,1
2025-05-24 14:09:23,2803,0
2025-05-24 14:09:23,2803,1
2025-05-24 14:09:27,2803,0
2025-05-24 14:09:27,2803,1
2025-05-24 14:09:29,2803,0
2025-05-24 14:09:30,2803,1
2025-05-24 14:09:32,2803,0
2025-05-24 14:09:33,2803,1
2025-05-24 14:09:35,2803,0
2025-05-24 14:09:36,2803,1
2025-05-24 14:09:40,2803,0
2025-05-24 14:09:41,2803,1
2025-05-24 14:09:43,2803,0
2025-05-24 14:09:44,2803,1
2025-05-24 14:09:50,2803,0
2025-05-24 14:09:50,2803,1
2025-05-24 14:09:52,2803,0
2025-05-24 14:09:52,2803,1
2025-05-24 14:09:56,2803,0
2025-05-24 14:09:57,2803,1
2025-05-24 14:10:01,2803,0
2025-05-24 14:10:01,2803,1
2025-05-24 14:10:05,2803,0
2025-05-24 14:10:05,2803,1
2025-05-24 14:10:09,2803,0
2025-05-24 14:10:09,2803,1
2025-05-24 14:10:13,2803,0
2025-05-24 14:10:14,2803,1
2025-05-24 14:10:16,2803,0
2025-05-24 14:10:18,2803,1
2025-05-24 14:10:20,2803,0
2025-05-24 14:10:22,2803,1
2025-05-24 14:10:24,2803,0
2025-05-24 14:10:25,2803,1
2025-05-24 14:10:29,2803,0
2025-05-24 14:10:30,2803,1
2025-05-24 14:10:38,2803,0
2025-05-24 14:10:38,2803,1
2025-05-24 14:10:42,2803,0
2025-05-24 14:10:42,2803,1
2025-05-24 14:10:44,2803,0
2025-05-24 14:10:45,2803,1
2025-05-24 14:10:47,2803,0
2025-05-24 14:10:47,2803,1
2025-05-24 14:10:53,2803,0
2025-05-24 14:10:53,2803,1
2025-05-24 14:10:59,2803,0
2025-05-24 14:11:00,2803,1
2025-05-24 14:11:02,2803,0
2025-05-24 14:11:09,2803,1
2025-05-24 14:11:13,2803,0
2025-05-24 14:11:13,2803,1
2025-05-24 14:11:15,2803,0
2025-05-24 14:11:15,2803,1
2025-05-24 14:11:17,2803,0
2025-05-24 14:11:18,2803,1
2025-05-24 14:11:26,2803,0
2025-05-24 14:11:26,2803,1
2025-05-24 14:11:28,2803,0
2025-05-24 14:11:28,2803,1
2025-05-24 14:11:32,2803,0
2025-05-24 14:11:32,2803,1
2025-05-24 14:11:34,2803,0
2025-05-24 14:11:34,2803,1
2025-05-24 14:11:36,2803,0
2025-05-24 14:11:36,2803,1
2025-05-24 14:11:38,2803,0
2025-05-24 14:11:39,2803,1
2025-05-24 14:11:41,2803,0
2025-05-24 14:11:41,2803,1
2025-05-24 14:11:45,2803,0
2025-05-24 14:11:46,2803,1
2025-05-24 14:11:48,2803,0
2025-05-24 14:11:57,2803,1
2025-05-24 14:12:01,2803,0
2025-05-24 14:12:01,2803,1
2025-05-24 14:12:05,2803,0
2025-05-24 14:12:06,2803,1
2025-05-24 14:12:10,2803,0
2025-05-24 14:12:10,2803,1
2025-05-24 14:12:12,2803,0
2025-05-24 14:12:13,2803,1
2025-05-24 14:12:15,2803,0
2025-05-24 14:12:15,2803,1
2025-05-24 14:12:17,2803,0
2025-05-24 14:12:18,2803,1
2025-05-24 14:12:22,2803,0
2025-05-24 14:12:23,2803,1
2025-05-24 14:12:27,2803,0
2025-05-24 14:12:28,2803,1
2025-05-24 14:12:30,2803,0
2025-05-24 14:12:30,2803,1
2025-05-24 14:12:32,2803,0
2025-05-24 14:12:32,2803,1
2025-05-24 14:12:34,2803,0
2025-05-24 14:12:43,2803,1
2025-05-24 14:12:47,2803,0
2025-05-24 14:12:48,2803,1
2025-05-24 14:12:50,2803,0
2025-05-24 14:12:50,2803,1
2025-05-24 14:12:53,2803,0
2025-05-24 14:12:53,2803,1
2025-05-24 14:12:55,2803,0
2025-05-24 14:12:56,2803,1
2025-05-24 14:12:58,2803,0
2025-05-24 14:12:58,2803,1
2025-05-24 14:13:00,2803,0
2025-05-24 14:13:01,2803,1
2025-05-24 14:13:03,2803,0
2025-05-24 14:13:05,2803,1
2025-05-24 14:13:09,2803,0
2025-05-24 14:13:09,2803,1
2025-05-24 14:13:11,2803,0
2025-05-24 14:13:30,2803,1
2025-05-24 14:13:32,2803,0
2025-05-24 14:13:32,2803,1
2025-05-24 14:13:34,2803,0
2025-05-24 14:13:34,2803,1
2025-05-24 14:13:36,2803,0
2025-05-24 14:13:37,2803,1
2025-05-24 14:13:39,2803,0
2025-05-24 14:13:39,2803,1
2025-05-24 14:13:41,2803,0
2025-05-24 14:13:42,2803,1
2025-05-24 14:13:44,2803,0
2025-05-24 14:13:44,2803,1
2025-05-24 14:13:46,2803,0
2025-05-24 14:13:47,2803,1
2025-05-24 14:13:49,2803,0
2025-05-24 14:13:51,2803,1
2025-05-24 14:13:53,2803,0
2025-05-24 14:13:53,2803,1
2025-05-24 14:13:55,2803,0
2025-05-24 14:13:55,2803,1
2025-05-24 14:13:57,2803,0
2025-05-24 14:14:17,2803,1
2025-05-24 14:14:21,2803,0
2025-05-24 14:14:22,2803,1
2025-05-24 14:14:24,2803,0
2025-05-24 14:14:24,2803,1
2025-05-24 14:14:26,2803,0
2025-05-24 14:14:27,2803,1
2025-05-24 14:14:29,2803,0
2025-05-24 14:14:30,2803,1
2025-05-24 14:14:32,2803,0
2025-05-24 14:14:32,2803,1
2025-05-24 14:14:34,2803,0
2025-05-24 14:14:34,2803,1
2025-05-24 14:14:36,2803,0
2025-05-24 14:14:37,2803,1
2025-05-24 14:14:41,2803,0
2025-05-24 14:14:42,2803,1
2025-05-24 14:14:44,2803,0
2025-05-24 14:15:02,2803,1
2025-05-24 14:15:04,2803,0
2025-05-24 14:15:04,2803,1
2025-05-24 14:15:06,2803,0
2025-05-24 14:15:07,2803,1
2025-05-24 14:15:09,2803,0
2025-05-24 14:15:09,2803,1
2025-05-24 14:15:11,2803,0
2025-05-24 14:15:12,2803,1
2025-05-24 14:15:14,2803,0
2025-05-24 14:15:16,2803,1
2025-05-24 14:15:20,2803,0
2025-05-24 14:15:20,2803,1
2025-05-24 14:15:22,2803,0
2025-05-24 14:15:23,2803,1
2025-05-24 14:15:25,2803,0
2025-05-24 14:15:25,2803,1
2025-05-24 14:15:27,2803,0
2025-05-24 14:15:28,2803,1
2025-05-24 14:15:30,2803,0
2025-05-24 14:15:40,2803,1
2025-05-24 14:15:42,2803,0
2025-05-24 14:15:42,2803,1
2025-05-24 14:15:44,2803,0
2025-05-24 14:15:50,2803,1
2025-05-24 14:15:52,2803,0
2025-05-24 14:15:53,2803,1
2025-05-24 14:15:55,2803,0
2025-05-24 14:15:56,2803,1
2025-05-24 14:15:58,2803,0
2025-05-24 14:15:58,2803,1
2025-05-24 14:16:00,2803,0
2025-05-24 14:16:02,2803,1
2025-05-24 14:16:04,2803,0
2025-05-24 14:16:04,2803,1
2025-05-24 14:16:06,2803,0
2025-05-24 14:16:07,2803,1
2025-05-24 14:16:09,2803,0
2025-05-24 14:16:10,2803,1
2025-05-24 14:16:14,2803,0
2025-05-24 14:16:14,2803,1
2025-05-24 14:16:16,2803,0
2025-05-24 14:16:37,2803,1
2025-05-24 14:16:39,2803,0
2025-05-24 14:16:40,2803,1
2025-05-24 14:16:42,2803,0
2025-05-24 14:16:43,2803,1
2025-05-24 14:16:45,2803,0
2025-05-24 14:16:45,2803,1
2025-05-24 14:16:47,2803,0
2025-05-24 14:16:48,2803,1
2025-05-24 14:16:52,2803,0
2025-05-24 14:16:57,2803,1
2025-05-24 14:16:59,2803,0
2025-05-24 14:17:18,2803,1
2025-05-24 14:17:20,2803,0
2025-05-24 14:17:23,2803,1
2025-05-24 14:17:25,2803,0
2025-05-24 14:17:26,2803,1
2025-05-24 14:17:28,2803,0
2025-05-24 14:17:35,2803,1
2025-05-24 14:17:39,2803,0
2025-05-24 14:18:12,2803,1
2025-05-24 14:18:14,2803,0
2025-05-24 14:18:23,2803,1
2025-05-24 14:18:25,2803,0
2025-05-25 00:13:54,3238,1
2025-05-25 00:13:56,3238,0
2025-05-25 20:29:02,1849,1
2025-05-25 20:29:02,1860,1
2025-05-25 20:29:02,77,1
2025-05-25 20:29:02,1859,1
2025-05-25 20:29:04,1859,0
2025-05-25 20:29:04,1860,0
2025-05-25 20:29:08,807,1
2025-05-26 13:55:12,801,2
2025-05-26 13:55:12,807,0
2025-05-26 13:55:12,1801,0
2025-05-26 13:55:12,1849,0
2025-05-26 13:55:12,2,0
2025-05-26 13:55:12,26,0
2025-05-26 13:55:12,77,0
2025-05-26 13:56:05,807,6
2025-05-26 13:56:05,1859,6
2025-05-26 13:56:06,77,6
2025-05-26 13:56:06,1860,6
2025-05-26 13:56:06,1849,6
2025-05-26 13:56:06,3238,6
2025-05-26 13:56:07,2803,6
2025-05-26 13:56:07,1801,6
2025-05-26 13:56:07,26,6
2025-05-26 13:56:07,2,6
2025-05-26 13:56:17,801,1
2025-05-26 13:56:17,1801,1
2025-05-26 13:56:17,1849,1
2025-05-26 13:56:17,26,1
2025-05-26 13:56:17,77,1
2025-05-26 13:56:20,77,3
2025-05-26 13:56:20,26,3
2025-05-26 13:56:21,1849,3
2025-05-26 13:56:21,1801,3
2025-05-26 13:56:21,801,3
2025-05-26 13:57:39,1849,2
2025-05-26 13:57:39,26,2
2025-05-26 13:57:39,77,2
2025-05-26 13:57:51,1865,1
2025-05-26 13:57:55,1865,3
2025-05-26 13:57:59,1855,1
2025-05-26 13:58:03,1865,2
2025-05-26 13:58:06,1855,3
2025-05-26 13:58:18,1865,1
2025-05-26 13:58:22,1865,3
2025-05-26 13:58:28,1855,2
2025-05-26 13:58:28,26,1
2025-05-26 13:58:29,1865,2
2025-05-26 13:58:30,26,3
2025-05-26 13:58:30,1849,1
2025-05-26 13:58:30,77,1
2025-05-26 13:58:30,77,3
2025-05-26 13:58:30,1849,3
2025-05-26 13:58:34,1849,2
2025-05-26 13:58:34,26,2
2025-05-26 13:58:34,77,2
2025-05-26 13:58:46,1865,1
2025-05-26 13:58:54,1855,1
2025-05-26 13:59:00,1855,3
2025-05-26 13:59:00,1865,3
2025-05-26 13:59:02,26,1
2025-05-26 13:59:02,1855,2
2025-05-26 13:59:02,1865,2
2025-05-26 13:59:04,26,0
2025-05-26 13:59:16,1865,1
2025-05-26 13:59:19,1865,3
2025-05-26 13:59:19,26,6
2025-05-26 13:59:21,26,3
2025-05-26 13:59:23,1849,1
2025-05-26 13:59:23,77,1
2025-05-26 13:59:30,77,3
2025-05-26 13:59:30,1849,3
2025-05-26 15:30:24,1865,2
2025-05-26 15:30:34,26,2
2025-05-26 15:31:42,1849,2
2025-05-26 15:31:42,77,2
2025-05-26 15:32:08,1803,1
2025-05-26 15:32:44,1803,0
2025-05-26 15:34:08,1608,1
2025-05-26 15:36:07,1849,1
2025-05-26 15:36:07,77,1
2025-05-26 15:36:27,1608,0
2025-05-26 15:36:31,26,1
2025-05-26 15:36:56,1849,0
2025-05-26 15:36:56,26,0
2025-05-26 15:36:56,77,0
2025-05-26 15:36:59,1803,6
2025-05-26 15:37:16,1855,1
2025-05-26 15:37:19,1608,6
2025-05-26 15:45:05,1855,0
2025-05-26 15:45:05,26,1
2025-05-26 15:45:07,1849,1
2025-05-26 15:45:07,77,1
2025-05-26 15:45:12,1849,0
2025-05-26 15:45:12,26,0
2025-05-26 15:45:12,77,0
2025-05-26 15:45:32,1855,1
2025-05-26 15:48:08,77,6
2025-05-26 15:48:09,1849,6
2025-05-26 15:48:09,26,6
2025-05-26 15:48:11,1855,3
2025-05-26 15:49:42,1855,2
2025-05-26 15:49:42,26,1
2025-05-26 15:49:44,1849,1
2025-05-26 15:49:44,77,1
2025-05-26 15:50:00,1849,0
2025-05-26 15:50:00,26,0
2025-05-26 15:50:00,77,0
2025-05-26 15:50:06,77,6
2025-05-26 15:50:11,1849,6
2025-05-26 15:50:14,26,6
2025-05-26 17:24:06,26,1
2025-05-26 17:24:26,26,0
2025-05-26 17:24:54,26,1
2025-05-26 17:25:06,26,0
2025-05-26 17:26:04,26,6
2025-05-26 17:29:22,71,1
2025-05-26 17:29:22,72,1
2025-05-26 17:29:22,73,1
2025-05-26 17:29:22,74,1
2025-05-26 17:29:22,75,1
2025-05-26 17:29:22,76,1
2025-05-26 17:29:29,807,1
2025-05-26 17:29:33,807,3
2025-05-26 17:29:33,76,3
2025-05-26 17:29:33,75,3
2025-05-26 17:29:33,74,3
2025-05-26 17:29:34,73,3
2025-05-26 17:29:34,72,3
2025-05-26 17:29:34,71,3
2025-05-26 17:29:37,71,2
2025-05-26 17:29:37,72,2
2025-05-26 17:29:37,73,2
2025-05-26 17:29:37,74,2
2025-05-26 17:29:37,75,2
2025-05-26 17:29:37,76,2
2025-05-26 17:29:55,1851,1
2025-05-26 17:30:00,1851,3
2025-05-26 17:30:10,1851,2
2025-05-26 17:30:16,807,2
2025-05-26 17:34:33,1,1
2025-05-26 17:36:14,1,0
2025-05-26 18:05:22,1,6
2025-05-26 18:06:07,1606,1
2025-05-26 18:06:20,1655,1
2025-05-26 18:06:22,1606,0
2025-05-26 18:06:22,1655,0
2025-05-26 18:06:22,1655,6
2025-05-26 18:06:23,1606,6
2025-05-26 18:30:09,1801,2
2025-05-27 11:30:03,71,1
2025-05-27 11:30:03,72,1
2025-05-27 11:30:03,73,1
2025-05-27 11:30:03,74,1
2025-05-27 11:30:03,75,1
2025-05-27 11:30:03,76,1
2025-05-27 11:30:10,76,3
2025-05-27 11:30:10,75,3
2025-05-27 11:30:11,74,3
2025-05-27 11:30:11,73,3
2025-05-27 11:30:11,72,3
2025-05-27 11:30:11,71,3
2025-05-27 11:30:14,71,2
2025-05-27 11:30:14,72,2
2025-05-27 11:30:14,73,2
2025-05-27 11:30:14,74,2
2025-05-27 11:30:14,75,2
2025-05-27 11:30:14,76,2
2025-05-27 11:42:27,3060,1
2025-05-27 11:52:15,1,1
2025-05-27 11:54:03,1,3
2025-05-27 11:54:03,3060,3
2025-05-27 11:56:16,1,2
2025-05-27 11:59:11,1,1
2025-05-27 11:59:37,1,0
2025-05-27 14:42:26,1,6
2025-05-27 14:47:44,3060,2
2025-05-27 15:28:39,26,1
2025-05-27 15:28:43,26,0
2025-05-27 15:28:57,26,6
2025-05-27 15:30:54,26,1
2025-05-27 15:30:56,26,0
2025-05-27 15:47:16,26,1
2025-05-27 15:47:28,26,0
2025-05-27 16:26:09,1,1
2025-05-27 16:29:08,1,0
2025-05-27 16:32:17,1,6
2025-05-27 16:32:17,26,6
2025-05-27 16:56:49,801,2
2025-05-27 16:58:19,801,1
2025-05-27 16:58:54,801,3
2025-05-27 17:00:01,801,3
2025-05-27 17:00:20,1421,1
2025-05-27 17:00:21,1421,3
2025-05-27 17:00:22,1421,2
2025-05-27 17:24:29,1805,1
2025-05-27 17:25:11,1805,0
2025-05-27 17:56:11,1610,1
2025-05-27 17:56:40,1610,3
2025-05-27 17:56:40,1805,6
2025-05-27 17:57:03,1610,2
2025-05-27 18:00:29,1,1
2025-05-27 18:09:09,1,3
2025-05-27 18:09:11,1,2
2025-05-27 18:40:48,1804,1
2025-05-27 18:41:08,1855,1
2025-05-27 18:41:32,1804,0
2025-05-27 19:02:14,1855,3
2025-05-27 19:02:44,1855,2
2025-05-27 19:02:50,1804,6
2025-05-27 20:23:19,2,1
2025-05-28 07:36:09,2,3
2025-05-28 07:40:51,2,2
2025-05-28 07:41:06,1,1
2025-05-28 07:41:46,1,0
2025-05-28 07:42:41,1,1
2025-05-28 07:43:50,1,0
2025-05-28 07:51:39,1,1
2025-05-28 07:52:37,1,0
2025-05-28 07:53:30,1,1
2025-05-28 07:53:57,1,0
2025-05-28 07:54:17,1,6
2025-05-29 03:36:56,33,1
2025-05-29 03:36:56,71,1
2025-05-29 03:36:56,72,1
2025-05-29 03:36:56,73,1
2025-05-29 03:36:56,74,1
2025-05-29 03:36:56,75,1
2025-05-29 03:36:56,76,1
2025-05-29 03:37:03,807,1
2025-05-29 03:37:07,807,3
2025-05-29 03:37:07,76,3
2025-05-29 03:37:08,75,3
2025-05-29 03:37:08,74,3
2025-05-29 03:37:09,73,3
2025-05-29 03:37:09,72,3
2025-05-29 03:37:11,71,3
2025-05-29 03:37:12,33,3
2025-05-29 03:38:50,33,2
2025-05-29 03:38:57,71,2
2025-05-29 03:38:57,72,2
2025-05-29 03:38:57,73,2
2025-05-29 03:38:57,74,2
2025-05-29 03:38:57,75,2
2025-05-29 03:38:57,76,2
2025-05-29 03:39:06,807,2
2025-05-29 03:40:02,33,1
2025-05-29 03:40:02,71,1
2025-05-29 03:40:02,72,1
2025-05-29 03:40:02,73,1
2025-05-29 03:40:02,74,1
2025-05-29 03:40:02,75,1
2025-05-29 03:40:02,76,1
2025-05-29 03:40:09,807,1
2025-05-29 03:40:13,807,3
2025-05-29 03:40:14,76,3
2025-05-29 03:40:14,75,3
2025-05-29 03:40:15,74,3
2025-05-29 03:40:15,73,3
2025-05-29 03:40:15,72,3
2025-05-29 03:40:15,71,3
2025-05-29 03:40:16,33,3
2025-05-29 03:42:05,68,1
2025-05-29 03:42:25,68,3
2025-05-29 03:55:05,33,2
2025-05-29 03:55:13,68,2
2025-05-29 03:55:13,71,2
2025-05-29 03:55:13,72,2
2025-05-29 03:55:13,73,2
2025-05-29 03:55:13,74,2
2025-05-29 03:55:13,75,2
2025-05-29 03:55:13,76,2
2025-05-29 03:55:23,807,2
2025-05-29 04:04:02,71,1
2025-05-29 04:04:02,72,1
2025-05-29 04:04:02,73,1
2025-05-29 04:04:02,74,1
2025-05-29 04:04:02,75,1
2025-05-29 04:04:02,76,1
2025-05-29 04:04:06,33,1
2025-05-29 04:04:09,807,1
2025-05-29 04:04:18,807,3
2025-05-29 04:04:19,33,3
2025-05-29 04:04:19,76,3
2025-05-29 04:04:19,75,3
2025-05-29 04:04:19,74,3
2025-05-29 04:04:20,73,3
2025-05-29 04:04:20,72,3
2025-05-29 04:04:20,71,3
2025-05-29 04:04:34,33,2
2025-05-29 04:04:38,33,1
2025-05-29 04:04:39,33,3
2025-05-29 04:04:57,33,2
2025-05-29 04:05:12,71,2
2025-05-29 04:05:12,72,2
2025-05-29 04:05:12,73,2
2025-05-29 04:05:12,74,2
2025-05-29 04:05:12,75,2
2025-05-29 04:05:12,76,2
2025-05-29 04:05:22,807,2
2025-05-29 04:06:10,33,1
2025-05-29 04:06:10,71,1
2025-05-29 04:06:10,72,1
2025-05-29 04:06:10,73,1
2025-05-29 04:06:10,74,1
2025-05-29 04:06:10,75,1
2025-05-29 04:06:10,76,1
2025-05-29 04:06:16,807,1
2025-05-29 04:06:18,807,3
2025-05-29 04:06:19,76,3
2025-05-29 04:06:19,75,3
2025-05-29 04:06:19,74,3
2025-05-29 04:06:20,73,3
2025-05-29 04:06:20,72,3
2025-05-29 04:06:20,71,3
2025-05-29 04:06:20,33,3
2025-05-29 04:06:51,33,2
2025-05-29 04:06:55,71,2
2025-05-29 04:06:55,72,2
2025-05-29 04:06:55,73,2
2025-05-29 04:06:55,74,2
2025-05-29 04:06:55,75,2
2025-05-29 04:06:55,76,2
2025-05-29 04:06:58,807,2
2025-05-29 04:32:40,71,1
2025-05-29 04:32:40,72,1
2025-05-29 04:32:40,73,1
2025-05-29 04:32:40,74,1
2025-05-29 04:32:40,75,1
2025-05-29 04:32:40,76,1
2025-05-29 04:32:47,807,1
2025-05-29 04:32:49,71,0
2025-05-29 04:32:49,72,0
2025-05-29 04:32:49,73,0
2025-05-29 04:32:49,74,0
2025-05-29 04:32:49,75,0
2025-05-29 04:32:49,76,0
2025-05-29 04:32:57,807,3
2025-05-29 04:32:57,76,6
2025-05-29 04:32:58,75,6
2025-05-29 04:32:58,74,6
2025-05-29 04:32:58,73,6
2025-05-29 04:32:58,72,6
2025-05-29 04:32:59,71,6
2025-05-29 04:33:02,807,2
2025-05-29 04:50:04,34,1
2025-05-29 04:50:06,34,0
2025-05-29 04:50:29,34,6
2025-05-29 05:01:19,3238,1
2025-05-29 05:01:21,3238,0
2025-05-29 05:02:24,3238,6
2025-05-29 05:32:13,33,1
2025-05-29 05:32:13,71,1
2025-05-29 05:32:13,72,1
2025-05-29 05:32:13,73,1
2025-05-29 05:32:13,74,1
2025-05-29 05:32:13,75,1
2025-05-29 05:32:13,76,1
2025-05-29 05:32:20,807,1
2025-05-29 05:33:14,807,3
2025-05-29 05:33:14,76,3
2025-05-29 05:33:15,75,3
2025-05-29 05:33:15,74,3
2025-05-29 05:33:15,73,3
2025-05-29 05:33:15,72,3
2025-05-29 05:33:16,71,3
2025-05-29 05:33:16,33,3
2025-05-29 05:35:05,33,2
2025-05-29 05:35:07,71,2
2025-05-29 05:35:07,72,2
2025-05-29 05:35:07,73,2
2025-05-29 05:35:07,74,2
2025-05-29 05:35:07,75,2
2025-05-29 05:35:07,76,2
2025-05-29 05:35:16,807,2
2025-05-29 06:20:20,34,1
2025-05-29 06:20:22,34,0
2025-05-29 06:20:26,34,6
2025-05-29 06:37:44,34,1
2025-05-29 06:37:46,34,0
2025-05-29 06:37:54,34,6
2025-05-29 08:34:36,34,1
2025-05-29 08:34:38,34,0
2025-05-29 08:35:25,34,6
2025-05-29 10:07:45,3238,1
2025-05-29 10:07:47,3238,0
2025-05-29 18:27:53,3238,1
2025-05-29 18:27:55,3238,0
2025-05-29 19:09:54,3238,1
2025-05-29 19:09:56,3238,0
2025-05-30 10:53:38,3238,6
2025-05-30 17:42:52,3238,1
2025-05-30 17:42:54,3238,0
2025-05-30 19:42:43,3238,6
2025-05-30 20:01:41,34,1
2025-05-30 20:01:43,34,0
2025-05-30 21:06:18,34,6
2025-05-30 21:07:31,34,1
2025-05-30 21:07:33,34,0
2025-05-30 21:13:19,34,6
2025-05-30 21:24:22,34,1
2025-05-30 21:24:24,34,0
2025-05-31 02:47:43,34,6
2025-05-31 02:59:03,71,1
2025-05-31 02:59:03,72,1
2025-05-31 02:59:03,73,1
2025-05-31 02:59:03,74,1
2025-05-31 02:59:03,75,1
2025-05-31 02:59:03,76,1
2025-05-31 02:59:07,807,1
2025-05-31 02:59:08,807,3
2025-05-31 02:59:08,76,3
2025-05-31 02:59:08,75,3
2025-05-31 02:59:09,74,3
2025-05-31 02:59:09,73,3
2025-05-31 02:59:09,72,3
2025-05-31 02:59:10,71,3
2025-05-31 02:59:26,33,1
2025-05-31 02:59:31,33,3
2025-05-31 02:59:47,33,2
2025-05-31 02:59:51,71,2
2025-05-31 02:59:51,72,2
2025-05-31 02:59:51,73,2
2025-05-31 02:59:51,74,2
2025-05-31 02:59:51,75,2
2025-05-31 02:59:51,76,2
2025-05-31 02:59:54,807,2
2025-05-31 03:10:04,3220,1
2025-05-31 03:10:08,3220,0
2025-05-31 03:10:09,3220,1
2025-05-31 03:10:11,3220,0
2025-05-31 03:10:33,3220,1
2025-05-31 03:10:35,3220,0
2025-05-31 03:10:36,3220,1
2025-05-31 03:10:38,3220,0
2025-05-31 03:10:38,3220,1
2025-05-31 03:10:40,3220,0
2025-05-31 03:10:41,3220,1
2025-05-31 03:10:43,3220,0
2025-05-31 03:11:24,3220,1
2025-05-31 03:11:26,3220,0
2025-05-31 03:12:22,3220,1
2025-05-31 03:12:24,3220,0
2025-05-31 03:12:24,3220,1
2025-05-31 03:12:26,3220,0
2025-05-31 03:12:27,3220,1
2025-05-31 03:12:29,3220,0
2025-05-31 03:12:41,3220,1
2025-05-31 03:12:45,3220,0
2025-05-31 03:12:45,3220,1
2025-05-31 03:12:47,3220,0
2025-05-31 03:13:22,3220,1
2025-05-31 03:13:51,3220,0
2025-05-31 03:14:33,3220,1
2025-05-31 03:14:35,3220,0
2025-05-31 03:14:51,3220,1
2025-05-31 03:14:53,3220,0
2025-05-31 03:14:54,3220,1
2025-05-31 03:14:56,3220,0
2025-05-31 03:15:24,3220,1
2025-05-31 03:15:26,3220,0
2025-05-31 03:15:27,3220,1
2025-05-31 03:26:14,3220,0
2025-05-31 03:26:24,3220,1
2025-05-31 03:26:27,3220,0
2025-05-31 03:26:28,3220,1
2025-05-31 03:26:30,3220,0
2025-05-31 03:26:30,3220,1
2025-05-31 03:26:33,3220,0
2025-05-31 03:26:34,3220,1
2025-05-31 03:26:42,3220,0
2025-05-31 03:26:45,3220,1
2025-05-31 03:26:47,3220,0
2025-05-31 03:26:47,3220,1
2025-05-31 03:26:52,3220,0
2025-05-31 03:26:53,3220,1
2025-05-31 03:27:04,3220,0
2025-05-31 03:27:04,3220,1
2025-05-31 03:27:06,3220,0
2025-05-31 03:27:08,3220,1
2025-05-31 03:27:10,3220,0
2025-05-31 03:27:11,3220,1
2025-05-31 03:27:24,3220,0
2025-05-31 03:27:28,3220,1
2025-05-31 03:27:30,3220,0
2025-05-31 03:27:31,3220,1
2025-05-31 03:27:33,3220,0
2025-05-31 03:27:36,3220,1
2025-05-31 03:27:38,3220,0
2025-05-31 03:27:39,3220,1
2025-05-31 03:27:41,3220,0
2025-05-31 03:28:06,3220,1
2025-05-31 03:28:13,3220,0
2025-05-31 03:28:32,3220,1
2025-05-31 03:28:34,3220,0
2025-05-31 03:28:34,3220,1
2025-05-31 03:28:36,3220,0
2025-05-31 03:28:36,3220,1
2025-05-31 03:28:38,3220,0
2025-05-31 03:29:43,3220,1
2025-05-31 03:29:45,3220,0
2025-05-31 03:29:46,3220,1
2025-05-31 03:29:48,3220,0
2025-05-31 03:30:11,3220,1
2025-05-31 03:30:13,3220,0
2025-05-31 03:30:42,3220,1
2025-05-31 03:30:44,3220,0
2025-05-31 03:30:55,3220,1
2025-05-31 03:31:08,3220,0
2025-05-31 03:31:45,3220,1
2025-05-31 03:31:47,3220,0
2025-05-31 03:31:47,3220,1
2025-05-31 03:31:54,3220,0
2025-05-31 03:32:02,3220,1
2025-05-31 03:32:04,3220,0
2025-05-31 03:32:04,3220,1
2025-05-31 03:32:28,3220,0
2025-05-31 03:32:29,3220,1
2025-05-31 03:32:32,3220,3
2025-05-31 03:33:18,3220,2
2025-05-31 03:33:20,3220,1
2025-05-31 03:33:22,3220,0
2025-05-31 03:33:22,3220,1
2025-05-31 03:33:27,3220,3
2025-05-31 03:34:09,3220,2
2025-05-31 03:34:10,3220,1
2025-05-31 03:35:00,3220,0
2025-05-31 03:35:02,3220,1
2025-05-31 03:35:17,3220,0
2025-05-31 03:35:17,3220,1
2025-05-31 03:35:20,3220,0
2025-05-31 03:35:27,3220,1
2025-05-31 03:35:57,3220,0
2025-05-31 03:35:57,3220,1
2025-05-31 03:36:15,3220,0
2025-05-31 03:36:15,3220,1
2025-05-31 03:36:17,3220,0
2025-05-31 03:36:48,3220,1
2025-05-31 03:36:59,3220,0
2025-05-31 03:37:00,3220,1
2025-05-31 03:37:02,3220,0
2025-05-31 03:37:09,3220,1
2025-05-31 03:37:11,3220,0
2025-05-31 03:37:11,3220,1
2025-05-31 03:37:27,3220,0
2025-05-31 03:37:27,3220,1
2025-05-31 03:37:29,3220,0
2025-05-31 03:37:30,3220,1
2025-05-31 03:37:46,3220,0
2025-05-31 03:37:46,3220,1
2025-05-31 03:37:51,3220,0
2025-05-31 03:37:52,3220,1
2025-05-31 03:37:54,3220,0
2025-05-31 03:37:54,3220,1
2025-05-31 03:39:00,3220,0
2025-05-31 03:39:01,3220,1
2025-05-31 03:39:19,3220,0
2025-05-31 03:39:19,3220,1
2025-05-31 03:39:33,3220,0
2025-05-31 03:39:33,3220,1
2025-05-31 03:39:48,3220,0
2025-05-31 03:39:49,3220,1
2025-05-31 03:39:51,3220,0
2025-05-31 03:39:51,3220,1
2025-05-31 03:39:53,3220,0
2025-05-31 03:39:54,3220,1
2025-05-31 03:39:56,3220,0
2025-05-31 03:39:57,3220,1
2025-05-31 03:40:01,3220,0
2025-05-31 03:40:05,3220,1
2025-05-31 03:57:02,3220,0
2025-05-31 03:57:02,3220,1
2025-05-31 03:57:04,3220,0
2025-05-31 03:57:07,3220,1
2025-05-31 03:57:13,3220,0
2025-05-31 03:57:18,3220,1
2025-05-31 03:57:21,3220,0
2025-05-31 03:57:21,3220,1
2025-05-31 03:57:23,3220,0
2025-05-31 03:57:24,3220,1
2025-05-31 03:57:27,3220,0
2025-05-31 03:57:27,3220,1
2025-05-31 03:57:29,3220,0
2025-05-31 03:57:31,3220,1
2025-05-31 03:57:33,3220,0
2025-05-31 03:57:34,3220,1
2025-05-31 03:57:36,3220,0
2025-05-31 03:57:41,3220,1
2025-05-31 03:57:43,3220,0
2025-05-31 03:57:45,3220,1
2025-05-31 03:59:54,2,1
2025-05-31 04:10:40,3220,0
2025-05-31 12:01:46,2,3
2025-05-31 12:01:47,3220,6
2025-05-31 12:16:13,34,1
2025-05-31 12:16:15,34,0
2025-05-31 13:28:20,34,1
2025-05-31 13:28:22,34,0
2025-05-31 15:13:10,3238,1
2025-05-31 15:13:12,3238,0
2025-05-31 18:45:32,3238,6
2025-05-31 18:45:32,34,6
2025-05-31 18:45:44,2,2
2025-05-31 19:14:57,34,1
2025-05-31 19:14:59,34,0
2025-05-31 19:15:15,34,6
2025-05-31 19:40:38,73,1
2025-05-31 19:40:38,1653,1
2025-05-31 19:40:45,807,1
2025-05-31 19:40:46,73,0
2025-05-31 19:40:55,807,3
2025-05-31 19:40:55,73,6
2025-05-31 19:40:55,1653,3
2025-05-31 19:40:58,807,2
2025-05-31 19:41:00,1653,2
2025-05-31 20:33:28,34,1
2025-05-31 20:33:30,34,0
2025-05-31 20:43:42,34,6
2025-05-31 21:26:47,2,1
2025-06-01 01:29:12,2,0
2025-06-01 01:32:29,2,6
2025-06-01 01:43:18,34,1
2025-06-01 01:43:20,34,0
2025-06-01 01:47:23,34,6
2025-06-01 02:04:57,34,1
2025-06-01 02:04:59,34,0
2025-06-01 02:06:16,34,6
2025-06-01 02:43:45,26,1
2025-06-01 02:44:42,26,0
2025-06-01 02:45:25,26,1
2025-06-01 02:45:27,26,0
2025-06-01 08:39:46,3238,1
2025-06-01 08:39:48,3238,0
2025-06-01 17:08:49,3238,1
2025-06-01 17:08:51,3238,0
2025-06-01 19:45:16,3238,1
2025-06-01 19:45:18,3238,0
2025-06-03 11:11:53,3238,6
2025-06-03 11:11:54,26,6
2025-06-03 12:26:30,1804,1
2025-06-03 12:26:33,1804,0
2025-06-03 12:26:50,1855,1
2025-06-03 16:57:23,3219,1
2025-06-03 17:09:32,3219,0
2025-06-03 17:20:07,3219,6
2025-06-03 17:20:07,1855,3
2025-06-03 17:20:07,1804,6
2025-06-03 17:20:14,1855,2
2025-06-03 21:28:20,2,1
2025-06-04 07:26:24,3238,1
2025-06-04 07:26:26,3238,0
2025-06-04 08:57:04,3238,6
2025-06-04 08:57:04,2,3
2025-06-04 08:57:13,2,2
2025-06-04 09:19:04,3220,1
2025-06-04 09:19:13,3220,0
2025-06-04 10:07:11,2,1
2025-06-05 09:01:07,2,3
2025-06-05 09:01:07,3220,6
2025-06-05 09:01:12,2,2
2025-06-05 09:06:39,26,1
2025-06-05 10:06:38,2,1
2025-06-05 12:16:48,3238,1
2025-06-05 12:16:51,3238,0
2025-06-05 16:38:51,3238,6
2025-06-05 16:38:52,2,3
2025-06-05 16:38:52,26,3
2025-06-05 16:38:57,2,2
2025-06-05 16:38:57,26,2
2025-06-05 16:39:54,26,1
2025-06-05 17:39:54,2,1
2025-06-05 18:08:58,2,0
2025-06-05 18:08:58,26,0
2025-06-05 18:09:01,2,6
2025-06-05 18:09:02,26,6
2025-06-05 18:09:50,26,1
2025-06-05 19:02:11,26,0
2025-06-05 19:03:25,26,1
2025-06-05 19:04:39,26,0
2025-06-05 19:05:19,26,1
2025-06-05 20:05:18,2,1
2025-06-06 01:43:47,3238,1
2025-06-06 01:43:49,3238,0
2025-06-06 12:06:02,3238,6
2025-06-06 12:06:03,2,0
2025-06-06 12:06:03,26,0
2025-06-06 12:06:04,2,6
2025-06-06 12:06:04,26,6
2025-06-06 12:19:08,26,1
2025-06-06 13:19:08,2,1
2025-06-06 21:05:26,2,0
2025-06-06 21:05:26,26,0
2025-06-06 21:05:28,2,6
2025-06-06 21:05:28,26,6
2025-06-06 22:10:40,2,1
2025-06-07 01:19:54,2,0
2025-06-07 01:25:51,3224,1
2025-06-07 01:25:53,3224,0
2025-06-07 01:25:59,3224,6
2025-06-07 01:25:59,2,6
2025-06-07 01:30:14,1606,1
2025-06-07 01:30:16,1606,0
2025-06-07 02:37:04,3220,1
2025-06-07 02:53:05,3220,0
2025-06-07 03:29:21,2,1
2025-06-07 21:46:06,1801,1
2025-06-08 09:59:28,3238,1
2025-06-08 09:59:30,3238,0
2025-06-08 11:55:37,2,0
2025-06-08 11:56:57,3238,6
2025-06-08 11:56:57,1801,3
2025-06-08 11:56:57,2,6
2025-06-08 11:56:57,3220,6
2025-06-08 11:56:58,1606,6
2025-06-08 12:30:27,1801,2
2025-06-08 16:01:35,1804,1
2025-06-08 16:01:38,1804,0
2025-06-08 16:01:55,1855,1
2025-06-08 16:02:10,1855,3
2025-06-08 16:02:10,1804,6
2025-06-08 16:03:52,1855,2
2025-06-08 19:04:52,1804,1
2025-06-08 19:04:56,1804,0
2025-06-08 19:05:12,1855,1
2025-06-08 19:07:05,1855,0
2025-06-08 19:07:26,1855,6
2025-06-08 19:07:27,1804,6
2025-06-08 21:43:42,72,1
2025-06-08 21:43:47,72,3
2025-06-08 21:43:48,807,3
2025-06-08 21:44:00,72,2
2025-06-08 21:44:02,807,2
2025-06-08 21:44:19,72,1
2025-06-08 21:44:22,72,3
2025-06-08 21:44:26,807,3
2025-06-08 21:54:29,72,2
2025-06-08 21:54:39,807,2
2025-06-08 23:11:48,2803,1
2025-06-08 23:11:50,2803,0
2025-06-08 23:11:54,2803,1
2025-06-08 23:11:56,2803,0
2025-06-08 23:11:59,2803,1
2025-06-08 23:12:02,2803,0
2025-06-08 23:12:06,2803,1
2025-06-08 23:12:08,2803,0
2025-06-08 23:13:36,2803,1
2025-06-08 23:13:38,2803,0
2025-06-08 23:13:42,2803,1
2025-06-08 23:13:44,2803,0
2025-06-08 23:13:48,2803,1
2025-06-08 23:13:50,2803,0
2025-06-08 23:13:54,2803,1
2025-06-08 23:13:56,2803,0
2025-06-08 23:14:07,2803,1
2025-06-08 23:14:09,2803,0
2025-06-08 23:14:13,2803,1
2025-06-08 23:14:15,2803,0
2025-06-08 23:14:19,2803,1
2025-06-08 23:14:21,2803,0
2025-06-08 23:15:38,2803,1
2025-06-08 23:15:40,2803,0
2025-06-08 23:15:44,2803,1
2025-06-08 23:15:46,2803,0
2025-06-08 23:15:50,2803,1
2025-06-08 23:15:52,2803,0
2025-06-08 23:15:56,2803,1
2025-06-08 23:15:58,2803,0
2025-06-08 23:16:15,2803,1
2025-06-08 23:16:17,2803,0
2025-06-08 23:17:58,2803,1
2025-06-08 23:18:00,2803,0
2025-06-08 23:18:04,2803,1
2025-06-08 23:18:06,2803,0
2025-06-08 23:18:10,2803,1
2025-06-08 23:18:12,2803,0
2025-06-08 23:18:16,2803,1
2025-06-08 23:18:18,2803,0
2025-06-08 23:19:17,2803,1
2025-06-08 23:19:19,2803,0
2025-06-08 23:19:24,2803,1
2025-06-08 23:19:25,2803,0
2025-06-08 23:19:30,2803,1
2025-06-08 23:19:32,2803,0
2025-06-08 23:19:36,2803,1
2025-06-08 23:19:38,2803,0
2025-06-08 23:19:48,2803,1
2025-06-08 23:19:50,2803,0
2025-06-08 23:24:07,2803,1
2025-06-08 23:24:09,2803,0
2025-06-08 23:26:27,2803,1
2025-06-08 23:26:29,2803,0
2025-06-08 23:26:32,2803,1
2025-06-08 23:26:34,2803,0
2025-06-08 23:26:39,2803,1
2025-06-08 23:26:41,2803,0
2025-06-08 23:26:44,2803,1
2025-06-08 23:26:46,2803,0
2025-06-08 23:28:16,2803,1
2025-06-08 23:28:18,2803,0
2025-06-08 23:30:12,2803,1
2025-06-08 23:30:14,2803,0
2025-06-08 23:33:31,2803,1
2025-06-08 23:33:33,2803,0
2025-06-08 23:34:27,2803,1
2025-06-08 23:34:29,2803,0
2025-06-08 23:39:56,2803,1
2025-06-08 23:39:58,2803,0
2025-06-08 23:40:08,2803,1
2025-06-08 23:40:10,2803,0
2025-06-08 23:40:14,2803,1
2025-06-08 23:40:16,2803,0
2025-06-08 23:47:32,2803,1
2025-06-08 23:47:34,2803,0
2025-06-08 23:51:49,2803,6
2025-06-08 23:52:55,72,1
2025-06-08 23:53:02,807,1
2025-06-08 23:54:02,807,3
2025-06-08 23:54:02,72,3
2025-06-08 23:54:04,72,2
2025-06-08 23:54:12,807,2
2025-06-08 23:54:49,2803,1
2025-06-08 23:54:51,2803,0
2025-06-08 23:55:01,2803,1
2025-06-08 23:55:03,2803,0
2025-06-08 23:55:07,2803,1
2025-06-08 23:55:09,2803,0
2025-06-08 23:55:13,2803,1
2025-06-08 23:55:15,2803,0
2025-06-08 23:55:19,2803,1
2025-06-08 23:55:22,2803,0
2025-06-08 23:55:57,2803,1
2025-06-08 23:55:59,2803,0
2025-06-08 23:56:09,2803,1
2025-06-08 23:56:11,2803,0
2025-06-08 23:56:22,2803,1
2025-06-08 23:56:24,2803,0
2025-06-08 23:56:28,2803,1
2025-06-08 23:56:30,2803,0
2025-06-08 23:56:47,2803,1
2025-06-08 23:56:49,2803,0
2025-06-08 23:59:23,2803,1
2025-06-08 23:59:25,2803,0
2025-06-08 23:59:29,2803,1
2025-06-08 23:59:31,2803,0
2025-06-09 00:00:57,2803,1
2025-06-09 00:00:59,2803,0
2025-06-09 00:01:22,2803,1
2025-06-09 00:01:24,2803,0
2025-06-09 00:01:28,2803,1
2025-06-09 00:01:30,2803,0
2025-06-09 00:01:34,2803,1
2025-06-09 00:01:36,2803,0
2025-06-09 00:07:15,2801,1
2025-06-09 00:24:55,2801,0
2025-06-09 00:27:47,2823,1
2025-06-09 00:27:49,2823,0
2025-06-09 00:28:39,2801,6
2025-06-09 00:28:39,2803,6
2025-06-09 00:28:39,2823,6
2025-06-09 01:47:53,1804,1
2025-06-09 01:47:57,1804,0
2025-06-09 01:48:13,1855,1
2025-06-09 01:49:30,1855,3
2025-06-09 01:49:55,1855,2
2025-06-10 17:04:16,26,1
2025-06-10 17:05:29,26,0
2025-06-10 17:05:30,26,1
2025-06-10 17:21:18,26,0
2025-06-10 17:22:01,26,6
2025-06-10 17:22:01,1804,6
2025-06-14 11:32:17,3238,1
2025-06-14 11:32:19,3238,0
2025-06-14 11:36:23,3238,6
2025-06-14 15:55:37,73,1
2025-06-14 15:55:44,807,1
2025-06-14 15:59:20,3238,1
2025-06-14 15:59:22,3238,0
2025-06-14 16:08:18,73,0
2025-06-14 16:08:23,3238,6
2025-06-14 16:08:23,807,3
2025-06-14 16:08:23,73,6
2025-06-14 16:08:28,807,2
2025-06-14 16:17:43,73,1
2025-06-14 16:17:50,807,1
2025-06-14 16:19:03,73,0
2025-06-14 16:19:04,807,3
2025-06-14 16:19:04,73,6
2025-06-14 16:19:13,807,2
2025-06-14 16:42:01,73,1
2025-06-14 16:42:08,807,1
2025-06-14 16:42:36,73,0
2025-06-14 16:42:38,807,3
2025-06-14 16:42:38,73,6
2025-06-14 16:42:46,807,2
2025-06-14 16:44:33,73,1
2025-06-14 16:44:40,807,1
2025-06-14 16:44:43,73,0
2025-06-14 16:44:44,807,3
2025-06-14 16:44:44,73,6
2025-06-14 16:44:52,807,2
2025-06-14 18:51:25,73,1
2025-06-14 18:51:32,807,1
2025-06-14 19:10:36,73,0
2025-06-14 19:10:37,807,3
2025-06-14 19:10:37,73,6
2025-06-14 19:10:45,807,2
2025-06-14 19:31:56,72,1
2025-06-14 19:32:03,807,1
2025-06-14 19:32:10,72,0
2025-06-14 19:32:12,807,3
2025-06-14 19:32:12,72,6
2025-06-14 19:32:19,807,2
2025-06-14 20:54:30,3238,1
2025-06-14 20:54:32,3238,0
2025-06-14 21:01:34,3238,1
2025-06-14 21:01:36,3238,0
2025-06-14 21:10:23,3238,1
2025-06-14 21:10:25,3238,0
2025-06-15 13:23:26,3238,6
2025-06-15 13:30:15,26,1
2025-06-15 13:56:51,26,0
2025-06-15 13:58:15,26,1
2025-06-16 14:30:40,3238,1
2025-06-16 14:30:42,3238,0
2025-06-16 15:03:01,3238,6
2025-06-16 15:03:01,26,3
2025-06-16 15:03:04,26,2
2025-06-16 21:28:59,3238,1
2025-06-16 21:29:01,3238,0
2025-06-16 21:35:33,3238,1
2025-06-16 21:35:35,3238,0
2025-06-17 15:42:26,3238,1
2025-06-17 15:42:28,3238,0
2025-06-17 23:55:54,3238,1
2025-06-17 23:55:56,3238,0
2025-06-19 00:58:24,3238,6
2025-06-19 01:05:08,1,1
2025-06-19 01:05:11,1,0
2025-06-19 01:05:11,1,6
2025-06-19 01:05:29,1,1
2025-06-19 01:07:42,1,0
2025-06-19 01:07:43,1,6
2025-06-19 02:21:24,71,1
2025-06-19 02:21:24,72,1
2025-06-19 02:21:24,73,1
2025-06-19 02:21:24,74,1
2025-06-19 02:21:24,75,1
2025-06-19 02:21:24,76,1
2025-06-19 02:21:29,71,0
2025-06-19 02:21:29,72,0
2025-06-19 02:21:29,73,0
2025-06-19 02:21:29,74,0
2025-06-19 02:21:29,75,0
2025-06-19 02:21:29,76,0
2025-06-19 02:21:31,807,1
2025-06-19 02:21:39,807,3
2025-06-19 02:21:39,76,6
2025-06-19 02:21:39,75,6
2025-06-19 02:21:40,74,6
2025-06-19 02:21:40,73,6
2025-06-19 02:21:40,72,6
2025-06-19 02:21:41,71,6
2025-06-19 02:21:43,807,2
2025-06-19 02:21:51,71,1
2025-06-19 02:21:51,72,1
2025-06-19 02:21:51,73,1
2025-06-19 02:21:51,74,1
2025-06-19 02:21:51,75,1
2025-06-19 02:21:51,76,1
2025-06-19 02:21:58,807,1
2025-06-19 02:22:05,807,3
2025-06-19 02:22:05,76,3
2025-06-19 02:22:05,75,3
2025-06-19 02:22:06,74,3
2025-06-19 02:22:06,73,3
2025-06-19 02:22:06,72,3
2025-06-19 02:22:06,71,3
2025-06-19 02:22:09,71,2
2025-06-19 02:22:09,72,2
2025-06-19 02:22:09,73,2
2025-06-19 02:22:09,74,2
2025-06-19 02:22:09,75,2
2025-06-19 02:22:09,76,2
2025-06-19 02:22:11,807,2
2025-06-19 02:22:42,71,1
2025-06-19 02:22:42,72,1
2025-06-19 02:22:42,73,1
2025-06-19 02:22:42,74,1
2025-06-19 02:22:42,75,1
2025-06-19 02:22:42,76,1
2025-06-19 02:22:45,76,3
2025-06-19 02:22:46,75,3
2025-06-19 02:22:46,74,3
2025-06-19 02:22:46,73,3
2025-06-19 02:22:46,72,3
2025-06-19 02:22:47,71,3
2025-06-19 02:22:49,807,1
2025-06-19 02:22:49,71,2
2025-06-19 02:22:49,72,2
2025-06-19 02:22:49,73,2
2025-06-19 02:22:49,74,2
2025-06-19 02:22:49,75,2
2025-06-19 02:22:49,76,2
2025-06-19 02:22:57,807,0
2025-06-19 02:23:03,807,6
2025-06-19 02:25:52,71,1
2025-06-19 02:25:52,72,1
2025-06-19 02:25:52,73,1
2025-06-19 02:25:52,74,1
2025-06-19 02:25:52,75,1
2025-06-19 02:25:52,76,1
2025-06-19 02:25:59,807,1
2025-06-19 02:26:00,807,3
2025-06-19 02:26:01,76,3
2025-06-19 02:26:01,75,3
2025-06-19 02:26:01,74,3
2025-06-19 02:26:01,73,3
2025-06-19 02:26:02,72,3
2025-06-19 02:26:02,71,3
2025-06-19 02:26:36,71,2
2025-06-19 02:26:36,72,2
2025-06-19 02:26:36,73,2
2025-06-19 02:26:36,74,2
2025-06-19 02:26:36,75,2
2025-06-19 02:26:36,76,2
2025-06-19 02:26:45,807,2
2025-06-19 04:56:05,73,1
2025-06-19 04:56:12,807,1
2025-06-19 05:05:41,73,0
2025-06-19 05:05:44,807,3
2025-06-19 05:05:44,73,6
2025-06-19 05:05:50,807,2
2025-06-19 05:15:58,73,1
2025-06-19 05:16:05,807,1
2025-06-19 05:18:51,807,3
2025-06-19 05:18:51,73,3
2025-06-19 05:18:53,73,2
2025-06-19 05:19:02,807,2
2025-06-19 05:20:03,73,1
2025-06-19 05:20:10,807,1
2025-06-19 05:20:28,807,3
2025-06-19 05:20:28,73,3
2025-06-19 05:20:31,73,2
2025-06-19 05:20:40,807,2
2025-06-19 05:27:18,73,1
2025-06-19 05:27:25,807,1
2025-06-19 05:28:00,73,0
2025-06-19 05:28:02,807,3
2025-06-19 05:28:02,73,6
2025-06-19 05:28:10,807,2
2025-06-19 06:01:39,73,1
2025-06-19 06:01:46,807,1
2025-06-19 06:40:41,73,0
2025-06-19 06:40:43,807,3
2025-06-19 06:40:43,73,6
2025-06-19 06:40:51,807,2
2025-06-19 07:17:34,2802,1
2025-06-19 07:17:36,2802,0
2025-06-19 07:17:40,2802,1
2025-06-19 07:17:42,2802,0
2025-06-19 07:17:47,2802,1
2025-06-19 07:17:49,2802,0
2025-06-19 07:41:33,73,1
2025-06-19 07:41:40,807,1
2025-06-19 08:03:49,73,0
2025-06-19 08:03:50,2802,6
2025-06-19 08:03:50,807,3
2025-06-19 08:03:50,73,6
2025-06-19 08:03:58,807,2
2025-06-19 08:43:07,33,1
2025-06-19 08:43:07,71,1
2025-06-19 08:43:07,72,1
2025-06-19 08:43:07,73,1
2025-06-19 08:43:07,74,1
2025-06-19 08:43:07,75,1
2025-06-19 08:43:07,76,1
2025-06-19 08:43:14,807,1
2025-06-19 08:43:47,33,0
2025-06-19 08:43:50,807,3
2025-06-19 08:43:50,33,6
2025-06-19 08:43:50,71,3
2025-06-19 08:43:50,72,3
2025-06-19 08:43:50,73,3
2025-06-19 08:43:50,74,3
2025-06-19 08:43:50,75,3
2025-06-19 08:43:50,76,3
2025-06-19 08:43:52,71,2
2025-06-19 08:43:52,72,2
2025-06-19 08:43:52,73,2
2025-06-19 08:43:52,74,2
2025-06-19 08:43:52,75,2
2025-06-19 08:43:52,76,2
2025-06-19 08:44:00,807,2
2025-06-19 15:20:23,26,1
2025-06-19 15:20:26,26,3
2025-06-19 15:23:44,26,2
2025-06-19 15:25:31,26,1
2025-06-19 15:53:12,3238,1
2025-06-19 15:53:14,3238,0
2025-06-19 17:04:52,26,0
2025-06-19 17:04:57,3238,6
2025-06-19 17:04:57,26,6
2025-06-19 17:06:23,26,1
2025-06-19 18:31:37,26,3
2025-06-20 10:03:22,3238,1
2025-06-20 10:03:24,3238,0
2025-06-20 14:06:25,26,2
2025-06-20 14:06:49,26,1
2025-06-20 14:09:44,26,0
2025-06-20 14:14:59,26,6
2025-06-20 14:14:59,3238,6
2025-06-20 14:19:00,1,1
2025-06-20 14:29:00,1,0
2025-06-20 14:29:01,1,6
2025-06-20 17:29:07,1421,1
2025-06-20 17:29:08,1421,0
2025-06-20 17:29:38,1421,6
2025-06-20 17:59:36,3001,1
2025-06-20 17:59:38,3001,0
2025-06-20 18:13:53,3238,1
2025-06-20 18:13:55,3238,0
2025-06-20 18:14:48,3238,6
2025-06-20 18:14:49,3001,6
2025-06-20 23:22:31,3238,1
2025-06-20 23:22:33,3238,0
2025-06-21 08:01:08,3238,6
2025-06-21 14:09:43,71,1
2025-06-21 14:09:43,72,1
2025-06-21 14:09:43,73,1
2025-06-21 14:09:43,74,1
2025-06-21 14:09:43,75,1
2025-06-21 14:09:43,76,1
2025-06-21 14:09:57,71,0
2025-06-21 14:09:57,72,0
2025-06-21 14:09:57,73,0
2025-06-21 14:09:57,74,0
2025-06-21 14:09:57,75,0
2025-06-21 14:09:57,76,0
2025-06-21 14:10:04,76,6
2025-06-21 14:10:04,75,6
2025-06-21 14:10:04,74,6
2025-06-21 14:10:04,73,6
2025-06-21 14:10:05,72,6
2025-06-21 14:10:05,71,6
2025-06-21 14:11:05,71,1
2025-06-21 14:11:05,72,1
2025-06-21 14:11:05,73,1
2025-06-21 14:11:05,74,1
2025-06-21 14:11:05,75,1
2025-06-21 14:11:05,76,1
2025-06-21 14:11:10,76,3
2025-06-21 14:11:10,75,3
2025-06-21 14:11:11,74,3
2025-06-21 14:11:11,73,3
2025-06-21 14:11:11,72,3
2025-06-21 14:11:12,71,3
2025-06-21 14:11:43,71,2
2025-06-21 14:11:43,72,2
2025-06-21 14:11:43,73,2
2025-06-21 14:11:43,74,2
2025-06-21 14:11:43,75,2
2025-06-21 14:11:43,76,2
2025-06-21 14:12:36,71,1
2025-06-21 14:12:36,72,1
2025-06-21 14:12:36,73,1
2025-06-21 14:12:36,74,1
2025-06-21 14:12:36,75,1
2025-06-21 14:12:36,76,1
2025-06-21 14:12:43,807,1
2025-06-21 14:12:52,807,3
2025-06-21 14:12:52,76,3
2025-06-21 14:12:52,75,3
2025-06-21 14:12:53,74,3
2025-06-21 14:12:53,73,3
2025-06-21 14:12:53,72,3
2025-06-21 14:12:54,71,3
2025-06-21 14:14:10,71,2
2025-06-21 14:14:10,72,2
2025-06-21 14:14:10,73,2
2025-06-21 14:14:10,74,2
2025-06-21 14:14:10,75,2
2025-06-21 14:14:10,76,2
2025-06-21 14:14:12,807,2
2025-06-22 13:10:01,1,1
2025-06-22 13:13:12,1,0
2025-06-22 13:13:12,1,6
2025-06-22 13:18:27,26,1
2025-06-22 13:18:29,26,0
2025-06-22 13:18:31,1,1
2025-06-22 13:18:58,1,0
2025-06-22 13:18:59,1,6
2025-06-22 13:18:59,26,6
2025-06-22 13:19:06,26,1
2025-06-22 13:19:11,26,0
2025-06-22 13:21:39,26,6
2025-06-22 13:21:46,26,1
2025-06-22 13:21:54,26,0
2025-06-22 13:21:56,26,6
2025-06-22 13:27:25,1,1
2025-06-22 13:27:26,1,3
2025-06-22 13:32:15,1,2
2025-06-22 13:40:37,2829,1
2025-06-22 13:40:39,2829,0
2025-06-22 13:40:47,2829,6
2025-06-22 20:03:32,71,1
2025-06-22 20:03:32,72,1
2025-06-22 20:03:32,73,1
2025-06-22 20:03:32,74,1
2025-06-22 20:03:32,75,1
2025-06-22 20:03:32,76,1
2025-06-22 20:03:39,807,1
2025-06-22 20:03:40,807,3
2025-06-22 20:03:40,76,3
2025-06-22 20:03:41,75,3
2025-06-22 20:03:41,74,3
2025-06-22 20:03:41,73,3
2025-06-22 20:03:42,72,3
2025-06-22 20:03:42,71,3
2025-06-22 20:04:01,71,2
2025-06-22 20:04:01,72,2
2025-06-22 20:04:01,73,2
2025-06-22 20:04:01,74,2
2025-06-22 20:04:01,75,2
2025-06-22 20:04:01,76,2
2025-06-22 20:04:05,807,2
2025-06-22 20:04:59,71,1
2025-06-22 20:04:59,72,1
2025-06-22 20:04:59,73,1
2025-06-22 20:04:59,74,1
2025-06-22 20:04:59,75,1
2025-06-22 20:04:59,76,1
2025-06-22 20:05:03,76,3
2025-06-22 20:05:04,75,3
2025-06-22 20:05:04,74,3
2025-06-22 20:05:04,73,3
2025-06-22 20:05:04,72,3
2025-06-22 20:05:05,71,3
2025-06-22 20:05:06,807,1
2025-06-22 20:05:08,807,3
2025-06-22 20:06:04,71,2
2025-06-22 20:06:04,72,2
2025-06-22 20:06:04,73,2
2025-06-22 20:06:04,74,2
2025-06-22 20:06:04,75,2
2025-06-22 20:06:04,76,2
2025-06-22 20:06:09,807,2
2025-06-22 20:06:21,71,1
2025-06-22 20:06:21,72,1
2025-06-22 20:06:21,73,1
2025-06-22 20:06:21,74,1
2025-06-22 20:06:21,75,1
2025-06-22 20:06:21,76,1
2025-06-22 20:06:27,76,3
2025-06-22 20:06:27,807,1
2025-06-22 20:06:27,75,3
2025-06-22 20:06:28,807,3
2025-06-22 20:06:28,74,3
2025-06-22 20:06:28,73,3
2025-06-22 20:06:29,72,3
2025-06-22 20:06:29,71,3
2025-06-22 20:07:03,71,2
2025-06-22 20:07:03,72,2
2025-06-22 20:07:03,73,2
2025-06-22 20:07:03,74,2
2025-06-22 20:07:03,75,2
2025-06-22 20:07:03,76,2
2025-06-22 20:07:12,807,2
2025-06-22 20:07:34,71,1
2025-06-22 20:07:34,72,1
2025-06-22 20:07:34,73,1
2025-06-22 20:07:34,74,1
2025-06-22 20:07:34,75,1
2025-06-22 20:07:34,76,1
2025-06-22 20:07:38,76,3
2025-06-22 20:07:38,75,3
2025-06-22 20:07:38,74,3
2025-06-22 20:07:38,73,3
2025-06-22 20:07:39,72,3
2025-06-22 20:07:39,71,3
2025-06-22 20:07:41,807,1
2025-06-22 20:08:05,807,3
2025-06-22 20:08:36,71,2
2025-06-22 20:08:36,72,2
2025-06-22 20:08:36,73,2
2025-06-22 20:08:36,74,2
2025-06-22 20:08:36,75,2
2025-06-22 20:08:36,76,2
2025-06-22 20:08:39,807,2
2025-06-22 20:08:46,71,1
2025-06-22 20:08:46,72,1
2025-06-22 20:08:46,73,1
2025-06-22 20:08:46,74,1
2025-06-22 20:08:46,75,1
2025-06-22 20:08:46,76,1
2025-06-22 20:08:49,76,3
2025-06-22 20:08:49,75,3
2025-06-22 20:08:49,74,3
2025-06-22 20:08:49,73,3
2025-06-22 20:08:50,72,3
2025-06-22 20:08:50,71,3
2025-06-22 20:08:53,807,1
2025-06-22 20:09:02,807,3
2025-06-22 20:09:27,71,2
2025-06-22 20:09:27,72,2
2025-06-22 20:09:27,73,2
2025-06-22 20:09:27,74,2
2025-06-22 20:09:27,75,2
2025-06-22 20:09:27,76,2
2025-06-22 20:09:37,807,2
2025-06-22 20:51:12,73,1
2025-06-22 20:51:19,807,1
2025-06-22 20:52:35,807,3
2025-06-22 20:52:37,73,3
2025-06-22 20:53:15,73,2
2025-06-22 20:53:24,807,2
2025-06-22 23:33:10,26,1
2025-06-22 23:36:02,26,0
2025-06-22 23:58:23,26,1
2025-06-23 01:19:36,26,3
2025-06-23 01:22:23,26,2
2025-06-23 01:22:41,26,1
2025-06-23 01:22:43,26,0
2025-06-23 01:28:34,26,6
2025-06-23 01:46:46,73,1
2025-06-23 01:46:53,807,1
2025-06-23 01:48:08,807,3
2025-06-23 01:48:08,73,3
2025-06-23 01:48:10,73,2
2025-06-23 01:48:13,807,2
2025-06-23 10:58:00,26,1
2025-06-23 16:05:18,26,0
2025-06-23 16:05:28,1,1
2025-06-23 16:05:31,1,3
2025-06-23 16:05:31,26,6
2025-06-23 16:08:26,1,2
2025-06-23 16:08:28,26,1
2025-06-23 16:13:48,1608,1
2025-06-23 16:14:13,26,0
2025-06-23 16:14:13,1610,1
2025-06-23 16:14:57,1610,3
2025-06-23 16:14:57,1608,3
2025-06-23 16:14:58,26,6
2025-06-23 16:15:13,26,1
2025-06-23 16:15:13,1610,2
2025-06-23 16:15:17,26,0
2025-06-23 16:15:17,1610,1
2025-06-23 16:15:38,1610,3
2025-06-23 16:15:38,26,6
2025-06-23 16:15:45,1610,2
2025-06-23 16:15:52,1610,1
2025-06-23 16:15:56,1610,3
2025-06-23 16:16:02,71,1
2025-06-23 16:16:02,72,1
2025-06-23 16:16:02,73,1
2025-06-23 16:16:02,74,1
2025-06-23 16:16:02,75,1
2025-06-23 16:16:02,76,1
2025-06-23 16:16:04,71,0
2025-06-23 16:16:04,72,0
2025-06-23 16:16:04,73,0
2025-06-23 16:16:04,74,0
2025-06-23 16:16:04,75,0
2025-06-23 16:16:04,76,0
2025-06-23 16:16:05,76,6
2025-06-23 16:16:06,75,6
2025-06-23 16:16:06,74,6
2025-06-23 16:16:06,73,6
2025-06-23 16:16:07,72,6
2025-06-23 16:16:07,71,6
2025-06-23 16:17:01,26,1
2025-06-23 16:17:01,1610,2
2025-06-23 16:17:22,26,3
2025-06-23 16:17:35,26,2
2025-06-23 16:18:07,1610,1
2025-06-23 16:18:17,1610,3
2025-06-23 16:18:39,1608,2
2025-06-23 16:18:42,1610,2
2025-06-23 16:19:10,26,1
2025-06-23 16:19:12,26,0
2025-06-23 16:19:25,1,1
2025-06-23 16:20:54,1,0
2025-06-23 16:20:57,1,6
2025-06-23 16:20:57,26,6
2025-06-23 16:21:00,26,3
2025-06-24 14:05:13,26,2
2025-06-25 23:03:28,68,1
2025-06-27 20:48:35,807,1
2025-06-27 21:02:49,807,0
2025-06-27 21:03:14,1855,1
2025-06-28 08:12:39,1855,3
2025-06-28 08:12:39,807,6
2025-06-28 08:12:40,68,3
2025-06-28 08:12:45,68,2
2025-06-28 08:13:13,1855,2
2025-06-28 08:13:18,68,1
2025-06-28 08:13:31,68,3
2025-06-28 08:13:34,68,2
2025-06-28 08:15:54,1,1
2025-06-28 08:25:55,1,0
2025-06-28 08:25:56,1,6
2025-06-29 01:43:13,72,1
2025-06-29 01:43:20,807,1
2025-06-29 01:45:56,807,3
2025-06-29 01:45:56,72,3
2025-06-29 01:53:59,72,2
2025-06-29 01:54:09,807,2
2025-06-29 04:47:47,3404,1
2025-06-29 04:47:49,3404,0
2025-06-29 05:23:52,72,1
2025-06-29 05:23:52,1653,1
2025-06-29 05:23:57,3404,6
2025-06-29 05:23:57,72,3
2025-06-29 05:23:57,1653,3
2025-06-29 05:23:59,807,3
2025-06-29 05:31:46,72,2
2025-06-29 05:31:49,807,2
2025-06-29 05:31:49,1653,2
2025-06-29 05:35:25,26,1
2025-06-29 05:35:33,26,0
2025-06-29 08:25:11,26,6
2025-06-29 08:35:04,26,1
2025-06-29 16:23:43,26,0
2025-06-29 16:45:47,26,6
2025-06-29 19:21:07,3238,1
2025-06-29 19:21:09,3238,0
2025-07-01 14:28:17,3238,6
2025-07-01 15:53:49,73,1
2025-07-01 15:53:56,807,1
2025-07-01 15:54:25,807,3
2025-07-01 15:54:25,73,3
2025-07-01 16:10:34,73,2
2025-07-01 16:10:42,807,2
2025-07-01 18:52:18,72,1
2025-07-01 18:52:25,807,1
2025-07-01 18:53:06,72,0
2025-07-01 18:56:45,807,3
2025-07-01 18:56:45,72,6
2025-07-01 18:56:47,807,2
2025-07-01 19:20:34,26,1
2025-07-01 19:21:17,33,1
2025-07-01 19:21:17,71,1
2025-07-01 19:21:17,72,1
2025-07-01 19:21:17,73,1
2025-07-01 19:21:17,74,1
2025-07-01 19:21:17,75,1
2025-07-01 19:21:17,76,1
2025-07-01 19:21:22,33,0
2025-07-01 19:21:24,807,1
2025-07-01 19:22:10,807,3
2025-07-01 19:22:10,76,3
2025-07-01 19:22:11,75,3
2025-07-01 19:22:11,74,3
2025-07-01 19:22:11,73,3
2025-07-01 19:22:11,72,3
2025-07-01 19:22:12,71,3
2025-07-01 19:22:12,33,6
2025-07-01 19:22:13,26,3
2025-07-01 19:22:16,71,2
2025-07-01 19:22:16,72,2
2025-07-01 19:22:16,73,2
2025-07-01 19:22:16,74,2
2025-07-01 19:22:16,75,2
2025-07-01 19:22:16,76,2
2025-07-01 19:22:24,807,2
2025-07-01 19:22:54,26,2
2025-07-01 19:27:10,26,1
2025-07-01 19:27:12,26,0
2025-07-01 19:27:35,26,6
2025-07-01 19:36:23,34,1
2025-07-01 19:36:25,34,0
2025-07-01 19:36:43,1855,1
2025-07-02 02:06:52,1855,3
2025-07-02 02:06:52,34,6
2025-07-02 02:06:59,1855,2
2025-07-02 21:17:58,26,1
2025-07-02 21:18:14,26,0
2025-07-02 21:18:14,26,1
2025-07-02 21:18:16,26,0
2025-07-02 21:18:16,26,1
2025-07-02 21:18:18,26,0
2025-07-02 21:18:18,26,1
2025-07-02 21:18:26,1865,1
2025-07-02 23:41:27,1865,3
2025-07-02 23:41:27,26,3
2025-07-02 23:42:18,26,2
2025-07-02 23:42:18,26,1
2025-07-02 23:42:20,26,0
2025-07-02 23:42:22,26,1
2025-07-02 23:42:28,26,0
2025-07-02 23:42:32,26,1
2025-07-02 23:42:33,26,3
2025-07-02 23:43:07,26,2
2025-07-02 23:43:58,26,1
2025-07-02 23:52:58,26,0
2025-07-02 23:53:36,26,1
2025-07-03 10:55:36,1865,2
2025-07-05 20:13:04,26,0
2025-07-05 20:15:59,26,1
2025-07-06 07:44:33,26,0
2025-07-06 07:49:33,1,1
2025-07-06 07:49:37,1,3
2025-07-06 07:49:37,26,6
2025-07-06 07:51:01,1,2
2025-07-06 11:41:31,71,1
2025-07-06 11:41:31,72,1
2025-07-06 11:41:31,73,1
2025-07-06 11:41:31,74,1
2025-07-06 11:41:31,75,1
2025-07-06 11:41:31,76,1
2025-07-06 11:41:38,807,1
2025-07-06 11:43:21,71,0
2025-07-06 11:43:21,72,0
2025-07-06 11:43:21,73,0
2025-07-06 11:43:21,74,0
2025-07-06 11:43:21,75,0
2025-07-06 11:43:21,76,0
2025-07-06 11:43:36,807,3
2025-07-06 11:43:37,76,6
2025-07-06 11:43:37,75,6
2025-07-06 11:43:37,74,6
2025-07-06 11:43:38,73,6
2025-07-06 11:43:38,72,6
2025-07-06 11:43:38,71,6
2025-07-06 11:43:41,807,2
2025-07-06 11:48:44,71,1
2025-07-06 11:48:44,72,1
2025-07-06 11:48:44,73,1
2025-07-06 11:48:44,74,1
2025-07-06 11:48:44,75,1
2025-07-06 11:48:44,76,1
2025-07-06 11:48:51,807,1
2025-07-06 11:49:17,807,3
2025-07-06 11:49:17,76,3
2025-07-06 11:49:18,75,3
2025-07-06 11:49:18,74,3
2025-07-06 11:49:18,73,3
2025-07-06 11:49:18,72,3
2025-07-06 11:49:19,71,3
2025-07-06 11:50:33,71,2
2025-07-06 11:50:33,72,2
2025-07-06 11:50:33,73,2
2025-07-06 11:50:33,74,2
2025-07-06 11:50:33,75,2
2025-07-06 11:50:33,76,2
2025-07-06 11:50:42,807,2
2025-07-06 11:51:33,33,1
2025-07-06 11:51:33,71,1
2025-07-06 11:51:33,72,1
2025-07-06 11:51:33,73,1
2025-07-06 11:51:33,74,1
2025-07-06 11:51:33,75,1
2025-07-06 11:51:33,76,1
2025-07-06 11:51:40,807,1
2025-07-06 11:52:23,33,0
2025-07-06 11:52:25,807,3
2025-07-06 11:52:25,76,3
2025-07-06 11:52:25,75,3
2025-07-06 11:52:25,74,3
2025-07-06 11:52:26,73,3
2025-07-06 11:52:26,72,3
2025-07-06 11:52:26,71,3
2025-07-06 11:52:27,33,6
2025-07-06 11:52:29,71,2
2025-07-06 11:52:29,72,2
2025-07-06 11:52:29,73,2
2025-07-06 11:52:29,74,2
2025-07-06 11:52:29,75,2
2025-07-06 11:52:29,76,2
2025-07-06 11:52:32,807,2
2025-07-06 11:56:28,71,1
2025-07-06 11:56:28,72,1
2025-07-06 11:56:28,73,1
2025-07-06 11:56:28,74,1
2025-07-06 11:56:28,75,1
2025-07-06 11:56:28,76,1
2025-07-06 11:56:35,807,1
2025-07-06 11:56:56,807,3
2025-07-06 11:56:56,76,3
2025-07-06 11:56:56,75,3
2025-07-06 11:56:56,74,3
2025-07-06 11:56:57,73,3
2025-07-06 11:56:57,72,3
2025-07-06 11:56:57,71,3
2025-07-06 12:01:26,71,2
2025-07-06 12:01:26,72,2
2025-07-06 12:01:26,73,2
2025-07-06 12:01:26,74,2
2025-07-06 12:01:26,75,2
2025-07-06 12:01:26,76,2
2025-07-06 12:01:35,807,2
2025-07-06 12:02:47,71,1
2025-07-06 12:02:47,72,1
2025-07-06 12:02:47,73,1
2025-07-06 12:02:47,74,1
2025-07-06 12:02:47,75,1
2025-07-06 12:02:47,76,1
2025-07-06 12:02:54,807,1
2025-07-06 12:04:01,71,0
2025-07-06 12:04:01,72,0
2025-07-06 12:04:01,73,0
2025-07-06 12:04:01,74,0
2025-07-06 12:04:01,75,0
2025-07-06 12:04:01,76,0
2025-07-06 12:04:04,807,3
2025-07-06 12:04:04,76,6
2025-07-06 12:04:05,75,6
2025-07-06 12:04:05,74,6
2025-07-06 12:04:05,73,6
2025-07-06 12:04:06,72,6
2025-07-06 12:04:06,71,6
2025-07-06 12:04:08,807,2
2025-07-06 12:10:52,71,1
2025-07-06 12:10:52,72,1
2025-07-06 12:10:52,73,1
2025-07-06 12:10:52,74,1
2025-07-06 12:10:52,75,1
2025-07-06 12:10:52,76,1
2025-07-06 12:10:59,807,1
2025-07-06 12:12:19,807,3
2025-07-06 12:12:20,76,3
2025-07-06 12:12:20,75,3
2025-07-06 12:12:21,74,3
2025-07-06 12:12:21,73,3
2025-07-06 12:12:21,72,3
2025-07-06 12:12:28,71,0
2025-07-06 12:12:28,72,2
2025-07-06 12:12:28,73,2
2025-07-06 12:12:28,74,2
2025-07-06 12:12:28,75,2
2025-07-06 12:12:28,76,2
2025-07-06 12:12:36,71,6
2025-07-06 12:12:38,807,2
2025-07-06 12:28:25,34,1
2025-07-06 12:28:27,34,0
2025-07-06 13:07:39,34,6
2025-07-06 17:37:00,3219,1
2025-07-06 17:39:40,3219,0
2025-07-06 18:13:25,33,1
2025-07-06 18:13:25,71,1
2025-07-06 18:13:25,72,1
2025-07-06 18:13:25,73,1
2025-07-06 18:13:25,74,1
2025-07-06 18:13:25,75,1
2025-07-06 18:13:25,76,1
2025-07-06 18:13:32,807,1
2025-07-06 18:14:16,33,0
2025-07-06 18:14:17,71,0
2025-07-06 18:14:17,72,0
2025-07-06 18:14:17,73,0
2025-07-06 18:14:17,74,0
2025-07-06 18:14:17,75,0
2025-07-06 18:14:17,76,0
2025-07-06 18:14:19,26,1
2025-07-06 18:14:26,26,3
2025-07-06 18:14:26,807,3
2025-07-06 18:14:27,76,6
2025-07-06 18:14:27,75,6
2025-07-06 18:14:27,74,6
2025-07-06 18:14:27,73,6
2025-07-06 18:14:28,72,6
2025-07-06 18:14:28,71,6
2025-07-06 18:14:28,33,6
2025-07-06 18:14:28,3219,6
2025-07-06 18:14:30,807,2
2025-07-06 18:14:39,26,2
2025-07-06 18:29:16,34,1
2025-07-06 18:29:18,34,0
2025-07-06 19:15:16,2,1
2025-07-07 08:42:06,2,0
2025-07-07 08:45:17,2,6
2025-07-07 08:45:21,34,6
2025-07-08 21:13:14,2,1
2025-07-08 21:50:19,2,0
2025-07-09 14:32:21,2,6
2025-07-10 02:53:23,73,1
2025-07-10 02:53:30,807,1
2025-07-10 03:36:24,73,0
2025-07-10 03:36:26,807,3
2025-07-10 03:36:26,73,6
2025-07-10 03:36:34,807,2
2025-07-10 04:53:41,71,1
2025-07-10 04:53:41,72,1
2025-07-10 04:53:41,73,1
2025-07-10 04:53:41,74,1
2025-07-10 04:53:41,75,1
2025-07-10 04:53:41,76,1
2025-07-10 04:53:48,807,1
2025-07-10 04:54:29,71,0
2025-07-10 04:54:29,72,0
2025-07-10 04:54:29,73,0
2025-07-10 04:54:29,74,0
2025-07-10 04:54:29,75,0
2025-07-10 04:54:29,76,0
2025-07-10 04:54:43,807,3
2025-07-10 04:54:43,76,6
2025-07-10 04:54:44,75,6
2025-07-10 04:54:44,74,6
2025-07-10 04:54:44,73,6
2025-07-10 04:54:45,72,6
2025-07-10 04:54:45,71,6
2025-07-10 04:54:48,807,2
2025-07-10 04:55:03,71,1
2025-07-10 04:55:03,72,1
2025-07-10 04:55:03,73,1
2025-07-10 04:55:03,74,1
2025-07-10 04:55:03,75,1
2025-07-10 04:55:03,76,1
2025-07-10 04:55:07,76,3
2025-07-10 04:55:08,75,3
2025-07-10 04:55:08,74,3
2025-07-10 04:55:08,73,3
2025-07-10 04:55:09,72,3
2025-07-10 04:55:09,71,3
2025-07-10 04:55:09,807,1
2025-07-10 04:55:10,807,3
2025-07-10 04:55:33,71,2
2025-07-10 04:55:33,72,2
2025-07-10 04:55:33,73,2
2025-07-10 04:55:33,74,2
2025-07-10 04:55:33,75,2
2025-07-10 04:55:33,76,2
2025-07-10 04:55:36,807,2
2025-07-13 06:13:58,73,1
2025-07-13 06:14:05,807,1
2025-07-13 06:15:46,807,3
2025-07-13 06:15:46,73,3
2025-07-13 06:21:39,73,2
2025-07-13 06:21:49,807,2
2025-07-13 10:21:53,26,1
2025-07-13 10:21:58,26,3
2025-07-13 10:25:06,26,2
2025-07-13 10:34:07,26,1
2025-07-13 10:34:18,26,0
2025-07-13 12:35:34,26,6
2025-07-15 05:07:07,71,1
2025-07-15 05:07:07,72,1
2025-07-15 05:07:07,73,1
2025-07-15 05:07:07,74,1
2025-07-15 05:07:07,75,1
2025-07-15 05:07:07,76,1
2025-07-15 05:07:10,71,0
2025-07-15 05:07:10,72,0
2025-07-15 05:07:10,73,0
2025-07-15 05:07:10,74,0
2025-07-15 05:07:10,75,0
2025-07-15 05:07:10,76,0
2025-07-15 05:07:14,76,6
2025-07-15 05:07:15,75,6
2025-07-15 05:07:15,74,6
2025-07-15 05:07:15,73,6
2025-07-15 05:07:16,72,6
2025-07-15 05:07:16,71,6
2025-07-15 09:00:54,73,1
2025-07-15 09:01:01,807,1
2025-07-15 09:01:20,807,3
2025-07-15 09:01:20,73,3
2025-07-15 09:01:22,73,2
2025-07-15 09:01:31,807,2
2025-07-15 09:03:06,73,1
2025-07-15 09:03:12,807,1
2025-07-15 09:03:50,807,3
2025-07-15 09:03:50,73,3
2025-07-15 09:03:52,73,2
2025-07-15 09:04:01,807,2
2025-07-15 09:27:15,73,1
2025-07-15 09:27:21,73,3
2025-07-15 09:27:22,807,3
2025-07-15 09:27:23,73,2
2025-07-15 09:27:32,807,2
2025-07-15 09:28:19,73,1
2025-07-15 09:28:23,73,3
2025-07-15 09:28:25,807,3
2025-07-15 09:28:25,73,2
2025-07-15 09:28:34,807,2
2025-07-22 01:08:36,2801,1
2025-07-22 01:08:38,2801,0
2025-07-22 01:08:39,2801,1
2025-07-22 01:08:41,2801,0
2025-07-22 01:08:42,2801,1
2025-07-22 01:08:50,2801,0
2025-07-22 01:08:50,2801,1
2025-07-22 01:08:52,2801,0
2025-07-22 01:08:52,2801,1
2025-07-22 09:17:28,2801,3
2025-07-22 14:33:23,3238,1
2025-07-22 14:33:25,3238,0
2025-07-22 19:40:37,3238,1
2025-07-22 19:40:39,3238,0
2025-07-23 06:32:37,2801,2
2025-07-23 06:43:37,26,1
2025-07-23 06:43:39,26,3
2025-07-23 06:43:39,3238,6
2025-07-23 06:43:47,26,2
2025-07-23 11:47:13,3403,1
2025-07-23 11:47:13,26,1
2025-07-23 11:47:15,3403,0
2025-07-24 20:33:43,2,1
2025-07-25 08:51:36,2,0
2025-07-25 08:51:36,26,0
2025-07-25 08:54:09,2,6
2025-07-25 08:54:10,26,6
2025-07-25 08:54:10,3403,6
2025-07-25 09:04:20,1855,1
2025-07-25 09:33:34,1855,0
2025-07-25 09:34:15,1855,1
2025-07-25 09:34:20,1855,0
2025-07-25 09:34:49,1855,1
2025-07-25 09:35:14,1855,3
2025-07-25 09:35:20,1855,2
2025-07-25 13:11:11,26,1
2025-07-25 13:11:13,26,0
2025-07-25 13:11:14,26,1
2025-07-25 13:33:50,26,0
2025-07-25 13:35:05,26,6
2025-07-25 14:26:45,2801,1
2025-07-25 14:26:47,2801,0
2025-07-25 14:26:48,2801,1
2025-07-25 14:26:52,2801,0
2025-07-25 14:26:52,2801,1
2025-07-25 14:27:19,2801,0
2025-07-25 14:27:19,2801,1
2025-07-25 15:35:45,2,1
2025-07-25 16:30:10,2,0
2025-07-26 02:10:40,2,6
2025-07-26 02:10:40,2801,3
2025-07-26 02:13:45,2801,2
2025-07-26 07:31:45,33,1
2025-07-26 07:31:45,71,1
2025-07-26 07:31:45,72,1
2025-07-26 07:31:45,73,1
2025-07-26 07:31:45,74,1
2025-07-26 07:31:45,75,1
2025-07-26 07:31:45,76,1
2025-07-26 07:31:52,807,1
2025-07-26 07:32:15,33,0
2025-07-26 07:32:15,71,0
2025-07-26 07:32:15,72,0
2025-07-26 07:32:15,73,0
2025-07-26 07:32:15,74,0
2025-07-26 07:32:15,75,0
2025-07-26 07:32:15,76,0
2025-07-26 07:32:17,26,1
2025-07-26 07:32:19,26,3
2025-07-26 07:32:19,807,3
2025-07-26 07:32:20,76,6
2025-07-26 07:32:20,75,6
2025-07-26 07:32:20,74,6
2025-07-26 07:32:20,73,6
2025-07-26 07:32:21,72,6
2025-07-26 07:32:21,71,6
2025-07-26 07:32:21,33,6
2025-07-26 07:32:25,807,2
2025-07-26 07:39:35,26,2
2025-07-26 07:41:31,807,1
2025-07-26 07:41:44,1855,1
2025-07-26 07:47:15,34,1
2025-07-26 07:47:17,34,0
2025-07-26 07:58:42,807,0
2025-07-26 07:59:46,34,6
2025-07-26 07:59:57,1855,3
2025-07-26 08:00:04,807,6
2025-07-26 19:52:19,1855,2
2025-07-27 11:27:02,72,1
2025-07-27 11:27:09,807,1
2025-07-27 11:28:45,807,3
2025-07-27 11:28:45,72,3
2025-07-27 11:28:47,72,2
2025-07-27 11:28:55,807,2
2025-07-27 11:58:26,2828,1
2025-07-27 11:58:28,2828,0
2025-07-27 11:58:32,2828,6
2025-07-27 16:16:59,33,1
2025-07-27 16:17:00,71,1
2025-07-27 16:17:00,72,1
2025-07-27 16:17:00,73,1
2025-07-27 16:17:00,74,1
2025-07-27 16:17:00,75,1
2025-07-27 16:17:00,76,1
2025-07-27 16:17:07,807,1
2025-07-27 16:17:25,33,0
2025-07-27 16:17:26,807,3
2025-07-27 16:17:26,76,3
2025-07-27 16:17:26,75,3
2025-07-27 16:17:26,74,3
2025-07-27 16:17:27,73,3
2025-07-27 16:17:27,72,3
2025-07-27 16:17:27,71,3
2025-07-27 16:17:27,33,6
2025-07-27 16:17:30,71,2
2025-07-27 16:17:30,72,2
2025-07-27 16:17:30,73,2
2025-07-27 16:17:30,74,2
2025-07-27 16:17:30,75,2
2025-07-27 16:17:30,76,2
2025-07-27 16:17:30,26,1
2025-07-27 16:17:34,807,2
2025-07-27 16:18:38,26,0
2025-07-27 16:24:44,26,6
2025-07-27 16:32:25,34,1
2025-07-27 16:32:27,34,0
2025-07-27 16:32:45,1855,1
2025-07-27 16:47:37,1855,0
2025-07-27 16:47:38,1855,6
2025-07-27 16:47:38,34,6
2025-07-31 23:29:34,3238,1
2025-07-31 23:29:36,3238,0
2025-08-01 05:24:14,3238,6
2025-08-01 08:42:45,26,1
2025-08-01 08:45:40,26,0
2025-08-01 08:50:47,26,1
2025-08-01 08:50:49,26,0
2025-08-01 09:17:50,26,1
2025-08-01 10:26:17,26,0
2025-08-01 10:26:20,26,1
2025-08-01 10:26:20,26,3
2025-08-01 10:28:01,26,2
2025-08-01 10:29:32,26,1
2025-08-01 10:29:43,26,3
2025-08-01 10:29:52,26,2
2025-08-01 10:29:53,26,1
2025-08-01 10:30:53,26,3
2025-08-01 10:35:04,26,2
2025-08-01 10:35:16,26,1
2025-08-01 10:35:21,26,3
2025-08-01 10:41:32,26,2
2025-08-01 10:41:41,26,1
2025-08-01 10:41:45,26,3
2025-08-01 18:27:08,26,2
2025-08-01 18:31:10,26,1
2025-08-01 18:31:16,26,0
2025-08-01 18:31:18,26,1
2025-08-01 18:35:52,26,0
2025-08-01 18:35:56,26,6
2025-08-01 18:35:59,26,1
2025-08-01 18:36:52,26,0
2025-08-01 18:36:52,26,1
2025-08-01 18:37:09,26,3
2025-08-01 18:37:15,26,2
2025-08-01 18:37:15,26,1
2025-08-01 18:37:46,26,0
2025-08-01 18:37:52,26,6
2025-08-01 18:37:58,26,1
2025-08-01 18:38:51,26,0
2025-08-01 18:38:55,26,6
2025-08-01 18:39:00,26,1
2025-08-01 18:39:13,26,0
2025-08-01 18:39:13,26,1
2025-08-01 18:40:04,26,0
2025-08-01 18:40:08,26,6
2025-08-01 18:40:21,26,1
2025-08-01 18:49:24,26,0
2025-08-01 18:49:30,26,6
2025-08-01 18:49:34,26,1
2025-08-01 18:52:46,26,0
2025-08-01 18:52:58,26,6
2025-08-01 18:53:08,26,1
2025-08-01 18:58:10,26,3
2025-08-01 18:58:13,26,2
2025-08-11 09:10:58,2,1
2025-08-11 09:36:36,2,0
2025-08-11 12:35:54,2,6
2025-08-13 04:30:45,73,1
2025-08-13 04:30:52,807,1
2025-08-13 04:32:37,807,3
2025-08-13 04:32:37,73,3
2025-08-13 04:32:39,73,2
2025-08-13 04:32:48,807,2
2025-08-13 05:53:10,2,1
2025-08-13 06:18:49,2,3
2025-08-13 07:43:44,2,2
2025-08-13 07:43:45,71,1
2025-08-13 07:43:45,72,1
2025-08-13 07:43:45,73,1
2025-08-13 07:43:45,74,1
2025-08-13 07:43:45,75,1
2025-08-13 07:43:45,76,1
2025-08-13 07:43:52,807,1
2025-08-13 07:43:55,71,0
2025-08-13 07:43:55,72,0
2025-08-13 07:43:55,73,0
2025-08-13 07:43:55,74,0
2025-08-13 07:43:55,75,0
2025-08-13 07:43:55,76,0
2025-08-13 07:44:13,807,3
2025-08-13 07:44:13,76,6
2025-08-13 07:44:14,75,6
2025-08-13 07:44:14,74,6
2025-08-13 07:44:14,73,6
2025-08-13 07:44:14,72,6
2025-08-13 07:44:15,71,6
2025-08-13 07:44:18,807,2
2025-08-13 07:44:23,71,1
2025-08-13 07:44:23,72,1
2025-08-13 07:44:23,73,1
2025-08-13 07:44:23,74,1
2025-08-13 07:44:23,75,1
2025-08-13 07:44:23,76,1
2025-08-13 07:44:30,807,1
2025-08-13 07:44:35,71,0
2025-08-13 07:44:35,72,0
2025-08-13 07:44:35,73,0
2025-08-13 07:44:35,74,0
2025-08-13 07:44:35,75,0
2025-08-13 07:44:35,76,0
2025-08-13 07:44:37,807,3
2025-08-13 07:44:37,76,6
2025-08-13 07:44:37,75,6
2025-08-13 07:44:37,74,6
2025-08-13 07:44:38,73,6
2025-08-13 07:44:38,72,6
2025-08-13 07:44:38,71,6
2025-08-13 07:44:41,807,2
2025-08-13 07:46:02,71,1
2025-08-13 07:46:02,72,1
2025-08-13 07:46:02,73,1
2025-08-13 07:46:02,74,1
2025-08-13 07:46:02,75,1
2025-08-13 07:46:02,76,1
2025-08-13 07:46:04,71,0
2025-08-13 07:46:04,72,0
2025-08-13 07:46:04,73,0
2025-08-13 07:46:04,74,0
2025-08-13 07:46:04,75,0
2025-08-13 07:46:04,76,0
2025-08-13 07:46:08,807,1
2025-08-13 07:46:14,807,3
2025-08-13 07:46:14,76,6
2025-08-13 07:46:14,75,6
2025-08-13 07:46:15,74,6
2025-08-13 07:46:15,73,6
2025-08-13 07:46:15,72,6
2025-08-13 07:46:15,71,6
2025-08-13 07:46:18,807,2
2025-08-13 07:46:28,71,1
2025-08-13 07:46:28,72,1
2025-08-13 07:46:28,73,1
2025-08-13 07:46:28,74,1
2025-08-13 07:46:28,75,1
2025-08-13 07:46:28,76,1
2025-08-13 07:46:31,76,3
2025-08-13 07:46:32,75,3
2025-08-13 07:46:32,74,3
2025-08-13 07:46:32,73,3
2025-08-13 07:46:33,72,3
2025-08-13 07:46:33,71,3
2025-08-13 07:46:35,807,1
2025-08-13 07:47:33,71,2
2025-08-13 07:47:33,72,2
2025-08-13 07:47:33,73,2
2025-08-13 07:47:33,74,2
2025-08-13 07:47:33,75,2
2025-08-13 07:47:33,76,2
2025-08-13 07:47:38,807,3
2025-08-13 07:47:43,807,2
2025-08-13 08:38:51,73,1
2025-08-13 08:38:58,807,1
2025-08-13 08:39:17,73,0
2025-08-13 08:39:18,807,3
2025-08-13 08:39:18,73,6
2025-08-13 08:39:27,807,2
2025-08-15 01:53:21,2801,1
2025-08-15 01:53:25,2801,0
2025-08-15 01:53:25,2801,1
2025-08-15 01:53:27,2801,0
2025-08-15 01:53:29,2801,1
2025-08-15 01:53:33,2801,0
2025-08-15 01:53:34,2801,1
2025-08-15 01:53:38,2801,0
2025-08-15 01:53:39,2801,1
2025-08-15 01:53:41,2801,0
2025-08-15 01:53:41,2801,1
2025-08-15 01:53:43,2801,0
2025-08-15 01:53:44,2801,1
2025-08-15 01:53:46,2801,0
2025-08-15 01:53:47,2801,1
2025-08-15 01:53:49,2801,0
2025-08-15 01:53:49,2801,1
2025-08-15 01:53:53,2801,0
2025-08-15 01:53:55,2801,1
2025-08-15 01:53:57,2801,0
2025-08-15 01:53:58,2801,1
2025-08-15 01:54:04,2801,0
2025-08-15 01:54:04,2801,1
2025-08-15 01:54:06,2801,0
2025-08-15 01:54:07,2801,1
2025-08-15 01:54:09,2801,0
2025-08-15 01:54:09,2801,1
2025-08-15 01:54:17,2801,0
2025-08-15 01:54:17,2801,1
2025-08-15 01:54:19,2801,0
2025-08-15 01:54:20,2801,1
2025-08-15 01:54:22,2801,0
2025-08-15 01:54:22,2801,1
2025-08-15 01:54:24,2801,0
2025-08-15 01:54:25,2801,1
2025-08-15 01:54:27,2801,0
2025-08-15 01:54:27,2801,1
2025-08-15 01:54:29,2801,0
2025-08-15 01:54:29,2801,1
2025-08-15 01:54:31,2801,0
2025-08-15 01:54:31,2801,1
2025-08-15 01:54:35,2801,0
2025-08-15 01:54:35,2801,1
2025-08-15 01:54:39,2801,0
2025-08-15 01:54:40,2801,1
2025-08-15 01:54:42,2801,0
2025-08-15 01:54:42,2801,1
2025-08-15 01:54:44,2801,0
2025-08-15 01:54:44,2801,1
2025-08-15 01:54:48,2801,0
2025-08-15 01:54:48,2801,1
2025-08-15 01:54:52,2801,0
2025-08-15 01:54:52,2801,1
2025-08-15 01:54:58,2801,0
2025-08-15 01:54:58,2801,1
2025-08-15 01:55:00,2801,0
2025-08-15 01:55:01,2801,1
2025-08-15 01:55:05,2801,0
2025-08-15 01:55:05,2801,1
2025-08-15 01:55:11,2801,0
2025-08-15 01:55:11,2801,1
2025-08-15 01:55:15,2801,0
2025-08-15 01:55:15,2801,1
2025-08-15 01:55:50,2801,0
2025-08-15 01:55:50,2801,1
2025-08-15 01:56:11,2801,0
2025-08-15 01:56:12,2801,1
2025-08-15 01:56:29,2801,0
2025-08-15 01:56:29,2801,1
2025-08-15 09:58:21,2801,0
2025-08-15 09:58:42,2801,6
2025-08-15 15:53:39,72,1
2025-08-15 15:53:46,807,1
2025-08-15 15:54:09,807,3
2025-08-15 15:54:09,72,3
2025-08-15 16:12:11,72,2
2025-08-15 16:12:21,807,2
2025-08-15 16:16:59,72,1
2025-08-15 16:17:06,807,1
2025-08-15 16:25:09,72,3
2025-08-15 16:25:09,72,2
2025-08-15 16:25:09,807,3
2025-08-15 16:25:19,807,2
2025-08-15 17:00:58,72,1
2025-08-15 17:01:05,807,1
2025-08-15 17:02:51,807,3
2025-08-15 17:02:51,72,3
2025-08-15 17:15:16,72,2
2025-08-15 17:15:25,807,2
2025-08-15 17:27:08,26,1
2025-08-15 17:33:19,26,0
2025-08-15 17:33:41,26,1
2025-08-15 17:33:43,26,0
2025-08-15 17:33:53,26,6
2025-08-20 08:02:22,2826,1
2025-08-20 08:02:24,2826,0
2025-08-20 08:02:28,2826,6
2025-08-20 09:10:00,72,1
2025-08-20 09:10:07,807,1
2025-08-20 09:10:24,807,3
2025-08-20 09:10:24,72,3
2025-08-20 09:12:44,72,2
2025-08-20 09:12:53,807,2
2025-08-20 09:23:20,72,1
2025-08-20 09:23:27,807,1
2025-08-20 09:23:28,72,3
2025-08-20 09:23:29,807,3
2025-08-20 09:26:08,73,1
2025-08-20 09:41:25,73,3
2025-08-20 09:51:45,72,2
2025-08-20 09:51:45,73,2
2025-08-20 09:51:47,807,2
2025-08-20 10:29:08,72,1
2025-08-20 10:29:15,807,1
2025-08-20 10:42:42,807,3
2025-08-20 10:42:42,72,3
2025-08-20 10:42:44,72,2
2025-08-20 10:42:53,807,2
2025-08-20 11:52:36,73,1
2025-08-20 11:52:42,807,1
2025-08-20 11:52:56,807,3
2025-08-20 11:52:56,73,3
2025-08-20 11:52:58,73,2
2025-08-20 11:53:07,807,2
2025-08-20 12:43:32,1804,1
2025-08-20 12:43:35,1804,0
2025-08-20 12:43:46,1804,6
2025-08-20 13:43:45,2,1
2025-08-20 13:57:38,2,3
2025-08-21 15:04:48,2,2
2025-08-21 15:11:30,26,1
2025-08-21 15:11:49,26,0
2025-08-21 15:12:54,26,6
2025-08-21 15:12:55,26,3
2025-08-21 15:46:09,26,2
2025-08-26 04:03:41,2801,1
2025-08-26 04:03:43,2801,0
2025-08-26 04:03:52,2801,1
2025-08-26 04:03:54,2801,0
2025-08-26 04:03:54,2801,1
2025-08-26 04:04:00,2801,0
2025-08-26 04:04:02,2801,1
2025-08-26 04:04:06,2801,0
2025-08-26 04:04:06,2801,1
2025-08-26 04:04:08,2801,0
2025-08-26 04:04:09,2801,1
2025-08-26 04:04:11,2801,0
2025-08-26 04:04:11,2801,1
2025-08-26 04:04:13,2801,0
2025-08-26 04:04:13,2801,1
2025-08-26 04:04:15,2801,0
2025-08-26 04:04:16,2801,1
2025-08-26 04:04:20,2801,0
2025-08-26 04:04:20,2801,1
2025-08-26 04:04:24,2801,0
2025-08-26 04:04:24,2801,1
2025-08-26 04:04:28,2801,0
2025-08-26 04:04:29,2801,1
2025-08-26 04:04:31,2801,0
2025-08-26 04:04:31,2801,1
2025-08-26 04:04:33,2801,0
2025-08-26 04:04:33,2801,1
2025-08-26 04:04:37,2801,0
2025-08-26 04:04:38,2801,1
2025-08-26 04:04:44,2801,0
2025-08-26 04:04:44,2801,1
2025-08-26 04:04:50,2801,0
2025-08-26 04:04:50,2801,1
2025-08-26 04:04:58,2801,0
2025-08-26 04:04:58,2801,1
2025-08-26 04:05:04,2801,0
2025-08-26 04:05:04,2801,1
2025-08-26 04:05:08,2801,0
2025-08-26 04:05:08,2801,1
2025-08-26 04:05:50,2801,0
2025-08-26 04:05:50,2801,1
2025-08-26 05:04:35,2801,3
2025-08-26 05:08:33,2801,2
2025-08-26 05:09:34,72,1
2025-08-26 05:09:41,807,1
2025-08-26 05:10:21,807,3
2025-08-26 05:10:21,72,3
2025-08-26 05:11:04,72,2
2025-08-26 05:11:14,807,2
2025-08-26 09:40:04,33,1
2025-08-26 09:40:04,71,1
2025-08-26 09:40:04,72,1
2025-08-26 09:40:04,73,1
2025-08-26 09:40:04,74,1
2025-08-26 09:40:04,75,1
2025-08-26 09:40:04,76,1
2025-08-26 09:40:11,807,1
2025-08-26 09:42:44,26,1
2025-08-26 09:42:46,33,0
2025-08-26 09:43:03,26,3
2025-08-26 09:43:04,807,3
2025-08-26 09:43:04,76,3
2025-08-26 09:43:04,75,3
2025-08-26 09:43:05,74,3
2025-08-26 09:43:05,73,3
2025-08-26 09:43:05,72,3
2025-08-26 09:43:05,71,3
2025-08-26 09:43:06,33,6
2025-08-26 09:43:12,71,2
2025-08-26 09:43:12,72,2
2025-08-26 09:43:12,73,2
2025-08-26 09:43:12,74,2
2025-08-26 09:43:12,75,2
2025-08-26 09:43:12,76,2
2025-08-26 09:43:21,807,2
2025-08-26 09:46:52,26,2
2025-08-26 09:57:46,34,1
2025-08-26 09:57:48,34,0
2025-08-26 09:58:06,1855,1
2025-08-26 10:09:54,1855,3
2025-08-26 10:09:54,34,6
2025-08-26 12:22:42,1855,2
2025-08-26 12:22:42,26,1
2025-08-26 12:42:35,26,0
2025-08-26 12:48:21,26,6
2025-08-27 18:03:13,72,1
2025-08-27 18:03:20,807,1
2025-08-27 18:03:53,807,3
2025-08-27 18:03:53,72,3
2025-08-27 18:30:24,72,2
2025-08-27 18:30:34,807,2
2025-08-27 19:27:42,3057,1
2025-08-27 19:46:42,3057,0
2025-08-27 19:49:37,3057,6
2025-08-27 20:21:21,26,1
2025-08-27 20:21:23,26,3
2025-08-27 20:21:33,26,2
2025-08-28 15:33:17,26,1
2025-08-28 16:00:19,26,0
2025-08-28 16:01:14,26,6
2025-08-29 18:05:29,73,1
2025-08-29 18:05:36,807,1
2025-08-29 18:13:13,73,0
2025-08-29 18:30:12,807,3
2025-08-29 18:30:12,73,6
2025-08-29 18:30:14,807,2
2025-08-29 19:03:01,33,1
2025-08-29 19:03:01,71,1
2025-08-29 19:03:01,72,1
2025-08-29 19:03:01,73,1
2025-08-29 19:03:01,74,1
2025-08-29 19:03:01,75,1
2025-08-29 19:03:01,76,1
2025-08-29 19:03:08,807,1
2025-08-29 19:03:41,33,0
2025-08-29 19:03:42,71,0
2025-08-29 19:03:42,72,0
2025-08-29 19:03:42,73,0
2025-08-29 19:03:42,74,0
2025-08-29 19:03:42,75,0
2025-08-29 19:03:42,76,0
2025-08-29 19:03:43,807,3
2025-08-29 19:03:43,76,6
2025-08-29 19:03:44,75,6
2025-08-29 19:03:44,74,6
2025-08-29 19:03:44,73,6
2025-08-29 19:03:44,72,6
2025-08-29 19:03:45,71,6
2025-08-29 19:03:45,33,6
2025-08-29 19:03:49,807,2
2025-08-29 19:03:50,26,1
2025-08-29 19:04:59,26,0
2025-08-29 19:06:00,26,1
2025-08-29 19:06:02,26,0
2025-08-29 19:06:10,33,1
2025-08-29 19:06:10,71,1
2025-08-29 19:06:10,72,1
2025-08-29 19:06:10,73,1
2025-08-29 19:06:10,74,1
2025-08-29 19:06:10,75,1
2025-08-29 19:06:10,76,1
2025-08-29 19:06:11,76,3
2025-08-29 19:06:12,75,3
2025-08-29 19:06:12,33,0
2025-08-29 19:06:12,74,3
2025-08-29 19:06:12,73,3
2025-08-29 19:06:13,72,3
2025-08-29 19:06:13,71,3
2025-08-29 19:06:13,33,6
2025-08-29 19:06:13,26,6
2025-08-29 19:06:17,71,2
2025-08-29 19:06:17,72,2
2025-08-29 19:06:17,73,2
2025-08-29 19:06:17,74,2
2025-08-29 19:06:17,75,2
2025-08-29 19:06:17,76,2
2025-08-29 19:06:21,26,1
2025-08-29 19:06:34,26,3
2025-08-29 19:06:38,26,2
2025-08-29 19:21:11,34,1
2025-08-29 19:21:13,34,0
2025-08-29 19:21:31,1855,1
2025-08-29 19:50:38,1855,3
2025-08-29 19:50:39,34,6
2025-08-29 19:50:51,1855,2
2025-08-30 11:48:44,3238,1
2025-08-30 11:48:46,3238,0
2025-08-30 12:22:19,3238,6
2025-08-30 12:26:20,26,1
2025-08-30 12:31:39,26,0
2025-08-30 12:34:19,26,6
2025-08-31 18:57:14,2,1
2025-09-01 06:08:25,2,0
2025-09-01 12:23:33,2,6
2025-09-01 12:25:11,2801,1
2025-09-01 12:25:13,2801,0
2025-09-01 12:25:16,2801,1
2025-09-01 12:25:18,2801,0
2025-09-01 12:25:20,2801,1
2025-09-01 12:25:22,2801,0
2025-09-01 12:25:33,2801,1
2025-09-01 12:25:35,2801,0
2025-09-01 12:25:35,2801,1
2025-09-01 12:25:39,2801,0
2025-09-01 12:25:39,2801,1
2025-09-01 12:25:41,2801,0
2025-09-01 12:25:42,2801,1
2025-09-01 12:25:48,2801,0
2025-09-01 12:25:48,2801,1
2025-09-01 12:26:06,2801,0
2025-09-01 12:26:06,2801,1
2025-09-01 12:26:23,2801,0
2025-09-01 12:26:23,2801,1
2025-09-02 10:43:41,2801,3
2025-09-02 10:47:08,2801,2
2025-09-02 10:49:53,26,1
2025-09-02 10:50:19,26,0
2025-09-02 10:54:12,26,1
2025-09-02 10:54:29,26,0
2025-09-02 10:54:29,26,1
2025-09-02 10:58:28,26,0
2025-09-02 10:58:37,1,1
2025-09-02 11:00:27,1,0
2025-09-02 11:00:29,1,6
2025-09-02 11:00:29,26,6
2025-09-02 11:01:09,26,1
2025-09-02 11:01:28,26,3
2025-09-04 07:18:00,3238,1
2025-09-04 07:18:02,3238,0
2025-09-04 15:07:17,26,2
2025-09-04 16:44:32,3238,6
2025-09-04 19:53:27,72,1
2025-09-04 19:53:34,807,1
2025-09-04 19:53:45,807,3
2025-09-04 19:53:45,72,3
2025-09-04 19:53:47,72,2
2025-09-04 19:53:55,807,2
2025-09-04 21:48:35,73,1
2025-09-04 21:48:42,807,1
2025-09-04 21:50:33,73,0
2025-09-04 21:50:35,807,3
2025-09-04 21:50:35,73,6
2025-09-04 21:50:45,807,2
2025-09-04 23:19:01,2,1
2025-09-04 23:47:30,2,0
2025-09-04 23:47:42,2,6
2025-09-06 07:07:02,73,1
2025-09-06 07:07:09,807,1
2025-09-06 07:07:30,807,3
2025-09-06 07:07:30,73,3
2025-09-06 07:07:32,73,2
2025-09-06 07:07:41,807,2
2025-09-06 07:09:10,73,1
2025-09-06 07:09:17,807,1
2025-09-06 07:10:16,73,0
2025-09-06 07:10:19,807,3
2025-09-06 07:10:19,73,6
2025-09-06 07:10:26,807,2
2025-09-08 20:30:22,73,1
2025-09-08 20:30:29,807,1
2025-09-08 20:33:17,807,3
2025-09-08 20:33:17,73,3
2025-09-08 20:59:56,73,2
2025-09-08 21:00:05,807,2
2025-09-08 22:06:13,73,1
2025-09-08 22:06:20,807,1
2025-09-08 22:24:50,73,0
2025-09-08 22:24:53,807,3
2025-09-08 22:24:53,73,6
2025-09-08 22:24:59,807,2
2025-09-08 23:16:44,73,1
2025-09-08 23:16:44,1653,1
2025-09-08 23:16:50,807,1
2025-09-08 23:16:52,73,3
2025-09-08 23:16:52,1653,3
2025-09-08 23:16:52,807,3
2025-09-08 23:19:19,73,2
2025-09-08 23:19:23,1653,2
2025-09-08 23:19:29,807,2
2025-09-09 00:22:49,2,1
2025-09-09 01:28:13,2,0
2025-09-09 01:28:36,1804,1
2025-09-09 01:28:40,1804,0
2025-09-09 01:28:56,1855,1
2025-09-09 01:29:47,1855,3
2025-09-09 01:29:48,1804,6
2025-09-09 01:29:48,2,6
2025-09-09 01:31:00,1855,2
2025-09-09 01:31:31,71,1
2025-09-09 01:31:31,72,1
2025-09-09 01:31:31,73,1
2025-09-09 01:31:31,74,1
2025-09-09 01:31:31,75,1
2025-09-09 01:31:31,76,1
2025-09-09 01:31:36,76,3
2025-09-09 01:31:36,75,3
2025-09-09 01:31:37,74,3
2025-09-09 01:31:37,73,3
2025-09-09 01:31:37,72,3
2025-09-09 01:31:37,71,3
2025-09-09 01:31:38,807,1
2025-09-09 01:31:38,807,3
2025-09-09 01:31:42,71,2
2025-09-09 01:31:42,72,2
2025-09-09 01:31:42,73,2
2025-09-09 01:31:42,74,2
2025-09-09 01:31:42,75,2
2025-09-09 01:31:42,76,2
2025-09-09 01:31:44,807,2
2025-09-09 13:53:51,26,1
2025-09-09 13:53:53,26,0
2025-09-09 14:37:23,26,1
2025-09-09 14:51:21,26,0
2025-09-09 14:51:45,26,6
2025-09-09 15:21:50,26,1
2025-09-09 15:21:52,26,0
2025-09-09 15:33:19,26,1
2025-09-10 08:59:43,26,0
2025-09-10 09:17:29,26,6
2025-09-10 10:09:20,1606,1
2025-09-10 10:09:20,1655,1
2025-09-10 10:09:22,1606,0
2025-09-10 10:09:22,1655,0
2025-09-10 10:09:25,1655,6
2025-09-10 10:09:26,1606,6
2025-09-10 10:17:44,26,1
2025-09-10 10:17:46,26,0
2025-09-10 10:34:34,26,1
2025-09-10 12:34:49,26,0
2025-09-10 12:35:13,26,6
2025-09-10 14:11:38,26,1
2025-09-10 14:11:53,71,1
2025-09-10 14:11:53,72,1
2025-09-10 14:11:53,73,1
2025-09-10 14:11:53,74,1
2025-09-10 14:11:53,75,1
2025-09-10 14:11:53,76,1
2025-09-10 14:12:02,71,0
2025-09-10 14:12:02,72,0
2025-09-10 14:12:02,73,0
2025-09-10 14:12:02,74,0
2025-09-10 14:12:02,75,0
2025-09-10 14:12:02,76,0
2025-09-10 14:12:03,71,1
2025-09-10 14:12:03,72,1
2025-09-10 14:12:03,73,1
2025-09-10 14:12:03,74,1
2025-09-10 14:12:03,75,1
2025-09-10 14:12:03,76,1
2025-09-10 14:12:07,71,0
2025-09-10 14:12:07,72,0
2025-09-10 14:12:07,73,0
2025-09-10 14:12:07,74,0
2025-09-10 14:12:07,75,0
2025-09-10 14:12:07,76,0
2025-09-10 14:12:08,76,6
2025-09-10 14:12:08,75,6
2025-09-10 14:12:09,74,6
2025-09-10 14:12:09,73,6
2025-09-10 14:12:09,72,6
2025-09-10 14:12:09,71,6
2025-09-10 14:12:10,26,3
2025-09-10 14:12:33,26,2
2025-09-10 14:15:16,26,1
2025-09-10 14:15:18,26,0
2025-09-10 14:48:22,26,1
2025-09-10 16:15:01,26,0
2025-09-10 16:15:09,26,6
2025-09-10 17:08:37,26,1
2025-09-10 17:08:39,26,0
2025-09-10 17:08:44,26,1
2025-09-10 17:08:46,26,0
2025-09-10 17:08:52,26,6
2025-09-10 17:08:58,26,1
2025-09-10 17:09:06,26,3
2025-09-10 17:09:25,26,2
2025-09-10 19:35:07,2801,1
2025-09-10 19:35:09,2801,0
2025-09-10 19:35:09,2801,1
2025-09-10 19:35:13,2801,0
2025-09-10 19:35:14,2801,1
2025-09-10 19:35:16,2801,0
2025-09-10 19:35:16,2801,1
2025-09-10 19:35:21,2801,0
2025-09-10 19:35:21,2801,1
2025-09-10 19:35:25,2801,0
2025-09-10 19:35:25,2801,1
2025-09-10 19:35:31,2801,0
2025-09-10 19:35:31,2801,1
2025-09-10 19:35:35,2801,0
2025-09-10 19:35:36,2801,1
2025-09-10 19:35:42,2801,0
2025-09-10 19:35:42,2801,1
2025-09-10 19:35:54,2801,0
2025-09-10 19:35:54,2801,1
2025-09-11 11:49:12,3238,1
2025-09-11 11:49:14,3238,0
2025-09-11 12:34:21,3238,6
2025-09-11 12:34:21,2801,3
2025-09-11 12:36:10,2801,2
2025-09-11 12:38:39,26,1
2025-09-11 12:38:41,26,0
2025-09-11 12:38:53,1,1
2025-09-11 12:39:42,1,0
2025-09-11 12:39:43,1,6
2025-09-11 12:39:43,26,6
2025-09-11 13:09:24,1,1
2025-09-11 13:21:31,1,0
2025-09-11 13:21:41,1,1
2025-09-11 13:21:45,1,0
2025-09-11 13:25:21,1,1
2025-09-11 13:27:38,1,0
2025-09-11 13:54:22,26,1
2025-09-11 13:54:24,26,3
2025-09-11 13:54:24,1,6
2025-09-11 14:54:23,2,1
2025-09-11 15:04:48,2,3
2025-09-11 15:04:50,2,2
2025-09-11 15:04:50,26,2
2025-09-11 18:45:15,2801,1
2025-09-11 20:40:32,26,1
2025-09-12 00:52:27,2803,1
2025-09-12 00:52:29,2803,0
2025-09-12 00:52:30,2803,1
2025-09-12 00:52:33,2803,0
2025-09-12 00:52:34,2803,1
2025-09-12 00:52:36,2803,0
2025-09-12 00:52:42,2803,1
2025-09-12 00:52:44,2803,0
2025-09-12 00:52:49,2803,1
2025-09-12 00:52:55,2803,0
2025-09-12 00:52:55,2803,1
2025-09-12 00:52:57,2803,0
2025-09-12 00:52:58,2803,1
2025-09-12 00:53:06,2803,0
2025-09-12 00:53:06,2803,1
2025-09-12 00:53:14,2803,0
2025-09-12 00:53:14,2803,1
2025-09-12 00:53:22,2803,0
2025-09-12 00:53:22,2803,1
2025-09-12 00:53:28,2803,0
2025-09-12 00:53:28,2803,1
2025-09-12 00:53:40,2803,0
2025-09-12 00:53:40,2803,1
2025-09-12 00:53:56,2803,0
2025-09-12 00:53:56,2803,1
2025-09-12 00:54:05,2803,0
2025-09-12 00:54:05,2803,1
2025-09-12 00:54:12,2803,0
2025-09-12 00:54:12,2803,1
2025-09-12 00:54:21,2803,0
2025-09-12 00:54:21,2803,1
2025-09-12 04:50:18,2802,1
2025-09-12 04:50:20,2802,0
2025-09-12 04:50:21,2802,1
2025-09-12 04:50:23,2802,0
2025-09-12 04:50:23,2802,1
2025-09-12 04:50:25,2802,0
2025-09-12 04:50:26,2802,1
2025-09-12 04:50:28,2802,0
2025-09-12 04:50:28,2802,1
2025-09-12 04:50:32,2802,0
2025-09-12 04:50:32,2802,1
2025-09-12 04:50:38,2802,0
2025-09-12 04:50:38,2802,1
2025-09-12 04:50:48,2802,0
2025-09-12 04:50:48,2802,1
2025-09-12 10:20:58,2802,3
2025-09-12 10:20:58,2803,3
2025-09-12 10:20:58,26,3
2025-09-12 10:20:59,2801,3
2025-09-12 10:21:14,26,2
2025-09-12 10:21:32,2801,2
2025-09-12 10:21:32,2802,2
2025-09-12 10:21:47,2803,2
2025-09-12 10:29:02,1610,1
2025-09-12 10:31:06,1610,3
2025-09-12 10:31:27,1610,2
2025-09-12 10:33:48,26,1
2025-09-12 10:33:51,26,0
2025-09-12 10:39:05,26,6
2025-09-13 12:41:47,802,1
2025-09-13 12:49:09,802,0
2025-09-13 12:51:30,802,6
2025-09-16 12:46:57,3403,1
2025-09-16 12:46:57,26,1
2025-09-16 12:46:59,3403,0
2025-09-16 18:24:33,26,0
2025-09-16 18:25:15,26,6
2025-09-16 18:25:16,3403,6
2025-09-20 02:02:04,73,1
2025-09-20 02:02:11,807,1
2025-09-20 02:04:20,807,3
2025-09-20 02:04:20,73,3
2025-09-20 02:04:44,73,2
2025-09-20 02:04:53,807,2
2025-09-20 04:38:31,33,1
2025-09-20 04:38:31,71,1
2025-09-20 04:38:31,72,1
2025-09-20 04:38:31,73,1
2025-09-20 04:38:31,74,1
2025-09-20 04:38:31,75,1
2025-09-20 04:38:31,76,1
2025-09-20 04:38:38,807,1
2025-09-20 04:39:45,33,0
2025-09-20 04:39:46,71,0
2025-09-20 04:39:46,72,0
2025-09-20 04:39:46,73,0
2025-09-20 04:39:46,74,0
2025-09-20 04:39:46,75,0
2025-09-20 04:39:46,76,0
2025-09-20 04:39:49,807,3
2025-09-20 04:39:49,33,6
2025-09-20 04:39:49,71,6
2025-09-20 04:39:49,72,6
2025-09-20 04:39:49,73,6
2025-09-20 04:39:49,74,6
2025-09-20 04:39:49,75,6
2025-09-20 04:39:49,76,6
2025-09-20 04:39:55,807,2
2025-09-20 16:48:53,26,1
2025-09-20 17:22:14,26,0
2025-09-20 17:22:16,71,1
2025-09-20 17:22:16,72,1
2025-09-20 17:22:16,73,1
2025-09-20 17:22:16,74,1
2025-09-20 17:22:16,75,1
2025-09-20 17:22:16,76,1
2025-09-20 17:22:21,76,3
2025-09-20 17:22:21,75,3
2025-09-20 17:22:21,74,3
2025-09-20 17:22:22,73,3
2025-09-20 17:22:22,72,3
2025-09-20 17:22:22,71,3
2025-09-20 17:22:23,26,6
2025-09-20 17:22:23,807,1
2025-09-20 17:22:24,807,3
2025-09-20 17:22:29,26,1
2025-09-20 17:22:41,71,2
2025-09-20 17:22:41,72,2
2025-09-20 17:22:41,73,2
2025-09-20 17:22:41,74,2
2025-09-20 17:22:41,75,2
2025-09-20 17:22:41,76,2
2025-09-20 17:22:45,26,3
2025-09-20 17:22:51,807,2
2025-09-20 17:22:52,26,2
2025-09-20 17:25:45,71,1
2025-09-20 17:25:45,72,1
2025-09-20 17:25:45,73,1
2025-09-20 17:25:45,74,1
2025-09-20 17:25:45,75,1
2025-09-20 17:25:45,76,1
2025-09-20 17:25:52,807,1
2025-09-20 17:25:52,807,3
2025-09-20 17:25:52,76,3
2025-09-20 17:25:53,75,3
2025-09-20 17:25:53,74,3
2025-09-20 17:25:53,73,3
2025-09-20 17:25:54,72,3
2025-09-20 17:25:54,71,3
2025-09-20 17:26:46,71,2
2025-09-20 17:26:46,72,2
2025-09-20 17:26:46,73,2
2025-09-20 17:26:46,74,2
2025-09-20 17:26:46,75,2
2025-09-20 17:26:46,76,2
2025-09-20 17:26:55,807,2
2025-09-20 17:27:31,71,1
2025-09-20 17:27:31,72,1
2025-09-20 17:27:31,73,1
2025-09-20 17:27:31,74,1
2025-09-20 17:27:31,75,1
2025-09-20 17:27:31,76,1
2025-09-20 17:27:37,807,1
2025-09-20 17:27:43,71,0
2025-09-20 17:27:43,72,0
2025-09-20 17:27:43,73,0
2025-09-20 17:27:43,74,0
2025-09-20 17:27:43,75,0
2025-09-20 17:27:43,76,0
2025-09-20 17:27:45,807,3
2025-09-20 17:27:45,76,6
2025-09-20 17:27:45,75,6
2025-09-20 17:27:45,74,6
2025-09-20 17:27:46,73,6
2025-09-20 17:27:46,72,6
2025-09-20 17:27:46,71,6
2025-09-20 17:27:50,807,2
2025-09-20 17:31:44,71,1
2025-09-20 17:31:44,72,1
2025-09-20 17:31:44,73,1
2025-09-20 17:31:44,74,1
2025-09-20 17:31:44,75,1
2025-09-20 17:31:44,76,1
2025-09-20 17:31:51,76,3
2025-09-20 17:31:51,75,3
2025-09-20 17:31:51,807,1
2025-09-20 17:31:52,807,3
2025-09-20 17:31:52,74,3
2025-09-20 17:31:52,73,3
2025-09-20 17:31:52,72,3
2025-09-20 17:31:53,71,3
2025-09-20 17:32:14,68,1
2025-09-20 17:32:29,68,3
2025-09-20 17:35:00,68,2
2025-09-20 17:35:36,71,2
2025-09-20 17:35:36,72,2
2025-09-20 17:35:36,73,2
2025-09-20 17:35:36,74,2
2025-09-20 17:35:36,75,2
2025-09-20 17:35:36,76,2
2025-09-20 17:35:39,807,2
2025-09-20 17:35:39,71,1
2025-09-20 17:35:39,72,1
2025-09-20 17:35:39,73,1
2025-09-20 17:35:39,74,1
2025-09-20 17:35:39,75,1
2025-09-20 17:35:39,76,1
2025-09-20 17:35:41,71,0
2025-09-20 17:35:41,72,0
2025-09-20 17:35:41,73,0
2025-09-20 17:35:41,74,0
2025-09-20 17:35:41,75,0
2025-09-20 17:35:41,76,0
2025-09-20 17:35:45,76,6
2025-09-20 17:35:45,75,6
2025-09-20 17:35:46,74,6
2025-09-20 17:35:46,73,6
2025-09-20 17:35:46,72,6
2025-09-20 17:35:46,71,6
2025-09-20 17:35:47,807,1
2025-09-20 17:35:47,807,3
2025-09-20 17:35:51,807,2
2025-09-20 17:38:05,72,1
2025-09-20 17:38:05,1653,1
2025-09-20 17:38:12,807,1
2025-09-20 17:38:20,72,0
2025-09-20 17:38:20,807,3
2025-09-20 17:38:20,72,6
2025-09-20 17:38:20,1653,3
2025-09-20 17:38:24,1653,2
2025-09-20 17:38:30,807,2
2025-09-20 19:53:31,3055,1
2025-09-20 19:53:33,3055,0
2025-09-20 19:53:54,3055,6
2025-09-20 21:06:40,33,1
2025-09-20 21:06:40,71,1
2025-09-20 21:06:40,72,1
2025-09-20 21:06:40,73,1
2025-09-20 21:06:40,74,1
2025-09-20 21:06:40,75,1
2025-09-20 21:06:40,76,1
2025-09-20 21:06:47,807,1
2025-09-20 21:08:21,807,3
2025-09-20 21:08:21,76,3
2025-09-20 21:08:21,75,3
2025-09-20 21:08:21,74,3
2025-09-20 21:08:22,73,3
2025-09-20 21:08:22,72,3
2025-09-20 21:08:23,33,0
2025-09-20 21:08:23,71,3
2025-09-20 21:08:23,33,6
2025-09-20 21:08:27,71,2
2025-09-20 21:08:27,72,2
2025-09-20 21:08:27,73,2
2025-09-20 21:08:27,74,2
2025-09-20 21:08:27,75,2
2025-09-20 21:08:27,76,2
2025-09-20 21:08:29,807,2
2025-09-20 21:11:37,33,1
2025-09-20 21:11:37,71,1
2025-09-20 21:11:37,72,1
2025-09-20 21:11:37,73,1
2025-09-20 21:11:37,74,1
2025-09-20 21:11:37,75,1
2025-09-20 21:11:37,76,1
2025-09-20 21:12:09,76,3
2025-09-20 21:12:09,75,3
2025-09-20 21:12:10,74,3
2025-09-20 21:12:10,73,3
2025-09-20 21:12:10,72,3
2025-09-20 21:12:11,71,3
2025-09-20 21:12:11,33,3
2025-09-20 21:12:25,33,2
2025-09-20 21:12:28,71,2
2025-09-20 21:12:28,72,2
2025-09-20 21:12:28,73,2
2025-09-20 21:12:28,74,2
2025-09-20 21:12:28,75,2
2025-09-20 21:12:28,76,2
2025-09-20 21:12:53,71,1
2025-09-20 21:12:53,72,1
2025-09-20 21:12:53,73,1
2025-09-20 21:12:53,74,1
2025-09-20 21:12:53,75,1
2025-09-20 21:12:53,76,1
2025-09-20 21:12:57,76,3
2025-09-20 21:12:57,75,3
2025-09-20 21:12:58,74,3
2025-09-20 21:12:58,73,3
2025-09-20 21:12:59,72,3
2025-09-20 21:12:59,71,3
2025-09-20 21:13:21,71,2
2025-09-20 21:13:21,72,2
2025-09-20 21:13:21,73,2
2025-09-20 21:13:21,74,2
2025-09-20 21:13:21,75,2
2025-09-20 21:13:21,76,2
2025-09-20 21:13:59,71,1
2025-09-20 21:13:59,72,1
2025-09-20 21:13:59,73,1
2025-09-20 21:13:59,74,1
2025-09-20 21:13:59,75,1
2025-09-20 21:13:59,76,1
2025-09-20 21:14:02,76,3
2025-09-20 21:14:03,75,3
2025-09-20 21:14:03,74,3
2025-09-20 21:14:03,73,3
2025-09-20 21:14:04,72,3
2025-09-20 21:14:04,71,3
2025-09-20 21:14:18,71,2
2025-09-20 21:14:18,72,2
2025-09-20 21:14:18,73,2
2025-09-20 21:14:18,74,2
2025-09-20 21:14:18,75,2
2025-09-20 21:14:18,76,2
2025-09-20 21:14:26,71,1
2025-09-20 21:14:26,72,1
2025-09-20 21:14:26,73,1
2025-09-20 21:14:26,74,1
2025-09-20 21:14:26,75,1
2025-09-20 21:14:26,76,1
2025-09-20 21:14:48,76,3
2025-09-20 21:14:48,75,3
2025-09-20 21:14:48,74,3
2025-09-20 21:14:49,73,3
2025-09-20 21:14:49,72,3
2025-09-20 21:14:49,71,3
2025-09-20 21:15:26,71,2
2025-09-20 21:15:26,72,2
2025-09-20 21:15:26,73,2
2025-09-20 21:15:26,74,2
2025-09-20 21:15:26,75,2
2025-09-20 21:15:26,76,2
2025-09-23 07:19:01,2801,1
2025-09-23 07:19:03,2801,0
2025-09-23 07:19:03,2801,1
2025-09-23 07:19:07,2801,0
2025-09-23 07:19:08,2801,1
2025-09-23 07:19:10,2801,0
2025-09-23 07:19:12,2801,1
2025-09-23 07:19:14,2801,0
2025-09-23 07:19:14,2801,1
2025-09-23 07:19:16,2801,0
2025-09-23 07:19:16,2801,1
2025-09-23 07:19:18,2801,0
2025-09-23 07:19:19,2801,1
2025-09-23 07:19:21,2801,0
2025-09-23 07:19:22,2801,1
2025-09-23 07:19:24,2801,0
2025-09-23 07:19:24,2801,1
2025-09-23 07:19:28,2801,0
2025-09-23 07:19:28,2801,1
2025-09-23 07:19:32,2801,0
2025-09-23 07:19:33,2801,1
2025-09-23 07:19:35,2801,0
2025-09-23 07:19:40,2801,1
2025-09-23 07:19:44,2801,0
2025-09-23 07:19:44,2801,1
2025-09-23 07:19:46,2801,0
2025-09-23 07:19:46,2801,1
2025-09-23 07:19:50,2801,0
2025-09-23 07:19:50,2801,1
2025-09-23 07:19:54,2801,0
2025-09-23 07:19:54,2801,1
2025-09-23 07:19:56,2801,0
2025-09-23 07:19:56,2801,1
2025-09-23 07:20:02,2801,0
2025-09-23 07:20:03,2801,1
2025-09-23 07:20:07,2801,0
2025-09-23 07:20:07,2801,1
2025-09-23 07:20:09,2801,0
2025-09-23 07:20:09,2801,1
2025-09-23 07:20:13,2801,0
2025-09-23 07:20:13,2801,1
2025-09-23 07:20:20,2801,0
2025-09-23 07:20:20,2801,1
2025-09-23 07:20:22,2801,0
2025-09-23 07:20:22,2801,1
2025-09-23 07:20:26,2801,0
2025-09-23 07:20:26,2801,1
2025-09-23 07:20:32,2801,0
2025-09-23 07:20:32,2801,1
2025-09-23 07:20:36,2801,0
2025-09-23 07:20:36,2801,1
2025-09-23 07:20:38,2801,0
2025-09-23 07:20:38,2801,1
2025-09-23 07:20:50,2801,0
2025-09-23 07:20:51,2801,1
2025-09-23 07:20:55,2801,0
2025-09-23 07:20:55,2801,1
2025-09-23 07:21:23,2801,0
2025-09-23 07:21:24,2801,1
2025-09-23 07:21:38,2801,0
2025-09-23 07:21:38,2801,1
2025-09-23 07:21:50,2801,0
2025-09-23 07:21:51,2801,1
2025-09-23 07:21:57,2801,0
2025-09-23 07:21:57,2801,1
2025-09-23 07:22:03,2801,0
2025-09-23 07:22:03,2801,1
2025-09-23 07:22:26,2801,0
2025-09-23 07:22:27,2801,1
2025-09-23 11:45:40,2801,0
2025-09-23 11:45:40,2801,1
2025-09-23 11:46:57,2801,0
2025-09-23 11:46:57,2801,1
2025-09-23 11:47:10,2801,0
2025-09-23 11:47:10,2801,1
2025-09-23 11:47:15,2801,0
2025-09-23 11:47:15,2801,1
2025-09-23 11:47:29,2801,0
2025-09-23 11:47:29,2801,1
2025-09-23 11:47:40,2801,0
2025-09-23 11:47:40,2801,1
2025-09-23 11:47:51,2801,0
2025-09-23 11:47:51,2801,1
2025-09-23 11:47:55,2801,0
2025-09-23 11:47:56,2801,1
2025-09-23 11:48:06,2801,0
2025-09-23 11:48:06,2801,1
2025-09-23 11:48:15,2801,0
2025-09-23 11:48:15,2801,1
2025-09-23 11:48:30,2801,0
2025-09-23 11:48:30,2801,1
2025-09-23 11:49:02,2801,0
2025-09-23 11:49:02,2801,1
2025-09-23 11:49:11,2801,0
2025-09-23 11:49:11,2801,1
2025-09-23 11:49:27,2801,0
2025-09-23 11:49:27,2801,1
2025-09-23 11:49:31,2801,0
2025-09-23 11:49:31,2801,1
2025-09-23 11:49:35,2801,0
2025-09-23 11:49:36,2801,1
2025-09-23 11:49:44,2801,0
2025-09-23 11:49:44,2801,1
2025-09-23 11:49:56,2801,0
2025-09-23 11:49:56,2801,1
2025-09-23 11:49:58,2801,0
2025-09-23 11:49:58,2801,1
2025-09-23 11:50:15,2801,0
2025-09-23 11:50:15,2801,1
2025-09-23 11:50:21,2801,0
2025-09-23 11:50:21,2801,1
2025-09-23 11:50:52,2801,0
2025-09-23 11:50:52,2801,1
2025-09-23 11:50:56,2801,0
2025-09-23 11:50:56,2801,1
2025-09-23 11:51:04,2801,0
2025-09-23 11:51:04,2801,1
2025-09-23 11:51:06,2801,0
2025-09-23 11:51:06,2801,1
2025-09-23 11:51:08,2801,0
2025-09-23 11:51:08,2801,1
2025-09-23 11:51:14,2801,0
2025-09-23 11:51:14,2801,1
2025-09-23 11:51:20,2801,0
2025-09-23 11:51:20,2801,1
2025-09-23 11:51:22,2801,0
2025-09-23 11:51:23,2801,1
2025-09-23 11:51:33,2801,0
2025-09-23 11:51:33,2801,1
2025-09-23 11:51:37,2801,0
2025-09-23 11:51:37,2801,1
2025-09-23 11:51:47,2801,0
2025-09-23 11:51:47,2801,1
2025-09-23 11:51:53,2801,0
2025-09-23 11:51:53,2801,1
2025-09-23 11:52:01,2801,0
2025-09-23 11:52:02,2801,1
2025-09-23 11:52:08,2801,0
2025-09-23 11:52:08,2801,1
2025-09-23 11:52:10,2801,0
2025-09-23 11:52:10,2801,1
2025-09-23 11:52:12,2801,0
2025-09-23 11:52:12,2801,1
2025-09-23 11:52:20,2801,0
2025-09-23 11:52:20,2801,1
2025-09-23 11:52:26,2801,0
2025-09-23 11:52:26,2801,1
2025-09-23 11:52:30,2801,0
2025-09-23 11:52:30,2801,1
2025-09-23 11:52:32,2801,0
2025-09-23 11:52:33,2801,1
2025-09-23 11:52:35,2801,0
2025-09-23 11:52:35,2801,1
2025-09-23 11:52:39,2801,0
2025-09-23 11:52:39,2801,1
2025-09-23 11:52:43,2801,0
2025-09-23 11:52:43,2801,1
2025-09-23 11:52:47,2801,0
2025-09-23 11:52:47,2801,1
2025-09-23 11:52:55,2801,0
2025-09-23 11:52:56,2801,1
2025-09-23 11:53:02,2801,0
2025-09-23 11:53:02,2801,1
2025-09-23 11:53:06,2801,0
2025-09-23 11:53:06,2801,1
2025-09-23 11:53:08,2801,0
2025-09-23 11:53:08,2801,1
2025-09-23 11:53:10,2801,0
2025-09-23 11:53:10,2801,1
2025-09-23 11:53:12,2801,0
2025-09-23 11:53:12,2801,1
2025-09-23 11:53:14,2801,0
2025-09-23 11:53:15,2801,1
2025-09-23 11:53:17,2801,0
2025-09-23 11:53:17,2801,1
2025-09-23 11:53:19,2801,0
2025-09-23 11:53:19,2801,1
2025-09-23 11:53:21,2801,0
2025-09-23 11:53:21,2801,1
2025-09-23 11:53:27,2801,0
2025-09-23 11:53:27,2801,1
2025-09-23 11:53:29,2801,0
2025-09-23 11:53:30,2801,1
2025-09-23 11:53:32,2801,0
2025-09-23 11:53:32,2801,1
2025-09-23 11:53:34,2801,0
2025-09-23 11:53:34,2801,1
2025-09-23 11:53:36,2801,0
2025-09-23 11:53:37,2801,1
2025-09-23 11:53:39,2801,0
2025-09-23 11:53:40,2801,1
2025-09-23 11:53:42,2801,0
2025-09-23 11:53:42,2801,1
2025-09-23 11:53:44,2801,0
2025-09-23 11:53:44,2801,1
2025-09-23 11:53:46,2801,0
2025-09-23 11:53:47,2801,1
2025-09-23 11:53:49,2801,0
2025-09-23 11:53:49,2801,1
2025-09-23 11:53:51,2801,0
2025-09-23 11:53:51,2801,1
2025-09-23 11:53:53,2801,0
2025-09-23 11:53:53,2801,1
2025-09-23 11:53:55,2801,0
2025-09-23 11:53:57,2801,1
2025-09-23 11:53:59,2801,0
2025-09-23 11:53:59,2801,1
2025-09-23 11:54:01,2801,0
2025-09-23 11:54:01,2801,1
2025-09-23 11:54:03,2801,0
2025-09-23 11:54:03,2801,1
2025-09-23 11:54:07,2801,0
2025-09-23 11:54:07,2801,1
2025-09-23 11:54:09,2801,0
2025-09-23 11:54:10,2801,1
2025-09-23 11:54:12,2801,0
2025-09-23 11:54:12,2801,1
2025-09-23 11:54:14,2801,0
2025-09-23 11:54:16,2801,1
2025-09-23 11:54:18,2801,0
2025-09-23 11:54:18,2801,1
2025-09-23 11:54:20,2801,0
2025-09-23 11:54:22,2801,1
2025-09-23 11:54:24,2801,0
2025-09-23 11:54:25,2801,1
2025-09-23 11:54:27,2801,0
2025-09-23 11:54:27,2801,1
2025-09-23 11:54:29,2801,0
2025-09-23 11:54:31,2801,1
2025-09-23 11:54:33,2801,0
2025-09-23 11:54:35,2801,1
2025-09-23 11:54:37,2801,0
2025-09-23 11:54:38,2801,1
2025-09-23 11:54:40,2801,0
2025-09-23 11:54:40,2801,1
2025-09-23 11:54:42,2801,0
2025-09-23 11:54:44,2801,1
2025-09-23 11:54:46,2801,0
2025-09-23 11:54:46,2801,1
2025-09-23 11:54:48,2801,0
2025-09-23 11:54:49,2801,1
2025-09-23 11:54:51,2801,0
2025-09-23 11:54:51,2801,1
2025-09-23 11:54:53,2801,0
2025-09-23 11:54:54,2801,1
2025-09-23 11:54:56,2801,0
2025-09-23 11:54:57,2801,1
2025-09-23 11:54:59,2801,0
2025-09-23 11:55:02,2801,1
2025-09-23 11:55:04,2801,0
2025-09-23 11:55:04,2801,1
2025-09-23 11:55:07,2801,0
2025-09-23 11:55:07,2801,1
2025-09-23 11:55:09,2801,0
2025-09-23 11:55:11,2801,1
2025-09-23 11:55:13,2801,0
2025-09-23 11:55:18,2801,1
2025-09-23 11:55:21,2801,0
2025-09-23 11:55:22,2801,1
2025-09-23 11:55:24,2801,0
2025-09-23 11:55:32,2801,1
2025-09-23 11:55:34,2801,0
2025-09-23 11:55:35,2801,1
2025-09-23 11:55:37,2801,0
2025-09-23 11:55:37,2801,1
2025-09-23 11:55:41,2801,0
2025-09-23 11:55:43,2801,1
2025-09-23 11:55:45,2801,0
2025-09-23 11:55:47,2801,1
2025-09-23 11:55:49,2801,0
2025-09-23 11:55:52,2801,1
2025-09-23 11:55:54,2801,0
2025-09-23 11:56:04,2801,1
2025-09-23 11:56:06,2801,0
2025-09-23 11:56:08,2801,1
2025-09-23 11:56:12,2801,0
2025-09-23 11:56:14,2801,1
2025-09-23 11:56:16,2801,0
2025-09-23 11:56:18,2801,1
2025-09-23 11:56:20,2801,0
2025-09-23 11:56:24,2801,1
2025-09-23 11:56:26,2801,0
2025-09-23 11:56:28,2801,1
2025-09-23 11:56:30,2801,0
2025-09-23 11:56:32,2801,1
2025-09-23 11:56:34,2801,0
2025-09-23 11:56:36,2801,1
2025-09-23 11:56:38,2801,0
2025-09-23 11:56:51,2801,1
2025-09-23 11:56:53,2801,0
2025-09-23 11:57:03,2801,1
2025-09-23 11:57:05,2801,0
2025-09-23 11:57:27,2801,1
2025-09-23 11:57:29,2801,0
2025-09-23 11:58:44,2801,1
2025-09-23 11:58:46,2801,0
2025-09-24 08:01:19,2801,1
2025-09-24 08:01:21,2801,0
2025-09-24 08:10:42,2801,1
2025-09-24 08:10:44,2801,0
2025-09-24 08:21:14,2801,1
2025-09-24 08:21:16,2801,0
2025-09-24 08:21:33,2801,1
2025-09-24 08:21:35,2801,0
2025-09-24 08:22:19,2801,1
2025-09-24 08:22:21,2801,0
2025-09-24 08:34:02,2801,1
2025-09-24 08:34:04,2801,0
2025-09-24 08:35:09,2801,1
2025-09-24 08:35:11,2801,0
2025-09-24 08:39:01,2801,1
2025-09-24 08:39:03,2801,0
2025-09-24 08:47:10,2801,1
2025-09-24 08:47:12,2801,0
2025-09-24 08:49:40,2801,1
2025-09-24 08:49:42,2801,0
2025-09-24 08:53:44,2801,1
2025-09-24 08:53:46,2801,0
2025-09-24 08:53:56,2801,1
2025-09-24 08:53:58,2801,0
2025-09-24 08:56:34,2801,1
2025-09-24 08:56:36,2801,0
2025-09-24 08:59:23,2801,1
2025-09-24 08:59:25,2801,0
2025-09-24 08:59:27,2801,1
2025-09-24 08:59:29,2801,0
2025-09-24 11:12:40,2801,6
2025-09-24 18:37:16,71,1
2025-09-24 18:37:16,72,1
2025-09-24 18:37:16,73,1
2025-09-24 18:37:16,74,1
2025-09-24 18:37:16,75,1
2025-09-24 18:37:16,76,1
2025-09-24 18:37:18,76,3
2025-09-24 18:37:18,75,3
2025-09-24 18:37:18,74,3
2025-09-24 18:37:18,73,3
2025-09-24 18:37:19,72,3
2025-09-24 18:37:19,71,3
2025-09-24 18:37:23,807,1
2025-09-24 18:37:23,807,3
2025-09-24 18:38:20,71,2
2025-09-24 18:38:20,72,2
2025-09-24 18:38:20,73,2
2025-09-24 18:38:20,74,2
2025-09-24 18:38:20,75,2
2025-09-24 18:38:20,76,2
2025-09-24 18:38:29,807,2
2025-09-24 18:38:33,71,1
2025-09-24 18:38:33,72,1
2025-09-24 18:38:33,73,1
2025-09-24 18:38:33,74,1
2025-09-24 18:38:33,75,1
2025-09-24 18:38:33,76,1
2025-09-24 18:38:35,76,3
2025-09-24 18:38:35,75,3
2025-09-24 18:38:35,74,3
2025-09-24 18:38:35,73,3
2025-09-24 18:38:36,72,3
2025-09-24 18:38:36,71,3
2025-09-24 18:38:40,807,1
2025-09-24 18:38:45,807,3
2025-09-24 18:40:25,71,2
2025-09-24 18:40:25,72,2
2025-09-24 18:40:25,73,2
2025-09-24 18:40:25,74,2
2025-09-24 18:40:25,75,2
2025-09-24 18:40:25,76,2
2025-09-24 18:40:28,807,2
2025-09-24 18:40:32,71,1
2025-09-24 18:40:32,72,1
2025-09-24 18:40:32,73,1
2025-09-24 18:40:32,74,1
2025-09-24 18:40:32,75,1
2025-09-24 18:40:32,76,1
2025-09-24 18:40:39,807,1
2025-09-24 18:40:48,807,3
2025-09-24 18:40:48,76,3
2025-09-24 18:40:48,75,3
2025-09-24 18:40:48,74,3
2025-09-24 18:40:49,73,3
2025-09-24 18:40:49,72,3
2025-09-24 18:40:49,71,3
2025-09-24 18:42:47,71,2
2025-09-24 18:42:47,72,2
2025-09-24 18:42:47,73,2
2025-09-24 18:42:47,74,2
2025-09-24 18:42:47,75,2
2025-09-24 18:42:47,76,2
2025-09-24 18:42:53,807,2
2025-09-24 18:42:53,71,1
2025-09-24 18:42:53,72,1
2025-09-24 18:42:53,73,1
2025-09-24 18:42:53,74,1
2025-09-24 18:42:53,75,1
2025-09-24 18:42:53,76,1
2025-09-24 18:43:01,807,1
2025-09-24 18:43:04,73,3
2025-09-24 18:43:04,72,3
2025-09-24 18:43:04,71,3
2025-09-24 18:43:30,71,2
2025-09-24 18:43:30,72,2
2025-09-24 18:43:30,73,2
2025-09-24 18:43:30,74,0
2025-09-24 18:43:30,75,0
2025-09-24 18:43:30,76,0
2025-09-24 18:43:38,807,3
2025-09-24 18:43:38,76,6
2025-09-24 18:43:39,75,6
2025-09-24 18:43:39,74,6
2025-09-24 18:43:43,807,2
2025-09-24 18:43:45,71,1
2025-09-24 18:43:45,72,1
2025-09-24 18:43:45,73,1
2025-09-24 18:43:45,74,1
2025-09-24 18:43:45,75,1
2025-09-24 18:43:45,76,1
2025-09-24 18:43:51,71,0
2025-09-24 18:43:51,72,0
2025-09-24 18:43:51,73,0
2025-09-24 18:43:51,74,0
2025-09-24 18:43:51,75,0
2025-09-24 18:43:51,76,0
2025-09-24 18:43:53,807,1
2025-09-24 18:43:59,807,3
2025-09-24 18:43:59,76,6
2025-09-24 18:44:00,75,6
2025-09-24 18:44:00,74,6
2025-09-24 18:44:01,73,6
2025-09-24 18:44:01,72,6
2025-09-24 18:44:01,71,6
2025-09-24 18:44:05,807,2
2025-09-24 18:44:53,71,1
2025-09-24 18:44:53,72,1
2025-09-24 18:44:53,73,1
2025-09-24 18:44:53,74,1
2025-09-24 18:44:53,75,1
2025-09-24 18:44:53,76,1
2025-09-24 18:44:57,76,3
2025-09-24 18:44:57,75,3
2025-09-24 18:44:57,74,3
2025-09-24 18:44:57,73,3
2025-09-24 18:44:58,72,3
2025-09-24 18:44:58,71,3
2025-09-24 18:45:00,807,1
2025-09-24 18:45:19,807,3
2025-09-24 18:45:31,71,2
2025-09-24 18:45:31,72,2
2025-09-24 18:45:31,73,2
2025-09-24 18:45:31,74,2
2025-09-24 18:45:31,75,2
2025-09-24 18:45:31,76,2
2025-09-24 18:45:34,807,2
2025-09-24 18:46:10,71,1
2025-09-24 18:46:10,72,1
2025-09-24 18:46:10,73,1
2025-09-24 18:46:10,74,1
2025-09-24 18:46:10,75,1
2025-09-24 18:46:10,76,1
2025-09-24 18:46:13,76,3
2025-09-24 18:46:13,75,3
2025-09-24 18:46:13,74,3
2025-09-24 18:46:14,73,3
2025-09-24 18:46:14,72,3
2025-09-24 18:46:14,71,3
2025-09-24 18:46:16,807,1
2025-09-24 18:47:05,71,2
2025-09-24 18:47:05,72,2
2025-09-24 18:47:05,73,2
2025-09-24 18:47:05,74,2
2025-09-24 18:47:05,75,2
2025-09-24 18:47:05,76,2
2025-09-24 18:47:06,807,3
2025-09-24 18:47:15,807,2
2025-09-24 18:47:47,71,1
2025-09-24 18:47:47,72,1
2025-09-24 18:47:47,73,1
2025-09-24 18:47:47,74,1
2025-09-24 18:47:47,75,1
2025-09-24 18:47:47,76,1
2025-09-24 18:47:53,76,3
2025-09-24 18:47:53,75,3
2025-09-24 18:47:53,74,3
2025-09-24 18:47:53,807,1
2025-09-24 18:47:53,73,3
2025-09-24 18:47:54,807,3
2025-09-24 18:47:54,72,3
2025-09-24 18:47:54,71,3
2025-09-24 18:49:38,71,2
2025-09-24 18:49:38,72,2
2025-09-24 18:49:38,73,2
2025-09-24 18:49:38,74,2
2025-09-24 18:49:38,75,2
2025-09-24 18:49:38,76,2
2025-09-24 18:49:42,807,2
2025-09-24 18:50:22,71,1
2025-09-24 18:50:22,72,1
2025-09-24 18:50:22,73,1
2025-09-24 18:50:22,74,1
2025-09-24 18:50:22,75,1
2025-09-24 18:50:22,76,1
2025-09-24 18:50:25,76,3
2025-09-24 18:50:25,75,3
2025-09-24 18:50:25,74,3
2025-09-24 18:50:25,73,3
2025-09-24 18:50:26,72,3
2025-09-24 18:50:29,807,1
2025-09-24 18:51:05,807,3
2025-09-24 18:51:05,71,3
2025-09-24 18:51:15,71,2
2025-09-24 18:51:15,72,2
2025-09-24 18:51:15,73,2
2025-09-24 18:51:15,74,2
2025-09-24 18:51:15,75,2
2025-09-24 18:51:15,76,2
2025-09-24 18:51:18,807,2
2025-09-24 18:51:38,71,1
2025-09-24 18:51:38,72,1
2025-09-24 18:51:38,73,1
2025-09-24 18:51:38,74,1
2025-09-24 18:51:38,75,1
2025-09-24 18:51:38,76,1
2025-09-24 18:51:42,76,3
2025-09-24 18:51:42,75,3
2025-09-24 18:51:42,74,3
2025-09-24 18:51:43,73,3
2025-09-24 18:51:43,72,3
2025-09-24 18:51:43,71,3
2025-09-24 18:51:45,807,1
2025-09-24 18:53:35,71,2
2025-09-24 18:53:35,72,2
2025-09-24 18:53:35,73,2
2025-09-24 18:53:35,74,2
2025-09-24 18:53:35,75,2
2025-09-24 18:53:35,76,2
2025-09-24 18:53:37,807,3
2025-09-24 18:53:43,807,2
2025-09-24 18:59:48,71,1
2025-09-24 18:59:48,72,1
2025-09-24 18:59:48,73,1
2025-09-24 18:59:48,74,1
2025-09-24 18:59:48,75,1
2025-09-24 18:59:48,76,1
2025-09-24 18:59:53,76,3
2025-09-24 18:59:53,75,3
2025-09-24 18:59:53,74,3
2025-09-24 18:59:53,73,3
2025-09-24 18:59:54,72,3
2025-09-24 18:59:54,71,3
2025-09-24 18:59:55,807,1
2025-09-24 19:00:29,807,3
2025-09-24 19:00:33,71,2
2025-09-24 19:00:33,72,2
2025-09-24 19:00:33,73,2
2025-09-24 19:00:33,74,2
2025-09-24 19:00:33,75,2
2025-09-24 19:00:33,76,2
2025-09-24 19:00:37,807,2
2025-09-24 19:00:43,71,1
2025-09-24 19:00:43,72,1
2025-09-24 19:00:43,73,1
2025-09-24 19:00:43,74,1
2025-09-24 19:00:43,75,1
2025-09-24 19:00:43,76,1
2025-09-24 19:00:46,76,3
2025-09-24 19:00:46,75,3
2025-09-24 19:00:46,74,3
2025-09-24 19:00:46,73,3
2025-09-24 19:00:47,72,3
2025-09-24 19:00:47,71,3
2025-09-24 19:00:49,807,1
2025-09-24 19:01:08,807,3
2025-09-24 19:01:20,71,2
2025-09-24 19:01:20,72,2
2025-09-24 19:01:20,73,2
2025-09-24 19:01:20,74,2
2025-09-24 19:01:20,75,2
2025-09-24 19:01:20,76,2
2025-09-24 19:01:23,807,2
2025-09-24 19:02:14,71,1
2025-09-24 19:02:14,72,1
2025-09-24 19:02:14,73,1
2025-09-24 19:02:14,74,1
2025-09-24 19:02:14,75,1
2025-09-24 19:02:14,76,1
2025-09-24 19:02:20,807,1
2025-09-24 19:02:30,71,0
2025-09-24 19:02:30,72,0
2025-09-24 19:02:30,73,0
2025-09-24 19:02:30,74,0
2025-09-24 19:02:30,75,0
2025-09-24 19:02:30,76,0
2025-09-24 19:02:31,807,3
2025-09-24 19:02:31,76,6
2025-09-24 19:02:31,75,6
2025-09-24 19:02:35,74,6
2025-09-24 19:02:35,73,6
2025-09-24 19:02:35,72,6
2025-09-24 19:02:35,71,6
2025-09-24 19:02:39,807,2
2025-09-24 19:02:54,71,1
2025-09-24 19:02:54,72,1
2025-09-24 19:02:54,73,1
2025-09-24 19:02:54,74,1
2025-09-24 19:02:54,75,1
2025-09-24 19:02:54,76,1
2025-09-24 19:03:01,807,1
2025-09-24 19:03:01,71,0
2025-09-24 19:03:01,72,0
2025-09-24 19:03:01,73,0
2025-09-24 19:03:01,74,0
2025-09-24 19:03:01,75,0
2025-09-24 19:03:01,76,0
2025-09-24 19:03:03,807,3
2025-09-24 19:03:03,76,6
2025-09-24 19:03:03,75,6
2025-09-24 19:03:04,74,6
2025-09-24 19:03:04,73,6
2025-09-24 19:03:04,72,6
2025-09-24 19:03:05,71,6
2025-09-24 19:03:09,807,2
2025-09-24 19:03:26,71,1
2025-09-24 19:03:26,72,1
2025-09-24 19:03:26,73,1
2025-09-24 19:03:26,74,1
2025-09-24 19:03:26,75,1
2025-09-24 19:03:26,76,1
2025-09-24 19:03:29,76,3
2025-09-24 19:03:29,75,3
2025-09-24 19:03:30,74,3
2025-09-24 19:03:30,73,3
2025-09-24 19:03:30,72,3
2025-09-24 19:03:30,71,3
2025-09-24 19:03:32,807,1
2025-09-24 19:03:39,71,2
2025-09-24 19:03:39,72,2
2025-09-24 19:03:39,73,2
2025-09-24 19:03:39,74,2
2025-09-24 19:03:39,75,2
2025-09-24 19:03:39,76,2
2025-09-24 19:03:40,807,3
2025-09-24 19:03:42,807,2
2025-09-24 19:03:54,71,1
2025-09-24 19:03:54,72,1
2025-09-24 19:03:54,73,1
2025-09-24 19:03:54,74,1
2025-09-24 19:03:54,75,1
2025-09-24 19:03:54,76,1
2025-09-24 19:03:56,71,0
2025-09-24 19:03:56,72,0
2025-09-24 19:03:56,73,0
2025-09-24 19:03:56,74,0
2025-09-24 19:03:56,75,0
2025-09-24 19:03:56,76,0
2025-09-24 19:04:01,807,1
2025-09-24 19:04:02,807,3
2025-09-24 19:04:02,76,6
2025-09-24 19:04:02,75,6
2025-09-24 19:04:03,74,6
2025-09-24 19:04:03,73,6
2025-09-24 19:04:03,72,6
2025-09-24 19:04:04,71,6
2025-09-24 19:04:07,807,2
2025-09-24 21:05:56,72,1
2025-09-24 21:06:03,807,1
2025-09-24 21:07:06,807,3
2025-09-24 21:07:06,72,3
2025-09-24 21:09:15,72,2
2025-09-24 21:09:23,807,2
2025-09-24 21:14:17,3238,1
2025-09-24 21:14:19,3238,0
2025-09-24 21:28:23,3238,6
2025-09-24 21:55:45,73,1
2025-09-24 21:55:52,807,1
2025-09-24 21:58:04,807,3
2025-09-24 21:58:04,73,3
2025-09-24 21:58:06,73,2
2025-09-24 21:58:15,807,2
2025-09-25 10:27:57,3238,1
2025-09-25 10:27:59,3238,0
2025-09-25 11:11:21,3238,1
2025-09-25 11:11:23,3238,0
2025-09-25 17:38:39,3238,1
2025-09-25 17:38:41,3238,0
2025-09-26 06:20:48,3238,1
2025-09-26 06:20:50,3238,0
2025-09-26 14:14:12,3238,6
