SeqNo,Date,UTC Time,datetime,[°C*10] LCC_CABINET_TEMP,[°C*10] LCC_CABINET_HUM,[%] LCC_UPS_BATT_LVL,[bar] HPU_SYSTEM_PRESSURE,[°C*10] HPU_OIL_TEMPERATURE,[rpm] HPU_MOTOR_SPEED,[W] HPU_MOTOR_POWER,[V] BATTERIES_VOLTAGE,[A*10] BATTERIES_CURRENT,[kWh] BATTERIES_CAPACITY,[%] BATTERIES_SOC,[A*10] CHARGER_CURRENT,FRONT_LINKS_UL_POS,FRONT_LINKS_UL_SPEED,FRONT_LINKS_UL_VALVE,FRONT_LINKS_UR_POS,FRONT_LINKS_UR_SPEED,FRONT_LINKS_UR_VALVE,FRONT_LINKS_LL_POS,FRONT_LINKS_LL_SPEED,FRONT_LINKS_LL_VALVE,FRONT_LINKS_LR_POS,FRONT_LINKS_LR_SPEED,FRONT_LINKS_LR_VALVE,[°*10] TUGGER ROTATION,[°/s*100] TUGGER ROTATION SPEED,[bar] TUGGER PRESSURE A,[bar] TUGGER PRESSURE B,[bar] TUGGER PRESSURE BRAKE,[%] TUGGER VALVE,[mm] COG LEFT POSITION,[mm*100] COG LEFT SPEED,[bar] COG LEFT BOTTOMSIDE PRESSURE,[bar] COG LEFT RODSIDE PRESSURE,[mm] COG RIGHT POSITION,[mm*100] COG RIGHT SPEED,[bar] COG RIGHT BOTTOMSIDE PRESSURE,[bar] COG RIGHT RODSIDE PRESSURE,[%] COG VALVE FEEDBACK
126001,2025-09-28,19:39:48.445,2025-09-28 19:39:48.445,223,521,100,0,239,0,0,734,122,105,99,147,523.055,0.0,0.3689236,522.64,0.0,1.034433,577.21,-0.09735728,-0.1374421,577.13,-0.09955928,0.1229745,0,0,0,0,0,0,31,10,25,37,31,0,24,36,1
126002,2025-09-28,19:39:48.959,2025-09-28 19:39:48.959,223,521,100,0,239,0,0,734,122,105,99,147,523.055,0.09955981,0.5135995,522.635,0.0,0.9548611,577.21,0.0,-0.02893518,577.13,0.0,0.2170139,0,0,0,0,0,0,31,-10,25,37,31,0,24,36,1
126003,2025-09-28,19:39:49.472,2025-09-28 19:39:49.472,223,521,100,0,239,0,0,734,122,105,99,147,523.055,0.0,0.3978588,522.64,0.0,1.034433,577.205,0.0,-0.1302083,577.13,0.0,0.06510416,0,0,0,0,0,0,31,0,25,37,31,0,24,36,1
126004,2025-09-28,19:39:49.988,2025-09-28 19:39:49.988,223,521,100,0,239,0,0,734,122,105,99,147,523.055,0.0,1.316551,522.635,0.0,1.128472,577.21,-0.1000125,-0.01446759,577.135,0.101864,0.2025463,0,0,0,0,0,0,31,10,25,37,31,0,24,36,1
126005,2025-09-28,19:39:50.500,2025-09-28 19:39:50.500,223,521,100,0,239,0,0,734,122,105,99,147,523.055,0.0,0.3472222,522.635,0.0,1.034433,577.21,0.0,-0.1302083,577.13,0.0,0.1591435,0,0,0,0,0,0,31,-10,25,37,31,0,24,36,1
126006,2025-09-28,19:39:51.015,2025-09-28 19:39:51.015,223,521,100,0,239,0,0,734,123,105,99,147,523.055,0.0,0.4774306,522.635,0.0,0.9548611,577.21,0.0,-0.01446759,577.13,-0.1052757,0.2314815,0,0,0,0,0,0,31,0,25,37,31,0,24,36,1
126007,2025-09-28,19:39:51.528,2025-09-28 19:39:51.528,223,521,100,0,239,0,0,734,122,105,99,147,523.06,0.0,0.3616898,522.635,-0.100468,1.034433,577.21,0.0,-0.1374421,577.13,-0.09822596,0.1519097,0,0,0,0,0,0,31,0,25,37,31,0,24,36,1
126008,2025-09-28,19:39:52.043,2025-09-28 19:39:52.043,223,521,100,0,239,0,0,734,122,105,99,147,523.055,0.09866686,0.4846644,522.63,0.0,0.9476273,577.21,0.0,-0.02170139,577.13,0.1000118,0.1953125,0,0,0,0,0,0,31,0,25,37,31,0,24,36,1
126009,2025-09-28,19:39:52.555,2025-09-28 19:39:52.555,223,521,100,0,239,0,0,734,122,105,99,147,523.055,0.0,1.229745,522.635,0.0,1.208044,577.21,-0.09955992,-0.1446759,577.135,0.1004686,0.1446759,0,0,0,0,0,0,31,10,25,37,31,0,24,36,1
126010,2025-09-28,19:39:53.069,2025-09-28 19:39:53.069,223,521,100,0,239,0,0,734,122,105,99,147,523.055,0.0,0.4918981,522.635,0.101394,0.9476273,577.21,0.0,-0.02170139,577.135,0.0,0.2097801,0,0,0,0,0,0,31,0,25,37,31,0,24,36,1
126011,2025-09-28,19:39:53.580,2025-09-28 19:39:53.580,223,521,100,0,239,0,0,734,122,105,99,147,523.055,0.0,0.3978588,522.635,0.09911038,1.034433,577.21,0.0,-0.1374421,577.13,0.0,0.1302083,0,0,0,0,0,0,31,0,25,37,31,0,24,36,1
126012,2025-09-28,19:39:54.092,2025-09-28 19:39:54.092,223,521,100,0,239,0,0,734,123,105,99,147,523.055,0.0,0.426794,522.64,0.0,0.9476273,577.21,0.0,-0.02170139,577.13,-0.1037859,0.2314815,0,0,0,0,0,0,31,0,25,37,31,0,24,36,1
126013,2025-09-28,19:39:54.604,2025-09-28 19:39:54.604,223,521,100,0,239,0,0,734,123,105,99,147,523.055,0.0,0.4195602,522.635,0.09955886,1.041667,577.21,0.0,-0.1446759,577.135,0.0,0.1591435,0,0,0,0,0,0,31,0,25,37,31,0,24,36,1
126014,2025-09-28,19:39:55.120,2025-09-28 19:39:55.120,224,521,100,0,239,0,0,734,122,105,99,147,523.055,0.0,1.323785,522.63,-0.1023372,1.128472,577.205,0.0,-0.007233796,577.13,0.0,0.2893519,0,0,0,0,0,0,31,0,25,37,31,0,24,36,1
126015,2025-09-28,19:39:55.633,2025-09-28 19:39:55.633,224,521,100,0,239,0,0,734,122,105,99,147,523.055,0.0,0.3399884,522.635,-0.09735616,1.034433,577.205,0.0,-0.1374421,577.135,0.0,0.1157407,0,0,0,0,0,0,31,0,25,37,31,0,24,36,1
126016,2025-09-28,19:39:56.147,2025-09-28 19:39:56.147,224,521,100,0,239,0,0,734,122,105,99,147,523.055,0.0,0.4484954,522.635,0.0,0.9548611,577.205,0.0,-0.02893518,577.13,0.0,0.2531829,0,0,0,0,0,0,31,10,25,37,31,0,24,36,1
126017,2025-09-28,19:39:56.660,2025-09-28 19:39:56.660,224,521,100,0,239,0,0,734,122,105,99,147,523.055,0.0,0.3761574,522.635,0.0,1.041667,577.21,0.1000125,-0.1446759,577.135,-0.1052757,0.1591435,0,0,0,0,0,0,31,-10,25,37,31,0,24,36,1
126018,2025-09-28,19:39:57.174,2025-09-28 19:39:57.174,224,521,100,0,239,0,0,734,123,105,99,147,523.055,0.0,0.4774306,522.635,0.1037854,1.128472,577.205,0.0,0.01446759,577.135,0.09955928,0.2097801,0,0,0,0,0,0,31,0,25,37,31,0,24,36,1
126019,2025-09-28,19:39:57.688,2025-09-28 19:39:57.688,224,521,100,0,239,0,0,734,122,105,99,147,523.055,0.0,1.222512,522.64,0.0,1.034433,577.205,0.0,-0.1446759,577.13,-0.1073298,0.1374421,0,0,0,0,0,0,31,0,25,37,31,0,24,36,1
126020,2025-09-28,19:39:58.198,2025-09-28 19:39:58.198,224,521,100,0,239,0,0,734,122,105,99,147,523.055,0.0,0.4340278,522.635,0.0,0.9548611,577.205,0.0,-0.01446759,577.13,0.09323135,0.2097801,0,0,0,0,0,0,31,0,25,37,31,10,24,36,1
126021,2025-09-28,19:39:58.711,2025-09-28 19:39:58.711,224,521,100,0,239,0,0,735,122,105,99,147,523.055,0.0,0.390625,522.635,0.0,1.041667,577.205,0.0,-0.1446759,577.13,0.0,0.1012731,0,0,0,0,0,0,31,10,25,37,31,0,24,36,1
126022,2025-09-28,19:39:59.227,2025-09-28 19:39:59.227,224,521,100,0,239,0,0,734,122,105,99,147,523.055,0.0,0.4846644,522.64,0.1018634,0.9548611,577.205,0.0,0.0,577.13,0.0,0.2314815,0,0,0,0,0,0,31,0,25,37,31,0,24,36,1
126023,2025-09-28,19:39:59.739,2025-09-28 19:39:59.739,224,521,100,0,239,0,0,735,122,105,99,147,523.05,0.0,0.6944444,522.63,0.0,1.20081,577.21,0.0,-0.1519097,577.13,-0.1037859,0.1808449,0,0,0,0,0,0,31,10,25,37,31,0,24,36,1
126024,2025-09-28,19:40:00.254,2025-09-28 19:40:00.254,224,521,100,0,239,0,0,735,122,105,99,147,523.055,0.0,0.4050926,522.64,-0.1000114,0.9548611,577.21,-0.09955992,-0.02170139,577.13,0.0,0.2097801,0,0,0,0,0,0,31,0,25,37,31,0,24,36,1
126025,2025-09-28,19:40:00.766,2025-09-28 19:40:00.766,224,521,100,0,239,0,0,734,122,105,99,147,523.055,0.1013951,0.3833912,522.635,0.1009289,1.034433,577.205,0.0,-0.1519097,577.13,0.0,0.1302083,0,0,0,0,0,0,31,0,25,37,31,0,24,36,1
126026,2025-09-28,19:40:01.280,2025-09-28 19:40:01.280,224,521,100,0,239,0,0,734,122,105,99,147,523.055,0.0,0.4340278,522.635,-0.1004681,0.9548611,577.205,0.09692837,-0.007233796,577.135,0.09283805,0.1953125,0,0,0,0,0,0,31,0,25,37,31,0,24,36,1
126027,2025-09-28,19:40:01.827,2025-09-28 19:40:01.827,224,521,100,0,239,0,0,735,122,105,99,147,523.055,0.0,0.3978588,522.635,-0.1000113,1.034433,577.205,-0.09911153,-0.1157407,577.135,0.1000119,0.1446759,0,0,0,0,0,0,31,-10,25,37,31,0,24,36,1
126028,2025-09-28,19:40:02.339,2025-09-28 19:40:02.339,224,521,100,0,239,0,0,734,122,105,99,147,523.055,0.0,1.309317,522.635,0.0,1.121238,577.21,0.0,-0.01446759,577.13,0.0,0.2459491,0,0,0,0,0,0,31,-10,25,37,31,0,24,36,1
126029,2025-09-28,19:40:02.850,2025-09-28 19:40:02.850,224,521,100,0,239,0,0,735,122,105,99,147,523.055,0.0,0.354456,522.63,-0.1009289,1.034433,577.205,-0.1000125,-0.1302083,577.13,0.0,0.1012731,0,0,0,0,0,0,31,0,25,37,31,0,24,36,1
126030,2025-09-28,19:40:03.363,2025-09-28 19:40:03.363,224,521,100,0,239,0,0,734,122,105,99,147,523.055,0.0,0.462963,522.635,0.0,0.9548611,577.21,0.0,0.0,577.13,0.0,0.1591435,0,0,0,0,0,0,31,0,25,37,31,0,24,36,1
126031,2025-09-28,19:40:03.875,2025-09-28 19:40:03.875,224,521,100,0,239,0,0,735,122,105,99,147,523.055,0.0,0.3761574,522.635,0.0,1.034433,577.205,0.0,-0.1446759,577.135,0.09402832,0.1157407,0,0,0,0,0,0,31,-10,25,37,31,0,24,36,1
126032,2025-09-28,19:40:04.388,2025-09-28 19:40:04.388,224,521,100,0,239,0,0,735,122,105,99,147,523.055,0.1009298,0.4701968,522.635,-0.100468,0.9548611,577.205,0.0,-0.02170139,577.13,0.09955939,0.2965856,0,0,0,0,0,0,31,-10,25,37,31,0,24,36,1
126033,2025-09-28,19:40:04.900,2025-09-28 19:40:04.900,224,521,100,0,239,0,0,735,122,105,99,147,523.055,0.0,1.273148,522.63,0.0,1.164641,577.205,0.0,-0.1446759,577.13,-0.1089239,0.07233796,0,0,0,0,0,0,31,10,25,37,31,0,24,36,1
126034,2025-09-28,19:40:05.416,2025-09-28 19:40:05.416,224,521,100,0,239,0,0,735,122,105,99,147,523.055,-0.09017501,0.4340278,522.63,0.0,0.9548611,577.21,0.0,-0.01446759,577.13,0.0,0.2097801,0,0,0,0,0,0,31,0,25,37,31,0,24,36,1
126035,2025-09-28,19:40:05.932,2025-09-28 19:40:05.932,224,521,100,0,239,0,0,735,122,105,99,147,523.055,0.1018644,0.3472222,522.63,0.101394,1.034433,577.205,0.09866707,-0.1446759,577.13,0.0,0.1157407,0,0,0,0,0,0,31,11,25,37,31,0,24,36,1
126036,2025-09-28,19:40:06.444,2025-09-28 19:40:06.444,224,521,100,0,239,0,0,735,122,105,99,147,523.055,0.0,0.4557292,522.635,0.0,0.9548611,577.205,0.09779,-0.03616898,577.13,0.0,0.2097801,0,0,0,0,0,0,31,-10,25,37,31,0,24,36,1
126037,2025-09-28,19:40:06.958,2025-09-28 19:40:06.958,224,521,100,0,239,0,0,735,122,105,99,147,523.055,0.0,1.251447,522.63,0.0,1.20081,577.205,0.0,-0.1374421,577.13,0.0,0.1302083,0,0,0,0,0,0,31,10,25,37,31,0,24,36,1
126038,2025-09-28,19:40:07.470,2025-09-28 19:40:07.470,224,521,100,0,239,0,0,735,123,105,99,147,523.055,0.0,0.3689236,522.63,0.100468,0.9476273,577.205,0.0,-0.01446759,577.13,0.09608132,0.1663773,0,0,0,0,0,0,31,0,25,37,31,0,24,36,1
126039,2025-09-28,19:40:08.056,2025-09-28 19:40:08.056,224,521,100,0,239,0,0,735,123,105,99,147,523.05,0.0,0.390625,522.63,0.101394,1.019965,577.21,0.0,-0.1374421,577.13,0.0,0.07957176,0,0,0,0,0,0,31,-10,25,37,31,0,24,36,1
126040,2025-09-28,19:40:08.569,2025-09-28 19:40:08.569,224,521,100,0,239,0,0,735,122,105,99,147,523.05,0.09955981,0.462963,522.635,0.0,0.9548611,577.205,0.0,-0.007233796,577.13,0.0,0.1736111,0,0,0,0,0,0,31,10,25,37,31,0,24,36,1
126041,2025-09-28,19:40:09.085,2025-09-28 19:40:09.085,224,521,100,0,239,0,0,735,122,105,99,147,523.05,0.0,0.3110532,522.635,0.0,1.041667,577.205,0.0,-0.1085069,577.13,0.0,0.2893519,0,0,0,0,0,0,31,0,25,37,31,0,24,36,1
126042,2025-09-28,19:40:09.597,2025-09-28 19:40:09.597,224,521,100,0,239,0,0,735,122,105,99,147,523.055,0.09911133,1.265914,522.635,0.0,1.128472,577.205,0.0,-0.03616898,577.135,-0.2009371,0.1953125,0,0,0,0,0,0,31,0,25,37,31,0,24,36,1
126043,2025-09-28,19:40:10.112,2025-09-28 19:40:10.112,224,521,100,0,239,0,0,735,122,105,99,147,523.055,0.10093,0.3616898,522.635,-0.09778887,1.034433,577.205,-0.1164165,-0.1446759,577.13,-0.1116884,0.1446759,0,0,0,0,0,0,31,0,25,37,31,0,24,36,1
126044,2025-09-28,19:40:10.625,2025-09-28 19:40:10.625,224,521,100,0,239,0,0,735,122,105,99,147,523.055,0.0,0.4412616,522.63,0.100929,0.9548611,577.205,0.0,-0.02893518,577.13,0.0,0.2459491,0,0,0,0,0,0,31,-10,25,37,31,0,24,36,1
126045,2025-09-28,19:40:11.140,2025-09-28 19:40:11.140,224,521,100,0,239,0,0,735,122,105,99,147,523.05,0.1000124,0.3833912,522.635,0.0,1.041667,577.205,0.0,-0.1229745,577.13,0.0,0.1012731,0,0,0,0,0,0,31,-10,25,37,31,0,24,36,1
126046,2025-09-28,19:40:11.653,2025-09-28 19:40:11.653,224,521,100,0,239,0,0,735,122,105,99,147,523.05,0.09735708,1.323785,522.635,0.0,1.135706,577.21,0.0,-0.02893518,577.13,0.0,0.2314815,0,0,0,0,0,0,31,11,25,37,31,0,24,36,1
126047,2025-09-28,19:40:12.167,2025-09-28 19:40:12.167,224,521,100,0,239,0,0,735,122,105,99,147,523.05,0.09778989,0.3689236,522.63,0.100929,1.034433,577.205,0.0,-0.1229745,577.13,0.0,0.1085069,0,0,0,0,0,0,31,0,25,37,31,10,24,36,1
126048,2025-09-28,19:40:12.679,2025-09-28 19:40:12.679,224,521,100,0,239,0,0,735,122,105,99,147,523.05,0.0,0.4484954,522.635,0.0,0.9548611,577.205,0.0,-0.02893518,577.13,0.0,0.1880787,0,0,0,0,0,0,31,0,25,37,31,0,24,36,1
126049,2025-09-28,19:40:13.192,2025-09-28 19:40:13.192,224,521,100,0,239,0,0,735,122,105,99,147,523.05,0.0,0.390625,522.635,0.0,1.034433,577.205,0.0,-0.1302083,577.13,0.0,0.1012731,0,0,0,0,0,0,31,10,25,37,31,0,24,36,1
126050,2025-09-28,19:40:13.704,2025-09-28 19:40:13.704,224,521,100,0,239,0,0,735,123,105,99,147,523.05,0.09692828,0.9042245,522.63,0.0,1.193576,577.21,0.0,-0.02893518,577.13,0.0,0.2314815,0,0,0,0,0,0,31,-10,25,37,31,0,24,36,1
126051,2025-09-28,19:40:14.217,2025-09-28 19:40:14.217,224,521,100,0,239,0,0,735,123,105,99,147,523.05,0.0,0.3472222,522.635,0.0,1.027199,577.205,0.0,-0.1446759,577.13,0.0,0.1302083,0,0,0,0,0,0,31,0,25,37,31,-12,24,36,1
126052,2025-09-28,19:40:14.729,2025-09-28 19:40:14.729,224,521,100,0,239,0,0,735,122,105,99,147,523.055,-0.1116888,0.4557292,522.635,0.0,0.9548611,577.205,0.0,-0.03616898,577.13,0.0,0.2025463,0,0,0,0,0,0,31,10,25,37,31,0,24,36,1
126053,2025-09-28,19:40:15.244,2025-09-28 19:40:15.244,224,521,100,0,239,0,0,735,122,105,99,147,523.05,0.0,0.3978588,522.63,0.0,1.034433,577.205,0.0,-0.1085069,577.13,-0.09608132,0.1591435,0,0,0,0,0,0,31,-10,25,37,31,0,24,36,1
126054,2025-09-28,19:40:15.757,2025-09-28 19:40:15.757,224,521,100,0,239,0,0,735,122,105,99,147,523.05,0.0,0.4484954,522.635,0.1009289,0.9548611,577.205,0.06304513,-0.02170139,577.13,0.0,0.1663773,0,0,0,0,0,0,31,0,25,37,31,0,24,36,1
126055,2025-09-28,19:40:16.272,2025-09-28 19:40:16.272,224,521,100,0,239,0,0,735,122,105,99,147,523.05,0.09323191,1.236979,522.63,0.1000114,1.20081,577.21,0.0,-0.1446759,577.13,0.0,0.2387153,0,0,0,0,0,0,31,10,25,37,31,0,24,36,1
126056,2025-09-28,19:40:16.785,2025-09-28 19:40:16.785,224,521,100,0,239,0,0,735,122,105,99,147,523.05,0.0,0.4412616,522.63,0.0,0.9548611,577.205,0.0,-0.02170139,577.13,0.0,0.1663773,0,0,0,0,0,0,31,10,25,37,31,10,24,36,1
126057,2025-09-28,19:40:17.299,2025-09-28 19:40:17.299,224,521,100,0,239,0,0,735,123,105,99,147,523.055,0.1004691,0.3761574,522.635,0.0,1.034433,577.205,0.0,-0.1519097,577.13,0.0,0.1157407,0,0,0,0,0,0,31,-10,25,37,31,0,24,36,1
126058,2025-09-28,19:40:17.812,2025-09-28 19:40:17.812,224,521,100,0,239,0,0,735,122,105,99,147,523.05,0.0,0.4340278,522.63,0.0,0.9548611,577.205,0.0,-0.01446759,577.13,0.09091993,0.1736111,0,0,0,0,0,0,31,-10,25,37,31,0,24,36,1
126059,2025-09-28,19:40:18.327,2025-09-28 19:40:18.327,224,521,100,0,239,0,0,735,122,105,99,147,523.05,0.0,0.390625,522.635,0.0,1.034433,577.205,0.0,-0.1374421,577.13,0.0,0.2170139,0,0,0,0,0,0,31,0,25,37,31,10,24,36,1
126060,2025-09-28,19:40:18.839,2025-09-28 19:40:18.839,224,521,100,0,239,0,0,735,122,105,99,147,523.05,0.0,1.29485,522.635,0.0,1.135706,577.205,0.0,-0.03616898,577.13,-0.1028159,0.3038194,0,0,0,0,0,0,31,-10,25,37,31,0,24,36,1
126061,2025-09-28,19:40:19.350,2025-09-28 19:40:19.350,224,521,100,0,239,0,0,735,122,105,99,147,523.05,0.0,0.3327546,522.635,0.0,1.034433,577.205,0.0,-0.1302083,577.135,-0.101864,0.1374421,0,0,0,0,0,0,31,0,25,37,31,0,24,36,1
126062,2025-09-28,19:40:19.862,2025-09-28 19:40:19.862,224,521,100,0,239,0,0,735,122,105,99,147,523.05,0.0,0.4701968,522.635,0.0,0.9548611,577.205,0.0,-0.02893518,577.13,0.0,0.1953125,0,0,0,0,0,0,31,0,25,37,31,0,24,36,1
126063,2025-09-28,19:40:20.377,2025-09-28 19:40:20.377,224,521,100,0,239,0,0,735,122,105,99,147,523.05,0.0,0.3833912,522.63,0.09955886,1.034433,577.205,0.0,-0.1229745,577.13,0.0,0.1157407,0,0,0,0,0,0,31,10,25,37,31,-12,24,36,1
126064,2025-09-28,19:40:20.891,2025-09-28 19:40:20.891,224,520,100,0,239,0,0,735,122,105,99,147,523.05,0.100469,0.4774306,522.635,-0.1000113,1.128472,577.205,0.0,-0.02170139,577.13,0.0,0.2170139,0,0,0,0,0,0,31,-10,25,37,31,0,24,36,1
126065,2025-09-28,19:40:21.405,2025-09-28 19:40:21.405,224,520,100,0,239,0,0,735,122,105,99,147,523.055,0.0,1.244213,522.635,0.1004681,1.034433,577.205,0.0,-0.1085069,577.13,0.0,0.2387153,0,0,0,0,0,0,31,-10,25,37,31,0,24,36,1
126066,2025-09-28,19:40:21.919,2025-09-28 19:40:21.919,224,520,100,0,239,0,0,735,122,105,99,147,523.05,-0.1151975,0.4557292,522.63,0.0,0.9548611,577.205,0.0,-0.02170139,577.13,0.0,0.1808449,0,0,0,0,0,0,31,-10,25,37,31,-11,24,36,1
126067,2025-09-28,19:40:22.430,2025-09-28 19:40:22.430,224,520,100,0,239,0,0,735,122,105,99,146,523.05,0.0,0.3761574,522.635,0.1000113,1.034433,577.205,0.0,-0.1374421,577.13,0.0,0.1663773,0,0,0,0,0,0,31,0,25,37,31,0,24,36,1
126068,2025-09-28,19:40:22.943,2025-09-28 19:40:22.943,224,520,100,0,239,0,0,735,122,105,99,147,523.05,0.0,0.4991319,522.63,-0.1004681,0.9548611,577.205,0.0,-0.01446759,577.13,0.0,0.1808449,0,0,0,0,0,0,31,0,25,37,31,0,24,36,1
126069,2025-09-28,19:40:23.454,2025-09-28 19:40:23.454,224,520,100,0,239,0,0,735,122,105,99,147,523.05,0.0,0.3833912,522.635,0.0,1.20081,577.205,0.0,-0.1446759,577.135,0.09091993,0.1953125,0,0,0,0,0,0,31,0,25,37,31,0,24,36,1
126070,2025-09-28,19:40:23.965,2025-09-28 19:40:23.965,224,520,100,0,239,0,0,735,122,105,99,147,523.05,0.0,0.4557292,522.635,0.0,0.9548611,577.205,0.0,-0.04340278,577.13,0.0,0.1953125,0,0,0,0,0,0,31,10,25,37,31,0,24,36,1
126071,2025-09-28,19:40:24.479,2025-09-28 19:40:24.479,224,520,100,0,239,0,0,735,122,105,99,147,523.05,0.0,0.3978588,522.63,-0.1000114,1.034433,577.205,0.0,-0.1374421,577.13,0.0,0.1446759,0,0,0,0,0,0,31,0,25,37,31,0,24,36,1
126072,2025-09-28,19:40:24.988,2025-09-28 19:40:24.988,224,520,100,0,239,0,0,735,122,105,99,147,523.05,0.0,0.4557292,522.635,0.1000113,0.9548611,577.205,0.0,-0.01446759,577.13,0.0,0.2459491,0,0,0,0,0,0,31,-9,25,37,31,0,24,36,1
126073,2025-09-28,19:40:25.503,2025-09-28 19:40:25.503,224,520,100,0,239,0,0,735,122,105,99,147,523.05,0.0,0.426794,522.63,0.0,1.034433,577.205,0.0,-0.1519097,577.13,0.0,0.07957176,0,0,0,0,0,0,31,0,25,37,31,0,24,36,1
126074,2025-09-28,19:40:26.014,2025-09-28 19:40:26.014,224,520,100,0,239,0,0,735,122,105,99,147,523.05,0.0,1.309317,522.63,0.0,1.121238,577.205,0.0,-0.02170139,577.13,0.0,0.2965856,0,0,0,0,0,0,31,-10,25,37,31,10,24,36,1
126075,2025-09-28,19:40:26.527,2025-09-28 19:40:26.527,225,520,100,0,239,0,0,735,122,105,99,147,523.05,0.0,0.3761574,522.63,0.1000114,1.034433,577.205,0.0,-0.1446759,577.13,0.0,0.1229745,0,0,0,0,0,0,31,0,25,37,31,0,24,36,1
126076,2025-09-28,19:40:27.039,2025-09-28 19:40:27.039,225,520,100,0,239,0,0,735,122,105,99,147,523.05,0.0,0.4412616,522.635,-0.100468,0.9620949,577.205,0.0,-0.02170139,577.125,0.0,0.2314815,0,0,0,0,0,0,31,10,25,37,31,0,24,36,1
126077,2025-09-28,19:40:27.554,2025-09-28 19:40:27.554,225,520,100,0,239,0,0,735,122,105,99,146,523.05,0.0,0.390625,522.635,0.100468,1.034433,577.205,0.0,-0.1446759,577.13,0.0,0.09403935,0,0,0,0,0,0,31,0,25,37,31,0,24,36,1
126078,2025-09-28,19:40:28.140,2025-09-28 19:40:28.140,225,520,100,0,239,0,0,735,122,105,99,147,523.05,0.0,0.4557292,522.635,-0.100468,0.9548611,577.205,0.0,-0.007233796,577.13,0.0,0.1085069,0,0,0,0,0,0,31,0,25,37,31,0,24,36,1
126079,2025-09-28,19:40:28.653,2025-09-28 19:40:28.653,225,521,100,0,239,0,0,735,122,105,99,147,523.045,0.0,1.229745,522.63,0.1004681,1.20081,577.205,0.0,-0.1446759,577.13,0.0,0.1085069,0,0,0,0,0,0,31,-10,25,37,31,-12,24,36,1
126080,2025-09-28,19:40:29.168,2025-09-28 19:40:29.168,225,521,100,0,239,0,0,735,122,105,99,146,523.05,0.0,0.4123264,522.63,-0.1000114,0.9548611,577.205,0.0,-0.02893518,577.135,0.0,0.1808449,0,0,0,0,0,0,31,0,25,37,31,0,24,36,1
126081,2025-09-28,19:40:29.680,2025-09-28 19:40:29.680,225,521,100,0,239,0,0,735,122,105,99,147,523.05,0.0,0.3833912,522.635,0.1009289,1.041667,577.205,0.0,-0.1374421,577.13,0.0,0.1446759,0,0,0,0,0,0,31,-10,25,37,31,0,24,36,1
126082,2025-09-28,19:40:30.193,2025-09-28 19:40:30.193,225,521,100,0,239,0,0,735,122,105,99,147,523.05,0.0,0.462963,522.63,0.0,0.9548611,577.205,0.0,-0.02170139,577.13,0.0,0.2025463,0,0,0,0,0,0,31,0,25,37,31,0,24,36,1
126083,2025-09-28,19:40:30.705,2025-09-28 19:40:30.705,225,521,100,0,239,0,0,735,122,105,99,146,523.05,0.0,1.222512,522.63,0.1000113,1.077836,577.205,0.0,-0.04340278,577.13,0.1052757,0.1808449,0,0,0,0,0,0,31,-10,25,37,31,0,24,36,1
126084,2025-09-28,19:40:31.219,2025-09-28 19:40:31.219,225,521,100,0,239,0,0,735,122,105,99,147,523.05,0.0,0.4123264,522.635,0.0,0.9837963,577.205,0.0,-0.02893518,577.13,0.0,0.1808449,0,0,0,0,0,0,31,10,25,37,31,0,24,36,1
126085,2025-09-28,19:40:31.733,2025-09-28 19:40:31.733,225,521,100,0,239,0,0,735,122,105,99,147,523.05,0.0,0.3761574,522.635,-0.100929,1.034433,577.205,0.0,-0.1446759,577.13,0.0,0.1374421,0,0,0,0,0,0,31,0,25,37,31,10,24,36,1
126086,2025-09-28,19:40:32.247,2025-09-28 19:40:32.247,225,521,100,0,239,0,0,735,122,105,99,147,523.05,0.0,0.462963,522.635,0.0,0.9982639,577.205,0.0,-0.05063657,577.13,0.09866644,0.1953125,0,0,0,0,0,0,31,0,25,37,31,0,24,36,1
126087,2025-09-28,19:40:32.759,2025-09-28 19:40:32.759,225,521,100,0,239,0,0,735,121,105,99,147,523.05,0.0,0.3761574,522.635,-0.2000228,1.041667,577.205,0.0,-0.1374421,577.13,0.0,0.1519097,0,0,0,0,0,0,31,0,25,37,31,0,24,36,1
126088,2025-09-28,19:40:33.274,2025-09-28 19:40:33.274,225,521,100,0,239,0,0,735,122,105,99,147,523.05,0.0,1.287616,522.63,0.1009289,1.135706,577.205,0.0,-0.01446759,577.13,0.0,0.2459491,0,0,0,0,0,0,31,10,25,37,31,0,24,36,1
126089,2025-09-28,19:40:33.787,2025-09-28 19:40:33.787,225,521,100,0,239,0,0,735,122,105,99,147,523.05,0.0,0.354456,522.635,0.100468,1.041667,577.205,0.0,-0.1229745,577.13,0.1000118,0.1446759,0,0,0,0,0,0,31,0,25,37,31,0,24,36,1
126090,2025-09-28,19:40:34.302,2025-09-28 19:40:34.302,225,521,100,0,239,0,0,735,122,105,99,147,523.05,0.0,0.462963,522.63,-0.1000114,0.9548611,577.205,0.0,-0.02893518,577.13,-0.1089239,0.1229745,0,0,0,0,0,0,31,0,25,37,31,0,24,36,1
126091,2025-09-28,19:40:34.816,2025-09-28 19:40:34.816,225,521,100,0,239,0,0,735,122,105,99,147,523.05,0.0,0.3255208,522.63,0.100468,1.034433,577.205,0.0,-0.1374421,577.135,0.0,0.1519097,0,0,0,0,0,0,31,-10,25,37,31,0,24,36,1
126092,2025-09-28,19:40:35.328,2025-09-28 19:40:35.328,225,521,100,0,239,0,0,735,122,105,99,146,523.05,0.0,0.462963,522.635,0.0,0.9620949,577.205,0.0,-0.007233796,577.13,0.0,0.2170139,0,0,0,0,0,0,31,-10,25,37,31,10,24,36,1
126093,2025-09-28,19:40:35.840,2025-09-28 19:40:35.840,225,521,100,0,239,0,0,735,122,105,99,147,523.05,0.0,1.092303,522.635,0.0,1.208044,577.205,0.0,-0.1374421,577.13,0.0,0.2170139,0,0,0,0,0,0,31,-10,25,37,31,0,24,36,1
126094,2025-09-28,19:40:36.355,2025-09-28 19:40:36.355,225,521,100,0,239,0,0,735,122,105,99,146,523.05,0.0,0.462963,522.635,-0.1009289,0.9548611,577.205,0.0,-0.02893518,577.13,0.0,0.1953125,0,0,0,0,0,0,31,0,25,37,31,0,24,36,1
126095,2025-09-28,19:40:36.867,2025-09-28 19:40:36.867,225,521,100,0,239,0,0,735,122,105,99,147,523.05,0.0,0.3399884,522.63,0.0,1.034433,577.205,0.0,-0.1374421,577.13,0.0,0.1446759,0,0,0,0,0,0,31,0,25,37,31,0,24,36,1
126096,2025-09-28,19:40:37.384,2025-09-28 19:40:37.384,225,521,100,0,239,0,0,735,122,105,99,147,523.05,0.0,0.4774306,522.63,0.0,0.9548611,577.205,0.0,-0.02893518,577.135,0.0,0.1446759,0,0,0,0,0,0,31,0,25,37,31,0,24,36,1
126097,2025-09-28,19:40:37.895,2025-09-28 19:40:37.895,225,521,100,0,239,0,0,735,122,105,99,146,523.05,0.0,1.20081,522.635,0.0,1.041667,577.205,0.0,-0.1302083,577.13,0.0,0.1085069,0,0,0,0,0,0,31,-10,25,37,31,0,24,36,1
126098,2025-09-28,19:40:38.409,2025-09-28 19:40:38.409,225,521,100,0,239,0,0,735,122,105,99,147,523.05,-0.09054611,0.4123264,522.635,0.1009289,1.135706,577.205,0.0,-0.03616898,577.13,0.0,0.2025463,0,0,0,0,0,0,31,10,25,37,31,0,24,36,1
126099,2025-09-28,19:40:38.924,2025-09-28 19:40:38.924,225,521,100,0,239,0,0,735,122,105,99,147,523.05,0.0,0.3689236,522.63,0.0,1.034433,577.205,0.0,-0.1446759,577.13,0.0,0.1374421,0,0,0,0,0,0,31,0,25,37,31,-15,24,36,1
126100,2025-09-28,19:40:39.435,2025-09-28 19:40:39.435,225,521,100,0,239,0,0,735,122,105,99,147,523.05,-0.08980702,0.462963,522.635,0.0,0.9548611,577.205,0.0,-0.02170139,577.13,0.1032987,0.2459491,0,0,0,0,0,0,31,0,25,37,31,0,24,36,1
126101,2025-09-28,19:40:39.947,2025-09-28 19:40:39.947,225,521,100,0,239,0,0,735,122,105,99,146,523.05,0.0,0.390625,522.63,0.0,1.034433,577.205,0.0,-0.1374421,577.13,0.0,0.1157407,0,0,0,0,0,0,31,0,25,37,31,0,24,36,1
126102,2025-09-28,19:40:40.462,2025-09-28 19:40:40.462,225,520,100,0,239,0,0,735,122,105,99,147,523.05,0.100469,1.345486,522.63,0.0,1.121238,577.205,0.0,-0.01446759,577.13,0.0,0.2748843,0,0,0,0,0,0,31,0,25,37,31,0,24,36,1
126103,2025-09-28,19:40:40.974,2025-09-28 19:40:40.974,225,520,100,0,239,0,0,735,122,105,99,146,523.045,0.101395,0.3689236,522.635,0.0,1.034433,577.205,0.0,-0.1446759,577.13,0.0,0.1519097,0,0,0,0,0,0,31,0,25,37,31,0,24,36,1
126104,2025-09-28,19:40:41.487,2025-09-28 19:40:41.487,225,520,100,0,239,0,0,735,122,105,99,147,523.045,0.0,0.4412616,522.63,0.0,0.9548611,577.205,0.0,-0.03616898,577.13,-0.09911091,0.1808449,0,0,0,0,0,0,31,0,25,37,31,0,24,36,1
126105,2025-09-28,19:40:41.999,2025-09-28 19:40:41.999,225,520,100,0,239,0,0,735,122,105,99,147,523.05,0.0,0.3472222,522.63,0.1000113,1.034433,577.205,0.0,-0.1374421,577.13,0.0,0.1157407,0,0,0,0,0,0,31,0,25,37,31,0,24,36,1
126106,2025-09-28,19:40:42.511,2025-09-28 19:40:42.511,225,520,100,0,239,0,0,735,122,105,99,147,523.045,0.0,0.4846644,522.635,-0.09911038,0.9620949,577.205,0.0,-0.02893518,577.13,0.0,0.2821181,0,0,0,0,0,0,31,-10,25,37,31,0,24,36,1
126107,2025-09-28,19:40:43.024,2025-09-28 19:40:43.024,225,520,100,0,239,0,0,735,122,105,99,146,523.05,0.0,1.265914,522.63,-0.100468,1.20081,577.205,0.0,-0.1446759,577.13,0.0,0.1446759,0,0,0,0,0,0,31,0,25,37,31,0,24,36,1
126108,2025-09-28,19:40:43.539,2025-09-28 19:40:43.539,225,520,100,0,239,0,0,735,122,105,99,147,523.045,-0.09911133,0.4557292,522.635,-0.1004681,0.9548611,577.205,0.0,-0.007233796,577.13,0.0,0.1953125,0,0,0,0,0,0,31,0,25,37,31,0,24,36,1
126109,2025-09-28,19:40:44.054,2025-09-28 19:40:44.054,225,520,100,0,239,0,0,735,122,105,99,147,523.05,0.100469,0.3978588,522.63,0.100468,1.034433,577.205,0.0,-0.1519097,577.125,0.0,0.1519097,0,0,0,0,0,0,31,0,25,37,31,0,24,36,1
126110,2025-09-28,19:40:44.566,2025-09-28 19:40:44.566,225,520,100,0,239,0,0,735,122,105,99,147,523.05,0.0,0.4195602,522.635,0.0,0.9548611,577.205,0.0,-0.05063657,577.13,0.0,0.2314815,0,0,0,0,0,0,31,-10,25,37,31,0,24,36,1
126111,2025-09-28,19:40:45.079,2025-09-28 19:40:45.079,225,520,100,0,239,0,0,735,122,105,99,147,523.045,0.09822637,0.390625,522.635,0.1000113,1.034433,577.205,0.0,-0.1229745,577.13,0.0,0.1229745,0,0,0,0,0,0,31,-10,25,37,31,-15,24,36,1
126112,2025-09-28,19:40:45.592,2025-09-28 19:40:45.592,225,520,100,0,239,0,0,735,122,105,99,147,523.05,0.0,1.316551,522.63,0.0,1.128472,577.205,0.0,-0.04340278,577.13,0.0,0.2748843,0,0,0,0,0,0,31,12,25,37,31,0,24,36,1
126113,2025-09-28,19:40:46.103,2025-09-28 19:40:46.103,225,520,100,0,239,0,0,735,122,105,99,147,523.045,0.0,0.3689236,522.63,-0.100929,1.034433,577.205,0.0,-0.1302083,577.125,0.0,0.1736111,0,0,0,0,0,0,31,-10,25,37,31,0,24,36,1
126114,2025-09-28,19:40:46.619,2025-09-28 19:40:46.619,225,520,100,0,239,0,0,735,122,105,99,147,523.045,0.0,0.4123264,522.63,0.1000113,0.9548611,577.205,0.0,-0.01446759,577.13,0.0,0.1953125,0,0,0,0,0,0,31,0,25,37,31,0,24,36,1
126115,2025-09-28,19:40:47.132,2025-09-28 19:40:47.132,225,520,100,0,239,0,0,735,122,105,99,147,523.05,0.0,0.3689236,522.63,-0.1004681,1.034433,577.205,0.0,-0.1519097,577.13,-0.1000118,0.1519097,0,0,0,0,0,0,31,10,25,37,31,0,24,36,1
126116,2025-09-28,19:40:47.717,2025-09-28 19:40:47.717,225,520,100,0,239,0,0,735,122,105,99,147,523.05,-0.09955981,1.338252,522.63,0.0,1.135706,577.205,0.0,-0.02170139,577.13,0.0,0.2459491,0,0,0,0,0,0,31,0,25,37,31,0,24,36,1
126117,2025-09-28,19:40:48.230,2025-09-28 19:40:48.230,225,520,100,0,239,0,0,735,122,105,99,147,523.045,0.0,0.3110532,522.635,-0.1000113,1.034433,577.205,0.0,-0.1229745,577.135,0.0,0.1374421,0,0,0,0,0,0,31,10,25,37,31,0,24,36,1
126118,2025-09-28,19:40:48.745,2025-09-28 19:40:48.745,225,520,100,0,239,0,0,735,122,105,99,147,523.045,0.0,0.462963,522.635,0.1000114,0.9548611,577.205,0.0,-0.1446759,577.13,0.0,0.2170139,0,0,0,0,0,0,31,0,25,37,31,0,24,36,1
126119,2025-09-28,19:40:49.257,2025-09-28 19:40:49.257,225,520,100,0,239,0,0,735,122,105,99,147,523.045,0.0,0.3472222,522.63,0.0,1.034433,577.205,0.0,-0.007233796,577.13,0.0,0.08680555,0,0,0,0,0,0,31,-10,25,37,31,0,24,36,1
126120,2025-09-28,19:40:49.772,2025-09-28 19:40:49.772,225,520,100,0,239,0,0,735,122,105,99,147,523.045,0.0,0.5208333,522.635,0.0,0.9620949,577.205,0.0,-0.04340278,577.13,0.0,0.2314815,0,0,0,0,0,0,31,11,25,37,31,0,24,36,1
126121,2025-09-28,19:40:50.285,2025-09-28 19:40:50.285,225,520,100,0,239,0,0,735,122,105,99,147,523.05,0.0,1.280382,522.625,0.1000114,1.20081,577.205,0.0,-0.1302083,577.13,0.0,0.1519097,0,0,0,0,0,0,31,10,25,37,31,10,24,36,1
126122,2025-09-28,19:40:50.802,2025-09-28 19:40:50.802,225,520,100,0,239,0,0,735,122,105,99,147,523.045,0.0,0.4774306,522.63,0.0,0.9693287,577.205,0.0,-0.02893518,577.13,0.0,0.1736111,0,0,0,0,0,0,31,-10,25,37,31,0,24,36,1
126123,2025-09-28,19:40:51.355,2025-09-28 19:40:51.355,225,520,100,0,239,0,0,735,122,105,99,147,523.05,0.0,0.3472222,522.635,0.0,1.041667,577.205,0.0,-0.1302083,577.13,0.0,0.2025463,0,0,0,0,0,0,31,0,25,37,31,0,24,36,1
126124,2025-09-28,19:40:51.866,2025-09-28 19:40:51.866,225,520,100,0,239,0,0,735,122,105,99,147,523.045,0.0,0.4484954,522.635,0.0,0.9548611,577.205,0.0,-0.02170139,577.13,0.1000118,0.1302083,0,0,0,0,0,0,31,10,25,37,31,0,24,36,1
126125,2025-09-28,19:40:52.378,2025-09-28 19:40:52.378,225,520,100,0,239,0,0,735,122,105,99,147,523.045,0.0,0.3761574,522.63,0.0,1.041667,577.205,0.0,-0.1302083,577.13,0.0,0.2387153,0,0,0,0,0,0,31,-10,25,37,31,0,24,36,1
126126,2025-09-28,19:40:52.888,2025-09-28 19:40:52.888,225,520,100,0,239,0,0,735,122,105,99,147,523.045,0.0,0.3978588,522.63,0.0,1.121238,577.205,0.0,-0.01446759,577.13,0.0,0.07233796,0,0,0,0,0,0,31,0,25,37,31,0,24,36,1
126127,2025-09-28,19:40:53.403,2025-09-28 19:40:53.403,225,520,100,0,239,0,0,735,122,105,99,147,523.045,0.0,0.3616898,522.63,-0.1004681,1.034433,577.205,0.0,-0.1519097,577.125,0.0,0.1374421,0,0,0,0,0,0,31,-10,25,37,31,0,24,36,1
126128,2025-09-28,19:40:53.916,2025-09-28 19:40:53.916,225,520,100,0,239,0,0,735,122,105,99,147,523.05,0.0,0.4484954,522.63,0.0,0.9548611,577.205,0.0,-0.02893518,577.13,0.0,0.2459491,0,0,0,0,0,0,31,0,25,37,31,0,24,36,1
126129,2025-09-28,19:40:54.428,2025-09-28 19:40:54.428,225,520,100,0,239,0,0,735,122,105,99,147,523.045,0.0,0.3399884,522.635,0.0,1.034433,577.205,0.0,-0.1302083,577.13,-0.1009295,0.1736111,0,0,0,0,0,0,31,0,25,37,31,0,24,36,1
126130,2025-09-28,19:40:54.943,2025-09-28 19:40:54.943,225,520,100,0,239,0,0,735,122,105,99,147,523.05,0.09017501,1.316551,522.63,0.0,1.114005,577.205,0.0,-0.1446759,577.13,0.0,0.2893519,0,0,0,0,0,0,31,0,25,37,31,0,24,36,1
126131,2025-09-28,19:40:55.456,2025-09-28 19:40:55.456,225,520,100,0,239,0,0,735,122,105,99,147,523.05,0.0,0.3255208,522.63,0.0,1.034433,577.205,0.0,0.01446759,577.13,0.0,0.1229745,0,0,0,0,0,0,31,10,25,37,31,0,24,36,1
126132,2025-09-28,19:40:55.968,2025-09-28 19:40:55.968,225,520,100,0,239,0,0,735,121,105,99,147,523.045,0.0,0.4557292,522.63,0.0,0.9548611,577.205,0.0,-0.09403935,577.13,-0.1000119,0.1880787,0,0,0,0,0,0,31,0,25,37,31,0,24,36,1
126133,2025-09-28,19:40:56.480,2025-09-28 19:40:56.480,225,520,100,0,239,0,0,735,122,105,99,147,523.045,0.0,0.3761574,522.625,0.1000114,0.9693287,577.205,0.0,-0.1302083,577.13,0.0,0.1374421,0,0,0,0,0,0,31,0,25,37,31,0,24,36,1
126134,2025-09-28,19:40:56.989,2025-09-28 19:40:56.989,225,520,100,0,239,0,0,735,122,105,99,147,523.045,0.0,0.4557292,522.63,-0.2000228,0.9693287,577.205,0.0,-0.007233796,577.13,0.0,0.1880787,0,0,0,0,0,0,31,-10,25,37,31,0,24,36,1
126135,2025-09-28,19:40:57.500,2025-09-28 19:40:57.500,225,520,100,0,239,0,0,735,122,105,99,147,523.045,0.0,1.251447,522.63,0.09955875,1.208044,577.205,0.0,-0.1374421,577.125,-0.1000119,0.1953125,0,0,0,0,0,0,31,-10,25,37,31,0,24,36,1
126136,2025-09-28,19:40:58.013,2025-09-28 19:40:58.013,225,520,100,0,239,0,0,736,122,105,99,147,523.045,0.0,0.4557292,522.63,0.0,0.9548611,577.205,0.0,-0.02170139,577.13,0.0,0.2459491,0,0,0,0,0,0,31,0,25,37,31,0,24,36,1
126137,2025-09-28,19:40:58.528,2025-09-28 19:40:58.528,225,520,100,0,239,0,0,735,122,105,99,147,523.045,0.0,0.354456,522.63,0.0,1.034433,577.205,0.0,-0.1446759,577.13,0.0,0.2242477,0,0,0,0,0,0,31,-10,25,37,31,0,24,36,1
126138,2025-09-28,19:40:59.039,2025-09-28 19:40:59.039,225,520,100,0,239,0,0,735,122,105,99,147,523.045,0.0,0.4701968,522.635,0.0,0.9548611,577.205,0.0,-0.02170139,577.13,0.0,0.1229745,0,0,0,0,0,0,31,0,25,37,31,0,24,36,1
126139,2025-09-28,19:40:59.552,2025-09-28 19:40:59.552,225,520,100,0,239,0,0,735,122,105,99,147,523.045,0.0,0.3978588,522.635,-0.1009289,1.041667,577.205,0.0,-0.1157407,577.125,0.0,0.1591435,0,0,0,0,0,0,31,10,25,37,31,0,24,36,1
126140,2025-09-28,19:41:00.064,2025-09-28 19:41:00.064,225,520,100,0,239,0,0,736,122,105,99,147,523.045,0.0,0.5063657,522.63,0.0,1.135706,577.205,0.0,-0.02893518,577.13,-0.1009294,0.2893519,0,0,0,0,0,0,31,0,25,37,31,0,24,36,1
126141,2025-09-28,19:41:00.578,2025-09-28 19:41:00.578,225,520,100,0,239,0,0,735,122,105,99,147,523.045,0.0,0.3761574,522.63,-0.1000113,1.034433,577.205,0.0,-0.1374421,577.13,0.0,0.1374421,0,0,0,0,0,0,31,10,25,37,31,0,24,36,1
126142,2025-09-28,19:41:01.087,2025-09-28 19:41:01.087,225,520,100,0,239,0,0,736,122,105,99,147,523.045,0.0,0.4412616,522.63,0.0,0.9548611,577.205,0.1052763,-0.02170139,577.13,0.0,0.1953125,0,0,0,0,0,0,31,0,25,37,31,0,24,36,1
126143,2025-09-28,19:41:01.599,2025-09-28 19:41:01.599,225,520,100,0,239,0,0,736,122,105,99,147,523.045,0.0,0.3399884,522.63,0.100929,1.034433,577.205,0.0,-0.1374421,577.13,-0.09911091,0.1302083,0,0,0,0,0,0,31,-10,25,37,31,0,24,36,1
126144,2025-09-28,19:41:02.112,2025-09-28 19:41:02.112,225,520,100,0,239,0,0,736,122,105,99,147,523.045,0.0,1.309317,522.63,-0.1023371,0.9548611,577.205,0.0,-0.1374421,577.125,-0.09735667,0.1808449,0,0,0,0,0,0,31,10,25,37,31,10,24,36,1
126145,2025-09-28,19:41:02.624,2025-09-28 19:41:02.624,226,520,100,0,239,0,0,736,122,105,99,147,523.045,0.0,0.3472222,522.63,0.1009289,1.208044,577.205,0.0,-0.1229745,577.13,0.0,0.1157407,0,0,0,0,0,0,31,0,25,37,31,-10,24,36,1
126146,2025-09-28,19:41:03.136,2025-09-28 19:41:03.136,226,520,100,0,239,0,0,736,122,105,99,147,523.045,0.0,0.4340278,522.63,0.0,0.9548611,577.205,0.0,-0.02170139,577.13,0.0,0.1663773,0,0,0,0,0,0,31,10,25,37,31,0,24,36,1
126147,2025-09-28,19:41:03.648,2025-09-28 19:41:03.648,226,520,100,0,239,0,0,736,122,105,99,147,523.045,0.0,0.3833912,522.63,0.0,1.034433,577.205,0.0,-0.1229745,577.13,0.0,0.1085069,0,0,0,0,0,0,31,10,25,37,31,0,24,36,1
126148,2025-09-28,19:41:04.159,2025-09-28 19:41:04.159,226,519,100,0,239,0,0,736,122,105,99,147,523.045,0.0,0.4701968,522.63,0.101394,0.9548611,577.2,-0.09866707,-0.02893518,577.13,0.101864,0.1953125,0,0,0,0,0,0,31,10,25,37,31,0,24,36,1
126149,2025-09-28,19:41:04.674,2025-09-28 19:41:04.674,226,519,100,0,239,0,0,736,122,105,99,147,523.045,0.0,1.236979,522.635,-0.09778887,1.20081,577.205,0.0,-0.1374421,577.13,0.0,0.1736111,0,0,0,0,0,0,31,-10,25,37,31,0,24,36,1
126150,2025-09-28,19:41:05.187,2025-09-28 19:41:05.187,226,519,100,0,239,0,0,736,122,105,99,147,523.045,0.0,0.4195602,522.63,0.0,0.9548611,577.205,0.0,-0.02893518,577.13,0.0,0.1157407,0,0,0,0,0,0,31,0,25,37,31,0,24,36,1
126151,2025-09-28,19:41:05.700,2025-09-28 19:41:05.700,226,519,100,0,239,0,0,736,122,105,99,147,523.045,0.0,0.3689236,522.63,0.0,1.034433,577.205,0.0,-0.1302083,577.13,0.0,0.1229745,0,0,0,0,0,0,31,10,25,37,31,0,24,36,1
126152,2025-09-28,19:41:06.213,2025-09-28 19:41:06.213,226,519,100,0,239,0,0,736,122,105,99,147,523.045,0.0,0.4412616,522.63,0.0,0.9548611,577.205,0.0,-0.02170139,577.13,0.0,0.2314815,0,0,0,0,0,0,31,-10,25,37,31,0,24,36,1
126153,2025-09-28,19:41:06.729,2025-09-28 19:41:06.729,226,519,100,0,239,0,0,736,121,105,99,147,523.045,0.0,0.390625,522.63,0.0,1.041667,577.2,0.0,-0.1302083,577.13,0.0,0.07957176,0,0,0,0,0,0,31,10,25,37,31,0,24,36,1
126154,2025-09-28,19:41:07.240,2025-09-28 19:41:07.240,226,519,100,0,239,0,0,736,122,105,99,147,523.045,0.0,1.316551,522.625,0.09911038,1.128472,577.2,-0.09129765,-0.02893518,577.13,-0.09735667,0.3110532,0,0,0,0,0,0,31,0,25,37,31,0,24,36,1
126155,2025-09-28,19:41:07.755,2025-09-28 19:41:07.755,226,519,100,0,239,0,0,736,122,105,99,147,523.045,0.0,0.354456,522.625,0.1009289,1.034433,577.205,0.1018646,-0.1302083,577.13,0.0,0.1663773,0,0,0,0,0,0,31,0,25,37,31,0,24,36,1
126156,2025-09-28,19:41:08.267,2025-09-28 19:41:08.267,226,519,100,0,239,0,0,736,122,105,99,147,523.045,0.0,0.4701968,522.635,-0.1004681,0.9548611,577.2,-0.09692837,-0.02893518,577.125,-0.1000118,0.2604167,0,0,0,0,0,0,31,10,25,37,31,0,24,36,1
126157,2025-09-28,19:41:08.779,2025-09-28 19:41:08.779,226,519,100,0,239,0,0,736,122,105,99,147,523.045,0.0,0.3616898,522.625,0.0,1.034433,577.2,0.0,-0.08680555,577.13,0.0,0.1229745,0,0,0,0,0,0,31,-10,25,37,31,10,24,36,1
126158,2025-09-28,19:41:09.292,2025-09-28 19:41:09.292,226,519,100,0,239,0,0,736,122,105,99,146,523.045,0.0,0.4846644,522.63,0.0,0.9548611,577.205,0.0,-0.02170139,577.125,0.0,0.2893519,0,0,0,0,0,0,31,-10,25,37,31,0,24,36,1
126159,2025-09-28,19:41:09.803,2025-09-28 19:41:09.803,226,519,100,0,239,0,0,736,122,105,99,147,523.045,0.0,1.222512,522.625,0.0,1.208044,577.2,0.0,-0.1519097,577.13,0.0,0.1808449,0,0,0,0,0,0,31,-10,25,37,31,0,24,36,1
126160,2025-09-28,19:41:10.315,2025-09-28 19:41:10.315,226,519,100,0,239,0,0,736,122,105,99,147,523.045,-0.09443218,0.4340278,522.625,0.0,0.9548611,577.205,0.0,-0.02170139,577.13,0.0,0.1808449,0,0,0,0,0,0,31,0,25,37,31,0,24,36,1
126161,2025-09-28,19:41:10.830,2025-09-28 19:41:10.830,226,519,100,0,239,0,0,736,122,105,99,147,523.045,0.0,0.3399884,522.63,0.0,1.034433,577.2,0.0,-0.1374421,577.13,-0.09955939,0.1591435,0,0,0,0,0,0,31,0,25,37,31,-12,24,36,1
126162,2025-09-28,19:41:11.347,2025-09-28 19:41:11.347,226,519,100,0,239,0,0,736,122,105,99,147,523.045,0.0,0.4412616,522.63,0.0,0.9548611,577.2,0.0,-0.03616898,577.13,0.0,0.1953125,0,0,0,0,0,0,31,0,25,37,31,0,24,36,1
126163,2025-09-28,19:41:11.859,2025-09-28 19:41:11.859,226,519,100,0,239,0,0,736,122,105,99,147,523.045,0.0,1.0489,522.625,0.0,1.193576,577.205,0.0,-0.1446759,577.13,-0.09566346,0.2314815,0,0,0,0,0,0,31,0,25,37,31,-13,24,36,1
126164,2025-09-28,19:41:12.395,2025-09-28 19:41:12.395,226,519,100,0,239,0,0,736,122,105,99,147,523.045,0.1116889,0.3616898,522.63,0.0,0.9476273,577.2,0.0,-0.02893518,577.13,0.0,0.1374421,0,0,0,0,0,0,31,0,25,37,31,-15,24,36,1
126165,2025-09-28,19:41:12.910,2025-09-28 19:41:12.910,226,519,100,0,239,0,0,736,121,105,99,147,523.045,0.0,0.3833912,522.63,0.1000114,1.034433,577.205,0.1000125,-0.1446759,577.125,0.0,0.1302083,0,0,0,0,0,0,31,-10,25,37,31,0,24,36,1
126166,2025-09-28,19:41:13.423,2025-09-28 19:41:13.423,226,519,100,0,239,0,0,736,121,105,99,147,523.045,0.0,0.4846644,522.63,-0.100468,0.9548611,577.205,0.09955992,-0.01446759,577.125,-0.09822596,0.2242477,0,0,0,0,0,0,31,10,25,37,31,0,24,36,1
126167,2025-09-28,19:41:13.938,2025-09-28 19:41:13.938,226,519,100,0,239,0,0,736,122,105,99,147,523.04,0.0,0.4123264,522.63,0.0,1.056134,577.2,0.0,-0.1446759,577.125,0.0,0.1663773,0,0,0,0,0,0,31,0,25,37,31,0,24,36,1
126168,2025-09-28,19:41:14.452,2025-09-28 19:41:14.452,226,519,100,0,239,0,0,736,122,105,99,147,523.045,0.0,1.302083,522.63,0.0,1.128472,577.2,0.0,-0.01446759,577.13,0.0,0.2459491,0,0,0,0,0,0,31,0,25,37,31,0,24,36,1
126169,2025-09-28,19:41:14.965,2025-09-28 19:41:14.965,226,519,100,0,239,0,0,736,122,105,99,147,523.045,0.10093,0.354456,522.63,0.0,1.034433,577.205,0.0,-0.05787037,577.125,0.0,0.1229745,0,0,0,0,0,0,31,10,25,37,31,0,24,36,1
126170,2025-09-28,19:41:15.478,2025-09-28 19:41:15.478,226,519,100,0,239,0,0,736,122,105,99,147,523.04,0.0,0.462963,522.63,0.0,0.9548611,577.2,0.0,-0.02893518,577.13,0.0,0.2314815,0,0,0,0,0,0,31,0,25,37,31,0,24,36,1
126171,2025-09-28,19:41:15.988,2025-09-28 19:41:15.988,226,519,100,0,239,0,0,736,122,105,99,147,523.045,0.1000124,0.3761574,522.625,0.0,1.034433,577.205,0.0,-0.1446759,577.13,0.1013945,0.1229745,0,0,0,0,0,0,31,-10,25,37,31,0,24,36,1
126172,2025-09-28,19:41:16.499,2025-09-28 19:41:16.499,226,519,100,0,239,0,0,736,122,105,99,147,523.04,0.0,0.4846644,522.635,-0.1000113,0.9982639,577.205,-0.1013952,0.007233796,577.13,0.0,0.2387153,0,0,0,0,0,0,31,0,25,37,31,0,24,36,1
126173,2025-09-28,19:41:17.014,2025-09-28 19:41:17.014,226,519,100,0,239,0,0,736,122,105,99,147,523.045,-0.09735708,1.273148,522.625,0.0,1.070602,577.205,0.0,-0.1229745,577.13,0.0,0.2242477,0,0,0,0,0,0,31,-10,25,37,31,0,24,36,1
126174,2025-09-28,19:41:17.528,2025-09-28 19:41:17.528,226,519,100,0,239,0,0,736,122,105,99,147,523.045,-0.09911133,0.4340278,522.625,0.09911038,0.9476273,577.205,0.09955992,-0.01446759,577.13,-0.1004686,0.1663773,0,0,0,0,0,0,31,0,25,37,31,0,24,36,1
126175,2025-09-28,19:41:18.043,2025-09-28 19:41:18.043,226,519,100,0,239,0,0,736,122,105,99,147,523.045,0.0,0.3327546,522.63,0.1009289,1.034433,577.2,-0.1004692,-0.1374421,577.13,0.0,0.1012731,0,0,0,0,0,0,31,0,25,37,31,0,24,36,1
126176,2025-09-28,19:41:18.554,2025-09-28 19:41:18.554,226,519,100,0,239,0,0,736,122,105,99,147,523.04,0.100469,0.4340278,522.625,0.0,0.9548611,577.205,-0.1023384,-0.02893518,577.13,0.0,0.2097801,0,0,0,0,0,0,31,10,25,37,31,-15,24,36,1
126177,2025-09-28,19:41:19.065,2025-09-28 19:41:19.065,226,519,100,0,239,0,0,736,122,105,99,147,523.045,0.0,0.354456,522.625,0.0,1.20081,577.2,0.09955992,-0.1157407,577.125,-0.09822596,0.2097801,0,0,0,0,0,0,31,-10,25,37,31,0,24,36,1
126178,2025-09-28,19:41:19.578,2025-09-28 19:41:19.578,226,519,100,0,239,0,0,736,122,105,99,147,523.04,0.0,1.273148,522.63,-0.1023372,0.9548611,577.2,0.0,-0.02170139,577.125,0.09955928,0.1374421,0,0,0,0,0,0,31,0,25,37,31,0,24,36,1
126179,2025-09-28,19:41:20.089,2025-09-28 19:41:20.089,226,519,100,0,239,0,0,736,122,105,99,147,523.045,0.0,0.354456,522.63,-0.1000113,1.027199,577.2,0.0,-0.1157407,577.13,-0.09955928,0.1085069,0,0,0,0,0,0,31,0,25,37,31,0,24,36,1
126180,2025-09-28,19:41:20.603,2025-09-28 19:41:20.603,226,519,100,0,239,0,0,736,122,105,99,147,523.04,-0.09955981,0.4195602,522.63,0.2000228,0.9476273,577.2,0.0,-0.01446759,577.125,-0.1000119,0.2170139,0,0,0,0,0,0,31,10,25,37,31,0,24,36,1
126181,2025-09-28,19:41:21.114,2025-09-28 19:41:21.114,226,519,100,0,239,0,0,736,122,105,99,146,523.04,0.1000123,0.3833912,522.625,0.0,1.027199,577.2,0.0,-0.1302083,577.125,0.0,0.1157407,0,0,0,0,0,0,31,-10,25,37,31,10,24,36,1
126182,2025-09-28,19:41:21.630,2025-09-28 19:41:21.630,226,519,100,0,239,0,0,736,122,105,99,147,523.045,0.0,1.345486,522.63,-0.2009362,1.121238,577.2,0.0,-0.02893518,577.13,-0.1004685,0.2387153,0,0,0,0,0,0,31,0,25,37,31,0,24,36,1
126183,2025-09-28,19:41:22.143,2025-09-28 19:41:22.143,226,519,100,0,239,0,0,736,122,105,99,147,523.04,0.0,0.3761574,522.625,0.1000113,1.027199,577.205,0.0,-0.1446759,577.13,0.0,0.1157407,0,0,0,0,0,0,31,0,25,37,31,0,24,36,1
126184,2025-09-28,19:41:22.654,2025-09-28 19:41:22.654,226,519,100,0,239,0,0,736,122,105,99,147,523.04,0.0,0.4774306,522.625,-0.100468,0.9476273,577.2,0.09955992,-0.02170139,577.125,-0.1009294,0.2242477,0,0,0,0,0,0,31,10,25,37,31,10,24,36,1
126185,2025-09-28,19:41:23.166,2025-09-28 19:41:23.166,226,519,100,0,239,0,0,736,122,105,99,147,523.04,0.0,0.3761574,522.63,0.0,1.034433,577.2,0.0,-0.1446759,577.125,0.0,0.08680555,0,0,0,0,0,0,31,0,25,37,31,0,24,36,1
126186,2025-09-28,19:41:23.683,2025-09-28 19:41:23.683,226,519,100,0,239,0,0,736,122,105,99,147,523.04,0.0,0.4484954,522.63,0.1000113,0.9548611,577.2,0.0,-0.02170139,577.125,-0.1013945,0.1736111,0,0,0,0,0,0,31,0,25,37,31,0,24,36,1
126187,2025-09-28,19:41:24.194,2025-09-28 19:41:24.194,226,519,100,0,239,0,0,736,122,105,99,147,523.04,0.0,1.244213,522.625,0.0,1.193576,577.2,0.0,-0.1374421,577.13,-0.09955939,0.1808449,0,0,0,0,0,0,31,0,25,37,31,0,24,36,1
126188,2025-09-28,19:41:24.706,2025-09-28 19:41:24.706,226,519,100,0,239,0,0,736,122,105,99,147,523.04,0.0,0.4195602,522.63,0.0,0.9548611,577.2,0.0,-0.01446759,577.13,0.0,0.2097801,0,0,0,0,0,0,31,0,25,37,31,0,24,36,1
126189,2025-09-28,19:41:25.222,2025-09-28 19:41:25.222,226,519,100,0,239,0,0,736,122,105,99,147,523.04,0.0,0.354456,522.625,-0.1000114,1.034433,577.205,0.0,-0.1302083,577.125,0.0,0.1157407,0,0,0,0,0,0,31,0,25,37,31,0,24,36,1
126190,2025-09-28,19:41:25.733,2025-09-28 19:41:25.733,226,519,100,0,239,0,0,736,122,105,99,147,523.04,0.0,0.4484954,522.625,0.1000113,0.9548611,577.2,0.0,-0.02170139,577.13,0.0,0.2097801,0,0,0,0,0,0,31,0,26,37,31,0,24,36,1
126191,2025-09-28,19:41:26.247,2025-09-28 19:41:26.247,226,519,100,0,239,0,0,736,122,105,99,147,523.045,0.0,0.3833912,522.63,0.0,1.034433,577.2,0.0,-0.1446759,577.125,-0.1013945,0.1229745,0,0,0,0,0,0,31,0,25,37,31,-11,24,36,1
126192,2025-09-28,19:41:26.759,2025-09-28 19:41:26.759,226,519,100,0,239,0,0,736,122,105,99,147,523.04,0.0,0.4340278,522.625,0.1000113,1.128472,577.2,0.09955992,-0.007233796,577.125,0.0,0.2097801,0,0,0,0,0,0,31,0,25,37,31,0,24,36,1
126193,2025-09-28,19:41:27.274,2025-09-28 19:41:27.274,226,519,100,0,239,0,0,736,122,105,99,147,523.04,0.0,0.3978588,522.63,-0.09955886,1.034433,577.2,0.0,-0.1302083,577.125,0.0,0.1229745,0,0,0,0,0,0,31,10,25,37,31,0,24,36,1
126194,2025-09-28,19:41:27.787,2025-09-28 19:41:27.787,226,519,100,0,239,0,0,736,122,105,99,147,523.04,0.0,0.4918981,522.625,-0.100468,0.9548611,577.2,0.0,-0.02893518,577.13,0.0,0.1880787,0,0,0,0,0,0,31,10,25,37,31,0,24,36,1
126195,2025-09-28,19:41:28.298,2025-09-28 19:41:28.298,226,519,100,0,239,0,0,736,122,105,99,147,523.04,0.0,0.390625,522.625,0.1009289,1.034433,577.2,0.0,-0.1446759,577.125,-0.1023378,0.1012731,0,0,0,0,0,0,31,-10,25,37,31,0,24,36,1
126196,2025-09-28,19:41:28.813,2025-09-28 19:41:28.813,226,519,100,0,239,0,0,736,122,105,99,147,523.045,0.0,1.316551,522.63,0.0,1.056134,577.2,0.0,-0.02893518,577.13,0.0,0.2748843,0,0,0,0,0,0,31,10,25,37,31,0,24,36,1
126197,2025-09-28,19:41:29.326,2025-09-28 19:41:29.326,226,519,100,0,239,0,0,736,122,105,99,147,523.04,0.0,0.3616898,522.63,0.0,1.034433,577.2,0.0,-0.1446759,577.125,0.0,0.1157407,0,0,0,0,0,0,31,-10,25,37,31,0,24,36,1
126198,2025-09-28,19:41:29.838,2025-09-28 19:41:29.838,226,519,100,0,239,0,0,736,122,105,99,147,523.04,0.0,0.4484954,522.625,0.100929,0.9548611,577.205,0.0,-0.02170139,577.13,-0.1037859,0.1736111,0,0,0,0,0,0,31,-10,25,37,31,0,24,36,1
126199,2025-09-28,19:41:30.422,2025-09-28 19:41:30.422,226,519,100,0,239,0,0,736,122,105,99,147,523.04,0.0,0.3761574,522.63,0.1009289,1.034433,577.2,0.0,-0.1374421,577.125,0.0,0.1446759,0,0,0,0,0,0,31,0,25,37,31,-11,24,36,1
126200,2025-09-28,19:41:30.936,2025-09-28 19:41:30.936,226,519,100,0,239,0,0,736,122,105,99,147,523.04,0.0,0.4484954,522.63,0.0,0.9620949,577.2,0.0,-0.007233796,577.125,0.0,0.2170139,0,0,0,0,0,0,31,10,25,37,31,0,24,36,1
126201,2025-09-28,19:41:31.455,2025-09-28 19:41:31.455,226,519,100,0,239,0,0,736,122,105,99,147,523.04,0.1004691,1.222512,522.625,0.0,1.20081,577.2,0.0,-0.1446759,577.13,0.0,0.1808449,0,0,0,0,0,0,31,0,25,37,31,9,24,36,1
126202,2025-09-28,19:41:31.966,2025-09-28 19:41:31.966,226,519,100,0,239,0,0,736,122,105,99,146,523.04,0.0,0.462963,522.625,0.2000226,0.9476273,577.2,0.0,-0.02893518,577.125,0.0,0.1591435,0,0,0,0,0,0,31,-10,25,37,31,0,24,36,1
126203,2025-09-28,19:41:32.485,2025-09-28 19:41:32.485,226,519,100,0,239,0,0,736,122,105,99,147,523.04,-0.1116889,0.3327546,522.63,0.0,1.034433,577.2,0.0,-0.1519097,577.125,0.0,0.1229745,0,0,0,0,0,0,31,0,25,37,31,0,24,36,1
126204,2025-09-28,19:41:32.998,2025-09-28 19:41:32.998,226,519,100,0,239,0,0,736,122,105,99,147,523.04,0.0,0.4340278,522.625,-0.09866593,0.9548611,577.2,0.0,-0.1446759,577.125,0.0,0.2170139,0,0,0,0,0,0,31,0,25,37,31,10,24,36,1
126205,2025-09-28,19:41:33.510,2025-09-28 19:41:33.510,226,519,100,0,239,0,0,736,122,105,99,146,523.04,0.0,0.462963,522.625,0.0,1.041667,577.2,0.0,-0.007233796,577.125,-0.1023378,0.1085069,0,0,0,0,0,0,31,0,25,37,31,0,24,36,1
126206,2025-09-28,19:41:34.026,2025-09-28 19:41:34.026,227,519,100,0,239,0,0,736,122,105,99,147,523.04,0.0,0.8246528,522.62,0.0,1.121238,577.2,0.0,-0.09403935,577.125,0.0,0.2821181,0,0,0,0,0,0,31,-10,25,37,31,0,24,36,1
126207,2025-09-28,19:41:34.539,2025-09-28 19:41:34.539,227,519,100,0,239,0,0,736,122,105,99,147,523.04,0.0,0.3978588,522.63,0.0,1.034433,577.2,0.0,-0.1157407,577.125,0.0,0.1591435,0,0,0,0,0,0,31,0,25,37,31,0,24,36,1
126208,2025-09-28,19:41:35.053,2025-09-28 19:41:35.053,227,519,100,0,239,0,0,736,122,105,99,146,523.04,0.0,0.4050926,522.63,0.0,0.9548611,577.2,0.0,-0.007233796,577.13,0.0,0.2314815,0,0,0,0,0,0,31,10,25,37,31,0,24,36,1
126209,2025-09-28,19:41:35.566,2025-09-28 19:41:35.566,227,519,100,0,239,0,0,736,122,105,99,147,523.04,0.0,0.3616898,522.625,0.1009289,1.208044,577.2,0.0,-0.1085069,577.125,0.0,0.1591435,0,0,0,0,0,0,31,-10,25,37,31,0,24,36,1
126210,2025-09-28,19:41:36.080,2025-09-28 19:41:36.080,227,519,100,0,239,0,0,736,121,105,99,147,523.04,0.0,1.106771,522.63,-0.1018634,0.9548611,577.2,0.0,-0.04340278,577.125,0.0,0.2531829,0,0,0,0,0,0,31,-10,25,37,31,10,24,36,1
126211,2025-09-28,19:41:36.592,2025-09-28 19:41:36.592,227,519,100,0,239,0,0,736,122,105,99,147,523.04,0.0,0.3761574,522.635,0.0,1.034433,577.2,0.0,-0.1374421,577.125,0.09735667,0.1736111,0,0,0,0,0,0,31,-10,25,37,31,0,24,36,1
126212,2025-09-28,19:41:37.107,2025-09-28 19:41:37.107,227,519,100,0,239,0,0,736,122,105,99,147,523.04,0.0,0.426794,522.63,-0.100468,0.9548611,577.2,0.0,-0.02893518,577.13,0.0,0.2170139,0,0,0,0,0,0,31,-10,25,37,31,0,24,36,1
126213,2025-09-28,19:41:37.619,2025-09-28 19:41:37.619,227,519,100,0,239,0,0,736,122,105,99,147,523.04,0.0,0.3978588,522.63,-0.1009289,1.034433,577.2,0.0,-0.1374421,577.13,0.0,0.07233796,0,0,0,0,0,0,31,-10,25,37,31,0,24,36,1
126214,2025-09-28,19:41:38.135,2025-09-28 19:41:38.135,227,519,100,0,239,0,0,736,122,105,99,146,523.04,0.0,1.338252,522.625,0.0,1.121238,577.2,0.0,-0.01446759,577.125,0.0,0.2459491,0,0,0,0,0,0,31,10,25,37,31,0,24,36,1
126215,2025-09-28,19:41:38.647,2025-09-28 19:41:38.647,227,519,100,0,239,0,0,736,122,105,99,146,523.04,0.0,0.3399884,522.63,0.0,1.034433,577.2,0.0,-0.1446759,577.125,0.09822596,0.09403935,0,0,0,0,0,0,31,0,25,37,31,0,24,36,1
126216,2025-09-28,19:41:39.162,2025-09-28 19:41:39.162,227,519,100,0,239,0,0,736,122,105,99,147,523.04,0.0,0.4484954,522.63,0.100929,0.9548611,577.2,0.0,-0.007233796,577.125,0.0,0.1663773,0,0,0,0,0,0,31,0,25,37,31,0,24,36,1
126217,2025-09-28,19:41:39.674,2025-09-28 19:41:39.674,227,519,100,0,239,0,0,736,121,105,99,147,523.04,0.0,0.354456,522.625,0.0,1.034433,577.2,0.0,0.01446759,577.125,0.0,0.1446759,0,0,0,0,0,0,31,0,25,37,31,0,24,36,1
126218,2025-09-28,19:41:40.189,2025-09-28 19:41:40.189,227,519,100,0,239,0,0,736,122,105,99,147,523.04,0.0,0.4846644,522.63,0.0,0.9548611,577.2,0.0,-0.1085069,577.125,-0.1000118,0.2242477,0,0,0,0,0,0,31,0,25,37,31,0,24,36,1
126219,2025-09-28,19:41:40.702,2025-09-28 19:41:40.702,227,519,100,0,239,0,0,736,122,105,99,147,523.04,0.0,1.244213,522.625,0.0,1.20081,577.2,0.0,-0.1302083,577.125,0.0,0.1953125,0,0,0,0,0,0,31,0,25,37,31,0,24,36,1
126220,2025-09-28,19:41:41.217,2025-09-28 19:41:41.217,227,519,100,0,239,0,0,736,122,105,99,147,523.04,0.0,0.4774306,522.625,0.0,0.9548611,577.2,0.0,-0.04340278,577.125,0.0,0.2170139,0,0,0,0,0,0,31,0,25,37,31,-12,24,36,1
126221,2025-09-28,19:41:41.730,2025-09-28 19:41:41.730,227,519,100,0,239,0,0,736,122,105,99,147,523.04,0.0,0.3472222,522.63,0.0,1.034433,577.2,0.0,-0.1374421,577.125,0.0,0.1736111,0,0,0,0,0,0,31,11,25,37,31,0,24,36,1
126222,2025-09-28,19:41:42.246,2025-09-28 19:41:42.246,227,519,100,0,239,0,0,736,122,105,99,147,523.04,0.0,0.462963,522.625,0.0,0.9548611,577.2,0.0,0.0,577.125,0.0,0.1663773,0,0,0,0,0,0,31,0,25,37,31,0,24,36,1
126223,2025-09-28,19:41:42.759,2025-09-28 19:41:42.759,227,519,100,0,239,0,0,736,122,105,99,147,523.04,0.0,0.3761574,522.625,0.0,1.150174,577.2,0.0,-0.1374421,577.125,0.0,0.1953125,0,0,0,0,0,0,31,0,25,37,31,0,24,36,1
126224,2025-09-28,19:41:43.273,2025-09-28 19:41:43.273,227,519,100,0,239,0,0,736,122,105,99,147,523.04,0.0,1.331019,522.625,0.0,0.9476273,577.2,0.0,-0.02893518,577.13,0.0,0.2025463,0,0,0,0,0,0,31,0,25,37,31,0,24,36,1
126225,2025-09-28,19:41:43.787,2025-09-28 19:41:43.787,227,519,100,0,239,0,0,736,121,105,99,147,523.04,0.0,0.3833912,522.625,-0.09955875,1.034433,577.2,0.0,-0.1446759,577.125,0.0,0.1229745,0,0,0,0,0,0,31,0,25,37,31,0,24,36,1
126226,2025-09-28,19:41:44.302,2025-09-28 19:41:44.302,227,519,100,0,239,0,0,736,122,105,99,147,523.04,0.0,0.4557292,522.63,0.0,0.9548611,577.2,0.0,-0.02170139,577.125,0.0,0.2242477,0,0,0,0,0,0,31,0,25,37,31,0,24,36,1
126227,2025-09-28,19:41:44.815,2025-09-28 19:41:44.815,227,519,100,0,239,0,0,736,122,105,99,147,523.04,0.0,0.3978588,522.625,-0.1018634,1.034433,577.2,0.0,-0.1519097,577.125,0.0,0.1519097,0,0,0,0,0,0,31,0,25,37,31,0,24,36,1
126228,2025-09-28,19:41:45.330,2025-09-28 19:41:45.330,227,519,100,0,239,0,0,736,122,105,99,147,523.04,0.0,1.280382,522.625,0.09866593,1.128472,577.2,0.0,-0.02893518,577.125,0.0,0.2531829,0,0,0,0,0,0,31,-10,25,37,31,10,24,36,1
126229,2025-09-28,19:41:45.843,2025-09-28 19:41:45.843,227,519,100,0,239,0,0,736,122,105,99,147,523.04,0.0,0.354456,522.63,0.0,1.034433,577.2,0.0,-0.1446759,577.125,0.0,0.1374421,0,0,0,0,0,0,31,0,25,37,31,0,24,36,1
126230,2025-09-28,19:41:46.357,2025-09-28 19:41:46.357,227,519,100,0,239,0,0,736,122,105,99,147,523.035,0.0,0.462963,522.625,0.0,0.9548611,577.2,0.0,-0.1302083,577.125,-0.1000119,0.2097801,0,0,0,0,0,0,31,10,25,37,31,0,24,36,1
126231,2025-09-28,19:41:46.869,2025-09-28 19:41:46.869,227,519,100,0,239,0,0,736,122,105,99,147,523.035,0.0,0.3472222,522.625,0.0,1.041667,577.2,0.0,-0.1229745,577.125,0.0,0.1157407,0,0,0,0,0,0,31,0,25,37,31,0,24,36,1
126232,2025-09-28,19:41:47.383,2025-09-28 19:41:47.383,227,519,100,0,239,0,0,736,121,105,99,147,523.04,0.1057822,0.4846644,522.625,0.0,0.9548611,577.2,0.0,-0.03616898,577.125,0.0,0.2170139,0,0,0,0,0,0,31,0,25,37,31,0,24,36,1
126233,2025-09-28,19:41:47.897,2025-09-28 19:41:47.897,227,518,100,0,239,0,0,736,122,105,99,147,523.04,0.0,1.273148,522.625,0.0,1.20081,577.2,0.0,-0.1374421,577.125,0.0,0.1446759,0,0,0,0,0,0,31,0,25,37,31,0,24,36,1
126234,2025-09-28,19:41:48.409,2025-09-28 19:41:48.409,227,518,100,0,239,0,0,737,122,105,99,147,523.04,-0.09692817,0.4195602,522.625,0.0,0.9548611,577.2,0.0,-0.01446759,577.13,0.1000119,0.2097801,0,0,0,0,0,0,31,-10,25,37,31,0,24,36,1
126235,2025-09-28,19:41:48.925,2025-09-28 19:41:48.925,227,518,100,0,239,0,0,737,122,105,99,147,523.04,0.0,0.390625,522.625,0.0,1.034433,577.2,0.0,-0.1302083,577.125,0.0,0.1085069,0,0,0,0,0,0,31,10,25,37,31,0,24,36,1
126236,2025-09-28,19:41:49.437,2025-09-28 19:41:49.437,227,518,100,0,239,0,0,737,122,105,99,147,523.04,0.0,0.4557292,522.625,0.0,0.9548611,577.2,0.0,-0.01446759,577.125,0.0,0.1953125,0,0,0,0,0,0,31,0,25,37,31,-15,24,36,1
126237,2025-09-28,19:41:49.952,2025-09-28 19:41:49.952,227,518,100,0,239,0,0,737,122,105,99,147,523.035,0.1000124,0.4123264,522.63,0.09778887,1.041667,577.2,0.0,-0.1302083,577.125,0.0,0.1374421,0,0,0,0,0,0,31,0,25,37,31,-10,24,36,1
126238,2025-09-28,19:41:50.465,2025-09-28 19:41:50.465,227,518,100,0,239,0,0,737,122,105,99,147,523.035,0.0,1.323785,522.625,0.0,1.128472,577.2,0.0,-0.02170139,577.125,0.0,0.2314815,0,0,0,0,0,0,31,10,25,37,31,0,24,36,1
126239,2025-09-28,19:41:50.979,2025-09-28 19:41:50.979,227,518,100,0,239,0,0,737,122,105,99,147,523.04,0.1000124,0.354456,522.625,0.1004681,1.034433,577.2,0.0,-0.1519097,577.125,-0.1032986,0.1302083,0,0,0,0,0,0,31,0,25,37,31,0,24,36,1
126240,2025-09-28,19:41:51.493,2025-09-28 19:41:51.493,227,518,100,0,239,0,0,737,122,105,99,147,523.04,0.0,0.462963,522.625,0.1000114,0.9548611,577.2,0.0,-0.04340278,577.125,-0.102816,0.1591435,0,0,0,0,0,0,31,0,25,37,31,0,24,36,1
126241,2025-09-28,19:41:52.008,2025-09-28 19:41:52.008,227,518,100,0,239,0,0,737,122,105,99,147,523.04,0.0,0.3616898,522.63,0.0,1.034433,577.2,0.0,-0.1229745,577.125,0.09866634,0.09403935,0,0,0,0,0,0,31,-10,25,37,31,10,24,36,1
126242,2025-09-28,19:41:52.522,2025-09-28 19:41:52.522,227,518,100,0,239,0,0,737,122,105,99,147,523.035,0.0,1.287616,522.63,0.0,0.9548611,577.2,0.0,-0.03616898,577.125,0.0,0.2459491,0,0,0,0,0,0,31,0,25,37,31,0,24,36,1
126243,2025-09-28,19:41:53.040,2025-09-28 19:41:53.040,227,518,100,0,239,0,0,737,122,105,99,147,523.035,0.0,0.3689236,522.625,0.0,1.171875,577.2,0.0,-0.1085069,577.125,0.0,0.1012731,0,0,0,0,0,0,31,0,25,37,31,0,24,36,1
126244,2025-09-28,19:41:53.593,2025-09-28 19:41:53.593,227,518,100,0,239,0,0,737,122,105,99,147,523.035,-0.1000124,0.4557292,522.625,0.100468,0.9548611,577.2,0.0,-0.02170139,577.125,0.1000119,0.1519097,0,0,0,0,0,0,31,0,25,37,31,0,24,36,1
126245,2025-09-28,19:41:54.108,2025-09-28 19:41:54.108,227,518,100,0,239,0,0,737,122,105,99,147,523.035,0.0,0.390625,522.63,-0.1000114,1.034433,577.2,0.0,-0.1519097,577.13,-0.1037859,0.05063657,0,0,0,0,0,0,31,10,25,37,31,0,24,36,1
126246,2025-09-28,19:41:54.620,2025-09-28 19:41:54.620,227,518,100,0,239,0,0,737,122,105,99,147,523.04,0.0,0.4557292,522.62,0.09822544,0.9548611,577.2,0.0,-0.02893518,577.125,0.0,0.1880787,0,0,0,0,0,0,31,-10,25,37,31,10,24,36,1
126247,2025-09-28,19:41:55.132,2025-09-28 19:41:55.132,227,518,100,0,239,0,0,737,122,105,99,147,523.035,0.0,1.273148,522.625,0.0,1.193576,577.2,0.0,-0.1302083,577.125,0.0,0.2314815,0,0,0,0,0,0,31,0,25,37,31,0,24,36,1
126248,2025-09-28,19:41:55.644,2025-09-28 19:41:55.644,227,518,100,0,239,0,0,737,122,105,99,147,523.035,0.0,0.4340278,522.625,0.0,0.9548611,577.2,0.0,-0.02893518,577.125,0.0,0.1808449,0,0,0,0,0,0,31,0,25,37,31,0,24,36,1
126249,2025-09-28,19:41:56.155,2025-09-28 19:41:56.155,227,518,100,0,239,0,0,737,122,105,99,147,523.035,0.0,0.354456,522.625,0.0,1.034433,577.2,0.0,-0.1302083,577.12,0.0,0.1302083,0,0,0,0,0,0,31,10,25,37,31,0,24,36,1
126250,2025-09-28,19:41:56.668,2025-09-28 19:41:56.668,227,518,100,0,239,0,0,737,122,105,99,147,523.035,0.0,0.4050926,522.63,0.0,0.9548611,577.2,0.0,-0.02893518,577.12,-0.09566355,0.2025463,0,0,0,0,0,0,31,0,25,37,31,0,24,36,1
126251,2025-09-28,19:41:57.179,2025-09-28 19:41:57.179,227,518,100,0,239,0,0,737,121,105,99,147,523.035,0.0,0.354456,522.625,0.0,1.041667,577.2,0.0,-0.1157407,577.125,0.0,0.1374421,0,0,0,0,0,0,31,0,25,37,31,0,24,36,1
126252,2025-09-28,19:41:57.690,2025-09-28 19:41:57.690,227,518,100,0,239,0,0,737,122,105,99,147,523.035,0.09283851,1.316551,522.62,-0.100929,1.121238,577.2,0.0,-0.01446759,577.125,0.0,0.2748843,0,0,0,0,0,0,31,0,25,37,31,0,24,36,1
126253,2025-09-28,19:41:58.205,2025-09-28 19:41:58.205,227,518,100,0,239,0,0,737,122,105,99,147,523.035,0.0,0.354456,522.63,0.09955886,1.034433,577.2,0.0,-0.007233796,577.125,0.0,0.1085069,0,0,0,0,0,0,31,0,25,37,31,0,24,36,1
126254,2025-09-28,19:41:58.718,2025-09-28 19:41:58.718,227,518,100,0,239,0,0,737,122,105,99,147,523.035,0.0,0.426794,522.625,-0.1004681,0.9548611,577.2,0.0,-0.1519097,577.13,0.0,0.2097801,0,0,0,0,0,0,31,0,25,37,31,0,24,36,1
126255,2025-09-28,19:41:59.233,2025-09-28 19:41:59.233,227,518,100,0,239,0,0,737,122,105,99,147,523.035,0.0,0.3689236,522.625,0.1009289,1.041667,577.2,0.0,-0.06510416,577.125,-0.1089239,0.1663773,0,0,0,0,0,0,31,0,25,37,31,0,24,36,1
126256,2025-09-28,19:41:59.746,2025-09-28 19:41:59.746,227,518,100,0,239,0,0,737,122,105,99,147,523.035,0.0,0.9982639,522.625,0.0,0.9548611,577.2,0.0,-0.03616898,577.125,0.0,0.2170139,0,0,0,0,0,0,31,0,25,37,31,-11,24,36,1
126257,2025-09-28,19:42:00.260,2025-09-28 19:42:00.260,227,518,100,0,239,0,0,737,122,105,99,147,523.035,0.0,0.3255208,522.625,-0.100468,1.034433,577.2,0.0,-0.1374421,577.125,0.0,0.1736111,0,0,0,0,0,0,31,0,25,37,31,0,24,36,1
126258,2025-09-28,19:42:00.773,2025-09-28 19:42:00.773,227,518,100,0,239,0,0,737,122,105,99,147,523.035,0.0,0.4123264,522.62,0.1000114,0.9548611,577.2,0.0,-0.02893518,577.125,-0.1000119,0.2097801,0,0,0,0,0,0,31,10,25,37,31,0,24,36,1
126259,2025-09-28,19:42:01.285,2025-09-28 19:42:01.285,227,518,100,0,239,0,0,737,121,105,99,146,523.035,0.0,0.390625,522.625,0.09650224,1.034433,577.2,0.0,-0.1302083,577.125,0.0,0.08680555,0,0,0,0,0,0,31,10,25,37,31,0,24,36,1
126260,2025-09-28,19:42:01.799,2025-09-28 19:42:01.799,227,518,100,0,239,0,0,737,122,105,99,147,523.035,0.0,0.4557292,522.63,0.0,0.9548611,577.2,0.0,-0.01446759,577.125,0.0,0.2170139,0,0,0,0,0,0,31,-10,25,37,31,0,24,36,1
126261,2025-09-28,19:42:02.314,2025-09-28 19:42:02.314,227,518,100,0,239,0,0,737,122,105,99,147,523.035,0.0,1.280382,522.625,0.100468,1.215278,577.2,0.0,-0.1229745,577.125,0.0,0.1736111,0,0,0,0,0,0,31,11,25,37,31,0,24,36,1
126262,2025-09-28,19:42:02.828,2025-09-28 19:42:02.828,227,518,100,0,239,0,0,737,121,105,99,147,523.04,0.0,0.4123264,522.625,0.09955875,0.9548611,577.2,0.0,-0.02893518,577.125,0.0,0.1663773,0,0,0,0,0,0,31,-10,25,37,31,0,24,36,1
126263,2025-09-28,19:42:03.343,2025-09-28 19:42:03.343,227,518,100,0,239,0,0,737,122,105,99,147,523.035,0.0,0.390625,522.625,-0.1000114,1.034433,577.2,0.0,-0.1519097,577.125,0.0,0.1229745,0,0,0,0,0,0,31,-10,25,37,31,0,24,36,1
126264,2025-09-28,19:42:03.855,2025-09-28 19:42:03.855,227,518,100,0,239,0,0,737,122,105,99,147,523.035,0.0,0.4484954,522.63,-0.1018634,0.9548611,577.2,0.0,-0.03616898,577.125,0.0,0.1880787,0,0,0,0,0,0,31,0,25,37,31,10,24,36,1
126265,2025-09-28,19:42:04.369,2025-09-28 19:42:04.369,227,518,100,0,239,0,0,737,122,105,99,147,523.035,0.0,0.4050926,522.625,0.1000114,1.041667,577.2,0.0,-0.1519097,577.125,0.0,0.1374421,0,0,0,0,0,0,31,0,25,37,31,-10,24,36,1
126266,2025-09-28,19:42:04.884,2025-09-28 19:42:04.884,227,518,100,0,239,0,0,737,122,105,99,146,523.035,0.0,1.309317,522.625,0.1000113,1.128472,577.2,0.0,-0.01446759,577.125,0.2000239,0.2242477,0,0,0,0,0,0,31,0,25,37,31,0,24,36,1
126267,2025-09-28,19:42:05.398,2025-09-28 19:42:05.398,227,518,100,0,239,0,0,737,122,105,99,147,523.035,0.0,0.3689236,522.625,0.09955875,1.034433,577.2,0.0,-0.05063657,577.125,0.0,0.1085069,0,0,0,0,0,0,31,0,25,37,31,0,24,36,1
126268,2025-09-28,19:42:05.912,2025-09-28 19:42:05.912,227,518,100,0,239,0,0,737,122,105,99,147,523.035,0.0,0.462963,522.63,0.0,0.9620949,577.2,0.0,-0.02170139,577.125,0.0,0.2170139,0,0,0,0,0,0,31,-10,25,37,31,0,24,36,1
126269,2025-09-28,19:42:06.424,2025-09-28 19:42:06.424,227,518,100,0,239,0,0,737,122,105,99,147,523.035,0.0,0.3616898,522.62,0.09866593,1.034433,577.2,0.0,-0.1374421,577.125,-0.09911091,0.1157407,0,0,0,0,0,0,31,-10,25,37,31,0,24,36,1
126270,2025-09-28,19:42:06.936,2025-09-28 19:42:06.936,227,518,100,0,239,0,0,737,121,105,99,147,523.035,0.0,0.4918981,522.63,0.0,1.128472,577.2,0.0,-0.02170139,577.125,-0.09206113,0.2604167,0,0,0,0,0,0,31,-10,25,37,31,0,24,36,1
126271,2025-09-28,19:42:07.450,2025-09-28 19:42:07.450,227,516,100,0,239,0,0,737,121,105,99,147,523.035,0.0,1.251447,522.625,0.0,1.034433,577.2,0.0,-0.1446759,577.13,0.0,0.1953125,0,0,0,0,0,0,31,0,25,37,31,0,24,36,1
126272,2025-09-28,19:42:07.964,2025-09-28 19:42:07.964,227,516,100,0,239,0,0,737,122,105,99,147,523.035,0.0,0.4557292,522.625,0.0,0.9548611,577.2,0.0,-0.01446759,577.125,0.0,0.2097801,0,0,0,0,0,0,31,0,25,37,31,0,24,36,1
126273,2025-09-28,19:42:08.477,2025-09-28 19:42:08.477,227,516,100,0,239,0,0,737,122,105,99,147,523.035,0.0,0.3689236,522.63,0.0,1.034433,577.2,0.0,-0.1374421,577.13,0.0,0.08680555,0,0,0,0,0,0,31,0,25,37,31,0,24,36,1
126274,2025-09-28,19:42:08.989,2025-09-28 19:42:08.989,227,516,100,0,239,0,0,737,122,105,99,147,523.035,0.0,0.462963,522.62,0.1000114,0.9548611,577.2,0.0,-0.02170139,577.125,0.0,0.2170139,0,0,0,0,0,0,31,0,25,37,31,0,24,36,1
126275,2025-09-28,19:42:09.501,2025-09-28 19:42:09.501,227,516,100,0,239,0,0,737,122,105,99,147,523.035,0.0,0.390625,522.625,-0.1000114,1.208044,577.2,0.0,-0.1519097,577.125,0.0,0.1736111,0,0,0,0,0,0,31,0,25,37,31,0,24,36,1
126276,2025-09-28,19:42:10.013,2025-09-28 19:42:10.013,227,516,100,0,239,0,0,737,122,105,99,147,523.035,-0.1116889,1.331019,522.625,0.0,0.9548611,577.2,0.0,-0.02170139,577.125,0.0,0.2242477,0,0,0,0,0,0,31,0,25,37,31,0,24,36,1
126277,2025-09-28,19:42:10.528,2025-09-28 19:42:10.528,227,516,100,0,239,0,0,737,122,105,99,147,523.035,0.0,0.3689236,522.625,0.0,1.034433,577.2,0.0,-0.1302083,577.125,0.0,0.07957176,0,0,0,0,0,0,31,-10,25,37,31,0,24,36,1
126278,2025-09-28,19:42:11.040,2025-09-28 19:42:11.040,227,516,100,0,239,0,0,737,122,105,99,147,523.035,0.0,0.462963,522.63,0.0,0.9548611,577.2,0.0,-0.01446759,577.125,0.0,0.1808449,0,0,0,0,0,0,31,0,25,37,31,0,24,36,1
126279,2025-09-28,19:42:11.553,2025-09-28 19:42:11.553,227,516,100,0,239,0,0,737,121,105,99,147,523.035,0.0,0.4195602,522.625,0.201858,1.034433,577.2,0.0,-0.1519097,577.125,0.0,0.08680555,0,0,0,0,0,0,31,10,25,37,31,0,24,36,1
126280,2025-09-28,19:42:12.064,2025-09-28 19:42:12.064,227,516,100,0,239,0,0,737,122,105,99,147,523.035,0.0,1.309317,522.62,-0.2000226,1.135706,577.2,0.0,-0.06510416,577.125,-0.09911091,0.2893519,0,0,0,0,0,0,31,0,25,37,31,0,24,36,1
126281,2025-09-28,19:42:12.575,2025-09-28 19:42:12.575,227,516,100,0,239,0,0,737,122,105,99,147,523.035,0.0,0.3038194,522.625,0.1023372,1.027199,577.2,0.0,-0.1302083,577.125,-0.1000118,0.1085069,0,0,0,0,0,0,31,10,25,37,31,0,24,36,1
126282,2025-09-28,19:42:13.089,2025-09-28 19:42:13.089,227,516,100,0,239,0,0,737,122,105,99,147,523.035,0.0,0.4701968,522.625,0.0,0.9548611,577.2,0.0,-0.02893518,577.125,0.0,0.1880787,0,0,0,0,0,0,31,10,25,37,31,0,24,36,1
126283,2025-09-28,19:42:13.604,2025-09-28 19:42:13.604,227,516,100,0,239,0,0,737,122,105,99,147,523.035,0.0,0.3472222,522.625,-0.09650214,1.034433,577.2,0.0,-0.1374421,577.125,0.0,0.06510416,0,0,0,0,0,0,31,0,25,37,31,0,24,36,1
126284,2025-09-28,19:42:14.187,2025-09-28 19:42:14.187,227,516,100,0,239,0,0,737,122,105,99,147,523.035,0.0,0.4557292,522.625,-0.1042773,0.9548611,577.2,0.0,-0.01446759,577.125,0.0,0.2604167,0,0,0,0,0,0,31,-10,25,37,31,0,24,36,1
126285,2025-09-28,19:42:14.719,2025-09-28 19:42:14.719,227,516,100,0,239,0,0,737,121,105,99,147,523.035,0.0,0.3616898,522.625,0.1004681,1.20081,577.2,0.0,-0.1302083,577.12,0.0,0.09403935,0,0,0,0,0,0,31,0,25,37,31,0,24,36,1
126286,2025-09-28,19:42:15.230,2025-09-28 19:42:15.230,227,516,100,0,239,0,0,737,121,105,99,147,523.035,0.0,0.4701968,522.62,-0.09955875,0.9548611,577.2,0.0,-0.02893518,577.125,0.0,0.1808449,0,0,0,0,0,0,31,12,25,37,31,0,24,36,1
126287,2025-09-28,19:42:15.743,2025-09-28 19:42:15.743,227,516,100,0,239,0,0,737,122,105,99,147,523.035,0.1057822,0.318287,522.625,-0.09911028,1.034433,577.2,0.0,-0.1446759,577.125,0.0,0.1085069,0,0,0,0,0,0,31,0,25,37,31,0,24,36,1
126288,2025-09-28,19:42:16.258,2025-09-28 19:42:16.258,227,516,100,0,239,0,0,737,122,105,99,147,523.035,0.0,0.426794,522.62,0.0,0.9548611,577.2,-0.09525,-0.1519097,577.125,0.0,0.2025463,0,0,0,0,0,0,31,0,25,37,31,0,24,36,1
126289,2025-09-28,19:42:16.770,2025-09-28 19:42:16.770,227,516,100,0,239,0,0,737,122,105,99,147,523.035,0.0,1.258681,522.625,-0.1000113,1.099537,577.2,0.1018646,0.0,577.125,0.0,0.1374421,0,0,0,0,0,0,31,-10,25,37,31,-15,24,36,1
126290,2025-09-28,19:42:17.287,2025-09-28 19:42:17.287,227,516,100,0,239,0,0,737,121,105,99,147,523.035,0.0,0.4774306,522.62,0.09911038,0.9620949,577.2,0.0,-0.1446759,577.125,0.0,0.2459491,0,0,0,0,0,0,31,0,25,37,31,0,24,36,1
126291,2025-09-28,19:42:17.799,2025-09-28 19:42:17.799,227,516,100,0,239,0,0,738,122,105,99,147,523.035,0.0,0.3616898,522.625,0.100468,1.027199,577.2,0.0,0.007233796,577.125,0.1094658,0.1302083,0,0,0,0,0,0,31,0,25,37,31,0,24,36,1
126292,2025-09-28,19:42:18.312,2025-09-28 19:42:18.312,227,516,100,0,239,0,0,737,122,105,99,147,523.035,0.0,0.4557292,522.625,-0.1000114,0.9548611,577.2,0.0,-0.08680555,577.125,0.0,0.1808449,0,0,0,0,0,0,31,0,25,37,31,0,24,36,1
126293,2025-09-28,19:42:18.825,2025-09-28 19:42:18.825,227,516,100,0,239,0,0,737,122,105,99,147,523.035,0.0,0.3689236,522.62,0.0,1.034433,577.195,0.0,-0.1229745,577.125,0.0,0.09403935,0,0,0,0,0,0,31,10,25,37,31,0,24,36,1
126294,2025-09-28,19:42:19.340,2025-09-28 19:42:19.340,227,516,100,0,239,0,0,738,122,105,99,147,523.035,0.0,1.309317,522.625,0.0,1.128472,577.195,0.1004692,-0.03616898,577.125,-0.09911091,0.2604167,0,0,0,0,0,0,31,10,25,37,31,0,24,36,1
126295,2025-09-28,19:42:19.853,2025-09-28 19:42:19.853,227,516,100,0,239,0,0,738,122,105,99,147,523.035,0.0,0.354456,522.625,0.1018634,1.034433,577.195,0.0,-0.1374421,577.125,-0.09955939,0.1953125,0,0,0,0,0,0,31,10,25,37,31,0,24,36,1
126296,2025-09-28,19:42:20.367,2025-09-28 19:42:20.367,227,516,100,0,239,0,0,738,121,105,99,147,523.035,0.1004691,0.4991319,522.62,-0.1018634,0.9548611,577.2,-0.09955992,-0.01446759,577.125,0.0,0.2025463,0,0,0,0,0,0,31,10,25,37,31,0,24,36,1
126297,2025-09-28,19:42:20.883,2025-09-28 19:42:20.883,227,516,100,0,239,0,0,738,122,105,99,147,523.035,0.0,0.3038194,522.625,0.1009289,1.034433,577.2,0.1057824,-0.1012731,577.12,0.1052757,0.1085069,0,0,0,0,0,0,31,0,25,37,31,0,24,36,1
126298,2025-09-28,19:42:21.397,2025-09-28 19:42:21.397,227,516,100,0,239,0,0,738,121,105,99,147,523.03,0.0,0.4774306,522.625,0.0,0.9620949,577.2,0.0,-0.02893518,577.125,0.101864,0.2821181,0,0,0,0,0,0,31,-10,25,37,31,0,24,36,1
126299,2025-09-28,19:42:21.910,2025-09-28 19:42:21.910,227,516,100,0,239,0,0,738,121,105,99,147,523.035,0.0,0.9620949,522.62,-0.09955875,1.208044,577.2,0.0,-0.1229745,577.125,0.1062928,0.1446759,0,0,0,0,0,0,31,0,25,37,31,0,24,36,1
126300,2025-09-28,19:42:22.423,2025-09-28 19:42:22.423,227,516,100,0,239,0,0,738,121,105,99,147,523.03,-0.09955981,0.462963,522.625,0.1000114,0.9548611,577.195,0.0,-0.01446759,577.125,0.0,0.1663773,0,0,0,0,0,0,31,10,25,37,31,0,24,36,1
126301,2025-09-28,19:42:22.935,2025-09-28 19:42:22.935,227,516,100,0,239,0,0,738,122,105,99,147,523.03,0.0,0.3472222,522.625,-0.100468,1.034433,577.2,0.0,-0.01446759,577.125,0.1000119,0.1229745,0,0,0,0,0,0,31,0,25,37,31,-15,24,36,1
126302,2025-09-28,19:42:23.447,2025-09-28 19:42:23.447,227,516,100,0,239,0,0,738,121,105,99,147,523.03,0.0,0.4701968,522.62,0.0,0.9548611,577.2,-0.09955992,-0.1519097,577.125,0.0,0.2097801,0,0,0,0,0,0,31,-10,25,37,31,-10,24,36,1
126303,2025-09-28,19:42:23.959,2025-09-28 19:42:23.959,227,516,100,0,239,0,0,738,122,105,99,147,523.035,-0.1023382,1.208044,522.625,0.0,1.0489,577.195,-0.1000125,-0.007233796,577.125,0.1023378,0.1157407,0,0,0,0,0,0,31,0,25,37,31,0,24,36,1
126304,2025-09-28,19:42:24.470,2025-09-28 19:42:24.470,227,516,100,0,239,0,0,738,122,105,99,147,523.03,0.0,0.4195602,522.625,-0.1000114,1.128472,577.2,0.0,-0.1157407,577.125,0.0,0.2531829,0,0,0,0,0,0,31,0,25,37,31,0,24,36,1
126305,2025-09-28,19:42:24.984,2025-09-28 19:42:24.984,227,516,100,0,239,0,0,738,122,105,99,147,523.03,-0.09911133,0.3761574,522.62,0.0,1.034433,577.2,0.0,-0.1157407,577.125,0.0,0.1229745,0,0,0,0,0,0,31,-10,25,37,31,0,24,36,1
126306,2025-09-28,19:42:25.495,2025-09-28 19:42:25.495,227,516,100,0,239,0,0,738,122,105,99,147,523.03,0.09206159,0.4918981,522.625,0.0,0.9476273,577.2,0.09911143,-0.02893518,577.125,-0.09955928,0.1663773,0,0,0,0,0,0,31,0,25,37,31,10,24,36,1
126307,2025-09-28,19:42:26.007,2025-09-28 19:42:26.007,227,516,100,0,239,0,0,738,122,105,99,147,523.03,0.0,0.3761574,522.62,0.0,1.034433,577.195,-0.10093,-0.1374421,577.125,0.0,0.1591435,0,0,0,0,0,0,31,0,25,37,31,0,24,36,1
126308,2025-09-28,19:42:26.520,2025-09-28 19:42:26.520,227,516,100,0,239,0,0,738,121,105,99,147,523.03,-0.1023381,1.323785,522.62,0.2009362,1.121238,577.2,0.1000125,-0.02893518,577.125,0.1052757,0.3038194,0,0,0,0,0,0,31,-10,25,37,31,0,24,36,1
126309,2025-09-28,19:42:27.032,2025-09-28 19:42:27.032,227,516,100,0,239,0,0,738,121,105,99,147,523.03,0.0,0.318287,522.625,0.0,1.027199,577.195,0.1000125,-0.1374421,577.12,0.0,0.1663773,0,0,0,0,0,0,31,0,25,37,31,10,24,36,1
126310,2025-09-28,19:42:27.547,2025-09-28 19:42:27.547,227,516,100,0,239,0,0,738,122,105,99,147,523.03,-0.1000124,0.4557292,522.62,0.0,0.9548611,577.195,-0.1032992,-0.02170139,577.125,0.0,0.2097801,0,0,0,0,0,0,31,0,25,37,31,0,24,36,1
126311,2025-09-28,19:42:28.059,2025-09-28 19:42:28.059,227,516,100,0,239,0,0,738,121,105,99,147,523.03,0.1004691,0.3327546,522.625,0.0,1.034433,577.2,0.0,-0.1519097,577.125,-0.09955939,0.1085069,0,0,0,0,0,0,31,11,25,37,31,0,24,36,1
126312,2025-09-28,19:42:28.572,2025-09-28 19:42:28.572,227,516,100,0,239,0,0,738,122,105,99,147,523.03,0.0,0.4557292,522.625,0.0,0.9548611,577.195,-0.1028166,-0.02170139,577.125,0.09955939,0.2459491,0,0,0,0,0,0,31,-10,25,37,31,0,24,36,1
126313,2025-09-28,19:42:29.089,2025-09-28 19:42:29.089,227,516,100,0,239,0,0,738,122,105,99,147,523.03,0.0,1.258681,522.625,0.0,1.20081,577.195,0.09956002,-0.1229745,577.125,0.0,0.1446759,0,0,0,0,0,0,31,0,25,37,31,0,24,36,1
126314,2025-09-28,19:42:29.601,2025-09-28 19:42:29.601,227,516,100,0,239,0,0,738,122,105,99,147,523.03,0.0,0.4774306,522.625,0.0,0.9548611,577.195,0.0,-0.03616898,577.125,0.0,0.1880787,0,0,0,0,0,0,31,-10,25,37,31,0,24,36,1
126315,2025-09-28,19:42:30.113,2025-09-28 19:42:30.113,227,516,100,0,239,0,0,738,121,105,99,147,523.03,0.0,0.3978588,522.62,0.0,1.034433,577.2,0.0,0.007233796,577.12,0.1013945,0.1374421,0,0,0,0,0,0,31,0,25,37,31,0,24,36,1
126316,2025-09-28,19:42:30.628,2025-09-28 19:42:30.628,227,516,100,0,239,0,0,738,121,105,99,147,523.03,0.0,0.4774306,522.625,0.0,0.9548611,577.195,0.0,-0.1302083,577.125,0.0,0.2242477,0,0,0,0,0,0,31,0,25,37,31,0,24,36,1
126317,2025-09-28,19:42:31.140,2025-09-28 19:42:31.140,227,515,100,0,239,0,0,738,121,105,99,147,523.03,0.0,0.3616898,522.625,-0.1000114,1.034433,577.195,0.0,-0.1012731,577.125,0.0,0.1663773,0,0,0,0,0,0,31,0,25,37,31,0,24,36,1
126318,2025-09-28,19:42:31.652,2025-09-28 19:42:31.652,227,515,100,0,239,0,0,738,122,105,99,147,523.03,0.0,1.29485,522.62,0.0,0.9548611,577.195,0.0,-0.03616898,577.125,0.0,0.2531829,0,0,0,0,0,0,31,0,25,37,31,0,24,36,1
126319,2025-09-28,19:42:32.164,2025-09-28 19:42:32.164,227,515,100,0,239,0,0,738,121,105,99,147,523.03,0.0,0.3472222,522.625,0.0,1.034433,577.195,0.09650333,-0.1157407,577.12,0.103786,0.1446759,0,0,0,0,0,0,31,0,25,37,31,0,24,36,1
126320,2025-09-28,19:42:32.676,2025-09-28 19:42:32.676,227,515,100,0,239,0,0,738,122,105,99,147,523.03,0.0,0.4412616,522.625,0.0,0.9548611,577.195,-0.1009301,-0.02893518,577.125,0.1009294,0.2170139,0,0,0,0,0,0,31,0,25,37,31,0,24,36,1
126321,2025-09-28,19:42:33.189,2025-09-28 19:42:33.189,227,515,100,0,239,0,0,738,122,105,99,147,523.03,0.0,0.3761574,522.62,-0.09822544,1.034433,577.195,0.0,-0.1302083,577.125,0.0,0.1229745,0,0,0,0,0,0,31,0,25,37,31,10,24,36,1
126322,2025-09-28,19:42:33.702,2025-09-28 19:42:33.702,227,515,100,0,239,0,0,738,122,105,99,147,523.03,0.0,0.6655093,522.625,-0.1000114,1.121238,577.195,0.0,-0.01446759,577.125,-0.09955939,0.2459491,0,0,0,0,0,0,31,0,25,37,31,0,24,36,1
126323,2025-09-28,19:42:34.213,2025-09-28 19:42:34.213,227,515,100,0,239,0,0,738,122,105,99,147,523.03,0.0,0.5063657,522.62,0.0,1.027199,577.195,0.0,-0.1519097,577.125,-0.09955928,0.1374421,0,0,0,0,0,0,31,10,25,37,31,0,24,36,1
126324,2025-09-28,19:42:34.733,2025-09-28 19:42:34.733,227,515,100,0,239,0,0,738,121,105,99,147,523.03,0.0,0.4484954,522.62,-0.1000113,0.9476273,577.195,0.09955992,-0.007233796,577.125,0.0,0.2676505,0,0,0,0,0,0,31,-10,25,37,31,0,24,36,1
126325,2025-09-28,19:42:35.245,2025-09-28 19:42:35.245,227,515,100,0,239,0,0,738,122,105,99,147,523.03,0.0,0.3689236,522.625,0.1004681,1.034433,577.195,0.0,-0.1446759,577.12,0.0,0.1374421,0,0,0,0,0,0,31,10,25,37,31,0,24,36,1
126326,2025-09-28,19:42:35.757,2025-09-28 19:42:35.757,227,515,100,0,239,0,0,738,122,105,99,147,523.03,0.0,0.4774306,522.625,-0.1000113,0.9476273,577.2,0.0,0.0,577.125,0.1004685,0.2025463,0,0,0,0,0,0,31,-10,25,37,31,0,24,36,1
126327,2025-09-28,19:42:36.268,2025-09-28 19:42:36.268,227,515,100,0,239,0,0,738,122,105,99,147,523.03,0.0,1.251447,522.62,0.0,1.208044,577.195,0.0,-0.1446759,577.125,0.09955928,0.1591435,0,0,0,0,0,0,31,0,25,37,31,0,24,36,1
126328,2025-09-28,19:42:36.780,2025-09-28 19:42:36.780,227,515,100,0,239,0,0,738,122,105,99,147,523.03,0.0,0.4412616,522.625,0.0,0.9548611,577.195,0.0,-0.1012731,577.125,0.0,0.1736111,0,0,0,0,0,0,31,0,25,37,31,-12,24,36,1
126329,2025-09-28,19:42:37.290,2025-09-28 19:42:37.290,227,515,100,0,239,0,0,738,122,105,99,147,523.03,0.0,0.3761574,522.62,-0.1000113,1.034433,577.195,0.0,-0.07957176,577.125,0.0,0.1012731,0,0,0,0,0,0,31,-10,25,37,31,0,24,36,1
126330,2025-09-28,19:42:37.804,2025-09-28 19:42:37.804,227,515,100,0,239,0,0,738,121,105,99,147,523.03,0.0,0.4484954,522.62,0.0,0.9548611,577.195,-0.1032993,-0.01446759,577.125,0.1000119,0.1591435,0,0,0,0,0,0,31,-10,25,37,31,0,24,36,1
126331,2025-09-28,19:42:38.317,2025-09-28 19:42:38.317,227,515,100,0,239,0,0,738,121,105,99,147,523.03,0.0,0.3978588,522.625,0.0,1.041667,577.195,0.0,-0.1302083,577.125,-0.09955939,0.08680555,0,0,0,0,0,0,31,0,25,37,31,0,24,36,1
126332,2025-09-28,19:42:38.831,2025-09-28 19:42:38.831,227,515,100,0,239,0,0,738,122,105,99,147,523.03,0.0,1.345486,522.62,0.0,1.106771,577.195,0.0,-0.02170139,577.125,-0.09822596,0.2459491,0,0,0,0,0,0,31,0,25,37,31,0,24,36,1
126333,2025-09-28,19:42:39.343,2025-09-28 19:42:39.343,227,515,100,0,239,0,0,738,122,105,99,147,523.03,0.0,0.3616898,522.625,0.0,1.034433,577.2,-0.1145977,-0.1519097,577.125,0.0,0.07233796,0,0,0,0,0,0,31,11,25,37,31,0,24,36,1
126334,2025-09-28,19:42:39.858,2025-09-28 19:42:39.858,227,515,100,0,239,0,0,738,122,105,99,147,523.03,0.0,0.4412616,522.625,0.0,0.9548611,577.195,0.0,-0.02170139,577.125,-0.1000118,0.2387153,0,0,0,0,0,0,31,0,25,37,31,0,24,36,1
126335,2025-09-28,19:42:40.370,2025-09-28 19:42:40.370,227,515,100,0,239,0,0,738,121,105,99,147,523.03,0.0,0.3399884,522.625,0.09955886,1.034433,577.2,0.0,-0.1302083,577.12,-0.09955939,0.08680555,0,0,0,0,0,0,31,10,25,37,31,0,24,36,1
126336,2025-09-28,19:42:40.883,2025-09-28 19:42:40.883,227,515,100,0,239,0,0,738,121,105,99,147,523.03,0.0,0.4557292,522.625,-0.1009289,1.106771,577.195,0.09866697,-0.02170139,577.125,0.09955939,0.2821181,0,0,0,0,0,0,31,0,25,37,31,0,24,36,1
126337,2025-09-28,19:42:41.398,2025-09-28 19:42:41.398,228,515,100,0,239,0,0,738,122,105,99,147,523.03,0.0,1.251447,522.625,0.0,1.027199,577.195,0.0,-0.1302083,577.12,0.09955939,0.1157407,0,0,0,0,0,0,31,0,25,37,31,0,24,36,1
126338,2025-09-28,19:42:41.913,2025-09-28 19:42:41.913,228,515,100,0,239,0,0,738,121,105,99,147,523.03,0.0,0.4340278,522.625,0.1000113,0.9548611,577.195,0.0,-0.01446759,577.125,0.09955928,0.2314815,0,0,0,0,0,0,31,-10,25,37,31,0,24,36,1
126339,2025-09-28,19:42:42.425,2025-09-28 19:42:42.425,228,515,100,0,239,0,0,738,122,105,99,147,523.03,0.0,0.3833912,522.62,-0.09911038,1.034433,577.195,0.0,-0.1302083,577.12,0.101864,0.1591435,0,0,0,0,0,0,31,-10,25,37,31,0,24,36,1
126340,2025-09-28,19:42:42.937,2025-09-28 19:42:42.937,228,515,100,0,239,0,0,738,122,105,99,147,523.03,0.0,0.4412616,522.625,0.1004681,0.9548611,577.195,0.0,-0.02170139,577.125,0.0,0.2242477,0,0,0,0,0,0,31,0,25,37,31,10,24,36,1
126341,2025-09-28,19:42:43.452,2025-09-28 19:42:43.452,228,516,100,0,239,0,0,738,122,105,99,147,523.03,0.0,1.244213,522.62,0.0,1.20081,577.195,0.0,-0.04340278,577.12,0.0,0.2242477,0,0,0,0,0,0,31,0,25,37,31,0,24,36,1
126342,2025-09-28,19:42:43.964,2025-09-28 19:42:43.964,228,516,100,0,239,0,0,738,121,105,99,147,523.03,0.0,0.4123264,522.62,0.0,0.9548611,577.195,0.0,-0.03616898,577.125,0.0,0.1736111,0,0,0,0,0,0,31,0,25,37,31,0,24,36,1
126343,2025-09-28,19:42:44.476,2025-09-28 19:42:44.476,228,516,100,0,239,0,0,738,121,105,99,147,523.03,-0.07097648,0.3833912,522.63,0.200936,1.034433,577.195,0.0,-0.1302083,577.125,0.0,0.1012731,0,0,0,0,0,0,31,0,25,37,31,-11,24,36,1
126344,2025-09-28,19:42:44.989,2025-09-28 19:42:44.989,228,516,100,0,239,0,0,738,121,105,99,147,523.025,0.0,0.4412616,522.62,0.0,0.9548611,577.195,0.0,-0.03616898,577.12,0.0,0.2459491,0,0,0,0,0,0,31,-10,25,37,31,0,24,36,1
126345,2025-09-28,19:42:45.504,2025-09-28 19:42:45.504,228,516,100,0,239,0,0,738,122,105,99,147,523.03,0.0,0.390625,522.62,0.0,1.041667,577.195,0.0,-0.1302083,577.125,0.0,0.1302083,0,0,0,0,0,0,31,0,25,37,31,9,24,36,1
126346,2025-09-28,19:42:46.016,2025-09-28 19:42:46.016,228,516,100,0,239,0,0,738,122,105,99,147,523.03,0.0,1.35272,522.625,-0.1009289,1.128472,577.195,0.0,-0.01446759,577.12,-0.1004685,0.2893519,0,0,0,0,0,0,31,-10,25,37,31,0,24,36,1
126347,2025-09-28,19:42:46.532,2025-09-28 19:42:46.532,228,516,100,0,239,0,0,738,121,105,99,147,523.03,0.0,0.3689236,522.62,0.0,1.034433,577.195,0.0,-0.1446759,577.12,0.0,0.1229745,0,0,0,0,0,0,31,-10,25,37,31,0,24,36,1
126348,2025-09-28,19:42:47.047,2025-09-28 19:42:47.047,228,516,100,0,239,0,0,738,121,105,99,147,523.03,0.0,0.4701968,522.62,0.0,0.9476273,577.195,0.0,-0.02893518,577.12,0.0,0.1953125,0,0,0,0,0,0,31,10,25,37,31,10,24,36,1
126349,2025-09-28,19:42:47.559,2025-09-28 19:42:47.559,228,516,100,0,239,0,0,738,121,105,99,147,523.03,0.0,0.3761574,522.625,-0.200936,1.034433,577.195,0.0,-0.1446759,577.125,0.09955928,0.08680555,0,0,0,0,0,0,31,0,25,37,31,0,24,36,1
126350,2025-09-28,19:42:48.074,2025-09-28 19:42:48.074,228,516,100,0,239,0,0,739,122,105,99,147,523.03,0.0,1.280382,522.62,0.100929,0.9548611,577.195,0.0,-0.01446759,577.12,0.0,0.1880787,0,0,0,0,0,0,31,0,25,37,31,0,24,36,1
126351,2025-09-28,19:42:48.587,2025-09-28 19:42:48.587,228,516,100,0,239,0,0,739,122,105,99,147,523.03,0.0,0.3616898,522.625,0.0,1.193576,577.195,0.0,-0.1519097,577.12,0.0,0.08680555,0,0,0,0,0,0,31,0,25,37,31,0,24,36,1
126352,2025-09-28,19:42:49.102,2025-09-28 19:42:49.102,228,516,100,0,239,0,0,739,122,105,99,147,523.03,0.0,0.4412616,522.625,-0.1023372,0.9548611,577.195,0.0,-0.02170139,577.125,0.0,0.2170139,0,0,0,0,0,0,31,-10,25,37,31,0,24,36,1
126353,2025-09-28,19:42:49.613,2025-09-28 19:42:49.613,228,516,100,0,239,0,0,739,122,105,99,147,523.03,0.0,0.2821181,522.62,0.09822544,1.034433,577.195,0.0,-0.1446759,577.12,-0.1023378,0.1663773,0,0,0,0,0,0,31,-10,25,37,31,0,24,36,1
126354,2025-09-28,19:42:50.125,2025-09-28 19:42:50.125,228,516,100,0,239,0,0,739,121,105,99,147,523.03,0.0,0.4846644,522.62,0.0,0.9548611,577.195,0.0,-0.04340278,577.12,-0.1013945,0.2387153,0,0,0,0,0,0,31,0,25,37,31,10,24,36,1
126355,2025-09-28,19:42:50.641,2025-09-28 19:42:50.641,228,516,100,0,239,0,0,739,121,105,99,147,523.03,0.0,1.229745,522.625,0.0,1.041667,577.195,0.0,-0.1229745,577.12,0.0,0.1374421,0,0,0,0,0,0,31,0,25,37,31,0,24,36,1
126356,2025-09-28,19:42:51.153,2025-09-28 19:42:51.153,228,515,100,0,239,0,0,739,121,105,99,146,523.03,0.0,0.4557292,522.62,0.1000113,1.027199,577.195,0.0,-0.04340278,577.12,0.09955928,0.1808449,0,0,0,0,0,0,31,0,25,37,31,0,24,36,1
126357,2025-09-28,19:42:51.668,2025-09-28 19:42:51.668,228,515,100,0,239,0,0,739,121,105,99,147,523.03,0.0,0.3689236,522.62,0.0,1.034433,577.195,0.0,-0.1446759,577.12,0.0,0.09403935,0,0,0,0,0,0,31,0,25,37,31,0,24,36,1
126358,2025-09-28,19:42:52.180,2025-09-28 19:42:52.180,228,515,100,0,239,0,0,739,122,105,99,147,523.03,0.0,0.462963,522.625,0.100468,0.9548611,577.195,0.0,-0.04340278,577.12,0.0,0.2025463,0,0,0,0,0,0,31,0,25,37,31,0,24,36,1
126359,2025-09-28,19:42:52.689,2025-09-28 19:42:52.689,228,515,100,0,239,0,0,739,121,105,99,146,523.03,0.0,0.354456,522.62,-0.1004681,1.034433,577.195,0.0,-0.1302083,577.12,0.0,0.07957176,0,0,0,0,0,0,31,0,25,37,31,0,24,36,1
126360,2025-09-28,19:42:53.202,2025-09-28 19:42:53.202,228,515,100,0,239,0,0,739,121,105,99,146,523.03,0.0,1.359954,522.62,0.0,1.128472,577.195,0.0,-0.03616898,577.12,0.0,0.2531829,0,0,0,0,0,0,31,0,25,37,31,0,24,36,1
126361,2025-09-28,19:42:53.713,2025-09-28 19:42:53.713,228,515,100,0,239,0,0,739,121,105,99,147,523.03,0.0,0.3110532,522.62,-0.1009289,1.034433,577.195,0.0,-0.1374421,577.12,0.1000119,0.1302083,0,0,0,0,0,0,31,-10,25,37,31,0,24,36,1
126362,2025-09-28,19:42:54.226,2025-09-28 19:42:54.226,228,515,100,0,239,0,0,739,121,105,99,146,523.03,0.0,0.4412616,522.625,0.0,0.9476273,577.195,0.0,-0.02893518,577.12,0.0,0.2170139,0,0,0,0,0,0,31,10,25,37,31,0,24,36,1
126363,2025-09-28,19:42:54.738,2025-09-28 19:42:54.738,228,515,100,0,239,0,0,739,121,105,99,146,523.03,0.0,0.3399884,522.62,0.100468,1.027199,577.195,0.0,-0.1302083,577.12,0.0,0.1157407,0,0,0,0,0,0,31,0,25,37,31,0,24,36,1
126364,2025-09-28,19:42:55.257,2025-09-28 19:42:55.257,228,515,100,0,239,0,0,739,121,105,99,147,523.03,0.0,0.4918981,522.62,0.0,0.9548611,577.195,0.0,-0.007233796,577.125,0.0,0.1953125,0,0,0,0,0,0,31,0,25,37,31,-12,24,36,1
126365,2025-09-28,19:42:55.812,2025-09-28 19:42:55.812,228,515,100,0,239,0,0,739,121,105,99,147,523.03,0.0,1.186343,522.625,0.1000113,1.193576,577.195,0.0,-0.01446759,577.12,0.0,0.2097801,0,0,0,0,0,0,31,0,25,37,31,0,24,36,1
126366,2025-09-28,19:42:56.355,2025-09-28 19:42:56.355,228,515,100,0,239,0,0,739,121,105,99,146,523.03,0.0,0.426794,522.62,0.0,0.9548611,577.195,0.0,-0.06510416,577.12,0.0,0.2025463,0,0,0,0,0,0,31,0,25,37,31,10,24,36,1
126367,2025-09-28,19:42:56.867,2025-09-28 19:42:56.867,228,515,100,0,239,0,0,739,122,105,99,146,523.03,-0.09822647,0.3616898,522.625,0.0,1.034433,577.195,0.0,-0.1229745,577.12,0.09362818,0.07233796,0,0,0,0,0,0,31,10,25,37,31,0,24,36,1
126368,2025-09-28,19:42:57.379,2025-09-28 19:42:57.379,228,515,100,0,239,0,0,739,121,105,99,147,523.03,0.0,0.4557292,522.62,0.0,0.9548611,577.195,0.0,-0.02170139,577.12,0.0,0.2170139,0,0,0,0,0,0,31,-10,25,37,31,0,24,36,1
126369,2025-09-28,19:42:57.962,2025-09-28 19:42:57.962,228,515,100,0,239,0,0,739,121,105,99,147,523.03,0.0,1.106771,522.625,0.0,1.20081,577.195,0.0,-0.1446759,577.12,0.0,0.1808449,0,0,0,0,0,0,31,0,25,37,31,0,24,36,1
126370,2025-09-28,19:42:58.474,2025-09-28 19:42:58.474,228,515,100,0,239,0,0,739,121,105,99,147,523.025,0.0,0.4412616,522.62,-0.100468,0.9548611,577.195,0.0,-0.02170139,577.12,0.0,0.1808449,0,0,0,0,0,0,31,11,25,37,31,0,24,36,1
126371,2025-09-28,19:42:58.990,2025-09-28 19:42:58.990,228,515,100,0,239,0,0,739,121,105,99,147,523.03,0.0,0.3399884,522.62,0.100468,1.034433,577.195,0.0,-0.1519097,577.12,0.0,0.1012731,0,0,0,0,0,0,31,0,25,37,31,-10,24,36,1
126372,2025-09-28,19:42:59.505,2025-09-28 19:42:59.505,228,515,100,0,239,0,0,739,121,105,99,147,523.025,0.0,0.3978588,522.62,0.09866593,0.9548611,577.195,0.0,-0.02170139,577.12,0.0,0.1880787,0,0,0,0,0,0,31,0,25,37,31,0,24,36,1
126373,2025-09-28,19:43:00.019,2025-09-28 19:43:00.019,228,515,100,0,239,0,0,739,121,105,99,146,523.03,0.0,0.4050926,522.625,0.0,1.034433,577.195,0.0,-0.007233796,577.12,0.0,0.1591435,0,0,0,0,0,0,31,-10,25,37,31,0,24,36,1
126374,2025-09-28,19:43:00.533,2025-09-28 19:43:00.533,228,515,100,0,239,0,0,739,121,105,99,146,523.025,0.0,1.323785,522.62,0.0,1.121238,577.195,0.0,-0.1519097,577.12,0.0,0.2821181,0,0,0,0,0,0,31,0,25,37,31,10,24,36,1
126375,2025-09-28,19:43:01.047,2025-09-28 19:43:01.047,228,515,100,0,239,0,0,739,121,105,99,147,523.025,0.0,0.3616898,522.62,-0.2009362,1.034433,577.195,0.0,-0.01446759,577.12,0.0,0.1012731,0,0,0,0,0,0,31,0,25,37,31,0,24,36,1
126376,2025-09-28,19:43:01.559,2025-09-28 19:43:01.559,228,515,100,0,239,0,0,739,121,105,99,146,523.03,0.0,0.4774306,522.625,0.0,0.9548611,577.195,0.0,-0.1591435,577.12,0.0,0.2314815,0,0,0,0,0,0,31,11,25,37,31,0,24,36,1
126377,2025-09-28,19:43:02.070,2025-09-28 19:43:02.070,228,515,100,0,239,0,0,739,121,105,99,146,523.025,-0.1028165,0.3255208,522.62,0.0,1.041667,577.195,0.0,-0.02170139,577.12,0.0,0.1229745,0,0,0,0,0,0,31,0,25,37,31,0,24,36,1
126378,2025-09-28,19:43:02.585,2025-09-28 19:43:02.585,228,515,100,0,239,0,0,739,121,105,99,147,523.025,0.09822637,0.5063657,522.62,0.0,1.005498,577.195,0.0,-0.07233796,577.12,0.0,0.2170139,0,0,0,0,0,0,31,0,25,37,31,0,24,36,1
126379,2025-09-28,19:43:03.096,2025-09-28 19:43:03.096,228,515,100,0,239,0,0,739,121,105,99,147,523.025,0.0,1.244213,522.62,0.0,1.0489,577.195,0.0,-0.1302083,577.12,0.0,0.1229745,0,0,0,0,0,0,31,-10,25,37,31,0,24,36,1
126380,2025-09-28,19:43:03.608,2025-09-28 19:43:03.608,228,515,100,0,239,0,0,739,121,105,99,147,523.025,0.0,0.3978588,522.615,-0.1047738,0.9548611,577.195,0.0,-0.01446759,577.12,0.0,0.2025463,0,0,0,0,0,0,31,0,25,37,31,0,24,36,1
126381,2025-09-28,19:43:04.123,2025-09-28 19:43:04.123,228,515,100,0,239,0,0,739,121,105,99,147,523.025,0.0,0.3833912,522.62,0.2000228,1.034433,577.195,0.0,-0.1374421,577.12,0.0,0.1446759,0,0,0,0,0,0,31,0,25,37,31,-11,24,36,1
126382,2025-09-28,19:43:04.636,2025-09-28 19:43:04.636,228,515,100,0,239,0,0,739,121,105,99,147,523.025,0.0,0.462963,522.625,-0.1018634,0.9548611,577.195,0.0,-0.01446759,577.12,0.0,0.1953125,0,0,0,0,0,0,31,0,25,37,31,0,24,36,1
126383,2025-09-28,19:43:05.150,2025-09-28 19:43:05.150,228,515,100,0,239,0,0,739,121,105,99,146,523.025,0.0,1.273148,522.62,0.0,1.208044,577.195,0.0,-0.1374421,577.12,0.0,0.1519097,0,0,0,0,0,0,31,10,25,37,31,0,24,36,1
126384,2025-09-28,19:43:05.663,2025-09-28 19:43:05.663,228,515,100,0,239,0,0,739,121,105,99,146,523.03,-0.1089244,0.4412616,522.625,0.1000113,0.9548611,577.195,0.0,-0.04340278,577.12,0.0,0.1374421,0,0,0,0,0,0,31,0,25,37,31,0,24,36,1
126385,2025-09-28,19:43:06.178,2025-09-28 19:43:06.178,228,515,100,0,239,0,0,739,121,105,99,147,523.025,0.0,0.3833912,522.625,-0.100929,1.034433,577.195,0.0,-0.1302083,577.12,0.0,0.1302083,0,0,0,0,0,0,31,0,25,37,31,0,24,36,1
126386,2025-09-28,19:43:06.690,2025-09-28 19:43:06.690,228,515,100,0,239,0,0,739,121,105,99,147,523.025,0.0,0.426794,522.62,0.100468,0.9548611,577.195,0.0,-0.1446759,577.12,0.0,0.1808449,0,0,0,0,0,0,31,10,25,37,31,10,24,36,1
126387,2025-09-28,19:43:07.205,2025-09-28 19:43:07.205,228,515,100,0,239,0,0,739,122,105,99,147,523.025,0.0,0.3616898,522.62,0.0,1.034433,577.195,0.0,-0.01446759,577.12,0.0,0.07957176,0,0,0,0,0,0,31,0,25,37,31,0,24,36,1
126388,2025-09-28,19:43:07.718,2025-09-28 19:43:07.718,228,515,100,0,239,0,0,740,121,105,99,147,523.025,0.0,1.316551,522.625,0.0,1.121238,577.195,0.0,-0.1374421,577.12,0.0,0.2531829,0,0,0,0,0,0,31,0,25,37,31,0,24,36,1
126389,2025-09-28,19:43:08.230,2025-09-28 19:43:08.230,228,515,100,0,239,0,0,739,121,105,99,147,523.025,0.0995597,0.354456,522.615,0.09866593,1.034433,577.195,0.0,-0.01446759,577.12,0.0,0.1302083,0,0,0,0,0,0,31,10,25,37,31,0,24,36,1
126390,2025-09-28,19:43:08.743,2025-09-28 19:43:08.743,228,515,100,0,239,0,0,740,121,105,99,146,523.025,0.0952498,0.4774306,522.62,0.0,0.9548611,577.195,0.0,-0.1157407,577.12,-0.1004685,0.1808449,0,0,0,0,0,0,31,10,25,37,31,0,24,36,1
126391,2025-09-28,19:43:09.257,2025-09-28 19:43:09.257,228,515,100,0,239,0,0,740,121,105,99,147,523.025,0.0,0.3833912,522.62,0.0,1.034433,577.195,0.0,-0.1302083,577.12,0.0,0.1374421,0,0,0,0,0,0,31,0,25,37,31,0,24,36,1
126392,2025-09-28,19:43:09.770,2025-09-28 19:43:09.770,228,515,100,0,239,0,0,740,122,105,99,147,523.03,0.0,0.4701968,522.62,0.0,0.9548611,577.195,0.0,-0.02170139,577.12,0.0,0.1736111,0,0,0,0,0,0,31,0,25,37,31,0,24,36,1
126393,2025-09-28,19:43:10.284,2025-09-28 19:43:10.284,228,515,100,0,239,0,0,740,121,105,99,146,523.025,0.0,1.222512,522.62,0.0,1.208044,577.195,0.0,-0.1374421,577.12,0.0,0.2025463,0,0,0,0,0,0,31,0,25,37,31,0,24,36,1
126394,2025-09-28,19:43:10.798,2025-09-28 19:43:10.798,228,515,100,0,239,0,0,740,121,105,99,146,523.025,0.0,0.4918981,522.62,0.0,0.9548611,577.195,0.0,-0.02893518,577.12,0.0,0.1953125,0,0,0,0,0,0,31,0,25,37,31,0,24,36,1
126395,2025-09-28,19:43:11.310,2025-09-28 19:43:11.310,228,515,100,0,239,0,0,740,121,105,99,147,523.025,0.0,0.3833912,522.62,0.0,1.034433,577.195,0.0,-0.1446759,577.12,0.1009294,0.1880787,0,0,0,0,0,0,31,0,25,37,31,0,24,36,1
126396,2025-09-28,19:43:11.823,2025-09-28 19:43:11.823,228,515,100,0,239,0,0,740,121,105,99,147,523.025,0.0,0.4484954,522.62,0.0,0.9548611,577.195,0.0,0.0,577.12,0.0,0.2097801,0,0,0,0,0,0,31,10,25,37,31,0,24,36,1
126397,2025-09-28,19:43:12.335,2025-09-28 19:43:12.335,228,515,100,0,239,0,0,740,121,105,99,146,523.025,0.0,1.229745,522.62,0.0,1.034433,577.195,0.0,-0.1374421,577.12,0.0,0.1446759,0,0,0,0,0,0,31,0,25,37,31,0,24,36,1
126398,2025-09-28,19:43:12.850,2025-09-28 19:43:12.850,228,515,100,0,239,0,0,740,121,105,99,147,523.025,0.0,0.390625,522.615,-0.2000228,1.128472,577.195,0.0,-0.02893518,577.12,0.0,0.1808449,0,0,0,0,0,0,31,10,25,37,31,0,24,36,1
126399,2025-09-28,19:43:13.362,2025-09-28 19:43:13.362,228,515,100,0,239,0,0,740,121,105,99,147,523.025,0.0,0.3399884,522.62,0.09735616,1.034433,577.195,0.0,-0.02893518,577.125,0.09735677,0.1446759,0,0,0,0,0,0,31,0,25,37,31,0,24,36,1
126400,2025-09-28,19:43:13.876,2025-09-28 19:43:13.876,228,515,100,0,239,0,0,740,121,105,99,147,523.025,0.0,0.4557292,522.62,0.0,0.9548611,577.195,0.0,-0.1446759,577.12,0.0,0.2459491,0,0,0,0,0,0,31,10,25,37,31,0,24,36,1
126401,2025-09-28,19:43:14.389,2025-09-28 19:43:14.389,228,515,100,0,239,0,0,740,121,105,99,147,523.025,0.0,0.390625,522.62,0.09955875,1.027199,577.195,0.0,0.007233796,577.12,0.0,0.1157407,0,0,0,0,0,0,31,0,25,37,31,0,24,36,1
126402,2025-09-28,19:43:14.902,2025-09-28 19:43:14.902,228,514,100,0,239,0,0,740,121,105,99,147,523.025,0.0,1.345486,522.625,0.1000114,1.128472,577.195,0.0,-0.1374421,577.12,0.0,0.2604167,0,0,0,0,0,0,31,0,25,37,31,0,24,36,1
126403,2025-09-28,19:43:15.414,2025-09-28 19:43:15.414,228,514,100,0,239,0,0,740,121,105,99,147,523.025,0.0,0.3833912,522.62,0.0,1.027199,577.195,0.0,-0.1085069,577.12,0.0,0.1012731,0,0,0,0,0,0,31,-10,25,37,31,0,24,36,1
126404,2025-09-28,19:43:15.929,2025-09-28 19:43:15.929,228,514,100,0,239,0,0,740,121,105,99,147,523.025,0.0,0.462963,522.62,0.0,0.9548611,577.195,0.0,-0.01446759,577.12,0.0,0.2170139,0,0,0,0,0,0,31,10,25,37,31,0,24,36,1
126405,2025-09-28,19:43:16.449,2025-09-28 19:43:16.449,228,514,100,0,239,0,0,740,121,105,99,147,523.025,0.0,0.3399884,522.62,-0.1009289,1.034433,577.195,0.0,-0.1302083,577.12,0.0,0.1157407,0,0,0,0,0,0,31,0,25,37,31,0,24,36,1
126406,2025-09-28,19:43:16.964,2025-09-28 19:43:16.964,229,514,100,0,239,0,0,740,121,105,99,147,523.025,0.0,0.426794,522.62,0.100468,0.9620949,577.195,0.0,-0.02170139,577.12,0.1009294,0.1953125,0,0,0,0,0,0,31,0,25,37,31,0,24,36,1
126407,2025-09-28,19:43:17.477,2025-09-28 19:43:17.477,229,514,100,0,239,0,0,740,121,105,99,147,523.025,-0.1000123,1.251447,522.62,0.0,1.215278,577.195,0.0,-0.1157407,577.12,0.0,0.1519097,0,0,0,0,0,0,31,0,25,37,31,0,24,36,1
126408,2025-09-28,19:43:17.992,2025-09-28 19:43:17.992,229,514,100,0,239,0,0,740,121,105,99,147,523.025,0.0,0.462963,522.62,0.0,0.9548611,577.195,0.0,-0.02893518,577.12,0.0,0.2531829,0,0,0,0,0,0,31,0,25,37,31,0,24,36,1
126409,2025-09-28,19:43:18.504,2025-09-28 19:43:18.504,229,514,100,0,239,0,0,740,121,105,99,147,523.025,0.0,0.354456,522.615,0.0,1.034433,577.195,0.0,-0.1519097,577.12,0.0991108,0.1302083,0,0,0,0,0,0,31,-10,25,37,31,0,24,36,1
126410,2025-09-28,19:43:19.020,2025-09-28 19:43:19.020,229,514,100,0,239,0,0,740,121,105,99,147,523.025,0.0,0.4557292,522.62,0.100468,0.9548611,577.19,0.0,-0.02170139,577.12,0.09735667,0.2025463,0,0,0,0,0,0,31,11,25,37,31,9,24,36,1
126411,2025-09-28,19:43:19.533,2025-09-28 19:43:19.533,229,514,100,0,239,0,0,740,121,105,99,147,523.025,0.0,0.4774306,522.625,0.0,1.041667,577.195,0.0,-0.1302083,577.12,0.0,0.1446759,0,0,0,0,0,0,31,10,25,37,31,0,24,36,1
126412,2025-09-28,19:43:20.045,2025-09-28 19:43:20.045,229,514,100,0,239,0,0,740,121,105,99,147,523.025,0.0,0.6944444,522.615,0.1000113,1.121238,577.195,0.0,-0.1591435,577.12,0.09692787,0.2893519,0,0,0,0,0,0,31,-10,25,37,31,0,24,36,1
126413,2025-09-28,19:43:20.558,2025-09-28 19:43:20.558,229,514,100,0,239,0,0,740,121,105,99,147,523.025,0.0,0.3399884,522.62,0.1018634,1.034433,577.195,0.0,-0.007233796,577.12,0.0,0.1519097,0,0,0,0,0,0,31,0,25,37,31,-12,24,36,1
126414,2025-09-28,19:43:21.068,2025-09-28 19:43:21.068,229,514,100,0,239,0,0,740,121,105,99,147,523.025,0.0,0.4557292,522.62,0.0,0.9548611,577.195,0.0,-0.1374421,577.12,0.0,0.1736111,0,0,0,0,0,0,31,0,25,37,31,0,24,36,1
126415,2025-09-28,19:43:21.580,2025-09-28 19:43:21.580,229,514,100,0,239,0,0,740,121,105,99,147,523.025,0.0,0.3978588,522.615,0.0,1.034433,577.195,0.0,-0.07957176,577.12,0.0,0.1229745,0,0,0,0,0,0,31,0,25,37,31,0,24,36,1
126416,2025-09-28,19:43:22.090,2025-09-28 19:43:22.090,229,514,100,0,239,0,0,740,121,105,99,147,523.025,0.1236108,1.302083,522.62,-0.1000113,1.128472,577.195,0.0,-0.01446759,577.12,0.0,0.2242477,0,0,0,0,0,0,31,-10,25,37,31,0,24,36,1
126417,2025-09-28,19:43:22.603,2025-09-28 19:43:22.603,229,514,100,0,239,0,0,740,121,105,99,147,523.025,0.0,0.2965856,522.62,0.0,1.034433,577.19,0.0,-0.1446759,577.12,0.0,0.1591435,0,0,0,0,0,0,31,0,25,37,31,0,24,36,1
126418,2025-09-28,19:43:23.117,2025-09-28 19:43:23.117,229,514,100,0,239,0,0,740,121,105,99,147,523.025,0.0,0.4701968,522.615,0.0,0.9548611,577.19,0.0,-0.02893518,577.12,0.0,0.2676505,0,0,0,0,0,0,31,-10,25,37,31,0,24,36,1
126419,2025-09-28,19:43:23.630,2025-09-28 19:43:23.630,229,514,100,0,239,0,0,740,121,105,99,147,523.025,0.0,0.390625,522.625,0.0,1.034433,577.195,0.0,-0.1085069,577.12,0.0,0.1229745,0,0,0,0,0,0,31,-10,25,37,31,10,24,36,1
126420,2025-09-28,19:43:24.142,2025-09-28 19:43:24.142,229,514,100,0,239,0,0,740,121,105,99,147,523.025,0.0,0.4412616,522.615,-0.2000226,0.9548611,577.195,0.0,-0.02170139,577.12,0.09911091,0.2748843,0,0,0,0,0,0,31,0,25,37,31,0,24,36,1
126421,2025-09-28,19:43:24.654,2025-09-28 19:43:24.654,229,514,100,0,239,0,0,740,121,105,99,147,523.025,0.0,1.258681,522.62,0.0,1.20081,577.195,0.0,-0.1302083,577.125,0.09091984,0.1663773,0,0,0,0,0,0,31,0,25,37,31,0,24,36,1
126422,2025-09-28,19:43:25.168,2025-09-28 19:43:25.168,229,514,100,0,239,0,0,740,121,105,99,147,523.025,0.0,0.4412616,522.62,0.0,0.9476273,577.195,0.0,-0.007233796,577.12,0.0,0.1663773,0,0,0,0,0,0,31,0,25,37,31,0,24,36,1
126423,2025-09-28,19:43:25.680,2025-09-28 19:43:25.680,229,514,100,0,239,0,0,740,121,105,99,147,523.02,0.0,0.354456,522.615,0.0,1.034433,577.19,0.1000125,-0.1446759,577.12,0.0,0.1229745,0,0,0,0,0,0,31,0,25,37,31,0,24,36,1
126424,2025-09-28,19:43:26.193,2025-09-28 19:43:26.193,229,514,100,0,239,0,0,740,121,105,99,147,523.025,0.0,0.4484954,522.625,0.1009289,0.9548611,577.195,0.10093,-0.01446759,577.12,0.0,0.1663773,0,0,0,0,0,0,31,0,25,37,31,0,24,36,1
126425,2025-09-28,19:43:26.705,2025-09-28 19:43:26.705,229,514,100,0,239,0,0,740,121,105,99,147,523.025,0.0,0.426794,522.62,-0.1000114,1.034433,577.195,0.0,0.0,577.12,0.0,0.1591435,0,0,0,0,0,0,31,0,25,37,31,0,24,36,1
126426,2025-09-28,19:43:27.222,2025-09-28 19:43:27.222,229,514,100,0,239,0,0,740,121,105,99,147,523.025,0.0,1.331019,522.615,0.0,1.128472,577.195,0.0,-0.1591435,577.12,0.0,0.2387153,0,0,0,0,0,0,31,-10,25,37,31,0,24,36,1
126427,2025-09-28,19:43:27.734,2025-09-28 19:43:27.734,229,514,100,0,239,0,0,740,121,105,99,147,523.02,0.0,0.3616898,522.62,0.09955875,1.034433,577.195,0.0,-0.05063657,577.12,0.0,0.08680555,0,0,0,0,0,0,31,0,25,37,31,0,24,36,1
126428,2025-09-28,19:43:28.248,2025-09-28 19:43:28.248,229,514,100,0,239,0,0,741,121,105,99,147,523.02,0.0,0.462963,522.62,-0.1004681,0.9548611,577.195,0.0,-0.04340278,577.12,0.0,0.1663773,0,0,0,0,0,0,31,11,25,37,31,0,24,36,1
126429,2025-09-28,19:43:28.760,2025-09-28 19:43:28.760,229,514,100,0,239,0,0,741,121,105,99,147,523.025,0.0,0.390625,522.62,0.1000113,1.034433,577.195,0.1018645,-0.1302083,577.12,0.0,0.1446759,0,0,0,0,0,0,31,0,25,37,31,0,24,36,1
126430,2025-09-28,19:43:29.272,2025-09-28 19:43:29.272,229,514,100,0,239,0,0,741,121,105,99,147,523.025,0.0,0.4701968,522.62,0.0,1.135706,577.195,0.1000125,-0.02170139,577.12,0.0,0.2314815,0,0,0,0,0,0,31,10,25,37,31,0,24,36,1
126431,2025-09-28,19:43:29.785,2025-09-28 19:43:29.785,229,514,100,0,239,0,0,741,121,105,99,147,523.025,0.1018644,1.215278,522.62,0.0,1.027199,577.195,0.0,-0.1591435,577.125,0.0,0.1446759,0,0,0,0,0,0,31,10,25,37,31,0,24,36,1
126432,2025-09-28,19:43:30.298,2025-09-28 19:43:30.298,229,514,100,0,239,0,0,741,121,105,99,147,523.025,0.1018644,0.4701968,522.615,-0.1000113,0.9548611,577.195,0.1111249,-0.01446759,577.12,0.0,0.1663773,0,0,0,0,0,0,31,-10,25,37,31,0,24,36,1
126433,2025-09-28,19:43:30.810,2025-09-28 19:43:30.810,229,514,100,0,239,0,0,741,121,105,99,147,523.02,0.1000123,0.3689236,522.625,0.1009289,1.034433,577.195,0.0,-0.1446759,577.12,0.0,0.1302083,0,0,0,0,0,0,31,0,25,37,31,-12,24,36,1
126434,2025-09-28,19:43:31.326,2025-09-28 19:43:31.326,229,514,100,0,239,0,0,741,121,105,99,147,523.02,0.0,0.462963,522.62,0.0,0.9548611,577.19,0.0,-0.007233796,577.125,0.0,0.2314815,0,0,0,0,0,0,31,0,25,37,31,0,24,36,1
126435,2025-09-28,19:43:31.838,2025-09-28 19:43:31.838,229,514,100,0,239,0,0,741,121,105,99,147,523.025,0.1000124,1.251447,522.615,0.0,1.20081,577.195,-0.09866707,-0.1302083,577.12,0.0,0.1736111,0,0,0,0,0,0,31,0,25,37,31,0,24,36,1
126436,2025-09-28,19:43:32.349,2025-09-28 19:43:32.349,229,514,100,0,239,0,0,741,121,105,99,147,523.025,0.0,0.4701968,522.625,0.0,0.9548611,577.19,0.0,-0.03616898,577.12,0.0,0.1880787,0,0,0,0,0,0,31,0,25,37,31,0,24,36,1
126437,2025-09-28,19:43:32.862,2025-09-28 19:43:32.862,229,514,100,0,239,0,0,741,121,105,99,146,523.025,0.0,0.3472222,522.615,-0.09778887,1.034433,577.195,0.0,-0.1446759,577.12,0.0,0.1302083,0,0,0,0,0,0,31,10,25,37,31,0,24,36,1
126438,2025-09-28,19:43:33.377,2025-09-28 19:43:33.377,229,514,100,0,239,0,0,741,121,105,99,147,523.02,-0.1028163,0.4123264,522.615,0.0,0.9620949,577.19,0.0,-0.1519097,577.12,0.09866644,0.2387153,0,0,0,0,0,0,31,0,25,37,31,0,24,36,1
126439,2025-09-28,19:43:33.890,2025-09-28 19:43:33.890,229,514,100,0,239,0,0,741,121,105,99,147,523.025,0.0,0.426794,522.62,0.0,1.041667,577.195,0.0,-0.03616898,577.12,0.0,0.1012731,0,0,0,0,0,0,31,-10,25,37,31,0,24,36,1
126440,2025-09-28,19:43:34.405,2025-09-28 19:43:34.405,229,514,100,0,239,0,0,741,121,105,99,147,523.02,0.0,1.35272,522.62,-0.1000114,1.128472,577.195,0.0,-0.03616898,577.12,0.0,0.2604167,0,0,0,0,0,0,31,0,25,37,31,0,24,36,1
126441,2025-09-28,19:43:34.918,2025-09-28 19:43:34.918,229,514,100,0,239,0,0,741,121,105,99,147,523.025,0.09911133,0.3761574,522.615,0.09911028,1.034433,577.195,0.09956002,-0.1446759,577.12,0.0,0.1012731,0,0,0,0,0,0,31,0,25,37,31,0,24,36,1
126442,2025-09-28,19:43:35.430,2025-09-28 19:43:35.430,229,514,100,0,239,0,0,741,121,105,99,147,523.02,-0.1023382,0.4195602,522.62,0.0,0.9548611,577.19,0.0,-0.03616898,577.125,0.1000119,0.2097801,0,0,0,0,0,0,31,-10,25,37,31,0,24,36,1
126443,2025-09-28,19:43:35.942,2025-09-28 19:43:35.942,229,514,100,0,239,0,0,741,121,105,99,147,523.02,-0.1100135,0.3616898,522.62,-0.1000114,1.027199,577.19,0.0,-0.1374421,577.12,0.0,0.1519097,0,0,0,0,0,0,31,0,25,37,31,0,24,36,1
126444,2025-09-28,19:43:36.457,2025-09-28 19:43:36.457,229,514,100,0,239,0,0,741,121,105,99,147,523.02,0.0,0.4918981,522.615,0.09911038,0.9548611,577.19,0.09911143,-0.01446759,577.12,0.0,0.2314815,0,0,0,0,0,0,31,0,25,37,31,0,24,36,1
126445,2025-09-28,19:43:36.977,2025-09-28 19:43:36.977,229,514,100,0,239,0,0,741,120,105,99,147,523.025,0.0,1.222512,522.615,0.0,1.128472,577.19,0.09650333,-0.1374421,577.12,0.0,0.1446759,0,0,0,0,0,0,31,10,25,37,31,-15,24,36,1
126446,2025-09-28,19:43:37.529,2025-09-28 19:43:37.529,229,514,100,0,239,0,0,741,121,105,99,147,523.02,0.0,0.4701968,522.625,0.1004681,0.9548611,577.19,0.0,-0.01446759,577.12,0.0,0.1953125,0,0,0,0,0,0,31,10,25,37,31,-10,24,36,1
126447,2025-09-28,19:43:38.044,2025-09-28 19:43:38.044,229,514,100,0,239,0,0,741,121,105,99,146,523.02,0.0,0.3472222,522.615,-0.09735616,1.034433,577.195,0.0,-0.1446759,577.12,0.0,0.1302083,0,0,0,0,0,0,31,0,25,37,31,0,24,36,1
126448,2025-09-28,19:43:38.565,2025-09-28 19:43:38.565,229,514,100,0,239,0,0,741,121,105,99,147,523.02,0.0,0.4412616,522.615,-0.09778887,0.9548611,577.195,0.0,-0.1519097,577.12,0.0,0.1663773,0,0,0,0,0,0,31,0,25,37,31,0,24,36,1
126449,2025-09-28,19:43:39.079,2025-09-28 19:43:39.079,229,514,100,0,239,0,0,741,121,105,99,147,523.02,0.0,1.251447,522.615,0.0,1.20081,577.195,0.0,0.0,577.12,0.0,0.1446759,0,0,0,0,0,0,31,0,25,37,31,0,24,36,1
126450,2025-09-28,19:43:39.589,2025-09-28 19:43:39.589,229,514,100,0,239,0,0,741,121,105,99,147,523.025,0.0,0.4412616,522.62,0.0,0.9548611,577.19,-0.1009301,-0.1446759,577.12,0.0,0.1808449,0,0,0,0,0,0,31,0,25,37,31,0,24,36,1
126451,2025-09-28,19:43:40.103,2025-09-28 19:43:40.103,229,514,100,0,239,0,0,741,121,105,99,147,523.02,0.0,0.3616898,522.62,0.2000226,1.034433,577.195,0.0,-0.02170139,577.12,0.0,0.1157407,0,0,0,0,0,0,31,0,25,37,31,0,24,36,1
126452,2025-09-28,19:43:40.619,2025-09-28 19:43:40.619,229,514,100,0,239,0,0,741,121,105,99,147,523.02,0.0,0.4123264,522.62,-0.1000114,0.9548611,577.19,0.0,-0.02893518,577.12,0.0,0.2170139,0,0,0,0,0,0,31,0,25,37,31,0,24,36,1
126453,2025-09-28,19:43:41.133,2025-09-28 19:43:41.133,229,514,100,0,239,0,0,741,121,105,99,147,523.025,0.0,0.3761574,522.62,0.1000113,1.041667,577.19,0.0,-0.1302083,577.12,0.1122582,0.1229745,0,0,0,0,0,0,31,0,25,37,31,-12,24,36,1
126454,2025-09-28,19:43:41.646,2025-09-28 19:43:41.646,229,514,100,0,239,0,0,741,121,105,99,147,523.02,0.0,1.251447,522.62,0.1000113,1.121238,577.195,0.0,-0.02893518,577.12,0.0,0.3038194,0,0,0,0,0,0,31,0,25,37,31,0,24,36,1
126455,2025-09-28,19:43:42.225,2025-09-28 19:43:42.225,229,514,100,0,239,0,0,741,121,105,99,147,523.02,0.0,0.3472222,522.615,0.1023372,1.027199,577.19,0.0,-0.1446759,577.12,0.0,0.1085069,0,0,0,0,0,0,31,0,25,37,31,-10,24,36,1
126456,2025-09-28,19:43:42.737,2025-09-28 19:43:42.737,229,514,100,0,239,0,0,741,121,105,99,147,523.02,0.0,0.426794,522.615,0.0,0.9548611,577.19,0.0,-0.02893518,577.12,0.0,0.1519097,0,0,0,0,0,0,31,0,25,37,31,0,24,36,1
126457,2025-09-28,19:43:43.252,2025-09-28 19:43:43.252,229,514,100,0,239,0,0,742,121,105,99,146,523.02,0.0,0.3689236,522.62,0.0,1.034433,577.19,0.0,-0.1446759,577.115,0.0,0.1736111,0,0,0,0,0,0,31,0,25,37,31,0,24,36,1
126458,2025-09-28,19:43:43.764,2025-09-28 19:43:43.764,229,514,100,0,239,0,0,742,121,105,99,147,523.02,0.0,1.150174,522.62,0.0,0.9548611,577.19,0.0,0.0,577.12,0.0,0.1808449,0,0,0,0,0,0,31,0,25,37,31,-12,24,36,1
126459,2025-09-28,19:43:44.278,2025-09-28 19:43:44.278,229,514,100,0,239,0,0,742,121,105,99,147,523.02,0.0,0.2965856,522.62,0.0,1.20081,577.19,0.0,-0.01446759,577.115,0.0,0.2025463,0,0,0,0,0,0,31,0,25,37,31,0,24,36,1
126460,2025-09-28,19:43:44.789,2025-09-28 19:43:44.789,229,514,100,0,239,0,0,742,120,105,99,147,523.02,0.0,0.4412616,522.62,0.0,0.9548611,577.195,0.0,-0.1519097,577.12,0.0,0.2242477,0,0,0,0,0,0,31,0,25,37,31,0,24,36,1
126461,2025-09-28,19:43:45.304,2025-09-28 19:43:45.304,229,514,100,0,239,0,0,742,121,105,99,147,523.02,0.0,0.3833912,522.615,-0.09955886,1.034433,577.195,0.1000125,-0.007233796,577.12,0.0,0.05787037,0,0,0,0,0,0,31,0,25,37,31,0,24,36,1
126462,2025-09-28,19:43:45.816,2025-09-28 19:43:45.816,229,514,100,0,239,0,0,742,121,105,99,147,523.02,0.0,0.4918981,522.62,0.1000113,0.9548611,577.19,0.0,-0.1591435,577.12,0.0,0.1880787,0,0,0,0,0,0,31,0,25,37,31,0,24,36,1
126463,2025-09-28,19:43:46.332,2025-09-28 19:43:46.332,229,514,100,0,239,0,0,742,121,105,99,147,523.02,0.0,1.258681,522.62,0.0,1.20081,577.19,0.0,0.007233796,577.12,0.0,0.1374421,0,0,0,0,0,0,31,11,25,37,31,0,24,36,1
126464,2025-09-28,19:43:46.844,2025-09-28 19:43:46.844,229,514,100,0,239,0,0,742,121,105,99,147,523.02,0.0,0.4412616,522.615,0.0,0.9548611,577.19,0.0,-0.08680555,577.115,0.0,0.1519097,0,0,0,0,0,0,31,0,25,37,31,0,24,36,1
126465,2025-09-28,19:43:47.358,2025-09-28 19:43:47.358,229,514,100,0,239,0,0,742,121,105,99,147,523.02,0.0,0.3110532,522.62,0.0,1.034433,577.19,0.0,-0.1302083,577.12,0.0,0.08680555,0,0,0,0,0,0,31,10,25,37,31,0,24,36,1
126466,2025-09-28,19:43:47.870,2025-09-28 19:43:47.870,229,514,100,0,239,0,0,742,120,105,99,147,523.02,0.0,0.4557292,522.615,-0.09778897,0.9548611,577.19,0.0,-0.02893518,577.12,0.1000118,0.2025463,0,0,0,0,0,0,31,0,25,37,31,0,24,36,1
126467,2025-09-28,19:43:48.387,2025-09-28 19:43:48.387,229,514,100,0,239,0,0,742,121,105,99,147,523.02,0.0,0.390625,522.615,0.1009289,1.034433,577.19,0.0,-0.1229745,577.12,0.1309679,0.1808449,0,0,0,0,0,0,31,0,25,37,31,0,24,36,1
126468,2025-09-28,19:43:48.898,2025-09-28 19:43:48.898,229,514,100,0,239,0,0,742,120,105,99,147,523.02,0.0,1.323785,522.625,0.0,1.128472,577.195,0.0,-0.04340278,577.12,0.0,0.2459491,0,0,0,0,0,0,31,0,25,37,31,0,24,36,1
126469,2025-09-28,19:43:49.414,2025-09-28 19:43:49.414,229,514,100,0,239,0,0,742,120,105,99,147,523.02,0.0,0.3833912,522.615,0.1000114,1.034433,577.19,0.0,-0.1446759,577.12,0.0,0.1446759,0,0,0,0,0,0,31,-10,25,37,31,0,24,36,1
126470,2025-09-28,19:43:49.927,2025-09-28 19:43:49.927,229,514,100,0,239,0,0,742,120,105,99,147,523.02,0.0,0.4484954,522.615,0.1000114,0.9548611,577.19,0.0,-0.02893518,577.12,0.0,0.2387153,0,0,0,0,0,0,31,0,25,37,31,0,24,36,1
126471,2025-09-28,19:43:50.437,2025-09-28 19:43:50.437,229,514,100,0,239,0,0,742,121,105,99,147,523.02,0.0,0.354456,522.62,0.0,1.034433,577.195,0.0,-0.02170139,577.12,0.0,0.1157407,0,0,0,0,0,0,31,0,25,37,31,0,24,36,1
126472,2025-09-28,19:43:50.952,2025-09-28 19:43:50.952,229,514,100,0,239,0,0,742,120,105,99,147,523.02,0.0,0.4918981,522.615,0.0,0.9548611,577.19,0.0,-0.1591435,577.12,0.0,0.2097801,0,0,0,0,0,0,31,0,25,37,31,0,24,36,1
126473,2025-09-28,19:43:51.466,2025-09-28 19:43:51.466,229,514,100,0,239,0,0,742,121,105,99,147,523.02,0.0,1.244213,522.615,0.1000113,1.208044,577.19,0.0,-0.01446759,577.12,0.0,0.1591435,0,0,0,0,0,0,31,0,25,37,31,-12,24,36,1
126474,2025-09-28,19:43:51.979,2025-09-28 19:43:51.979,229,514,100,0,239,0,0,742,121,105,99,147,523.02,0.0,0.4412616,522.62,0.0,0.9548611,577.19,0.0,-0.1519097,577.12,0.0,0.1808449,0,0,0,0,0,0,31,10,25,37,31,0,24,36,1
126475,2025-09-28,19:43:52.490,2025-09-28 19:43:52.490,230,514,100,0,239,0,0,742,121,105,99,147,523.02,0.0,0.3833912,522.615,0.0,1.034433,577.19,0.0,-0.007233796,577.12,0.0,0.1591435,0,0,0,0,0,0,31,0,25,37,31,9,24,36,1
126476,2025-09-28,19:43:53.003,2025-09-28 19:43:53.003,230,514,100,0,239,0,0,742,121,105,99,147,523.02,0.0,0.4340278,522.62,0.0,0.9548611,577.19,0.0,-0.1012731,577.115,0.0,0.2459491,0,0,0,0,0,0,31,0,25,37,31,0,24,36,1
126477,2025-09-28,19:43:53.515,2025-09-28 19:43:53.515,230,514,100,0,239,0,0,742,121,105,99,147,523.02,0.0,0.3761574,522.62,0.0,1.20081,577.19,0.0,-0.1012731,577.12,0.1000119,0.1808449,0,0,0,0,0,0,31,0,25,37,31,0,24,36,1
126478,2025-09-28,19:43:54.030,2025-09-28 19:43:54.030,230,514,100,0,239,0,0,742,120,105,99,147,523.02,0.0,1.186343,522.62,0.0,0.9476273,577.19,0.0,-0.03616898,577.12,-0.09608132,0.2025463,0,0,0,0,0,0,31,10,25,37,31,10,24,36,1
126479,2025-09-28,19:43:54.546,2025-09-28 19:43:54.546,230,514,100,0,239,0,0,742,120,105,99,147,523.02,0.0,0.3689236,522.615,0.0,1.027199,577.19,0.0,-0.1374421,577.12,0.0,0.1302083,0,0,0,0,0,0,31,0,25,37,31,0,24,36,1
126480,2025-09-28,19:43:55.057,2025-09-28 19:43:55.057,230,514,100,0,239,0,0,742,121,105,99,147,523.02,0.0,0.4412616,522.62,0.0,0.9548611,577.19,0.0,-0.03616898,577.12,0.0,0.2242477,0,0,0,0,0,0,31,0,25,37,31,0,24,36,1
126481,2025-09-28,19:43:55.569,2025-09-28 19:43:55.569,230,514,100,0,239,0,0,742,121,105,99,147,523.02,0.0,0.426794,522.615,-0.1009289,1.034433,577.19,0.0,-0.1085069,577.12,0.0,0.1302083,0,0,0,0,0,0,31,0,25,37,31,0,24,36,1
126482,2025-09-28,19:43:56.085,2025-09-28 19:43:56.085,230,514,100,0,239,0,0,742,121,105,99,147,523.02,0.0,1.316551,522.615,0.0,1.121238,577.19,0.0,-0.02893518,577.12,0.0,0.2170139,0,0,0,0,0,0,31,-10,25,37,31,0,24,36,1
126483,2025-09-28,19:43:56.597,2025-09-28 19:43:56.597,230,514,100,0,239,0,0,742,121,105,99,147,523.02,0.1057822,0.354456,522.62,0.1000114,1.027199,577.19,0.0,-0.1446759,577.12,0.0,0.1374421,0,0,0,0,0,0,31,-10,25,37,31,0,24,36,1
126484,2025-09-28,19:43:57.109,2025-09-28 19:43:57.109,230,514,100,0,239,0,0,743,121,105,99,147,523.02,0.0,0.462963,522.615,0.0,0.9548611,577.19,0.0,-0.1519097,577.12,0.0,0.1880787,0,0,0,0,0,0,31,0,25,37,31,10,24,36,1
126485,2025-09-28,19:43:57.639,2025-09-28 19:43:57.639,230,514,100,0,239,0,0,742,120,105,99,147,523.02,0.0,0.354456,522.62,0.1009289,1.034433,577.19,0.0,0.01446759,577.12,0.0,0.1374421,0,0,0,0,0,0,31,0,25,37,31,0,24,36,1
126486,2025-09-28,19:43:58.152,2025-09-28 19:43:58.152,230,514,100,0,239,0,0,743,120,105,99,147,523.02,0.0,0.4774306,522.615,0.0,0.9548611,577.19,0.0,-0.1446759,577.12,0.0,0.1880787,0,0,0,0,0,0,31,0,25,37,31,0,24,36,1
126487,2025-09-28,19:43:58.663,2025-09-28 19:43:58.663,230,513,100,0,239,0,0,743,120,105,99,147,523.02,0.0,1.244213,522.615,0.100468,1.20081,577.19,0.0,-0.01446759,577.12,0.0,0.1663773,0,0,0,0,0,0,31,0,25,37,31,0,24,36,1
126488,2025-09-28,19:43:59.175,2025-09-28 19:43:59.175,230,513,100,0,239,0,0,743,121,105,99,147,523.015,0.0,0.4340278,522.615,0.09911038,0.9548611,577.19,0.0,-0.1302083,577.12,-0.09822596,0.1736111,0,0,0,0,0,0,31,10,25,37,31,0,24,36,1
126489,2025-09-28,19:43:59.688,2025-09-28 19:43:59.688,230,513,100,0,239,0,0,743,121,105,99,147,523.02,0.0,0.3689236,522.62,0.0,1.034433,577.19,0.0,-0.1085069,577.115,0.0,0.1446759,0,0,0,0,0,0,31,0,25,37,31,0,24,36,1
126490,2025-09-28,19:44:00.199,2025-09-28 19:44:00.199,230,513,100,0,239,0,0,743,121,105,99,147,523.02,0.0,0.4484954,522.62,0.0,0.9476273,577.19,0.0,-0.02170139,577.12,0.0,0.1736111,0,0,0,0,0,0,31,0,25,37,31,0,24,36,1
126491,2025-09-28,19:44:00.712,2025-09-28 19:44:00.712,230,513,100,0,239,0,0,743,121,105,99,147,523.02,0.0,0.3689236,522.615,-0.09911038,1.150174,577.19,0.0,-0.1302083,577.12,0.0,0.1736111,0,0,0,0,0,0,31,-10,25,37,31,10,24,36,1
126492,2025-09-28,19:44:01.225,2025-09-28 19:44:01.225,230,513,100,0,239,0,0,743,120,105,99,147,523.02,0.0,1.331019,522.615,-0.09911028,0.9548611,577.19,0.0,-0.02170139,577.12,0.0,0.1519097,0,0,0,0,0,0,31,10,25,37,31,0,24,36,1
126493,2025-09-28,19:44:01.737,2025-09-28 19:44:01.737,230,513,100,0,239,0,0,743,120,105,99,147,523.02,0.0,0.3472222,522.615,0.100468,1.034433,577.19,0.0,-0.1519097,577.12,0.0,0.1446759,0,0,0,0,0,0,31,11,25,37,31,0,24,36,1
126494,2025-09-28,19:44:02.249,2025-09-28 19:44:02.249,230,513,100,0,239,0,0,743,120,105,99,147,523.02,0.0,0.4123264,522.615,-0.1004681,0.9548611,577.19,0.0,-0.02893518,577.12,0.1052756,0.2025463,0,0,0,0,0,0,31,0,25,37,31,0,24,36,1
126495,2025-09-28,19:44:02.760,2025-09-28 19:44:02.760,230,513,100,0,239,0,0,743,121,105,99,147,523.02,0.0,0.390625,522.61,0.0,1.034433,577.19,0.0,-0.1374421,577.12,0.0,0.1229745,0,0,0,0,0,0,31,10,25,37,31,0,24,36,1
126496,2025-09-28,19:44:03.273,2025-09-28 19:44:03.273,230,513,100,0,239,0,0,743,121,105,99,147,523.02,0.0,1.338252,522.62,-0.100468,1.128472,577.19,0.0,-0.01446759,577.12,-0.07858077,0.2387153,0,0,0,0,0,0,31,-10,25,37,31,0,24,36,1
126497,2025-09-28,19:44:03.785,2025-09-28 19:44:03.785,230,513,100,0,239,0,0,743,121,105,99,147,523.015,-0.09911133,0.354456,522.62,0.0,1.034433,577.19,0.0,-0.1591435,577.12,-0.08240686,0.1229745,0,0,0,0,0,0,31,-10,25,37,31,-12,24,36,1
126498,2025-09-28,19:44:04.297,2025-09-28 19:44:04.297,230,513,100,0,239,0,0,743,120,105,99,147,523.02,0.1000124,0.4195602,522.61,0.09822544,0.9548611,577.19,0.0,-0.1519097,577.12,0.0,0.1591435,0,0,0,0,0,0,31,0,25,37,31,-15,24,36,1
126499,2025-09-28,19:44:04.812,2025-09-28 19:44:04.812,230,513,100,0,239,0,0,743,121,105,99,147,523.02,-0.09911133,0.3327546,522.62,-0.09911038,1.034433,577.19,0.0,0.007233796,577.12,0.0,0.1446759,0,0,0,0,0,0,31,-10,25,37,31,0,24,36,1
126500,2025-09-28,19:44:05.325,2025-09-28 19:44:05.325,230,513,100,0,239,0,0,743,121,105,99,147,523.02,0.0,0.4774306,522.62,0.1000113,0.9548611,577.19,0.0,-0.1374421,577.12,-0.09822596,0.2604167,0,0,0,0,0,0,31,0,25,37,31,0,24,36,1
126501,2025-09-28,19:44:05.838,2025-09-28 19:44:05.838,230,513,100,0,239,0,0,743,121,105,99,146,523.02,0.09955981,1.244213,522.615,0.0,1.193576,577.19,0.0,-0.09403935,577.12,0.0,0.1591435,0,0,0,0,0,0,31,0,25,37,31,0,24,36,1
126502,2025-09-28,19:44:06.353,2025-09-28 19:44:06.353,230,513,100,0,239,0,0,743,120,105,99,147,523.015,0.0,0.4340278,522.62,0.0,0.9548611,577.19,0.0,-0.05787037,577.115,0.0,0.1446759,0,0,0,0,0,0,31,10,25,37,31,0,24,36,1
126503,2025-09-28,19:44:06.865,2025-09-28 19:44:06.865,230,513,100,0,239,0,0,743,120,105,99,147,523.015,0.0,0.3255208,522.62,0.1000113,1.034433,577.19,0.0,-0.1374421,577.12,0.0,0.1302083,0,0,0,0,0,0,31,0,25,37,31,0,24,36,1
126504,2025-09-28,19:44:07.379,2025-09-28 19:44:07.379,230,513,100,0,239,0,0,743,120,105,99,147,523.02,-0.100469,0.3689236,522.615,0.100468,0.9548611,577.19,0.0,-0.02170139,577.12,0.0,0.2242477,0,0,0,0,0,0,31,-10,25,37,31,0,24,36,1
126505,2025-09-28,19:44:07.890,2025-09-28 19:44:07.890,230,513,100,0,239,0,0,743,120,105,99,147,523.015,0.0,0.3689236,522.62,0.09778887,1.034433,577.19,0.0,-0.1229745,577.12,0.1052757,0.09403935,0,0,0,0,0,0,31,0,25,37,31,0,24,36,1
126506,2025-09-28,19:44:08.404,2025-09-28 19:44:08.404,230,513,100,0,239,0,0,744,120,105,99,147,523.015,0.0,1.345486,522.62,0.0,1.128472,577.19,0.0,-0.02893518,577.12,0.0,0.2314815,0,0,0,0,0,0,31,0,25,37,31,0,24,36,1
126507,2025-09-28,19:44:08.918,2025-09-28 19:44:08.918,230,513,100,0,239,0,0,744,121,105,99,147,523.015,0.09822647,0.3761574,522.615,0.0,1.034433,577.19,0.0,-0.1374421,577.12,-0.07858077,0.1446759,0,0,0,0,0,0,31,0,25,37,31,0,24,36,1
126508,2025-09-28,19:44:09.430,2025-09-28 19:44:09.430,230,513,100,0,239,0,0,744,121,105,99,147,523.015,0.0,0.426794,522.62,0.0,0.9548611,577.19,0.0,-0.04340278,577.12,0.0,0.2314815,0,0,0,0,0,0,31,0,25,37,31,0,24,36,1
126509,2025-09-28,19:44:09.945,2025-09-28 19:44:09.945,230,513,100,0,239,0,0,744,120,105,99,147,523.02,-0.100469,0.3689236,522.62,-0.100468,1.034433,577.19,0.0,-0.1446759,577.12,0.1028159,0.1157407,0,0,0,0,0,0,31,0,25,37,31,0,24,36,1
126510,2025-09-28,19:44:10.456,2025-09-28 19:44:10.456,230,513,100,0,239,0,0,744,120,105,99,147,523.015,0.0,1.29485,522.615,0.1004681,0.9548611,577.19,0.0,-0.1591435,577.12,0.0,0.2676505,0,0,0,0,0,0,31,10,25,37,31,-10,24,36,1
126511,2025-09-28,19:44:10.968,2025-09-28 19:44:10.968,230,513,100,0,239,0,0,744,120,105,99,147,523.015,-0.1073303,0.3472222,522.62,-0.2000226,1.193576,577.19,0.0,-0.02170139,577.12,0.0,0.09403935,0,0,0,0,0,0,31,-10,25,37,31,0,24,36,1
126512,2025-09-28,19:44:11.484,2025-09-28 19:44:11.484,230,513,100,0,239,0,0,744,120,105,99,147,523.02,0.0,0.4340278,522.615,0.0,0.9548611,577.19,0.0,-0.1591435,577.12,0.0,0.1736111,0,0,0,0,0,0,31,0,25,37,31,0,24,36,1
126513,2025-09-28,19:44:11.995,2025-09-28 19:44:11.995,230,513,100,0,239,0,0,744,120,105,99,147,523.015,0.0,0.3761574,522.615,0.0,1.034433,577.19,0.0,-0.06510416,577.115,0.0,0.09403935,0,0,0,0,0,0,31,-10,25,37,31,0,24,36,1
126514,2025-09-28,19:44:12.507,2025-09-28 19:44:12.507,230,513,100,0,239,0,0,744,121,105,99,147,523.02,0.1000124,0.4412616,522.615,0.0,0.9548611,577.19,0.0,-0.02170139,577.12,0.09866634,0.1446759,0,0,0,0,0,0,31,0,25,37,31,0,24,36,1
126515,2025-09-28,19:44:13.020,2025-09-28 19:44:13.020,230,513,100,0,239,0,0,744,121,105,99,146,523.02,0.0952498,1.265914,522.615,0.1000114,1.20081,577.19,0.0,-0.1446759,577.12,0.0,0.1736111,0,0,0,0,0,0,31,10,25,37,31,9,24,36,1
126516,2025-09-28,19:44:13.535,2025-09-28 19:44:13.535,230,513,100,0,239,0,0,744,120,105,99,147,523.015,0.0,0.4484954,522.615,0.0,0.9548611,577.19,0.0,-0.05063657,577.12,0.0,0.2097801,0,0,0,0,0,0,31,10,25,37,31,0,24,36,1
126517,2025-09-28,19:44:14.047,2025-09-28 19:44:14.047,230,513,100,0,239,0,0,744,120,105,99,147,523.02,0.0,0.3761574,522.615,-0.09911038,1.034433,577.19,0.0,-0.1374421,577.12,0.0,0.1012731,0,0,0,0,0,0,31,10,25,37,31,0,24,36,1
126518,2025-09-28,19:44:14.559,2025-09-28 19:44:14.559,230,513,100,0,239,0,0,744,120,105,99,147,523.015,0.0,0.4701968,522.62,-0.101394,0.9548611,577.19,0.0,-0.02170139,577.12,0.0,0.2170139,0,0,0,0,0,0,31,0,25,37,31,10,24,36,1
126519,2025-09-28,19:44:15.074,2025-09-28 19:44:15.074,230,513,100,0,239,0,0,744,120,105,99,147,523.015,0.0,0.3399884,522.62,0.0,1.034433,577.19,0.0,-0.1229745,577.12,0.0,0.1012731,0,0,0,0,0,0,31,0,25,37,31,0,24,36,1
126520,2025-09-28,19:44:15.587,2025-09-28 19:44:15.587,230,513,100,0,239,0,0,744,120,105,99,147,523.015,0.0,1.309317,522.62,0.1009289,1.128472,577.19,0.0,-0.02893518,577.12,0.0,0.2604167,0,0,0,0,0,0,31,0,25,37,31,0,24,36,1
126521,2025-09-28,19:44:16.098,2025-09-28 19:44:16.098,230,513,100,0,239,0,0,744,120,105,99,146,523.015,0.0,0.3616898,522.62,0.0,1.034433,577.19,0.0,-0.1374421,577.12,0.0,0.1302083,0,0,0,0,0,0,31,-10,25,37,31,0,24,36,1
126522,2025-09-28,19:44:16.614,2025-09-28 19:44:16.614,230,513,100,0,239,0,0,744,121,105,99,147,523.015,0.0,0.426794,522.615,0.1000113,0.9548611,577.19,0.0,-0.02893518,577.115,0.0,0.1736111,0,0,0,0,0,0,31,0,25,37,31,-16,24,36,1
126523,2025-09-28,19:44:17.126,2025-09-28 19:44:17.126,230,513,100,0,239,0,0,744,120,105,99,147,523.015,0.0,0.3761574,522.62,0.09650224,1.034433,577.19,0.0,-0.1374421,577.12,0.0,0.1157407,0,0,0,0,0,0,31,-10,25,37,31,0,24,36,1
126524,2025-09-28,19:44:17.642,2025-09-28 19:44:17.642,230,513,100,0,239,0,0,744,120,105,99,147,523.015,0.0,0.8246528,522.62,0.0,0.9548611,577.19,0.0,-0.1663773,577.12,0.1042778,0.2387153,0,0,0,0,0,0,31,0,25,37,31,0,24,36,1
126525,2025-09-28,19:44:18.154,2025-09-28 19:44:18.154,230,512,100,0,239,0,0,744,120,105,99,147,523.015,0.0,0.4050926,522.615,0.1000114,1.20081,577.19,0.0,-0.05787037,577.115,0.0,0.1736111,0,0,0,0,0,0,31,0,25,37,31,-12,24,36,1
126526,2025-09-28,19:44:18.737,2025-09-28 19:44:18.737,230,512,100,0,239,0,0,744,120,105,99,147,523.015,0.0,0.4412616,522.615,0.0,0.9548611,577.19,0.0,-0.05063657,577.12,0.0,0.2025463,0,0,0,0,0,0,31,0,25,37,31,0,24,36,1
126527,2025-09-28,19:44:19.248,2025-09-28 19:44:19.248,230,512,100,0,239,0,0,745,120,105,99,147,523.015,0.0,0.354456,522.615,0.0,1.034433,577.19,0.0,-0.1446759,577.12,0.0,0.08680555,0,0,0,0,0,0,31,0,25,37,31,0,24,36,1
126528,2025-09-28,19:44:19.763,2025-09-28 19:44:19.763,230,512,100,0,239,0,0,744,120,105,99,147,523.015,0.0,0.4050926,522.62,0.0,0.9548611,577.19,0.0,-0.02893518,577.115,0.0,0.2170139,0,0,0,0,0,0,31,10,25,37,31,0,24,36,1
126529,2025-09-28,19:44:20.275,2025-09-28 19:44:20.275,230,512,100,0,239,0,0,745,120,105,99,147,523.015,0.0,1.244213,522.615,0.0,1.208044,577.19,0.0,-0.1374421,577.115,0.09866644,0.1663773,0,0,0,0,0,0,31,0,25,37,31,0,24,36,1
126530,2025-09-28,19:44:20.788,2025-09-28 19:44:20.788,230,512,100,0,239,0,0,745,121,105,99,147,523.02,0.0,0.462963,522.615,0.0,0.9548611,577.19,0.0,-0.04340278,577.12,0.0,0.2242477,0,0,0,0,0,0,31,-9,25,37,31,10,24,36,1
126531,2025-09-28,19:44:21.304,2025-09-28 19:44:21.304,230,512,100,0,239,0,0,745,120,105,99,147,523.015,0.0,0.3689236,522.62,0.0,1.034433,577.19,0.0,-0.1591435,577.115,0.0,0.1663773,0,0,0,0,0,0,31,10,25,37,31,0,24,36,1
126532,2025-09-28,19:44:21.815,2025-09-28 19:44:21.815,230,512,100,0,239,0,0,745,120,105,99,147,523.015,0.0,0.426794,522.615,0.0,0.9548611,577.19,0.0,-0.02893518,577.12,-0.09735667,0.1953125,0,0,0,0,0,0,31,0,25,37,31,0,24,36,1
126533,2025-09-28,19:44:22.328,2025-09-28 19:44:22.328,230,512,100,0,239,0,0,745,120,105,99,147,523.015,0.0,0.4123264,522.615,0.09955875,1.034433,577.19,0.0,-0.007233796,577.12,-0.09955939,0.1302083,0,0,0,0,0,0,31,10,25,37,31,-11,24,36,1
126534,2025-09-28,19:44:22.839,2025-09-28 19:44:22.839,230,512,100,0,239,0,0,745,120,105,99,147,523.015,0.0,1.331019,522.62,0.0,1.128472,577.19,0.0,-0.1591435,577.115,-0.09692787,0.2314815,0,0,0,0,0,0,31,0,25,37,31,0,24,36,1
126535,2025-09-28,19:44:23.350,2025-09-28 19:44:23.350,230,512,100,0,239,0,0,745,120,105,99,147,523.015,0.0,0.354456,522.615,-0.1018634,1.034433,577.19,0.0,-0.02893518,577.115,0.0,0.1157407,0,0,0,0,0,0,31,-10,25,37,31,0,24,36,1
126536,2025-09-28,19:44:23.863,2025-09-28 19:44:23.863,230,512,100,0,239,0,0,745,120,105,99,147,523.015,0.0,0.4484954,522.615,0.100468,0.9548611,577.19,0.0,-0.1519097,577.12,0.1000119,0.2170139,0,0,0,0,0,0,31,10,25,37,31,0,24,36,1
126537,2025-09-28,19:44:24.374,2025-09-28 19:44:24.374,231,512,100,0,239,0,0,745,120,105,99,147,523.015,0.0,0.3761574,522.61,0.0,1.034433,577.19,0.0,-0.02170139,577.12,0.1028159,0.1229745,0,0,0,0,0,0,31,0,25,37,31,0,24,36,1
126538,2025-09-28,19:44:24.890,2025-09-28 19:44:24.890,231,512,100,0,239,0,0,745,120,105,99,147,523.015,0.0,0.4846644,522.615,-0.2000228,1.128472,577.19,0.0,-0.05787037,577.12,0.0991108,0.2242477,0,0,0,0,0,0,31,0,25,37,31,10,24,36,1
126539,2025-09-28,19:44:25.403,2025-09-28 19:44:25.403,231,512,100,0,239,0,0,745,120,105,99,147,523.015,0.0,1.236979,522.615,0.0,1.034433,577.19,0.0,-0.1374421,577.115,-0.1013945,0.1880787,0,0,0,0,0,0,31,-10,25,37,31,0,24,36,1
126540,2025-09-28,19:44:25.985,2025-09-28 19:44:25.985,231,512,100,0,239,0,0,745,120,105,99,147,523.015,0.0,0.4195602,522.615,-0.1023372,0.9548611,577.19,0.0,-0.02893518,577.12,0.0,0.1808449,0,0,0,0,0,0,31,10,25,37,31,0,24,36,1
126541,2025-09-28,19:44:26.498,2025-09-28 19:44:26.498,231,512,100,0,239,0,0,745,120,105,99,147,523.015,0.0,0.3616898,522.62,0.201858,1.034433,577.19,0.0,-0.1446759,577.12,0.1000119,0.1085069,0,0,0,0,0,0,31,0,25,37,31,-12,24,36,1
126542,2025-09-28,19:44:27.009,2025-09-28 19:44:27.009,231,512,100,0,239,0,0,745,120,105,99,146,523.015,0.0,0.4412616,522.615,-0.2000226,0.9620949,577.19,0.0,-0.02893518,577.115,0.1000118,0.2531829,0,0,0,0,0,0,31,0,25,37,31,0,24,36,1
126543,2025-09-28,19:44:27.525,2025-09-28 19:44:27.525,231,512,100,0,239,0,0,745,120,105,99,147,523.015,0.0,1.229745,522.615,-0.1000114,1.193576,577.19,0.0,-0.01446759,577.12,0.0,0.1736111,0,0,0,0,0,0,31,10,25,37,31,10,24,36,1
126544,2025-09-28,19:44:28.038,2025-09-28 19:44:28.038,231,512,100,0,239,0,0,745,120,105,99,147,523.015,0.1309685,0.462963,522.62,0.0,0.9548611,577.19,0.0,-0.1591435,577.12,0.0,0.2314815,0,0,0,0,0,0,31,-10,25,37,31,-10,24,36,1
126545,2025-09-28,19:44:28.549,2025-09-28 19:44:28.549,231,512,100,0,239,0,0,746,120,105,99,147,523.015,0.0,0.3689236,522.62,-0.100468,1.034433,577.19,0.0,-0.02170139,577.115,-0.0991108,0.09403935,0,0,0,0,0,0,31,0,25,37,31,0,24,36,1
126546,2025-09-28,19:44:29.064,2025-09-28 19:44:29.064,231,512,100,0,239,0,0,746,120,105,99,147,523.015,0.0,0.390625,522.615,0.0,0.9548611,577.19,0.0,-0.1591435,577.12,0.0,0.1880787,0,0,0,0,0,0,31,0,25,37,31,0,24,36,1
126547,2025-09-28,19:44:29.576,2025-09-28 19:44:29.576,231,512,100,0,239,0,0,746,120,105,99,147,523.015,0.0,0.4123264,522.62,0.0,1.034433,577.19,0.0,-0.007233796,577.115,0.0,0.09403935,0,0,0,0,0,0,31,11,25,37,31,0,24,36,1
126548,2025-09-28,19:44:30.088,2025-09-28 19:44:30.088,231,512,100,0,239,0,0,746,120,105,99,147,523.015,0.0,1.345486,522.615,0.0,1.135706,577.19,0.0,-0.1519097,577.12,0.1000119,0.2242477,0,0,0,0,0,0,31,-10,25,37,31,0,24,36,1
126549,2025-09-28,19:44:30.600,2025-09-28 19:44:30.600,231,512,100,0,239,0,0,746,120,105,99,147,523.015,0.0,0.3110532,522.615,0.09911028,1.034433,577.19,0.0,-0.007233796,577.115,0.09778938,0.1012731,0,0,0,0,0,0,31,11,25,37,31,0,24,36,1
126550,2025-09-28,19:44:31.113,2025-09-28 19:44:31.113,231,512,100,0,239,0,0,746,120,105,99,147,523.015,0.0,0.4195602,522.61,0.0,0.9548611,577.19,0.0,-0.08680555,577.115,0.09866644,0.2025463,0,0,0,0,0,0,31,0,25,37,31,0,24,36,1
126551,2025-09-28,19:44:31.628,2025-09-28 19:44:31.628,231,512,100,0,239,0,0,746,120,105,99,147,523.015,0.0,0.3761574,522.61,0.2000226,1.034433,577.19,0.0,-0.1374421,577.115,0.0,0.1302083,0,0,0,0,0,0,31,0,25,37,31,0,24,36,1
126552,2025-09-28,19:44:32.143,2025-09-28 19:44:32.143,231,512,100,0,239,0,0,746,120,105,99,147,523.015,0.0,0.4918981,522.615,-0.1004681,0.9548611,577.19,0.0,-0.02893518,577.12,0.1000118,0.1880787,0,0,0,0,0,0,31,-10,25,37,31,0,24,36,1
126553,2025-09-28,19:44:32.657,2025-09-28 19:44:32.657,231,512,100,0,239,0,0,746,120,105,99,147,523.015,0.0,0.3399884,522.615,0.0,1.193576,577.19,0.0,-0.1302083,577.12,0.0,0.07957176,0,0,0,0,0,0,31,10,25,37,31,0,24,36,1
126554,2025-09-28,19:44:33.169,2025-09-28 19:44:33.169,231,512,100,0,239,0,0,746,120,105,99,147,523.015,0.0,0.462963,522.61,-0.1009289,0.9548611,577.19,0.0,-0.03616898,577.115,0.0,0.1663773,0,0,0,0,0,0,31,0,25,37,31,0,24,36,1
126555,2025-09-28,19:44:33.683,2025-09-28 19:44:33.683,231,512,100,0,239,0,0,746,120,105,99,147,523.015,0.0,0.3327546,522.615,-0.100468,1.034433,577.19,0.0,-0.09403935,577.115,-0.1000118,0.1157407,0,0,0,0,0,0,31,0,25,37,31,0,24,36,1
126556,2025-09-28,19:44:34.194,2025-09-28 19:44:34.194,231,512,100,0,239,0,0,746,120,105,99,147,523.015,0.0,0.426794,522.615,0.0,0.9548611,577.19,0.0,-0.1591435,577.115,0.0,0.2025463,0,0,0,0,0,0,31,-10,25,37,31,10,24,36,1
126557,2025-09-28,19:44:34.705,2025-09-28 19:44:34.705,231,512,100,0,239,0,0,746,120,105,99,147,523.015,0.0,1.20081,522.615,-0.1000113,1.056134,577.19,0.0,-0.007233796,577.115,0.1000119,0.1446759,0,0,0,0,0,0,31,0,25,37,31,0,24,36,1
126558,2025-09-28,19:44:35.217,2025-09-28 19:44:35.217,231,512,100,0,239,0,0,746,120,105,99,147,523.015,0.0,0.4050926,522.615,0.1009289,0.9910301,577.19,0.0,-0.1591435,577.115,0.0,0.2314815,0,0,0,0,0,0,31,-10,25,37,31,0,24,36,1
126559,2025-09-28,19:44:35.729,2025-09-28 19:44:35.729,231,512,100,0,239,0,0,746,120,105,99,147,523.015,0.0,0.3472222,522.61,0.0,1.034433,577.19,0.0,-0.02170139,577.12,0.09911091,0.09403935,0,0,0,0,0,0,31,0,25,37,31,0,24,36,1
126560,2025-09-28,19:44:36.245,2025-09-28 19:44:36.245,231,512,100,0,239,0,0,746,120,105,99,147,523.015,0.0,0.4484954,522.615,0.09911038,0.9548611,577.19,0.0,-0.1591435,577.115,0.1000119,0.1663773,0,0,0,0,0,0,31,10,25,37,31,0,24,36,1
126561,2025-09-28,19:44:36.756,2025-09-28 19:44:36.756,231,512,100,0,239,0,0,746,120,105,99,147,523.015,-0.0952498,0.3761574,522.615,0.0,1.041667,577.19,0.0,-0.007233796,577.115,0.0,0.09403935,0,0,0,0,0,0,31,-10,25,37,31,0,24,36,1
126562,2025-09-28,19:44:37.268,2025-09-28 19:44:37.268,231,512,100,0,239,0,0,746,120,105,99,147,523.015,0.0,1.35272,522.61,0.0,1.121238,577.19,0.0,-0.1229745,577.115,0.1009295,0.2748843,0,0,0,0,0,0,31,11,25,37,31,-12,24,36,1
126563,2025-09-28,19:44:37.784,2025-09-28 19:44:37.784,231,512,100,0,239,0,0,746,120,105,99,147,523.015,0.0,0.354456,522.615,0.0,1.034433,577.19,0.0,-0.1519097,577.115,0.0,0.1085069,0,0,0,0,0,0,31,10,25,37,31,10,24,36,1
126564,2025-09-28,19:44:38.296,2025-09-28 19:44:38.296,231,512,100,0,239,0,0,747,120,105,99,147,523.015,0.0,0.426794,522.615,0.2000226,0.9548611,577.19,0.0,-0.03616898,577.115,-0.1057818,0.1953125,0,0,0,0,0,0,31,0,25,37,31,0,24,36,1
126565,2025-09-28,19:44:38.808,2025-09-28 19:44:38.808,231,512,100,0,239,0,0,747,120,105,99,147,523.015,0.0,0.3616898,522.615,0.101394,1.034433,577.19,0.0,-0.1302083,577.115,-0.1023378,0.1663773,0,0,0,0,0,0,31,0,25,37,31,0,24,36,1
126566,2025-09-28,19:44:39.328,2025-09-28 19:44:39.328,231,512,100,0,239,0,0,747,120,105,99,147,523.015,0.0,0.4050926,522.615,0.0,0.9548611,577.19,0.0,-0.01446759,577.115,-0.1057818,0.2242477,0,0,0,0,0,0,31,-10,25,37,31,0,24,36,1
126567,2025-09-28,19:44:39.843,2025-09-28 19:44:39.843,231,512,100,0,239,0,0,747,120,105,99,147,523.015,0.0,1.128472,522.62,-0.1009289,1.20081,577.19,0.0,-0.1446759,577.115,0.0,0.1446759,0,0,0,0,0,0,31,10,25,37,31,0,24,36,1
126568,2025-09-28,19:44:40.355,2025-09-28 19:44:40.355,231,512,100,0,239,0,0,747,120,105,99,147,523.015,-0.09911133,0.4484954,522.615,0.2009362,0.9476273,577.19,0.0,-0.03616898,577.115,-0.1004685,0.2314815,0,0,0,0,0,0,31,-10,25,37,31,0,24,36,1
126569,2025-09-28,19:44:40.870,2025-09-28 19:44:40.870,231,512,100,0,239,0,0,747,120,105,99,147,523.015,0.0,0.354456,522.61,-0.100468,1.034433,577.19,0.0,-0.01446759,577.115,0.0,0.1374421,0,0,0,0,0,0,31,0,25,37,31,0,24,36,1
126570,2025-09-28,19:44:41.387,2025-09-28 19:44:41.387,231,512,100,0,239,0,0,747,120,105,99,147,523.015,0.0,0.4774306,522.615,-0.1000114,0.9548611,577.19,0.0,-0.1663773,577.115,0.0,0.2097801,0,0,0,0,0,0,31,0,25,37,31,0,24,36,1
126571,2025-09-28,19:44:41.899,2025-09-28 19:44:41.899,231,512,100,0,239,0,0,747,120,105,99,147,523.015,0.0,1.14294,522.615,0.0,1.034433,577.19,0.0,-0.007233796,577.115,0.1023377,0.1157407,0,0,0,0,0,0,31,-10,25,37,31,0,24,36,1
126572,2025-09-28,19:44:42.413,2025-09-28 19:44:42.413,231,512,100,0,239,0,0,747,120,105,99,147,523.015,-0.1000124,0.3833912,522.61,-0.1004681,0.9548611,577.19,0.0,-0.1591435,577.115,0.0,0.2676505,0,0,0,0,0,0,31,0,25,37,31,0,24,36,1
126573,2025-09-28,19:44:42.925,2025-09-28 19:44:42.925,231,512,100,0,239,0,0,747,120,105,99,147,523.015,0.0,0.354456,522.62,0.0,1.034433,577.19,0.0,-0.007233796,577.115,0.0,0.1374421,0,0,0,0,0,0,31,0,25,37,31,0,24,36,1
126574,2025-09-28,19:44:43.438,2025-09-28 19:44:43.438,231,512,100,0,239,0,0,747,120,105,99,147,523.015,0.1000123,0.4557292,522.615,0.0,0.9548611,577.19,0.0,-0.1374421,577.115,0.0,0.1736111,0,0,0,0,0,0,31,0,25,37,31,0,24,36,1
126575,2025-09-28,19:44:43.953,2025-09-28 19:44:43.953,231,512,100,0,239,0,0,747,120,105,99,147,523.015,0.1009298,0.3833912,522.61,0.0,1.034433,577.19,0.0,-0.1157407,577.12,0.0,0.1085069,0,0,0,0,0,0,31,10,25,37,31,-12,24,36,1
126576,2025-09-28,19:44:44.466,2025-09-28 19:44:44.466,231,512,100,0,239,0,0,747,120,105,99,147,523.015,0.0,1.302083,522.61,0.0,1.128472,577.19,0.0,-0.02170139,577.12,-0.1023377,0.2531829,0,0,0,0,0,0,31,-10,25,37,31,0,24,36,1
126577,2025-09-28,19:44:44.979,2025-09-28 19:44:44.979,231,512,100,0,239,0,0,748,120,105,99,147,523.015,0.0,0.3472222,522.615,-0.1000113,1.034433,577.19,0.0,-0.1374421,577.115,0.0,0.1446759,0,0,0,0,0,0,31,0,25,37,31,0,24,36,1
126578,2025-09-28,19:44:45.490,2025-09-28 19:44:45.490,231,512,100,0,239,0,0,748,120,105,99,147,523.015,0.1018644,0.4340278,522.61,-0.1000113,0.9476273,577.19,0.0,-0.03616898,577.115,0.0,0.2097801,0,0,0,0,0,0,31,-10,25,37,31,0,24,36,1
126579,2025-09-28,19:44:46.005,2025-09-28 19:44:46.005,231,512,100,0,239,0,0,748,120,105,99,146,523.015,0.0,0.354456,522.61,0.0,1.034433,577.19,0.0,-0.1302083,577.115,0.0,0.1229745,0,0,0,0,0,0,31,0,25,37,31,0,24,36,1
126580,2025-09-28,19:44:46.517,2025-09-28 19:44:46.517,231,512,100,0,239,0,0,748,120,105,99,147,523.01,-0.1009298,0.4846644,522.61,-0.1000114,0.9620949,577.19,0.0,-0.02893518,577.115,0.0,0.2676505,0,0,0,0,0,0,31,10,25,37,31,10,24,36,1
126581,2025-09-28,19:44:47.032,2025-09-28 19:44:47.032,231,512,100,0,239,0,0,748,120,105,99,147,523.01,0.1000123,1.273148,522.615,0.1000114,1.208044,577.19,0.0,-0.1446759,577.115,0.0,0.1446759,0,0,0,0,0,0,31,10,25,37,31,0,24,36,1
126582,2025-09-28,19:44:47.545,2025-09-28 19:44:47.545,231,512,100,0,239,0,0,748,120,105,99,147,523.015,0.1004691,0.4557292,522.615,0.0,0.9548611,577.19,0.0,-0.1519097,577.115,0.0,0.2459491,0,0,0,0,0,0,31,10,25,37,31,0,24,36,1
126583,2025-09-28,19:44:48.056,2025-09-28 19:44:48.056,231,512,100,0,239,0,0,748,120,105,99,147,523.01,0.0,0.3689236,522.615,-0.09866583,1.034433,577.19,0.0,-0.007233796,577.115,0.0,0.1302083,0,0,0,0,0,0,31,0,25,37,31,10,24,36,1
126584,2025-09-28,19:44:48.568,2025-09-28 19:44:48.568,231,512,100,0,239,0,0,748,119,105,99,147,523.01,0.1000123,0.4484954,522.615,0.0,0.9620949,577.19,0.0,-0.1519097,577.115,0.0,0.2459491,0,0,0,0,0,0,31,-10,25,37,31,0,24,36,1
126585,2025-09-28,19:44:49.084,2025-09-28 19:44:49.084,231,512,100,0,239,0,0,748,120,105,99,146,523.01,0.0,1.280382,522.61,-0.101394,1.0489,577.19,0.0,0.01446759,577.115,0.0,0.2097801,0,0,0,0,0,0,31,11,25,37,31,0,24,36,1
126586,2025-09-28,19:44:49.597,2025-09-28 19:44:49.597,231,512,100,0,239,0,0,748,120,105,99,147,523.01,0.0,0.462963,522.615,0.100468,0.9548611,577.19,0.0,-0.1374421,577.115,0.0,0.2025463,0,0,0,0,0,0,31,-10,25,37,31,0,24,36,1
126587,2025-09-28,19:44:50.112,2025-09-28 19:44:50.112,231,512,100,0,239,0,0,748,120,105,99,147,523.01,0.0,0.3761574,522.615,0.0,1.034433,577.19,0.0,-0.07233796,577.115,0.0,0.08680555,0,0,0,0,0,0,31,10,25,37,31,0,24,36,1
126588,2025-09-28,19:44:50.629,2025-09-28 19:44:50.629,231,512,100,0,239,0,0,748,120,105,99,147,523.01,-0.1032991,0.4701968,522.61,0.0,0.9548611,577.19,0.0,-0.02893518,577.115,0.0,0.1953125,0,0,0,0,0,0,31,-10,25,37,31,0,24,36,1
126589,2025-09-28,19:44:51.144,2025-09-28 19:44:51.144,231,512,100,0,239,0,0,748,120,105,99,146,523.015,0.09692828,0.390625,522.615,0.0,1.20081,577.19,0.0,-0.1446759,577.115,0.0,0.1519097,0,0,0,0,0,0,31,0,25,37,31,0,24,36,1
126590,2025-09-28,19:44:51.656,2025-09-28 19:44:51.656,231,512,100,0,239,0,0,748,119,105,99,147,523.01,-0.1032991,1.367188,522.61,0.0,0.9548611,577.185,0.0,0.0,577.115,0.09054577,0.1519097,0,0,0,0,0,0,31,10,25,37,31,-11,24,36,1
126591,2025-09-28,19:44:52.170,2025-09-28 19:44:52.170,231,512,100,0,239,0,0,748,119,105,99,147,523.01,-0.1028163,0.3399884,522.61,0.1047738,1.034433,577.19,0.0,-0.1302083,577.115,0.0,0.07233796,0,0,0,0,0,0,31,-10,25,37,31,0,24,36,1
126592,2025-09-28,19:44:52.684,2025-09-28 19:44:52.684,231,512,100,0,239,0,0,749,119,105,99,147,523.01,0.1000124,0.4701968,522.615,-0.1000113,0.9548611,577.185,0.0,-0.02893518,577.115,0.1009294,0.2025463,0,0,0,0,0,0,31,0,25,37,31,0,24,36,1
126593,2025-09-28,19:44:53.197,2025-09-28 19:44:53.197,231,512,100,0,239,0,0,749,119,105,99,147,523.015,0.0,0.3761574,522.615,0.1009289,1.041667,577.19,0.0,-0.1229745,577.115,0.0,0.1302083,0,0,0,0,0,0,31,-10,25,37,31,0,24,36,1
126594,2025-09-28,19:44:53.709,2025-09-28 19:44:53.709,231,512,100,0,239,0,0,749,120,105,99,147,523.01,0.0,1.280382,522.615,-0.09955886,1.128472,577.19,0.0,-0.02170139,577.115,0.0,0.2459491,0,0,0,0,0,0,31,0,25,37,31,0,24,36,1
126595,2025-09-28,19:44:54.225,2025-09-28 19:44:54.225,231,512,100,0,239,0,0,749,120,105,99,147,523.01,0.0,0.354456,522.61,-0.1000114,1.034433,577.185,-0.09955992,-0.007233796,577.115,0.0,0.1085069,0,0,0,0,0,0,31,-10,25,37,31,0,24,36,1
126596,2025-09-28,19:44:54.738,2025-09-28 19:44:54.738,231,512,100,0,239,0,0,749,120,105,99,147,523.01,0.0,0.462963,522.615,0.1009289,0.9548611,577.19,0.0,-0.1519097,577.115,0.0,0.1880787,0,0,0,0,0,0,31,0,25,37,31,0,24,36,1
126597,2025-09-28,19:44:55.248,2025-09-28 19:44:55.248,231,512,100,0,239,0,0,749,119,105,99,147,523.01,0.0,0.3689236,522.615,-0.1009289,1.041667,577.19,0.0,0.01446759,577.115,0.0,0.1229745,0,0,0,0,0,0,31,10,25,37,31,0,24,36,1
126598,2025-09-28,19:44:55.760,2025-09-28 19:44:55.760,232,512,100,0,239,0,0,749,120,105,99,147,523.01,0.0,0.5063657,522.61,0.0,0.9548611,577.19,0.0,-0.1446759,577.12,0.0,0.1953125,0,0,0,0,0,0,31,0,25,37,31,10,24,36,1
126599,2025-09-28,19:44:56.275,2025-09-28 19:44:56.275,232,512,100,0,239,0,0,749,119,105,99,147,523.01,0.0,1.280382,522.615,0.0,1.208044,577.185,0.1037865,-0.07233796,577.115,0.0,0.1446759,0,0,0,0,0,0,31,0,25,37,31,-10,24,36,1
126600,2025-09-28,19:44:56.789,2025-09-28 19:44:56.789,232,512,100,0,239,0,0,749,120,105,99,147,523.01,0.0,0.4701968,522.61,-0.09866593,0.9548611,577.185,0.1052764,-0.03616898,577.115,0.0,0.2387153,0,0,0,0,0,0,31,0,25,37,31,0,24,36,1
126601,2025-09-28,19:44:57.305,2025-09-28 19:44:57.305,232,512,100,0,239,0,0,749,119,105,99,147,523.01,0.0,0.354456,522.61,0.0,1.034433,577.19,0.0,-0.1374421,577.11,0.0,0.07233796,0,0,0,0,0,0,31,0,25,37,31,0,24,36,1
126602,2025-09-28,19:44:57.816,2025-09-28 19:44:57.816,232,512,100,0,239,0,0,749,119,105,99,147,523.01,0.0,0.4701968,522.615,0.0,0.9548611,577.19,0.0,-0.02893518,577.115,0.0,0.2242477,0,0,0,0,0,0,31,10,25,37,31,0,24,36,1
126603,2025-09-28,19:44:58.329,2025-09-28 19:44:58.329,232,512,100,0,239,0,0,749,120,105,99,147,523.01,0.0,0.3689236,522.61,0.1009289,1.041667,577.19,0.0,-0.1302083,577.115,0.1009294,0.2025463,0,0,0,0,0,0,31,0,25,37,31,0,24,36,1
126604,2025-09-28,19:44:58.844,2025-09-28 19:44:58.844,232,512,100,0,239,0,0,750,119,105,99,147,523.01,-0.1151975,1.338252,522.61,0.0,1.135706,577.185,0.0,-0.02170139,577.115,0.0,0.2170139,0,0,0,0,0,0,31,0,25,37,31,0,24,36,1
126605,2025-09-28,19:44:59.355,2025-09-28 19:44:59.355,232,512,100,0,239,0,0,750,119,105,99,147,523.01,0.0,0.3616898,522.61,0.09955875,1.034433,577.185,0.0,-0.1446759,577.115,0.0,0.1157407,0,0,0,0,0,0,31,10,25,37,31,0,24,36,1
126606,2025-09-28,19:44:59.875,2025-09-28 19:44:59.875,232,512,100,0,239,0,0,750,119,105,99,147,523.01,0.0,0.4484954,522.61,0.09822544,0.9548611,577.19,-0.09955992,-0.01446759,577.115,0.09911091,0.1736111,0,0,0,0,0,0,31,0,25,37,31,0,24,36,1
126607,2025-09-28,19:45:00.428,2025-09-28 19:45:00.428,232,512,100,0,239,0,0,750,119,105,99,147,523.01,0.0,0.3761574,522.61,0.0,1.034433,577.19,0.0,-0.007233796,577.115,-0.1100131,0.1012731,0,0,0,0,0,0,31,0,25,37,31,0,24,36,1
126608,2025-09-28,19:45:00.958,2025-09-28 19:45:00.958,232,512,100,0,239,0,0,750,120,105,99,147,523.01,0.0,1.316551,522.61,-0.101394,1.128472,577.185,0.0,-0.1374421,577.115,0.0,0.2748843,0,0,0,0,0,0,31,0,25,37,31,0,24,36,1
126609,2025-09-28,19:45:01.470,2025-09-28 19:45:01.470,232,512,100,0,239,0,0,750,120,105,99,146,523.01,0.0,0.3616898,522.615,-0.2009362,1.034433,577.19,0.0,-0.01446759,577.115,0.09692787,0.1446759,0,0,0,0,0,0,31,0,25,37,31,10,24,36,1
126610,2025-09-28,19:45:01.984,2025-09-28 19:45:01.984,232,512,100,0,239,0,0,750,119,105,99,147,523.01,0.0,0.4557292,522.615,0.0,0.9548611,577.185,0.0,-0.1591435,577.115,0.0,0.2459491,0,0,0,0,0,0,31,0,25,37,31,0,24,36,1
126611,2025-09-28,19:45:02.497,2025-09-28 19:45:02.497,232,512,100,0,239,0,0,750,119,105,99,147,523.01,0.0,0.390625,522.61,0.0,1.034433,577.185,0.0,-0.02170139,577.115,0.0,0.1446759,0,0,0,0,0,0,31,0,25,37,31,0,24,36,1
126612,2025-09-28,19:45:03.010,2025-09-28 19:45:03.010,232,512,100,0,239,0,0,750,119,105,99,147,523.01,0.0,0.4340278,522.615,0.0,0.9620949,577.185,-0.09866707,-0.02893518,577.115,0.0,0.1953125,0,0,0,0,0,0,31,-10,25,37,31,0,24,36,1
126613,2025-09-28,19:45:03.526,2025-09-28 19:45:03.526,232,512,100,0,239,0,0,750,120,105,99,147,523.01,0.0,1.280382,522.615,0.100468,1.20081,577.185,0.0,-0.1302083,577.12,0.0,0.1736111,0,0,0,0,0,0,31,0,25,37,31,0,24,36,1
126614,2025-09-28,19:45:04.041,2025-09-28 19:45:04.041,232,512,100,0,239,0,0,750,120,105,99,147,523.01,0.0,0.4557292,522.61,0.0,0.9548611,577.185,0.0,-0.01446759,577.115,0.0,0.1446759,0,0,0,0,0,0,31,10,25,37,31,0,24,36,1
126615,2025-09-28,19:45:04.553,2025-09-28 19:45:04.553,232,512,100,0,239,0,0,750,119,105,99,147,523.01,0.0,0.3761574,522.615,0.0,1.034433,577.19,-0.1000125,-0.1085069,577.115,0.0,0.1446759,0,0,0,0,0,0,31,0,25,37,31,0,24,36,1
126616,2025-09-28,19:45:05.067,2025-09-28 19:45:05.067,232,512,100,0,239,0,0,750,119,105,99,147,523.01,0.0,0.4701968,522.615,0.0,0.9548611,577.19,0.09866697,-0.02893518,577.115,0.0,0.1808449,0,0,0,0,0,0,31,10,25,37,31,0,24,36,1
126617,2025-09-28,19:45:05.580,2025-09-28 19:45:05.580,232,512,100,0,239,0,0,750,119,105,99,147,523.01,0.0,0.4701968,522.61,0.0,1.041667,577.19,-0.1000125,-0.01446759,577.115,-0.2009371,0.1085069,0,0,0,0,0,0,31,0,25,37,31,0,24,36,1
126618,2025-09-28,19:45:06.093,2025-09-28 19:45:06.093,232,512,100,0,239,0,0,751,119,105,99,147,523.01,0.0,0.708912,522.615,0.1000114,1.14294,577.19,-0.1000125,-0.1302083,577.11,-0.110013,0.2097801,0,0,0,0,0,0,31,-10,25,37,31,0,24,36,1
126619,2025-09-28,19:45:06.604,2025-09-28 19:45:06.604,232,512,100,0,239,0,0,751,119,105,99,147,523.01,0.0,0.390625,522.615,-0.09911038,1.041667,577.185,0.0,-0.02170139,577.115,0.0,0.1302083,0,0,0,0,0,0,31,0,25,37,31,0,24,36,1
126620,2025-09-28,19:45:07.119,2025-09-28 19:45:07.119,232,512,100,0,239,0,0,751,119,105,99,147,523.01,0.0,0.4918981,522.61,0.0,0.9548611,577.185,0.0,-0.1519097,577.115,0.0,0.1880787,0,0,0,0,0,0,31,0,25,37,31,0,24,36,1
126621,2025-09-28,19:45:07.633,2025-09-28 19:45:07.633,232,512,100,0,239,0,0,751,119,105,99,133,523.005,0.0,0.3761574,522.61,0.0,1.034433,577.185,0.0,-0.01446759,577.115,0.0,0.08680555,0,0,0,0,0,0,31,0,25,37,31,0,24,36,1
126622,2025-09-28,19:45:08.147,2025-09-28 19:45:08.147,232,512,100,0,239,0,0,751,106,105,99,141,523.01,0.0,1.338252,522.61,-0.1000114,1.128472,577.185,0.0,-0.1519097,577.115,0.0,0.2170139,0,0,0,0,0,0,31,0,25,37,31,0,24,36,1
126623,2025-09-28,19:45:08.659,2025-09-28 19:45:08.659,232,512,100,0,239,0,0,751,106,105,99,147,523.01,0.0,0.3472222,522.61,0.0,1.034433,577.185,0.0,-0.02893518,577.115,0.0,0.1591435,0,0,0,0,0,0,31,10,25,37,31,0,24,36,1
126624,2025-09-28,19:45:09.170,2025-09-28 19:45:09.170,232,512,100,0,239,0,0,751,119,105,99,147,523.01,0.0,0.4195602,522.61,0.0,0.9548611,577.19,0.0,-0.05787037,577.12,0.0,0.1953125,0,0,0,0,0,0,31,-10,25,37,31,0,24,36,1
126625,2025-09-28,19:45:09.750,2025-09-28 19:45:09.750,232,512,100,0,239,0,0,751,119,105,99,132,523.01,0.0,0.3978588,522.61,0.09822544,1.034433,577.19,0.09955992,-0.1157407,577.115,0.0,0.08680555,0,0,0,0,0,0,31,0,25,37,31,0,24,36,1
126626,2025-09-28,19:45:10.262,2025-09-28 19:45:10.262,232,512,100,0,239,0,0,751,106,105,99,132,523.01,0.0,0.5063657,522.615,0.1018634,0.9548611,577.19,0.0,-0.02893518,577.115,0.0,0.2170139,0,0,0,0,0,0,31,-10,25,37,31,0,24,36,1
126627,2025-09-28,19:45:10.774,2025-09-28 19:45:10.774,232,512,100,0,239,0,0,751,106,105,99,132,523.01,0.0,1.265914,522.615,0.1000113,1.208044,577.185,0.0,-0.1374421,577.115,0.0,0.07957176,0,0,0,0,0,0,31,0,25,37,31,-13,24,36,1
126628,2025-09-28,19:45:11.289,2025-09-28 19:45:11.289,232,512,100,0,239,0,0,751,106,105,99,132,523.01,0.0,0.4484954,522.61,-0.1009289,0.9548611,577.185,0.0,-0.1446759,577.115,0.1009294,0.1808449,0,0,0,0,0,0,31,10,25,37,31,0,24,36,1
126629,2025-09-28,19:45:11.803,2025-09-28 19:45:11.803,232,512,100,0,239,0,0,751,106,105,99,132,523.01,0.0,0.3689236,522.615,0.0,1.034433,577.185,0.0,-0.01446759,577.115,0.0,0.1157407,0,0,0,0,0,0,31,0,25,37,31,0,24,36,1
126630,2025-09-28,19:45:12.317,2025-09-28 19:45:12.317,232,512,100,0,239,0,0,751,106,105,99,132,523.01,0.0,0.4701968,522.61,0.1000114,0.9548611,577.185,0.086625,-0.1519097,577.115,0.0,0.1953125,0,0,0,0,0,0,31,0,25,37,31,0,24,36,1
126631,2025-09-28,19:45:12.830,2025-09-28 19:45:12.830,232,512,100,0,239,0,0,751,106,105,99,132,523.01,0.0,0.4340278,522.615,-0.1000114,1.179109,577.19,0.09092037,0.007233796,577.115,0.0991108,0.1229745,0,0,0,0,0,0,31,0,25,37,31,0,24,36,1
126632,2025-09-28,19:45:13.342,2025-09-28 19:45:13.342,232,512,100,0,239,0,0,751,106,105,99,132,523.01,0.0,1.323785,522.61,0.100468,0.9548611,577.19,0.0,-0.1519097,577.115,0.09206113,0.2748843,0,0,0,0,0,0,31,10,25,37,31,0,24,36,1
126633,2025-09-28,19:45:13.856,2025-09-28 19:45:13.856,232,512,100,0,239,0,0,751,106,105,99,132,523.005,0.0,0.3616898,522.61,0.0,1.034433,577.185,0.09955992,0.007233796,577.115,0.0,0.1157407,0,0,0,0,0,0,31,-10,25,37,31,10,24,36,1
126634,2025-09-28,19:45:14.369,2025-09-28 19:45:14.369,232,512,100,0,239,0,0,751,106,105,99,132,523.01,0.1078564,0.426794,522.615,0.0,0.9548611,577.185,0.0,-0.1519097,577.12,0.0,0.2097801,0,0,0,0,0,0,31,0,25,37,31,0,24,36,1
126635,2025-09-28,19:45:14.884,2025-09-28 19:45:14.884,232,512,100,0,239,0,0,751,106,105,99,132,523.01,0.0,0.3110532,522.61,0.0,1.034433,577.185,0.0,0.0,577.115,0.0,0.1085069,0,0,0,0,0,0,31,0,25,37,31,0,24,36,1
126636,2025-09-28,19:45:15.395,2025-09-28 19:45:15.395,232,512,100,0,239,0,0,752,106,105,99,132,523.005,0.0,0.4701968,522.61,0.0,1.128472,577.185,0.09911153,-0.07957176,577.115,0.0,0.2965856,0,0,0,0,0,0,31,11,25,37,31,10,24,36,1
126637,2025-09-28,19:45:15.907,2025-09-28 19:45:15.907,232,512,100,0,239,0,0,752,106,105,99,132,523.01,0.0,0.318287,522.61,0.0,1.034433,577.185,0.0,-0.1446759,577.115,0.0,0.1446759,0,0,0,0,0,0,31,0,25,37,31,0,24,36,1
126638,2025-09-28,19:45:16.419,2025-09-28 19:45:16.419,232,512,100,0,239,0,0,752,106,105,99,132,523.01,0.0,0.4557292,522.61,-0.1009289,0.9548611,577.185,0.0,-0.02170139,577.115,0.0,0.2531829,0,0,0,0,0,0,31,0,25,37,31,0,24,36,1
126639,2025-09-28,19:45:16.932,2025-09-28 19:45:16.932,232,512,100,0,239,0,0,752,106,105,99,132,523.01,0.0,0.3689236,522.61,0.1009289,1.034433,577.185,0.0,-0.1302083,577.115,-0.110013,0.07957176,0,0,0,0,0,0,31,0,25,37,31,0,24,36,1
126640,2025-09-28,19:45:17.443,2025-09-28 19:45:17.443,232,512,100,0,239,0,0,752,106,105,99,117,523.01,0.0,0.4991319,522.61,0.0,0.9548611,577.185,0.09911153,-0.02893518,577.115,0.0,0.1157407,0,0,0,0,0,0,31,10,25,37,31,-15,24,36,1
126641,2025-09-28,19:45:17.955,2025-09-28 19:45:17.955,232,512,100,0,239,0,0,752,93,105,99,117,523.01,0.0,1.251447,522.61,0.0,1.208044,577.185,0.0,-0.007233796,577.115,0.0,0.1012731,0,0,0,0,0,0,31,0,25,37,31,0,24,36,1
126642,2025-09-28,19:45:18.466,2025-09-28 19:45:18.466,232,512,100,0,239,0,0,752,93,105,99,132,523.005,0.0,0.462963,522.61,0.1000113,0.9548611,577.185,0.0,-0.1591435,577.115,0.0,0.2387153,0,0,0,0,0,0,31,10,25,37,31,0,24,36,1
126643,2025-09-28,19:45:18.978,2025-09-28 19:45:18.978,232,512,100,0,239,0,0,752,106,105,99,120,523.01,0.0,0.390625,522.615,0.0,1.034433,577.185,0.0,-0.007233796,577.115,0.0,0.1736111,0,0,0,0,0,0,31,0,25,37,31,-12,24,36,1
126644,2025-09-28,19:45:19.494,2025-09-28 19:45:19.494,232,512,100,0,239,0,0,752,93,105,99,117,523.005,0.0,0.4774306,522.61,0.0,0.9548611,577.19,0.09692837,-0.1591435,577.115,0.0,0.1808449,0,0,0,0,0,0,31,0,25,37,31,0,24,36,1
126645,2025-09-28,19:45:20.006,2025-09-28 19:45:20.006,232,512,100,0,239,0,0,752,93,105,99,117,523.01,0.1000123,0.390625,522.615,0.0,1.034433,577.185,0.0,0.0,577.115,0.0,0.1229745,0,0,0,0,0,0,31,10,25,37,31,10,24,36,1
126646,2025-09-28,19:45:20.519,2025-09-28 19:45:20.519,232,512,100,0,239,0,0,752,93,105,99,117,523.005,0.1000123,1.316551,522.615,0.0,1.128472,577.185,0.0,-0.1591435,577.115,0.0,0.2531829,0,0,0,0,0,0,31,-10,25,37,31,0,24,36,1
126647,2025-09-28,19:45:21.038,2025-09-28 19:45:21.038,232,512,100,0,239,0,0,752,93,105,99,117,523.005,0.0,0.3616898,522.61,0.0,1.034433,577.185,0.0,0.007233796,577.115,0.1000119,0.1302083,0,0,0,0,0,0,31,10,25,37,31,0,24,36,1
126648,2025-09-28,19:45:21.550,2025-09-28 19:45:21.550,232,512,100,0,239,0,0,752,93,105,99,117,523.005,0.1000123,0.4701968,522.61,0.0,0.9548611,577.185,0.0,-0.1157407,577.115,0.0,0.2170139,0,0,0,0,0,0,31,0,25,37,31,0,24,36,1
126649,2025-09-28,19:45:22.064,2025-09-28 19:45:22.064,232,512,100,0,239,0,0,752,93,105,99,117,523.01,0.0,0.3689236,522.61,0.0,1.034433,577.185,0.0,-0.1374421,577.115,0.0,0.1663773,0,0,0,0,0,0,31,-10,25,37,31,0,24,36,1
126650,2025-09-28,19:45:22.575,2025-09-28 19:45:22.575,232,512,100,0,239,0,0,752,93,105,99,117,523.005,0.0,1.323785,522.615,0.0,0.9620949,577.185,0.0,-0.02170139,577.115,0.0,0.2676505,0,0,0,0,0,0,31,10,25,37,31,0,24,36,1
126651,2025-09-28,19:45:23.088,2025-09-28 19:45:23.088,232,512,100,0,239,0,0,752,93,105,99,117,523.005,0.0,0.2821181,522.61,0.0,1.128472,577.185,0.0,-0.1374421,577.115,0.0,0.1157407,0,0,0,0,0,0,31,-10,25,37,31,0,24,36,1
126652,2025-09-28,19:45:23.599,2025-09-28 19:45:23.599,232,512,100,0,239,0,0,752,93,105,99,117,523.005,-0.1028165,0.4484954,522.61,-0.1023372,0.9548611,577.185,0.0,-0.02893518,577.12,0.0,0.2025463,0,0,0,0,0,0,31,0,25,37,31,-12,24,36,1
126653,2025-09-28,19:45:24.113,2025-09-28 19:45:24.113,232,512,100,0,239,0,0,752,93,105,99,117,523.01,0.0,0.3472222,522.61,0.0,1.041667,577.185,0.0,-0.1157407,577.115,0.0,0.1374421,0,0,0,0,0,0,31,-10,25,37,31,0,24,36,1
126654,2025-09-28,19:45:24.626,2025-09-28 19:45:24.626,232,512,100,0,239,0,0,752,93,105,99,117,523.005,0.1000124,0.4701968,522.61,0.0,0.9548611,577.185,0.0,-0.1446759,577.115,0.1083873,0.2387153,0,0,0,0,0,0,31,0,25,37,31,0,24,36,1
126655,2025-09-28,19:45:25.140,2025-09-28 19:45:25.140,232,512,100,0,239,0,0,752,93,105,99,117,523.01,0.0,1.236979,522.61,0.1000113,1.186343,577.185,0.0,-0.01446759,577.115,0.0,0.1229745,0,0,0,0,0,0,31,0,25,37,31,-11,24,36,1
126656,2025-09-28,19:45:25.653,2025-09-28 19:45:25.653,232,511,100,0,239,0,0,752,93,105,99,117,523.01,0.0,0.4484954,522.61,-0.09955886,0.9476273,577.185,0.0,-0.1519097,577.11,0.0,0.1663773,0,0,0,0,0,0,31,-10,25,37,31,0,24,36,1
126657,2025-09-28,19:45:26.168,2025-09-28 19:45:26.168,232,511,100,0,239,0,0,752,93,105,99,117,523.01,0.0,0.354456,522.61,0.0,1.034433,577.185,0.0,-0.007233796,577.115,0.0,0.1229745,0,0,0,0,0,0,31,0,25,37,31,0,24,36,1
126658,2025-09-28,19:45:26.680,2025-09-28 19:45:26.680,232,511,100,0,239,0,0,752,93,105,99,117,523.01,-0.1009298,0.4412616,522.61,0.0,0.9548611,577.185,0.0,-0.1446759,577.115,-0.08980659,0.1736111,0,0,0,0,0,0,31,-10,25,37,31,0,24,36,1
126659,2025-09-28,19:45:27.193,2025-09-28 19:45:27.193,232,511,100,0,239,0,0,752,93,105,99,117,523.005,0.0,0.3833912,522.615,0.0,1.041667,577.185,0.0,-0.01446759,577.115,0.0,0.1302083,0,0,0,0,0,0,31,0,25,37,31,0,24,36,1
126660,2025-09-28,19:45:27.705,2025-09-28 19:45:27.705,232,511,100,0,239,0,0,752,93,105,99,117,523.01,0.0,1.338252,522.61,0.09866583,1.128472,577.185,0.0,-0.1302083,577.115,0.0,0.2531829,0,0,0,0,0,0,31,10,25,37,31,0,24,36,1
126661,2025-09-28,19:45:28.220,2025-09-28 19:45:28.220,232,511,100,0,239,0,0,752,93,105,99,117,523.005,0.0,0.354456,522.615,0.1000113,1.034433,577.185,0.0,-0.1085069,577.115,0.0,0.1012731,0,0,0,0,0,0,31,0,25,37,31,0,24,36,1
126662,2025-09-28,19:45:28.733,2025-09-28 19:45:28.733,232,511,100,0,239,0,0,752,93,105,99,102,523.01,0.0,0.4701968,522.61,0.0,0.9476273,577.185,0.0,-0.03616898,577.115,0.0,0.2314815,0,0,0,0,0,0,31,0,25,37,31,0,24,36,1
126663,2025-09-28,19:45:29.244,2025-09-28 19:45:29.244,232,511,100,0,239,0,0,752,80,105,99,117,523.005,0.0,0.3472222,522.61,-0.1000113,1.034433,577.185,0.0,-0.1374421,577.115,0.0,0.1880787,0,0,0,0,0,0,31,0,25,37,31,0,24,36,1
126664,2025-09-28,19:45:29.757,2025-09-28 19:45:29.757,232,511,100,0,239,0,0,752,93,105,99,106,523.005,0.0,1.114005,522.61,0.0,0.9548611,577.185,0.0,-0.02170139,577.115,0.0,0.1953125,0,0,0,0,0,0,31,0,25,37,31,-10,24,36,1
126665,2025-09-28,19:45:30.270,2025-09-28 19:45:30.270,232,511,100,0,239,0,0,752,93,105,99,102,523.01,0.0,0.3472222,522.61,0.0,1.20081,577.185,0.0,-0.1446759,577.115,0.1083873,0.1880787,0,0,0,0,0,0,31,10,25,37,31,0,24,36,1
126666,2025-09-28,19:45:30.785,2025-09-28 19:45:30.785,232,511,100,0,239,0,0,752,80,105,99,117,523.005,0.0,0.4557292,522.615,-0.1023372,0.9548611,577.185,0.0,-0.03616898,577.115,0.0,0.1663773,0,0,0,0,0,0,31,-10,25,37,31,0,24,36,1
126667,2025-09-28,19:45:31.299,2025-09-28 19:45:31.299,232,511,100,0,239,0,0,752,93,105,99,102,523.005,0.0,0.3978588,522.61,0.1018634,1.034433,577.185,0.0,-0.01446759,577.11,0.0,0.07233796,0,0,0,0,0,0,31,0,25,37,31,0,24,36,1
126668,2025-09-28,19:45:31.812,2025-09-28 19:45:31.812,233,511,100,0,239,0,0,752,80,105,99,117,523.005,0.1000124,0.4123264,522.605,0.0,0.9548611,577.185,0.0,-0.1446759,577.115,0.1000119,0.2459491,0,0,0,0,0,0,31,-10,25,37,31,0,24,36,1
126669,2025-09-28,19:45:32.327,2025-09-28 19:45:32.327,233,511,100,0,239,0,0,752,93,105,99,102,523.005,0.0,1.287616,522.61,-0.1000113,1.005498,577.185,0.0,-0.007233796,577.115,0.0,0.1808449,0,0,0,0,0,0,31,0,25,37,31,10,24,36,1
126670,2025-09-28,19:45:32.840,2025-09-28 19:45:32.840,233,511,100,0,239,0,0,752,80,105,99,102,523.005,0.0,0.4412616,522.61,0.0,0.9548611,577.185,-0.01429283,-0.1229745,577.115,0.0,0.1591435,0,0,0,0,0,0,31,10,25,37,31,0,24,36,1
126671,2025-09-28,19:45:33.355,2025-09-28 19:45:33.355,233,510,100,0,239,0,0,752,80,105,99,113,523.005,0.0,0.354456,522.61,0.0,1.034433,577.185,0.0,0.0,577.115,0.0,0.1085069,0,0,0,0,0,0,31,0,25,37,31,0,24,36,1
126672,2025-09-28,19:45:33.867,2025-09-28 19:45:33.867,233,510,100,0,239,0,0,752,80,105,99,117,523.005,0.0,0.4412616,522.615,0.0,0.9548611,577.185,0.0,-0.1519097,577.115,0.0,0.1808449,0,0,0,0,0,0,31,10,25,37,31,0,24,36,1
126673,2025-09-28,19:45:34.379,2025-09-28 19:45:34.379,233,510,100,0,239,0,0,753,93,105,99,102,523.005,0.0,0.3689236,522.61,-0.101394,1.041667,577.185,0.0,-0.09403935,577.115,0.0,0.1519097,0,0,0,0,0,0,31,0,25,37,31,0,24,36,1
126674,2025-09-28,19:45:34.893,2025-09-28 19:45:34.893,233,510,100,0,239,0,0,752,80,105,99,102,523.01,0.0,1.323785,522.605,0.0,1.128472,577.185,0.0,-0.02893518,577.115,0.1000118,0.2242477,0,0,0,0,0,0,31,0,25,37,31,0,24,36,1
126675,2025-09-28,19:45:35.407,2025-09-28 19:45:35.407,233,510,100,0,239,0,0,752,80,105,99,103,523.005,0.0,0.3255208,522.61,-0.1000113,1.034433,577.185,0.0,-0.1374421,577.115,0.0,0.1012731,0,0,0,0,0,0,31,0,25,37,31,0,24,36,1
126676,2025-09-28,19:45:35.922,2025-09-28 19:45:35.922,233,510,100,0,239,0,0,752,80,105,99,102,523.005,0.0,0.4774306,522.605,-0.100468,0.9620949,577.185,0.0,-0.02170139,577.115,0.0,0.2387153,0,0,0,0,0,0,31,0,25,37,31,0,24,36,1
126677,2025-09-28,19:45:36.433,2025-09-28 19:45:36.433,233,510,100,0,239,0,0,752,80,105,99,102,523.005,-0.1151975,0.3689236,522.615,0.201858,1.034433,577.185,0.0,-0.1519097,577.115,0.0,0.1591435,0,0,0,0,0,0,31,10,25,37,31,0,24,36,1
126678,2025-09-28,19:45:36.945,2025-09-28 19:45:36.945,233,510,100,0,239,0,0,752,80,105,99,102,523.005,0.0,0.4846644,522.605,-0.100468,0.9620949,577.185,0.0,-0.007233796,577.11,0.0,0.2097801,0,0,0,0,0,0,31,0,25,37,31,0,24,36,1
126679,2025-09-28,19:45:37.459,2025-09-28 19:45:37.459,233,510,100,0,239,0,0,752,80,105,99,102,523.005,0.0,1.265914,522.61,0.0,1.20081,577.185,0.0,-0.1519097,577.115,-0.1000118,0.2097801,0,0,0,0,0,0,31,0,25,37,31,-12,24,36,1
126680,2025-09-28,19:45:37.972,2025-09-28 19:45:37.972,233,510,100,0,239,0,0,752,80,105,99,102,523.005,0.0,0.4484954,522.615,0.0,0.9548611,577.185,0.0,-0.1519097,577.115,0.0,0.2170139,0,0,0,0,0,0,31,0,25,37,31,0,24,36,1
126681,2025-09-28,19:45:38.485,2025-09-28 19:45:38.485,233,510,100,0,239,0,0,753,80,105,99,102,523.005,0.0,0.3616898,522.605,-0.1000113,0.9910301,577.185,0.0,-0.01446759,577.115,0.0,0.1157407,0,0,0,0,0,0,31,0,25,37,31,0,24,36,1
126682,2025-09-28,19:45:38.999,2025-09-28 19:45:38.999,233,510,100,0,239,0,0,752,80,105,99,102,523.005,0.0,0.4412616,522.615,-0.1000114,1.027199,577.185,0.0,-0.1519097,577.115,0.0,0.2242477,0,0,0,0,0,0,31,10,25,37,31,-11,24,36,1
126683,2025-09-28,19:45:39.515,2025-09-28 19:45:39.515,233,510,100,0,239,0,0,753,79,105,99,102,523.005,0.0,0.3761574,522.61,0.0,1.20081,577.185,0.0,0.0,577.115,0.0,0.1302083,0,0,0,0,0,0,31,0,25,37,31,0,24,36,1
126684,2025-09-28,19:45:40.028,2025-09-28 19:45:40.028,233,510,100,0,239,0,0,753,80,105,99,102,523.005,0.0,1.208044,522.61,0.0,0.9548611,577.185,0.0,-0.1374421,577.11,0.0,0.2748843,0,0,0,0,0,0,31,10,25,37,31,0,24,36,1
126685,2025-09-28,19:45:40.539,2025-09-28 19:45:40.539,233,510,100,0,239,0,0,753,80,105,99,102,523.005,0.0,0.3255208,522.61,0.0,1.034433,577.185,0.0,-0.03616898,577.115,-0.09778948,0.1085069,0,0,0,0,0,0,31,10,25,37,31,0,24,36,1
126686,2025-09-28,19:45:41.050,2025-09-28 19:45:41.050,233,510,100,0,239,0,0,753,80,105,99,102,523.005,0.0,0.4774306,522.61,0.0,0.9548611,577.185,0.0,-0.02170139,577.115,0.0,0.2314815,0,0,0,0,0,0,31,0,25,37,31,0,24,36,1
126687,2025-09-28,19:45:41.567,2025-09-28 19:45:41.567,233,510,100,0,239,0,0,753,80,105,99,102,523.005,0.0,0.3399884,522.61,0.1028153,1.034433,577.185,0.0,-0.1446759,577.115,0.0,0.07957176,0,0,0,0,0,0,31,0,25,37,31,10,24,36,1
126688,2025-09-28,19:45:42.079,2025-09-28 19:45:42.079,233,510,100,0,239,0,0,753,80,105,99,102,523.005,0.0,1.302083,522.61,-0.1047738,1.128472,577.185,0.0,-0.01446759,577.115,0.0,0.2893519,0,0,0,0,0,0,31,-10,25,37,31,-10,24,36,1
126689,2025-09-28,19:45:42.592,2025-09-28 19:45:42.592,233,510,100,0,239,0,0,753,80,105,99,102,523.005,0.0,0.3472222,522.61,-0.09911028,1.034433,577.185,0.0,-0.1591435,577.115,0.0,0.09403935,0,0,0,0,0,0,31,0,25,37,31,0,24,36,1
126690,2025-09-28,19:45:43.104,2025-09-28 19:45:43.104,233,510,100,0,239,0,0,753,80,105,99,102,523.005,0.0,0.4701968,522.605,0.0,0.9548611,577.185,0.0,-0.01446759,577.115,-0.1000119,0.1519097,0,0,0,0,0,0,31,-10,25,37,31,0,24,36,1
126691,2025-09-28,19:45:43.615,2025-09-28 19:45:43.615,233,510,100,0,239,0,0,753,80,105,99,88,523.005,0.0,0.4195602,522.61,-0.2000226,1.034433,577.185,0.0,-0.1302083,577.115,0.0,0.1157407,0,0,0,0,0,0,31,0,25,37,31,0,24,36,1
126692,2025-09-28,19:45:44.128,2025-09-28 19:45:44.128,233,510,100,0,239,0,0,753,67,105,99,94,523.005,0.0,0.4991319,522.61,0.0,0.9548611,577.185,0.0,-0.02170139,577.115,0.0,0.2748843,0,0,0,0,0,0,31,0,25,37,31,0,24,36,1
126693,2025-09-28,19:45:44.642,2025-09-28 19:45:44.642,233,510,100,0,239,0,0,753,67,105,99,102,523.005,0.0,1.244213,522.61,0.0,1.150174,577.185,0.0,0.02170139,577.115,-0.09911091,0.1519097,0,0,0,0,0,0,31,0,25,37,31,0,24,36,1
126694,2025-09-28,19:45:45.154,2025-09-28 19:45:45.154,233,509,100,0,239,0,0,753,80,105,99,88,523.005,0.08980702,0.4774306,522.615,-0.1000113,1.034433,577.185,0.0,-0.1591435,577.115,0.0,0.1302083,0,0,0,0,0,0,31,0,25,37,31,0,24,36,1
126695,2025-09-28,19:45:45.665,2025-09-28 19:45:45.665,233,509,100,0,239,0,0,753,67,105,99,102,523.0,0.0,0.3689236,522.61,0.100468,0.9548611,577.185,0.0,0.0,577.11,0.0,0.1519097,0,0,0,0,0,0,31,0,25,37,31,0,24,36,1
126696,2025-09-28,19:45:46.177,2025-09-28 19:45:46.177,233,509,100,0,239,0,0,753,79,105,99,88,523.005,0.0,0.4557292,522.605,0.09911038,1.034433,577.185,0.0,-0.1663773,577.115,0.0,0.2097801,0,0,0,0,0,0,31,10,25,37,31,0,24,36,1
126697,2025-09-28,19:45:46.689,2025-09-28 19:45:46.689,233,509,100,0,239,0,0,753,67,105,99,102,523.005,0.0,0.3761574,522.61,0.0,1.14294,577.185,0.0,-0.02893518,577.115,-0.09866644,0.1519097,0,0,0,0,0,0,31,10,25,37,31,0,24,36,1
126698,2025-09-28,19:45:47.202,2025-09-28 19:45:47.202,233,509,100,0,239,0,0,753,80,105,99,89,523.005,0.0,1.345486,522.605,0.0,0.9548611,577.185,0.0,-0.03616898,577.115,0.0,0.2314815,0,0,0,0,0,0,31,-10,25,37,31,0,24,36,1
126699,2025-09-28,19:45:47.713,2025-09-28 19:45:47.713,233,509,100,0,239,0,0,753,67,105,99,91,523.005,0.0,0.3327546,522.615,0.0,1.034433,577.185,0.0,-0.1302083,577.115,0.0,0.1085069,0,0,0,0,0,0,31,-10,25,37,31,0,24,36,1
126700,2025-09-28,19:45:48.226,2025-09-28 19:45:48.226,233,509,100,0,239,0,0,753,67,105,99,102,523.005,0.0,0.4846644,522.61,0.0,0.9548611,577.185,0.0,-0.02893518,577.12,0.0,0.2459491,0,0,0,0,0,0,31,-10,25,37,31,0,24,36,1
126701,2025-09-28,19:45:48.741,2025-09-28 19:45:48.741,233,509,100,0,239,0,0,753,80,105,99,88,523.005,0.0,0.3472222,522.61,-0.1018634,1.034433,577.185,0.0,-0.1302083,577.115,0.0,0.1012731,0,0,0,0,0,0,31,0,25,37,31,0,24,36,1
126702,2025-09-28,19:45:49.256,2025-09-28 19:45:49.256,233,509,100,0,239,0,0,753,67,105,99,88,523.005,0.0,0.4195602,522.61,0.09911038,1.128472,577.185,0.0,0.0,577.115,0.0,0.2748843,0,0,0,0,0,0,31,0,25,37,31,0,24,36,1
126703,2025-09-28,19:45:49.767,2025-09-28 19:45:49.767,233,509,100,0,239,0,0,753,67,105,99,102,523.005,0.0,0.354456,522.615,-0.1004681,1.034433,577.185,0.0,-0.1519097,577.115,0.0,0.1302083,0,0,0,0,0,0,31,10,25,37,31,0,24,36,1
126704,2025-09-28,19:45:50.279,2025-09-28 19:45:50.279,233,509,100,0,239,0,0,753,80,105,99,88,523.005,0.0,0.4484954,522.61,-0.200936,0.9620949,577.185,0.0,-0.02893518,577.115,0.0,0.1953125,0,0,0,0,0,0,31,0,25,37,31,0,24,36,1
126705,2025-09-28,19:45:50.789,2025-09-28 19:45:50.789,233,509,100,0,239,0,0,753,67,105,99,87,523.005,0.0,0.3399884,522.61,0.1000113,0.9765625,577.185,0.0,-0.1519097,577.11,0.0,0.1519097,0,0,0,0,0,0,31,0,25,37,31,0,24,36,1
126706,2025-09-28,19:45:51.304,2025-09-28 19:45:51.304,233,509,100,0,239,0,0,753,67,105,99,87,523.005,0.0,0.4701968,522.61,-0.1004681,1.034433,577.185,0.0,-0.02170139,577.11,-0.09692787,0.2242477,0,0,0,0,0,0,31,0,25,37,31,-13,24,36,1
126707,2025-09-28,19:45:51.815,2025-09-28 19:45:51.815,233,509,100,0,239,0,0,753,67,105,99,87,523.005,0.0,1.236979,522.61,0.0,1.128472,577.185,0.0,-0.01446759,577.115,0.0,0.1591435,0,0,0,0,0,0,31,-10,25,37,31,0,24,36,1
126708,2025-09-28,19:45:52.328,2025-09-28 19:45:52.328,233,509,100,0,239,0,0,753,67,105,99,87,523.005,0.1073303,0.390625,522.605,0.09735627,1.034433,577.185,0.0,-0.1519097,577.115,0.0,0.2242477,0,0,0,0,0,0,31,0,25,37,31,0,24,36,1
126709,2025-09-28,19:45:52.839,2025-09-28 19:45:52.839,233,509,100,0,239,0,0,753,67,105,99,88,523.005,0.1009298,0.3255208,522.605,0.0,0.9548611,577.185,0.0,0.0,577.115,0.0,0.1446759,0,0,0,0,0,0,31,0,25,37,31,0,24,36,1
126710,2025-09-28,19:45:53.351,2025-09-28 19:45:53.351,233,509,100,0,239,0,0,753,67,105,99,87,523.005,0.0,0.426794,522.61,0.0,1.034433,577.185,0.0,-0.05063657,577.115,0.0,0.2459491,0,0,0,0,0,0,31,0,25,37,31,0,24,36,1
126711,2025-09-28,19:45:53.932,2025-09-28 19:45:53.932,233,509,100,0,239,0,0,753,67,105,99,88,523.005,0.1000124,0.4195602,522.605,-0.09955886,1.034433,577.185,0.0,-0.1302083,577.115,0.0,0.1374421,0,0,0,0,0,0,31,0,25,37,31,0,24,36,1
126712,2025-09-28,19:45:54.443,2025-09-28 19:45:54.443,233,509,100,0,239,0,0,753,67,105,99,88,523.005,0.0,1.374421,522.61,0.1000113,1.121238,577.185,0.0,-0.02893518,577.11,0.0,0.2314815,0,0,0,0,0,0,31,0,25,37,31,0,24,36,1
126713,2025-09-28,19:45:54.957,2025-09-28 19:45:54.957,233,509,100,0,239,0,0,753,67,105,99,88,523.005,0.100469,0.390625,522.61,-0.1000113,1.034433,577.185,0.0,-0.1446759,577.115,0.1037859,0.07957176,0,0,0,0,0,0,31,0,25,37,31,0,24,36,1
126714,2025-09-28,19:45:55.471,2025-09-28 19:45:55.471,233,509,100,0,239,0,0,753,67,105,99,88,523.005,0.0,0.4195602,522.61,0.0,0.9548611,577.185,0.0,-0.02170139,577.11,0.0,0.2387153,0,0,0,0,0,0,31,0,25,37,31,0,24,36,1
126715,2025-09-28,19:45:55.984,2025-09-28 19:45:55.984,233,509,100,0,239,0,0,753,67,105,99,88,523.005,0.0,0.390625,522.61,0.0,1.034433,577.185,0.0,-0.1157407,577.115,-0.09650274,0.09403935,0,0,0,0,0,0,31,0,25,37,31,0,24,36,1
126716,2025-09-28,19:45:56.496,2025-09-28 19:45:56.496,233,509,100,0,239,0,0,753,67,105,99,88,523.0,0.0,1.323785,522.605,-0.100468,0.9693287,577.185,0.0,-0.01446759,577.115,0.09866644,0.2531829,0,0,0,0,0,0,31,0,25,37,31,0,24,36,1
126717,2025-09-28,19:45:57.007,2025-09-28 19:45:57.007,233,509,100,0,239,0,0,753,67,105,99,87,523.0,0.0,0.3399884,522.61,-0.1000113,1.128472,577.185,0.0,-0.02893518,577.11,0.1023378,0.05787037,0,0,0,0,0,0,31,0,25,37,31,0,24,36,1
126718,2025-09-28,19:45:57.519,2025-09-28 19:45:57.519,233,509,100,0,239,0,0,753,67,105,99,88,523.0,0.09778989,0.4340278,522.61,-0.09778887,1.034433,577.185,0.0,-0.1663773,577.115,0.0,0.1953125,0,0,0,0,0,0,31,0,25,37,31,0,24,36,1
126719,2025-09-28,19:45:58.032,2025-09-28 19:45:58.032,233,509,100,0,239,0,0,753,67,105,99,87,523.005,-0.1009298,0.3833912,522.61,0.200936,0.9548611,577.185,0.0,0.007233796,577.11,-0.1000118,0.1085069,0,0,0,0,0,0,31,0,25,37,31,-15,24,36,1
126720,2025-09-28,19:45:58.543,2025-09-28 19:45:58.543,233,509,100,0,239,0,0,753,67,105,99,87,523.0,0.0,0.4557292,522.61,0.0,1.034433,577.185,0.0,-0.1446759,577.115,0.0,0.1808449,0,0,0,0,0,0,31,0,25,37,31,0,24,36,1
126721,2025-09-28,19:45:59.054,2025-09-28 19:45:59.054,233,509,100,0,239,0,0,753,67,105,99,87,523.005,0.0,1.244213,522.605,0.2000228,1.20081,577.185,0.0,-0.007233796,577.115,0.1004685,0.2025463,0,0,0,0,0,0,31,10,25,37,31,0,24,36,1
126722,2025-09-28,19:45:59.566,2025-09-28 19:45:59.566,233,509,100,0,239,0,0,753,67,105,99,87,523.005,-0.10093,0.4412616,522.605,0.100468,0.9548611,577.185,0.0,-0.08680555,577.11,0.1009294,0.2025463,0,0,0,0,0,0,31,0,25,37,31,0,24,36,1
126723,2025-09-28,19:46:00.078,2025-09-28 19:46:00.078,233,509,100,0,239,0,0,753,67,105,99,87,523.005,-0.101395,0.3761574,522.61,0.0,1.034433,577.185,0.0,-0.1012731,577.115,0.0,0.1157407,0,0,0,0,0,0,31,0,25,37,31,0,24,36,1
126724,2025-09-28,19:46:00.594,2025-09-28 19:46:00.594,233,509,100,0,239,0,0,754,67,105,99,87,523.005,0.0,0.4774306,522.61,0.0,0.9548611,577.185,0.0,-0.02170139,577.115,0.0,0.2170139,0,0,0,0,0,0,31,-10,25,37,31,-10,24,36,1
126725,2025-09-28,19:46:01.106,2025-09-28 19:46:01.106,233,509,100,0,239,0,0,753,67,105,99,88,523.0,0.0,0.3833912,522.605,-0.1004681,1.034433,577.185,0.0,-0.1157407,577.115,0.0,0.1808449,0,0,0,0,0,0,31,10,25,37,31,0,24,36,1
126726,2025-09-28,19:46:01.622,2025-09-28 19:46:01.622,233,509,100,0,239,0,0,754,67,105,99,88,523.0,0.0,1.273148,522.61,0.101394,1.121238,577.185,0.0,-0.02893518,577.115,-0.09955939,0.2748843,0,0,0,0,0,0,31,-10,25,37,31,0,24,36,1
126727,2025-09-28,19:46:02.138,2025-09-28 19:46:02.138,233,509,100,0,239,0,0,754,67,105,99,88,523.0,0.1000124,0.3689236,522.61,0.0,1.034433,577.185,0.0,-0.1519097,577.115,0.09866634,0.1229745,0,0,0,0,0,0,31,0,25,37,31,10,24,36,1
126728,2025-09-28,19:46:02.654,2025-09-28 19:46:02.654,233,509,100,0,239,0,0,754,67,105,99,88,523.0,-0.100469,0.4340278,522.61,-0.1000113,0.9693287,577.185,0.0,-0.02170139,577.11,0.0,0.2170139,0,0,0,0,0,0,31,10,25,37,31,0,24,36,1
126729,2025-09-28,19:46:03.165,2025-09-28 19:46:03.165,233,509,100,0,239,0,0,754,67,105,99,88,523.0,0.0,0.3689236,522.605,0.0,0.9693287,577.185,0.0,-0.1374421,577.11,0.0,0.1012731,0,0,0,0,0,0,31,-10,25,37,31,0,24,36,1
126730,2025-09-28,19:46:03.677,2025-09-28 19:46:03.677,233,509,100,0,239,0,0,754,67,105,99,88,523.0,0.0,0.7667824,522.61,-0.1000114,1.041667,577.185,0.0,-0.1519097,577.11,-0.1000119,0.2242477,0,0,0,0,0,0,31,-10,25,37,31,0,24,36,1
126731,2025-09-28,19:46:04.189,2025-09-28 19:46:04.189,233,509,100,0,239,0,0,754,67,105,99,88,523.0,0.0,0.4195602,522.605,-0.1000114,1.128472,577.185,0.0,-0.007233796,577.11,0.1000118,0.1446759,0,0,0,0,0,0,31,-10,25,37,31,0,24,36,1
126732,2025-09-28,19:46:04.701,2025-09-28 19:46:04.701,233,509,100,0,239,0,0,754,67,105,99,88,523.0,0.0,0.4484954,522.61,0.100468,1.034433,577.185,0.0,-0.1374421,577.105,0.09955928,0.1953125,0,0,0,0,0,0,31,0,25,37,31,0,24,36,1
126733,2025-09-28,19:46:05.213,2025-09-28 19:46:05.213,233,509,100,0,239,0,0,754,67,105,99,74,523.0,0.0,0.3616898,522.605,0.0,0.9476273,577.185,0.0,0.0,577.11,0.0,0.1302083,0,0,0,0,0,0,31,0,25,37,31,0,24,36,1
126734,2025-09-28,19:46:05.727,2025-09-28 19:46:05.727,233,509,100,0,239,0,0,753,54,105,99,79,523.0,0.0,0.462963,522.605,0.0,0.9548611,577.185,0.0,-0.1302083,577.11,0.0,0.2170139,0,0,0,0,0,0,31,0,25,37,31,-11,24,36,1
126735,2025-09-28,19:46:06.243,2025-09-28 19:46:06.243,233,509,100,0,239,0,0,753,54,105,99,88,523.005,0.0,1.193576,522.61,0.0,1.20081,577.185,0.0,-0.1157407,577.11,0.0,0.1591435,0,0,0,0,0,0,31,10,25,37,31,0,24,36,1
126736,2025-09-28,19:46:06.754,2025-09-28 19:46:06.754,233,509,100,0,239,0,0,754,67,105,99,73,523.0,0.0,0.4195602,522.605,-0.09866593,0.9476273,577.185,0.1068095,-0.02893518,577.115,-0.1004685,0.2097801,0,0,0,0,0,0,31,0,25,37,31,0,24,36,1
126737,2025-09-28,19:46:07.266,2025-09-28 19:46:07.266,233,509,100,0,239,0,0,754,54,105,99,73,523.0,0.0,0.390625,522.615,0.0,1.041667,577.185,0.0,-0.1085069,577.115,-0.1000118,0.1085069,0,0,0,0,0,0,31,0,25,37,31,0,24,36,1
126738,2025-09-28,19:46:07.780,2025-09-28 19:46:07.780,233,509,100,0,239,0,0,754,54,105,99,88,523.0,0.0,0.390625,522.61,0.0,0.9548611,577.185,0.0,-0.01446759,577.11,0.0,0.1880787,0,0,0,0,0,0,31,0,25,37,31,0,24,36,1
126739,2025-09-28,19:46:08.290,2025-09-28 19:46:08.290,233,509,100,0,239,0,0,754,67,105,99,88,523.0,0.0,0.4846644,522.61,0.1000114,1.034433,577.185,0.0,-0.1446759,577.11,-0.09955928,0.1374421,0,0,0,0,0,0,31,-10,25,37,31,0,24,36,1
126740,2025-09-28,19:46:08.803,2025-09-28 19:46:08.803,233,509,100,0,239,0,0,754,67,105,99,74,523.005,0.0,1.338252,522.61,0.0,1.14294,577.185,0.0,-0.02893518,577.11,0.0,0.2965856,0,0,0,0,0,0,31,0,25,37,31,0,24,36,1
126741,2025-09-28,19:46:09.314,2025-09-28 19:46:09.314,233,509,100,0,239,0,0,754,54,105,99,73,523.0,0.0,0.3472222,522.605,0.0,0.9620949,577.185,0.0,-0.1446759,577.11,0.0,0.1229745,0,0,0,0,0,0,31,0,25,37,31,0,24,36,1
126742,2025-09-28,19:46:09.826,2025-09-28 19:46:09.826,233,509,100,0,239,0,0,754,54,105,99,73,523.0,0.0,0.4484954,522.61,0.0,1.034433,577.185,0.0,-0.02893518,577.11,-0.1000118,0.2170139,0,0,0,0,0,0,31,0,25,37,31,10,24,36,1
126743,2025-09-28,19:46:10.338,2025-09-28 19:46:10.338,233,509,100,0,239,0,0,754,54,105,99,87,523.0,0.0,0.354456,522.61,-0.09955886,0.9548611,577.185,0.1000125,-0.1519097,577.11,0.09955939,0.1591435,0,0,0,0,0,0,31,-10,25,37,31,-10,24,36,1
126744,2025-09-28,19:46:10.853,2025-09-28 19:46:10.853,233,509,100,0,239,0,0,754,67,105,99,73,523.0,0.0,0.4846644,522.61,0.100929,1.041667,577.185,0.0,-0.1374421,577.115,0.09866644,0.2242477,0,0,0,0,0,0,31,-10,25,37,31,0,24,36,1
126745,2025-09-28,19:46:11.364,2025-09-28 19:46:11.364,233,509,100,0,239,0,0,754,54,105,99,73,523.0,0.0,1.265914,522.605,0.0,1.128472,577.185,0.0,-0.01446759,577.11,0.0,0.1663773,0,0,0,0,0,0,31,10,25,37,31,0,24,36,1
126746,2025-09-28,19:46:11.877,2025-09-28 19:46:11.877,233,509,100,0,239,0,0,754,54,105,99,88,523.0,0.0,0.4484954,522.605,0.0,1.034433,577.185,0.0,-0.1374421,577.11,0.0,0.2025463,0,0,0,0,0,0,31,0,25,37,31,0,24,36,1
126747,2025-09-28,19:46:12.390,2025-09-28 19:46:12.390,233,509,100,0,239,0,0,754,67,105,99,75,523.0,0.0,0.3616898,522.61,0.200936,1.034433,577.185,-0.09017518,-0.1085069,577.11,0.0,0.07957176,0,0,0,0,0,0,31,0,25,37,31,0,24,36,1
126748,2025-09-28,19:46:12.905,2025-09-28 19:46:12.905,233,509,100,0,239,0,0,754,54,105,99,73,523.0,0.0,0.4557292,522.605,-0.1000113,0.9548611,577.185,0.0,-0.03616898,577.115,-0.1042779,0.1663773,0,0,0,0,0,0,31,10,25,37,31,0,24,36,1
126749,2025-09-28,19:46:13.417,2025-09-28 19:46:13.417,233,509,100,0,239,0,0,754,54,105,99,73,523.0,0.0,0.4340278,522.61,0.1009289,1.20081,577.185,-0.09866707,-0.1374421,577.11,-0.1042778,0.1012731,0,0,0,0,0,0,31,0,25,37,31,0,24,36,1
126750,2025-09-28,19:46:13.933,2025-09-28 19:46:13.933,233,509,100,0,239,0,0,754,54,105,99,73,523.0,0.08495256,1.215278,522.61,0.0,0.9548611,577.185,0.0,-0.05063657,577.115,0.09650274,0.1663773,0,0,0,0,0,0,31,0,25,37,31,0,24,36,1
126751,2025-09-28,19:46:14.445,2025-09-28 19:46:14.445,233,509,100,0,239,0,0,754,54,105,99,73,523.0,0.0,0.4484954,522.605,0.0,1.034433,577.185,0.1057824,-0.1229745,577.11,0.0,0.1519097,0,0,0,0,0,0,31,0,25,37,31,0,24,36,1
126752,2025-09-28,19:46:14.959,2025-09-28 19:46:14.959,233,509,100,0,239,0,0,754,54,105,99,73,523.0,0.0,0.3761574,522.61,0.0,0.9837963,577.185,0.0,-0.01446759,577.11,0.0,0.1880787,0,0,0,0,0,0,31,0,25,37,31,0,24,36,1
126753,2025-09-28,19:46:15.472,2025-09-28 19:46:15.472,233,509,100,0,239,0,0,754,54,105,99,73,523.005,0.0,0.462963,522.61,0.0,0.9620949,577.185,0.0,-0.1446759,577.105,0.0,0.1085069,0,0,0,0,0,0,31,0,25,37,31,0,24,36,1
126754,2025-09-28,19:46:15.986,2025-09-28 19:46:15.986,233,509,100,0,239,0,0,754,54,105,99,73,523.0,0.0,1.359954,522.605,0.101394,1.208044,577.185,0.1000125,-0.04340278,577.11,0.0,0.2893519,0,0,0,0,0,0,31,10,25,37,31,0,24,36,1
126755,2025-09-28,19:46:16.498,2025-09-28 19:46:16.498,233,509,100,0,239,0,0,754,54,105,99,73,523.0,0.0,0.3110532,522.61,0.0,0.9476273,577.185,0.0,-0.1446759,577.11,0.0,0.07957176,0,0,0,0,0,0,31,0,25,37,31,0,24,36,1
126756,2025-09-28,19:46:17.013,2025-09-28 19:46:17.013,233,509,100,0,239,0,0,754,54,105,99,73,523.0,0.0,0.462963,522.605,0.1004681,1.034433,577.185,0.1013952,-0.03616898,577.115,0.0,0.1880787,0,0,0,0,0,0,31,0,25,37,31,0,24,36,1
126757,2025-09-28,19:46:17.527,2025-09-28 19:46:17.527,233,509,100,0,239,0,0,754,54,105,99,73,523.0,0.0,0.3399884,522.605,0.100468,0.9548611,577.185,0.0,-0.01446759,577.11,0.0,0.1157407,0,0,0,0,0,0,31,0,25,37,31,0,24,36,1
126758,2025-09-28,19:46:18.042,2025-09-28 19:46:18.042,233,509,100,0,239,0,0,754,54,105,99,73,523.0,0.0,0.4918981,522.61,-0.1009289,1.034433,577.18,-0.09955992,-0.1519097,577.11,0.0,0.2748843,0,0,0,0,0,0,31,10,25,37,31,0,24,36,1
126759,2025-09-28,19:46:18.553,2025-09-28 19:46:18.553,233,509,100,0,239,0,0,754,54,105,99,73,523.0,0.0,1.215278,522.605,0.0,1.128472,577.18,0.1018645,-0.08680555,577.11,-0.1991188,0.2170139,0,0,0,0,0,0,31,0,25,37,31,0,24,36,1
126760,2025-09-28,19:46:19.067,2025-09-28 19:46:19.067,233,509,100,0,239,0,0,754,54,105,99,73,523.0,0.0,0.4557292,522.605,-0.1009289,0.9548611,577.185,0.09955992,-0.02170139,577.11,0.0,0.2097801,0,0,0,0,0,0,31,-10,25,37,31,0,24,36,1
126761,2025-09-28,19:46:19.580,2025-09-28 19:46:19.580,233,509,100,0,239,0,0,754,54,105,99,73,523.0,0.0,0.3978588,522.605,-0.1004681,1.034433,577.185,0.0,-0.1446759,577.11,0.0,0.1446759,0,0,0,0,0,0,31,0,25,37,31,0,24,36,1
126762,2025-09-28,19:46:20.092,2025-09-28 19:46:20.092,233,509,100,0,239,0,0,754,54,105,99,73,523.0,0.0,0.4050926,522.605,-0.09866593,0.9548611,577.185,0.0,-0.02893518,577.11,0.09054577,0.2097801,0,0,0,0,0,0,31,-10,25,37,31,0,24,36,1
126763,2025-09-28,19:46:20.605,2025-09-28 19:46:20.605,233,509,100,0,239,0,0,754,54,105,99,73,523.0,0.0,0.4557292,522.61,-0.1000114,1.070602,577.18,-0.1009301,-0.1302083,577.11,0.0,0.2025463,0,0,0,0,0,0,31,0,25,37,31,0,24,36,1
126764,2025-09-28,19:46:21.120,2025-09-28 19:46:21.120,233,509,100,0,239,0,0,754,54,105,99,73,523.0,0.0,1.215278,522.61,0.200936,1.034433,577.185,0.0,-0.02893518,577.11,0.0,0.1953125,0,0,0,0,0,0,31,-10,25,37,31,0,24,36,1
126765,2025-09-28,19:46:21.632,2025-09-28 19:46:21.632,233,509,100,0,239,0,0,754,54,105,99,73,523.0,0.0,0.4557292,522.605,0.0,0.9548611,577.18,0.0,-0.1229745,577.115,-0.101864,0.1302083,0,0,0,0,0,0,31,0,25,37,31,0,24,36,1
126766,2025-09-28,19:46:22.144,2025-09-28 19:46:22.144,233,509,100,0,239,0,0,754,54,105,99,73,523.0,0.0,0.390625,522.605,0.0,1.034433,577.185,0.0,-0.02893518,577.11,0.0,0.2242477,0,0,0,0,0,0,31,0,25,37,31,-13,24,36,1
126767,2025-09-28,19:46:22.656,2025-09-28 19:46:22.656,233,509,100,0,239,0,0,754,54,105,99,73,523.0,0.0,0.354456,522.605,0.1000114,0.9548611,577.185,0.09955992,-0.1446759,577.11,-0.1078559,0.03616898,0,0,0,0,0,0,31,0,25,37,31,10,24,36,1
126768,2025-09-28,19:46:23.174,2025-09-28 19:46:23.174,233,509,100,0,239,0,0,754,54,105,99,73,523.0,0.0,1.338252,522.61,0.0,1.20081,577.185,0.0,-0.02170139,577.11,0.0,0.2387153,0,0,0,0,0,0,31,0,25,37,31,0,24,36,1
126769,2025-09-28,19:46:23.688,2025-09-28 19:46:23.688,233,509,100,0,239,0,0,754,54,105,99,73,523.0,0.0,0.3399884,522.61,0.0,0.9548611,577.185,0.09955992,-0.1012731,577.11,0.0,0.07233796,0,0,0,0,0,0,31,0,25,37,31,0,24,36,1
126770,2025-09-28,19:46:24.204,2025-09-28 19:46:24.204,233,509,100,0,239,0,0,754,54,105,99,73,523.0,0.0,0.3978588,522.605,-0.100468,1.034433,577.185,0.0,-0.1663773,577.115,-0.110013,0.2242477,0,0,0,0,0,0,31,0,25,37,31,0,24,36,1
126771,2025-09-28,19:46:24.715,2025-09-28 19:46:24.715,233,509,100,0,239,0,0,754,54,105,99,73,523.0,0.0,0.3616898,522.61,0.100468,0.9548611,577.18,0.0,-0.05787037,577.11,-0.1032987,0.07957176,0,0,0,0,0,0,31,0,25,37,31,0,24,36,1
126772,2025-09-28,19:46:25.232,2025-09-28 19:46:25.232,233,509,100,0,239,0,0,754,54,105,99,73,523.0,0.0,0.4774306,522.61,0.0,1.034433,577.18,0.0,-0.03616898,577.11,0.0,0.2387153,0,0,0,0,0,0,31,0,25,37,31,0,24,36,1
126773,2025-09-28,19:46:25.780,2025-09-28 19:46:25.780,233,509,100,0,239,0,0,754,54,105,99,73,523.0,0.0,1.265914,522.605,0.0,1.208044,577.185,-0.09955992,-0.1446759,577.115,0.1000118,0.1519097,0,0,0,0,0,0,31,0,25,37,31,0,24,36,1
126774,2025-09-28,19:46:26.292,2025-09-28 19:46:26.292,233,509,100,0,239,0,0,754,54,105,99,73,523.0,0.0,0.3689236,522.61,0.1009289,0.9548611,577.18,0.0,-0.02893518,577.11,0.0,0.1808449,0,0,0,0,0,0,31,0,25,37,31,0,24,36,1
126775,2025-09-28,19:46:26.804,2025-09-28 19:46:26.804,233,509,100,0,239,0,0,754,54,105,99,73,523.0,0.0,0.4701968,522.605,0.0,1.034433,577.185,0.0,-0.1446759,577.105,0.0,0.1374421,0,0,0,0,0,0,31,10,25,37,31,0,24,36,1
126776,2025-09-28,19:46:27.319,2025-09-28 19:46:27.319,233,509,100,0,239,0,0,754,54,105,99,73,523.0,0.0,0.3761574,522.6,0.1964509,0.9982639,577.18,-0.1000125,-0.02893518,577.11,0.0,0.1446759,0,0,0,0,0,0,31,0,25,37,31,0,24,36,1
126777,2025-09-28,19:46:27.830,2025-09-28 19:46:27.830,233,509,100,0,239,0,0,754,54,105,99,73,522.995,0.0,0.4846644,522.61,0.1000113,0.9548611,577.18,0.1000125,-0.1446759,577.11,0.0,0.1374421,0,0,0,0,0,0,31,0,25,37,31,0,24,36,1
126778,2025-09-28,19:46:28.343,2025-09-28 19:46:28.343,233,509,100,0,239,0,0,754,54,105,99,73,523.0,0.0,0.390625,522.605,0.0,1.215278,577.18,0.0,0.0,577.11,0.0,0.2459491,0,0,0,0,0,0,31,-10,25,37,31,0,24,36,1
126779,2025-09-28,19:46:28.857,2025-09-28 19:46:28.857,233,509,100,0,239,0,0,754,54,105,99,73,523.0,0.0,0.3978588,522.605,0.1000113,0.9548611,577.185,0.0,-0.1446759,577.11,0.09566355,0.1663773,0,0,0,0,0,0,31,0,25,37,31,-15,24,36,1
126780,2025-09-28,19:46:29.369,2025-09-28 19:46:29.369,233,509,100,0,239,0,0,754,54,105,99,58,523.0,0.0,0.4701968,522.61,-0.1000114,1.034433,577.18,0.0,-0.02893518,577.11,-0.1982218,0.2676505,0,0,0,0,0,0,31,0,25,37,31,0,24,36,1
126781,2025-09-28,19:46:29.883,2025-09-28 19:46:29.883,233,509,100,0,239,0,0,754,41,105,99,72,523.0,0.0,0.3616898,522.605,0.0,0.9548611,577.18,-0.1013951,-0.01446759,577.11,0.0,0.1157407,0,0,0,0,0,0,31,10,25,37,31,0,24,36,1
126782,2025-09-28,19:46:30.395,2025-09-28 19:46:30.395,233,509,100,0,239,0,0,754,53,105,99,73,523.0,0.0,1.323785,522.605,0.0,1.041667,577.18,0.0,-0.1446759,577.11,0.0,0.2531829,0,0,0,0,0,0,31,-10,25,37,31,0,24,36,1
126783,2025-09-28,19:46:30.909,2025-09-28 19:46:30.909,233,509,100,0,239,0,0,754,54,105,99,71,523.0,0.0,0.2387153,522.61,0.0,1.128472,577.18,-0.1013952,-0.02893518,577.11,0.0,0.1229745,0,0,0,0,0,0,31,0,25,37,31,0,24,36,1
126784,2025-09-28,19:46:31.422,2025-09-28 19:46:31.422,233,509,100,0,239,0,0,754,54,105,99,58,523.0,0.0,0.4701968,522.605,0.100468,0.9548611,577.185,0.0,-0.04340278,577.11,0.0,0.2965856,0,0,0,0,0,0,31,0,25,37,31,0,24,36,1
126785,2025-09-28,19:46:31.937,2025-09-28 19:46:31.937,233,509,100,0,239,0,0,754,41,105,99,73,523.0,0.0,0.3833912,522.605,-0.201858,1.034433,577.185,0.0,-0.1446759,577.11,0.0,0.1519097,0,0,0,0,0,0,31,10,25,37,31,0,24,36,1
126786,2025-09-28,19:46:32.450,2025-09-28 19:46:32.450,233,509,100,0,239,0,0,754,54,105,99,58,523.0,0.0,0.3833912,522.605,0.0,0.9620949,577.185,-0.1000125,-0.02893518,577.11,0.0,0.2097801,0,0,0,0,0,0,31,0,25,37,31,0,24,36,1
126787,2025-09-28,19:46:32.964,2025-09-28 19:46:32.964,233,508,100,0,239,0,0,754,41,105,99,73,523.0,0.0,1.323785,522.61,-0.1009289,1.20081,577.18,0.0,-0.1591435,577.11,0.0,0.1953125,0,0,0,0,0,0,31,10,25,37,31,0,24,36,1
126788,2025-09-28,19:46:33.477,2025-09-28 19:46:33.477,233,508,100,0,239,0,0,754,54,105,99,58,523.0,0.0,0.3689236,522.605,-0.09911028,1.012731,577.18,0.0,-0.03616898,577.11,0.0,0.2387153,0,0,0,0,0,0,31,0,25,37,31,0,24,36,1
126789,2025-09-28,19:46:33.993,2025-09-28 19:46:33.993,233,508,100,0,239,0,0,754,41,105,99,70,523.0,0.0,0.4557292,522.61,0.0,0.9548611,577.18,0.0,-0.1446759,577.11,0.0,0.1157407,0,0,0,0,0,0,31,0,25,37,31,0,24,36,1
126790,2025-09-28,19:46:34.505,2025-09-28 19:46:34.505,233,508,100,0,239,0,0,754,54,105,99,70,523.0,0.0,0.4774306,522.61,-0.1000113,1.041667,577.18,0.0,-0.03616898,577.11,0.09735667,0.1591435,0,0,0,0,0,0,31,0,25,37,31,0,24,36,1
126791,2025-09-28,19:46:35.020,2025-09-28 19:46:35.020,233,508,100,0,239,0,0,754,54,105,99,58,523.0,-0.1000123,0.390625,522.605,0.0,0.9620949,577.18,0.0,-0.1446759,577.11,0.0,0.1519097,0,0,0,0,0,0,31,-10,25,37,31,0,24,36,1
126792,2025-09-28,19:46:35.533,2025-09-28 19:46:35.533,233,508,100,0,239,0,0,754,41,105,99,73,523.0,0.0,1.35272,522.605,0.1004681,1.215278,577.18,0.0,-0.02893518,577.11,0.0,0.2459491,0,0,0,0,0,0,31,-10,25,37,31,0,24,36,1
126793,2025-09-28,19:46:36.048,2025-09-28 19:46:36.048,233,508,100,0,239,0,0,754,54,105,99,58,523.0,0.0,0.3833912,522.61,0.0,0.9548611,577.18,0.0,-0.1519097,577.11,0.0,0.1446759,0,0,0,0,0,0,31,0,25,37,31,0,24,36,1
126794,2025-09-28,19:46:36.562,2025-09-28 19:46:36.562,233,508,100,0,239,0,0,754,41,105,99,73,523.0,0.0,0.390625,522.605,0.0,1.041667,577.18,0.0,-0.1229745,577.11,0.0,0.2097801,0,0,0,0,0,0,31,0,25,37,31,0,24,36,1
126795,2025-09-28,19:46:37.076,2025-09-28 19:46:37.076,233,508,100,0,239,0,0,754,53,105,99,58,522.995,0.0,0.3255208,522.605,0.0,0.9548611,577.18,0.0,-0.007233796,577.115,0.1000118,0.1302083,0,0,0,0,0,0,31,-10,25,37,31,0,24,36,1
126796,2025-09-28,19:46:37.688,2025-09-28 19:46:37.688,233,508,100,0,239,0,0,754,41,105,99,73,522.995,0.1009298,0.5570023,522.605,0.1000113,1.135706,577.18,0.0,-0.06510416,577.11,0.0,0.2170139,0,0,0,0,0,0,31,0,25,37,31,0,24,36,1
126797,2025-09-28,19:46:38.203,2025-09-28 19:46:38.203,233,508,100,0,239,0,0,755,54,105,99,59,523.0,0.10093,0.8029514,522.61,0.0,1.034433,577.18,0.0,-0.1519097,577.11,0.0,0.09403935,0,0,0,0,0,0,31,-10,25,37,31,0,24,36,1
126798,2025-09-28,19:46:38.715,2025-09-28 19:46:38.715,233,508,100,0,239,0,0,754,41,105,99,58,523.0,0.0,0.4050926,522.605,0.0,0.9548611,577.18,0.0,-0.03616898,577.11,0.0,0.1953125,0,0,0,0,0,0,31,10,25,37,31,0,24,36,1
126799,2025-09-28,19:46:39.230,2025-09-28 19:46:39.230,234,508,100,0,239,0,0,754,41,105,99,58,523.0,0.1000124,0.3761574,522.605,0.0,1.027199,577.18,0.0,-0.1446759,577.11,0.0,0.1012731,0,0,0,0,0,0,31,10,25,37,31,-11,24,36,1
126800,2025-09-28,19:46:39.743,2025-09-28 19:46:39.743,234,508,100,0,239,0,0,754,41,105,99,73,523.0,-0.101395,0.5208333,522.61,0.0,1.012731,577.18,0.0,-0.01446759,577.11,0.0,0.2531829,0,0,0,0,0,0,31,10,25,37,31,0,24,36,1
126801,2025-09-28,19:46:40.254,2025-09-28 19:46:40.254,234,508,100,0,239,0,0,755,54,105,99,58,522.995,0.0,1.251447,522.605,0.0,1.121238,577.18,0.0,-0.1446759,577.11,0.0,0.1663773,0,0,0,0,0,0,31,-10,25,37,31,0,24,36,1
126802,2025-09-28,19:46:40.765,2025-09-28 19:46:40.765,234,508,100,0,239,0,0,754,41,105,99,73,522.995,-0.09955981,0.4050926,522.605,0.0,1.034433,577.18,0.0,-0.1591435,577.11,0.0,0.2025463,0,0,0,0,0,0,31,0,25,37,31,0,24,36,1
126803,2025-09-28,19:46:41.280,2025-09-28 19:46:41.280,234,508,100,0,239,0,0,755,54,105,99,58,523.0,-0.100469,0.354456,522.61,0.0,0.9548611,577.18,0.0928386,-0.01446759,577.11,0.09402823,0.1085069,0,0,0,0,0,0,31,-10,25,37,31,0,24,36,1
126804,2025-09-28,19:46:41.795,2025-09-28 19:46:41.795,234,508,100,0,239,0,0,754,41,105,99,58,522.995,0.0,0.462963,522.61,0.0,0.9548611,577.18,0.0,-0.1302083,577.11,0.09955939,0.2242477,0,0,0,0,0,0,31,0,25,37,31,0,24,36,1
126805,2025-09-28,19:46:42.309,2025-09-28 19:46:42.309,234,508,100,0,239,0,0,754,41,105,99,58,522.995,0.0,0.390625,522.605,0.0,1.034433,577.18,0.0,-0.007233796,577.11,-0.1089239,0.1519097,0,0,0,0,0,0,31,0,25,37,31,0,24,36,1
126806,2025-09-28,19:46:42.823,2025-09-28 19:46:42.823,234,508,100,0,239,0,0,754,41,105,99,58,523.0,-0.1100135,1.316551,522.61,-0.1009289,1.121238,577.18,0.0,-0.1519097,577.115,0.0,0.2965856,0,0,0,0,0,0,31,0,25,37,31,0,24,36,1
126807,2025-09-28,19:46:43.337,2025-09-28 19:46:43.337,234,508,100,0,239,0,0,754,41,105,99,73,522.995,0.0,0.3399884,522.61,0.0,1.034433,577.18,0.0,0.0,577.11,0.0,0.1374421,0,0,0,0,0,0,31,0,25,37,31,10,24,36,1
126808,2025-09-28,19:46:43.854,2025-09-28 19:46:43.854,234,508,100,0,239,0,0,755,53,105,99,58,522.995,0.0,0.4557292,522.605,0.0,0.9548611,577.18,0.0,-0.07233796,577.11,0.0,0.1808449,0,0,0,0,0,0,31,10,25,37,31,0,24,36,1
126809,2025-09-28,19:46:44.368,2025-09-28 19:46:44.368,234,508,100,0,239,0,0,754,41,105,99,58,522.995,0.0,0.3833912,522.61,-0.1000114,1.034433,577.18,0.0,-0.1229745,577.11,0.0,0.08680555,0,0,0,0,0,0,31,-10,25,37,31,0,24,36,1
126810,2025-09-28,19:46:44.880,2025-09-28 19:46:44.880,234,508,100,0,239,0,0,754,41,105,99,58,522.995,0.0,0.3978588,522.61,0.100468,1.099537,577.18,0.0,-0.02893518,577.11,0.0,0.2748843,0,0,0,0,0,0,31,-10,25,37,31,0,24,36,1
126811,2025-09-28,19:46:45.393,2025-09-28 19:46:45.393,234,508,100,0,239,0,0,754,41,105,99,58,522.995,0.0,0.2604167,522.61,0.0,1.027199,577.18,0.0,-0.1374421,577.11,0.0,0.1446759,0,0,0,0,0,0,31,0,25,37,31,0,24,36,1
126812,2025-09-28,19:46:45.904,2025-09-28 19:46:45.904,234,508,100,0,239,0,0,754,41,105,99,58,522.995,0.0,0.462963,522.605,0.0,1.019965,577.18,0.0,-0.02170139,577.11,0.0,0.2097801,0,0,0,0,0,0,31,0,25,37,31,10,24,36,1
126813,2025-09-28,19:46:46.417,2025-09-28 19:46:46.417,234,508,100,0,239,0,0,754,41,105,99,58,522.995,0.0,0.3978588,522.605,0.100468,0.9548611,577.18,0.0,-0.1446759,577.11,0.0,0.1085069,0,0,0,0,0,0,31,10,25,37,31,-10,24,36,1
126814,2025-09-28,19:46:46.930,2025-09-28 19:46:46.930,234,508,100,0,239,0,0,754,41,105,99,58,522.995,0.08528185,1.345486,522.605,0.09955886,1.164641,577.18,0.0,-0.1519097,577.11,0.09911091,0.2242477,0,0,0,0,0,0,31,10,25,37,31,0,24,36,1
126815,2025-09-28,19:46:47.443,2025-09-28 19:46:47.443,234,508,100,0,239,0,0,754,41,105,99,58,522.995,0.0,0.3472222,522.605,0.0,0.9548611,577.18,0.0,-0.007233796,577.11,0.09735677,0.07233796,0,0,0,0,0,0,31,10,25,37,31,0,24,36,1
126816,2025-09-28,19:46:47.957,2025-09-28 19:46:47.957,234,508,100,0,239,0,0,754,41,105,99,58,522.995,0.0,0.4484954,522.605,-0.100929,1.041667,577.18,0.0,-0.1446759,577.11,-0.1089239,0.1880787,0,0,0,0,0,0,31,11,25,37,31,0,24,36,1
126817,2025-09-28,19:46:48.469,2025-09-28 19:46:48.469,234,508,100,0,239,0,0,754,41,105,99,58,522.995,0.0,0.3761574,522.605,0.100468,0.9548611,577.18,0.0,-0.01446759,577.115,0.0,0.1446759,0,0,0,0,0,0,31,0,25,37,31,0,24,36,1
126818,2025-09-28,19:46:48.985,2025-09-28 19:46:48.985,234,508,100,0,239,0,0,754,41,105,99,58,522.995,0.0,0.4340278,522.605,0.0,0.9620949,577.18,0.0,-0.1446759,577.11,0.0,0.1663773,0,0,0,0,0,0,31,0,25,37,31,0,24,36,1
126819,2025-09-28,19:46:49.497,2025-09-28 19:46:49.497,234,508,100,0,239,0,0,754,41,105,99,58,522.995,0.0,1.222512,522.605,-0.1004681,1.208044,577.18,0.0,0.007233796,577.11,0.0,0.1736111,0,0,0,0,0,0,31,0,25,37,31,0,24,36,1
126820,2025-09-28,19:46:50.012,2025-09-28 19:46:50.012,234,508,100,0,239,0,0,754,41,105,99,58,522.995,0.0,0.426794,522.605,0.200936,0.9548611,577.18,0.0,-0.1229745,577.105,0.0,0.1808449,0,0,0,0,0,0,31,10,25,37,31,0,24,36,1
126821,2025-09-28,19:46:50.526,2025-09-28 19:46:50.526,234,508,100,0,239,0,0,754,40,105,99,58,523.0,0.0,0.3761574,522.605,-0.100929,1.034433,577.18,0.0,-0.1085069,577.11,0.0,0.1085069,0,0,0,0,0,0,31,-10,25,37,31,0,24,36,1
126822,2025-09-28,19:46:51.040,2025-09-28 19:46:51.040,234,508,100,0,239,0,0,755,41,105,99,58,522.995,0.0,0.354456,522.605,0.0,0.9548611,577.18,0.0,-0.02893518,577.11,0.0,0.2459491,0,0,0,0,0,0,31,0,25,37,31,0,24,36,1
126823,2025-09-28,19:46:51.552,2025-09-28 19:46:51.552,234,508,100,0,239,0,0,754,41,105,99,58,522.995,0.0,0.4412616,522.61,0.0,1.027199,577.18,0.0,-0.1085069,577.11,0.0,0.1374421,0,0,0,0,0,0,31,10,25,37,31,0,24,36,1
126824,2025-09-28,19:46:52.067,2025-09-28 19:46:52.067,234,508,100,0,239,0,0,755,41,105,99,58,522.995,0.0,0.5931713,522.605,0.0,1.193576,577.18,0.0,-0.02170139,577.11,0.0,0.2387153,0,0,0,0,0,0,31,-10,25,37,31,0,24,36,1
126825,2025-09-28,19:46:52.580,2025-09-28 19:46:52.580,234,508,100,0,239,0,0,754,41,105,99,58,522.995,0.0,0.3399884,522.605,0.0,0.9620949,577.18,0.0,-0.1229745,577.11,0.0,0.1374421,0,0,0,0,0,0,31,0,25,37,31,0,24,36,1
126826,2025-09-28,19:46:53.092,2025-09-28 19:46:53.092,234,508,100,0,239,0,0,755,41,105,99,58,522.995,0.0,0.4484954,522.61,0.0,1.034433,577.18,-0.2245181,-0.02170139,577.11,0.0,0.1953125,0,0,0,0,0,0,31,-10,25,37,31,0,24,36,1
126827,2025-09-28,19:46:53.604,2025-09-28 19:46:53.604,234,508,100,0,239,0,0,755,41,105,99,58,522.995,0.0,0.3255208,522.605,0.0,0.9548611,577.18,0.0,-0.02170139,577.115,0.0,0.1663773,0,0,0,0,0,0,31,0,25,37,31,0,24,36,1
126828,2025-09-28,19:46:54.115,2025-09-28 19:46:54.115,234,508,100,0,239,0,0,755,40,105,99,58,522.995,0.0,1.309317,522.61,0.09650224,1.041667,577.18,0.0,-0.1446759,577.11,0.0,0.2459491,0,0,0,0,0,0,31,-10,25,37,31,0,24,36,1
126829,2025-09-28,19:46:54.628,2025-09-28 19:46:54.628,234,508,100,0,239,0,0,755,40,105,99,58,522.995,0.0,0.2893519,522.61,-0.100468,1.128472,577.18,0.0,-0.007233796,577.11,0.0,0.1446759,0,0,0,0,0,0,31,-10,25,37,31,-12,24,36,1
126830,2025-09-28,19:46:55.143,2025-09-28 19:46:55.143,234,508,100,0,239,0,0,755,41,105,99,58,522.995,0.0,0.4484954,522.6,0.0,1.034433,577.18,0.0,-0.1446759,577.11,0.0,0.1808449,0,0,0,0,0,0,31,0,25,37,31,0,24,36,1
126831,2025-09-28,19:46:55.655,2025-09-28 19:46:55.655,234,508,100,0,239,0,0,755,41,105,99,58,522.995,0.0,0.3327546,522.61,-0.1009289,1.041667,577.18,0.0,-0.01446759,577.11,0.0,0.1012731,0,0,0,0,0,0,31,-10,25,37,31,-13,24,36,1
126832,2025-09-28,19:46:56.169,2025-09-28 19:46:56.169,234,508,100,0,239,0,0,755,41,105,99,58,522.995,0.0,0.462963,522.605,-0.09911028,0.9548611,577.18,0.0,-0.1012731,577.11,0.0,0.1519097,0,0,0,0,0,0,31,0,25,37,31,10,24,36,1
126833,2025-09-28,19:46:56.684,2025-09-28 19:46:56.684,234,507,100,0,239,0,0,755,40,105,99,58,522.995,0.0,1.265914,522.6,0.1000113,1.20081,577.18,0.0,-0.1085069,577.11,0.0,0.2097801,0,0,0,0,0,0,31,0,25,37,31,0,24,36,1
126834,2025-09-28,19:46:57.196,2025-09-28 19:46:57.196,234,507,100,0,239,0,0,755,40,105,99,58,522.995,0.0,0.3255208,522.61,0.0,0.9548611,577.18,0.0,-0.02893518,577.11,0.0,0.1446759,0,0,0,0,0,0,31,-10,25,37,31,0,24,36,1
126835,2025-09-28,19:46:57.708,2025-09-28 19:46:57.708,234,507,100,0,239,0,0,755,41,105,99,58,522.995,0.3548824,0.4412616,522.605,0.0,1.019965,577.18,0.0,-0.1519097,577.11,0.0,0.1519097,0,0,0,0,0,0,31,0,25,37,31,0,24,36,1
126836,2025-09-28,19:46:58.223,2025-09-28 19:46:58.223,234,507,100,0,239,0,0,755,41,105,99,58,522.995,0.0,0.3472222,522.605,0.0,1.027199,577.18,0.0,-0.03616898,577.11,0.0,0.2170139,0,0,0,0,0,0,31,-10,25,37,31,0,24,36,1
126837,2025-09-28,19:46:58.736,2025-09-28 19:46:58.736,234,507,100,0,239,0,0,755,41,105,99,58,522.995,0.0,0.3761574,522.605,0.1018634,0.9620949,577.18,0.0,-0.1374421,577.11,0.0,0.1446759,0,0,0,0,0,0,31,0,25,37,31,0,24,36,1
126838,2025-09-28,19:46:59.250,2025-09-28 19:46:59.250,234,507,100,0,239,0,0,755,41,105,99,58,522.995,0.0,1.331019,522.61,0.09866593,1.215278,577.18,0.0,-0.02893518,577.11,0.0,0.2459491,0,0,0,0,0,0,31,0,25,37,31,0,24,36,1
126839,2025-09-28,19:46:59.764,2025-09-28 19:46:59.764,234,507,100,0,239,0,0,755,40,105,99,58,522.995,0.0,0.3761574,522.605,0.0,0.9548611,577.18,0.0,-0.1446759,577.11,0.0,0.1157407,0,0,0,0,0,0,31,0,25,37,31,0,24,36,1
126840,2025-09-28,19:47:00.277,2025-09-28 19:47:00.277,234,507,100,0,239,0,0,755,40,105,99,58,522.995,0.0,0.4412616,522.605,0.1000113,1.034433,577.18,0.0,-0.1591435,577.11,0.0,0.1663773,0,0,0,0,0,0,31,10,25,37,31,0,24,36,1
126841,2025-09-28,19:47:00.792,2025-09-28 19:47:00.792,234,507,100,0,239,0,0,755,40,105,99,58,522.995,0.0,0.3616898,522.61,-0.1000114,0.9548611,577.18,0.0,-0.007233796,577.11,-0.1000118,0.1374421,0,0,0,0,0,0,31,0,25,37,31,0,24,36,1
125842,2025-09-28,19:38:26.650,2025-09-28 19:38:26.650,221,525,100,0,238,0,0,734,122,105,99,147,523.07,0.0,0.462963,522.64,-0.09955886,0.9476273,577.215,0.0,-0.02170139,577.14,-0.1028159,0.1519097,0,0,0,0,0,0,31,0,25,37,31,-12,24,36,1
125843,2025-09-28,19:38:27.165,2025-09-28 19:38:27.165,221,525,100,0,238,0,0,734,122,105,99,147,523.07,0.0,0.3689236,522.64,-0.1009289,0.9548611,577.215,0.0,-0.1302083,577.14,0.0,0.1446759,0,0,0,0,0,0,31,10,25,37,31,0,24,36,1
125844,2025-09-28,19:38:27.677,2025-09-28 19:38:27.677,221,525,100,0,238,0,0,734,122,105,99,146,523.07,0.1032991,0.4557292,522.645,-0.1009289,1.034433,577.215,0.0,-0.01446759,577.14,0.0991108,0.2314815,0,0,0,0,0,0,31,0,25,37,31,0,24,36,1
125845,2025-09-28,19:38:28.192,2025-09-28 19:38:28.192,221,525,100,0,238,0,0,734,122,105,99,146,523.07,-0.0940287,1.265914,522.64,0.1000114,1.121238,577.215,0.0,-0.1302083,577.14,-0.1042778,0.1085069,0,0,0,0,0,0,31,-10,25,37,31,0,24,36,1
125846,2025-09-28,19:38:28.705,2025-09-28 19:38:28.705,221,525,100,0,238,0,0,734,122,105,99,147,523.065,0.0,0.3978588,522.645,-0.1000113,1.034433,577.215,0.0,-0.02170139,577.14,-0.102816,0.1663773,0,0,0,0,0,0,31,10,25,37,31,0,24,36,1
125847,2025-09-28,19:38:29.220,2025-09-28 19:38:29.220,221,525,100,0,239,0,0,734,123,105,99,146,523.065,0.0,0.3689236,522.64,0.2000226,0.9476273,577.215,0.0,-0.1446759,577.135,0.0,0.2242477,0,0,0,0,0,0,31,0,25,37,31,0,24,36,1
125848,2025-09-28,19:38:29.733,2025-09-28 19:38:29.733,221,524,100,0,238,0,0,734,123,105,99,146,523.07,-0.101395,0.4412616,522.64,0.1037853,1.027199,577.215,0.0,-0.01446759,577.135,0.0,0.1085069,0,0,0,0,0,0,31,10,25,37,31,0,24,36,1
125849,2025-09-28,19:38:30.255,2025-09-28 19:38:30.255,221,524,100,0,238,0,0,734,123,105,99,147,523.065,-0.09362856,0.4412616,522.64,0.0,1.019965,577.215,0.0,-0.1446759,577.135,0.0,0.2242477,0,0,0,0,0,0,31,10,25,37,31,0,24,36,1
125850,2025-09-28,19:38:30.808,2025-09-28 19:38:30.808,221,524,100,0,238,0,0,734,122,105,99,147,523.07,-0.1004691,1.309317,522.64,-0.201858,1.128472,577.215,0.0,-0.007233796,577.135,0.0,0.1953125,0,0,0,0,0,0,31,0,25,37,31,-12,24,36,1
125851,2025-09-28,19:38:31.324,2025-09-28 19:38:31.324,221,524,100,0,238,0,0,734,122,105,99,147,523.065,0.1018644,0.3616898,522.645,-0.1000114,1.034433,577.215,0.0,-0.1446759,577.135,0.0,0.1157407,0,0,0,0,0,0,31,10,25,37,31,0,24,36,1
125852,2025-09-28,19:38:31.837,2025-09-28 19:38:31.837,221,524,100,0,238,0,0,734,122,105,99,146,523.07,0.1018644,0.4195602,522.64,0.0,0.9548611,577.215,-0.06197954,-0.007233796,577.135,0.0,0.2097801,0,0,0,0,0,0,31,0,25,37,31,0,24,36,1
125853,2025-09-28,19:38:32.352,2025-09-28 19:38:32.352,221,524,100,0,238,0,0,734,122,105,99,147,523.065,0.0,0.3689236,522.64,-0.101394,1.034433,577.215,0.0,-0.1302083,577.135,0.0,0.1446759,0,0,0,0,0,0,31,0,25,37,31,0,24,36,1
125854,2025-09-28,19:38:32.864,2025-09-28 19:38:32.864,221,524,100,0,238,0,0,734,122,105,99,146,523.065,-0.101395,0.462963,522.645,0.0,1.208044,577.215,0.0,-0.007233796,577.135,0.0,0.2170139,0,0,0,0,0,0,31,0,25,37,31,0,24,36,1
125855,2025-09-28,19:38:33.375,2025-09-28 19:38:33.375,221,524,100,0,238,0,0,734,122,105,99,146,523.07,0.0,1.229745,522.64,0.09955886,0.9476273,577.215,0.0,-0.1374421,577.135,0.0,0.1736111,0,0,0,0,0,0,31,0,25,37,31,0,24,36,1
125856,2025-09-28,19:38:33.888,2025-09-28 19:38:33.888,221,524,100,0,238,0,0,734,122,105,99,147,523.065,0.0,0.462963,522.64,0.0,1.034433,577.215,0.0,-0.02170139,577.135,0.0,0.2459491,0,0,0,0,0,0,31,0,25,37,31,0,24,36,1
125857,2025-09-28,19:38:34.404,2025-09-28 19:38:34.404,221,524,100,0,238,0,0,734,122,105,99,147,523.065,0.09955981,0.3761574,522.64,0.09778897,0.9548611,577.215,0.0,-0.1302083,577.135,0.09650274,0.2170139,0,0,0,0,0,0,31,0,25,37,31,0,24,36,1
125858,2025-09-28,19:38:34.920,2025-09-28 19:38:34.920,221,524,100,0,238,0,0,734,122,105,99,147,523.065,0.0,0.4774306,522.635,0.0,1.034433,577.215,0.0,-0.01446759,577.135,0.0,0.1229745,0,0,0,0,0,0,31,-9,25,37,31,0,24,36,1
125859,2025-09-28,19:38:35.434,2025-09-28 19:38:35.434,221,524,100,0,238,0,0,734,122,105,99,147,523.065,0.0,0.3978588,522.645,0.0,1.128472,577.21,0.0,-0.1446759,577.14,0.08696684,0.2893519,0,0,0,0,0,0,31,0,25,37,31,0,24,36,1
125860,2025-09-28,19:38:35.947,2025-09-28 19:38:35.947,221,524,100,0,238,0,0,734,123,105,99,147,523.065,0.0,0.3327546,522.64,0.2000228,1.012731,577.215,0.0,-0.02170139,577.135,0.09735677,0.09403935,0,0,0,0,0,0,31,-10,25,37,31,0,24,36,1
125861,2025-09-28,19:38:36.458,2025-09-28 19:38:36.458,221,524,100,0,238,0,0,734,122,105,99,146,523.065,0.09911133,0.4412616,522.635,-0.09911038,1.019965,577.215,0.140145,-0.1302083,577.135,-0.1009294,0.2170139,0,0,0,0,0,0,31,0,25,37,31,0,24,36,1
125862,2025-09-28,19:38:36.970,2025-09-28 19:38:36.970,221,524,100,0,238,0,0,734,122,105,99,146,523.065,0.0,0.4484954,522.64,0.2000228,0.9548611,577.215,0.0,-0.02893518,577.135,0.0,0.1229745,0,0,0,0,0,0,31,0,25,37,31,10,24,36,1
125863,2025-09-28,19:38:37.484,2025-09-28 19:38:37.484,221,524,100,0,238,0,0,734,122,105,99,147,523.065,0.0,0.4484954,522.64,0.0,1.034433,577.215,0.0,-0.1519097,577.135,0.0,0.08680555,0,0,0,0,0,0,31,10,25,37,31,0,24,36,1
125864,2025-09-28,19:38:37.998,2025-09-28 19:38:37.998,221,524,100,0,238,0,0,734,122,105,99,147,523.065,0.09443227,1.35272,522.645,-0.1000114,1.121238,577.215,0.1042785,-0.04340278,577.135,0.0,0.1953125,0,0,0,0,0,0,31,0,25,37,31,0,24,36,1
125865,2025-09-28,19:38:38.512,2025-09-28 19:38:38.512,221,524,100,0,238,0,0,734,122,105,99,146,523.065,0.0,0.354456,522.64,0.0,1.034433,577.215,0.0,-0.1374421,577.135,0.0,0.1012731,0,0,0,0,0,0,31,10,25,37,31,0,24,36,1
125866,2025-09-28,19:38:39.030,2025-09-28 19:38:39.030,221,524,100,0,238,0,0,734,122,105,99,147,523.065,-0.1028163,0.4701968,522.64,0.0,0.9548611,577.215,0.0,-0.01446759,577.135,0.0,0.2097801,0,0,0,0,0,0,31,0,25,37,31,0,24,36,1
125867,2025-09-28,19:38:39.543,2025-09-28 19:38:39.543,221,524,100,0,238,0,0,734,123,105,99,147,523.065,0.0,0.3472222,522.645,0.0,0.9548611,577.215,0.0,-0.1302083,577.135,0.0,0.1446759,0,0,0,0,0,0,31,10,25,37,31,9,24,36,1
125868,2025-09-28,19:38:40.054,2025-09-28 19:38:40.054,221,524,100,0,238,0,0,734,123,105,99,147,523.065,0.1000124,0.5063657,522.635,0.0,1.034433,577.215,0.0,-0.01446759,577.135,0.0,0.3110532,0,0,0,0,0,0,31,0,25,37,31,0,24,36,1
125869,2025-09-28,19:38:40.566,2025-09-28 19:38:40.566,221,524,100,0,238,0,0,734,122,105,99,147,523.065,0.0,1.222512,522.635,0.0,1.128472,577.215,0.0,-0.1374421,577.135,0.0,0.1374421,0,0,0,0,0,0,31,10,25,37,31,0,24,36,1
125870,2025-09-28,19:38:41.078,2025-09-28 19:38:41.078,221,524,100,0,238,0,0,734,122,105,99,147,523.07,0.0,0.4412616,522.645,0.0,1.041667,577.21,0.0,-0.02170139,577.14,0.1000118,0.1157407,0,0,0,0,0,0,31,0,25,37,31,0,24,36,1
125871,2025-09-28,19:38:41.594,2025-09-28 19:38:41.594,221,524,100,0,238,0,0,734,122,105,99,146,523.065,0.0,0.3616898,522.64,-0.2000228,0.9476273,577.215,0.0,-0.1374421,577.14,0.09735667,0.2748843,0,0,0,0,0,0,31,0,25,37,31,0,24,36,1
125872,2025-09-28,19:38:42.105,2025-09-28 19:38:42.105,221,524,100,0,238,0,0,734,123,105,99,146,523.065,0.0,0.4701968,522.635,0.1000114,1.019965,577.215,0.1047749,-0.01446759,577.135,-0.1009294,0.1012731,0,0,0,0,0,0,31,0,25,37,31,0,24,36,1
125873,2025-09-28,19:38:42.617,2025-09-28 19:38:42.617,221,524,100,0,238,0,0,734,122,105,99,147,523.07,0.0,1.331019,522.64,-0.1004681,1.106771,577.215,0.1018646,-0.1374421,577.14,0.0,0.2893519,0,0,0,0,0,0,31,-10,25,37,31,0,24,36,1
125874,2025-09-28,19:38:43.133,2025-09-28 19:38:43.133,221,524,100,0,238,0,0,734,123,105,99,147,523.065,0.0,0.4412616,522.635,0.1018634,0.9548611,577.21,0.0,-0.01446759,577.135,0.0,0.1012731,0,0,0,0,0,0,31,0,25,37,31,0,24,36,1
125875,2025-09-28,19:38:43.645,2025-09-28 19:38:43.645,222,524,100,0,238,0,0,734,122,105,99,146,523.065,0.0,0.3616898,522.64,0.1000114,1.034433,577.21,0.0,-0.1374421,577.135,0.0,0.1085069,0,0,0,0,0,0,31,0,25,37,31,0,24,36,1
125876,2025-09-28,19:38:44.159,2025-09-28 19:38:44.159,222,524,100,0,238,0,0,734,122,105,99,147,523.065,0.0,0.4774306,522.645,-0.1000114,0.9548611,577.21,0.0,-0.007233796,577.135,0.09524941,0.2314815,0,0,0,0,0,0,31,0,25,37,31,10,24,36,1
125877,2025-09-28,19:38:44.672,2025-09-28 19:38:44.672,222,524,100,0,238,0,0,734,122,105,99,147,523.065,0.0,0.3399884,522.645,0.0,1.034433,577.215,0.0,-0.1229745,577.135,0.0,0.1157407,0,0,0,0,0,0,31,0,25,37,31,0,24,36,1
125878,2025-09-28,19:38:45.188,2025-09-28 19:38:45.188,222,524,100,0,238,0,0,734,122,105,99,147,523.07,0.0,1.359954,522.635,-0.09911028,1.135706,577.215,-0.09955992,-0.03616898,577.14,0.0,0.2531829,0,0,0,0,0,0,31,-10,25,37,31,0,24,36,1
125879,2025-09-28,19:38:45.700,2025-09-28 19:38:45.700,222,524,100,0,238,0,0,734,122,105,99,147,523.065,0.0,0.3038194,522.645,-0.09822544,1.027199,577.215,0.0,-0.1446759,577.13,0.0,0.09403935,0,0,0,0,0,0,31,10,25,37,31,0,24,36,1
125880,2025-09-28,19:38:46.214,2025-09-28 19:38:46.214,222,524,100,0,238,0,0,734,123,105,99,147,523.065,0.0,0.4050926,522.64,0.1000114,1.034433,577.215,-0.1000125,-0.02893518,577.135,0.0,0.2459491,0,0,0,0,0,0,31,-10,25,37,31,0,24,36,1
125881,2025-09-28,19:38:46.794,2025-09-28 19:38:46.794,222,524,100,0,238,0,0,734,122,105,99,147,523.065,0.0,0.3833912,522.64,0.0,0.9476273,577.215,0.0,-0.1302083,577.135,0.0,0.2025463,0,0,0,0,0,0,31,10,25,37,31,0,24,36,1
125882,2025-09-28,19:38:47.305,2025-09-28 19:38:47.305,222,524,100,0,238,0,0,734,122,105,99,147,523.065,0.0,0.4991319,522.64,0.0,1.034433,577.21,0.0,-0.007233796,577.135,0.0,0.1157407,0,0,0,0,0,0,31,0,25,37,31,0,24,36,1
125883,2025-09-28,19:38:47.819,2025-09-28 19:38:47.819,222,524,100,0,238,0,0,734,122,105,99,147,523.065,0.0,0.9693287,522.64,0.0,1.121238,577.21,0.0,-0.1446759,577.135,0.0,0.2748843,0,0,0,0,0,0,31,10,25,37,31,0,24,36,1
125884,2025-09-28,19:38:48.334,2025-09-28 19:38:48.334,222,524,100,0,238,0,0,734,122,105,99,147,523.065,0.0,0.354456,522.645,0.1000113,1.005498,577.21,0.0,-0.02170139,577.135,0.0,0.09403935,0,0,0,0,0,0,31,10,25,37,31,0,24,36,1
125885,2025-09-28,19:38:48.846,2025-09-28 19:38:48.846,222,524,100,0,238,0,0,734,122,105,99,146,523.065,0.0,0.4123264,522.645,0.0,1.027199,577.215,0.0,-0.1519097,577.135,0.0,0.2459491,0,0,0,0,0,0,31,-10,25,37,31,0,24,36,1
125886,2025-09-28,19:38:49.360,2025-09-28 19:38:49.360,222,524,100,0,238,0,0,734,122,105,99,147,523.065,0.0,0.4846644,522.635,0.0,0.9476273,577.215,0.0,-0.1302083,577.135,0.0,0.1229745,0,0,0,0,0,0,31,0,25,37,31,0,24,36,1
125887,2025-09-28,19:38:49.873,2025-09-28 19:38:49.873,222,524,100,0,238,0,0,734,122,105,99,147,523.065,0.0,1.208044,522.64,0.0,1.027199,577.215,-0.1004692,-0.1157407,577.135,-0.102816,0.1446759,0,0,0,0,0,0,31,10,25,37,31,0,24,36,1
125888,2025-09-28,19:38:50.388,2025-09-28 19:38:50.388,222,524,100,0,238,0,0,734,122,105,99,146,523.065,0.0,0.4050926,522.64,0.09955886,1.121238,577.21,-0.1009301,-0.02893518,577.14,0.0,0.2097801,0,0,0,0,0,0,31,11,25,37,31,0,24,36,1
125889,2025-09-28,19:38:50.905,2025-09-28 19:38:50.905,222,524,100,0,238,0,0,734,122,105,99,146,523.065,0.0,0.354456,522.645,-0.1000113,0.9548611,577.21,0.0,-0.1374421,577.135,-0.1105658,0.08680555,0,0,0,0,0,0,31,-10,25,37,31,0,24,36,1
125890,2025-09-28,19:38:51.435,2025-09-28 19:38:51.435,222,524,100,0,238,0,0,734,122,105,99,147,523.065,0.0,0.4050926,522.64,-0.2000226,1.034433,577.21,0.0,-0.02893518,577.135,0.0,0.1953125,0,0,0,0,0,0,31,0,25,37,31,0,24,36,1
125891,2025-09-28,19:38:51.946,2025-09-28 19:38:51.946,222,524,100,0,239,0,0,734,122,105,99,147,523.065,0.0,0.3689236,522.64,0.0,0.9476273,577.21,-0.1000125,-0.1374421,577.135,0.0,0.2531829,0,0,0,0,0,0,31,10,25,37,31,0,24,36,1
125892,2025-09-28,19:38:52.458,2025-09-28 19:38:52.458,222,524,100,0,239,0,0,734,122,105,99,146,523.065,0.0,1.273148,522.64,-0.1018634,1.208044,577.215,0.0,-0.02170139,577.135,-0.1083873,0.1519097,0,0,0,0,0,0,31,0,25,37,31,0,24,36,1
125893,2025-09-28,19:38:52.969,2025-09-28 19:38:52.969,222,524,100,0,239,0,0,734,122,105,99,147,523.065,0.0,0.3689236,522.64,0.1009289,0.9476273,577.215,0.0,-0.1446759,577.13,0.0,0.1880787,0,0,0,0,0,0,31,0,25,37,31,0,24,36,1
125894,2025-09-28,19:38:53.483,2025-09-28 19:38:53.483,222,524,100,0,239,0,0,734,122,105,99,147,523.065,0.0,0.4774306,522.64,0.200936,1.034433,577.215,-0.1004692,-0.007233796,577.135,0.0,0.09403935,0,0,0,0,0,0,31,-10,25,37,31,-12,24,36,1
125895,2025-09-28,19:38:53.994,2025-09-28 19:38:53.994,222,524,100,0,238,0,0,734,122,105,99,147,523.065,0.0,0.5135995,522.64,0.0,0.9548611,577.21,0.0,-0.1446759,577.135,0.0,0.3038194,0,0,0,0,0,0,31,-10,25,37,31,0,24,36,1
125896,2025-09-28,19:38:54.506,2025-09-28 19:38:54.506,222,524,100,0,238,0,0,734,122,105,99,147,523.065,0.0,1.251447,522.64,0.09955886,1.179109,577.21,0.0,-0.02893518,577.135,0.0,0.1663773,0,0,0,0,0,0,31,10,25,37,31,0,24,36,1
125897,2025-09-28,19:38:55.018,2025-09-28 19:38:55.018,222,524,100,0,238,0,0,734,122,105,99,147,523.065,0.0,0.390625,522.64,-0.100468,1.034433,577.21,0.0,-0.1446759,577.135,0.0,0.2531829,0,0,0,0,0,0,31,-10,25,37,31,0,24,36,1
125898,2025-09-28,19:38:55.534,2025-09-28 19:38:55.534,222,524,100,0,238,0,0,734,123,105,99,147,523.065,-0.09443227,0.4484954,522.635,0.1032982,0.9548611,577.21,0.0,-0.01446759,577.14,0.0,0.1085069,0,0,0,0,0,0,31,0,25,37,31,0,24,36,1
125899,2025-09-28,19:38:56.045,2025-09-28 19:38:56.045,222,524,100,0,238,0,0,734,123,105,99,146,523.065,-0.08980702,0.3689236,522.64,0.0,1.027199,577.21,0.09866707,-0.1012731,577.135,0.0,0.06510416,0,0,0,0,0,0,31,0,25,37,31,0,24,36,1
125900,2025-09-28,19:38:56.557,2025-09-28 19:38:56.557,222,524,100,0,238,0,0,734,122,105,99,147,523.065,0.1122588,0.4774306,522.635,-0.1000114,0.9548611,577.21,-0.09911143,-0.02893518,577.135,0.0,0.2170139,0,0,0,0,0,0,31,0,25,37,31,10,24,36,1
125901,2025-09-28,19:38:57.069,2025-09-28 19:38:57.069,222,524,100,0,238,0,0,734,123,105,99,147,523.065,0.0,1.215278,522.64,0.0,1.20081,577.215,0.0,-0.1302083,577.135,0.0,0.1736111,0,0,0,0,0,0,31,10,25,37,31,0,24,36,1
125902,2025-09-28,19:38:57.585,2025-09-28 19:38:57.585,222,524,100,0,238,0,0,734,122,105,99,147,523.06,0.0,0.4123264,522.64,0.1000113,1.027199,577.21,0.0,-0.03616898,577.135,0.0,0.1880787,0,0,0,0,0,0,31,0,25,37,31,0,24,36,1
125903,2025-09-28,19:38:58.097,2025-09-28 19:38:58.097,222,524,100,0,238,0,0,734,122,105,99,147,523.065,0.0,0.390625,522.64,-0.1000113,0.9476273,577.21,0.0,-0.1374421,577.135,0.0,0.09403935,0,0,0,0,0,0,31,0,25,37,31,10,24,36,1
125904,2025-09-28,19:38:58.608,2025-09-28 19:38:58.608,222,524,100,0,238,0,0,734,122,105,99,147,523.065,0.0,0.4123264,522.64,0.0,1.027199,577.21,0.0,-0.007233796,577.135,0.0,0.1953125,0,0,0,0,0,0,31,-10,25,37,31,0,24,36,1
125905,2025-09-28,19:38:59.125,2025-09-28 19:38:59.125,222,524,100,0,238,0,0,734,123,105,99,147,523.065,0.0,0.3978588,522.635,0.0,1.114005,577.21,0.0,-0.1302083,577.135,0.0,0.2604167,0,0,0,0,0,0,31,0,25,37,31,0,24,36,1
125906,2025-09-28,19:38:59.640,2025-09-28 19:38:59.640,222,524,100,0,238,0,0,734,123,105,99,147,523.065,0.0,1.323785,522.64,0.0,1.027199,577.21,0.0,-0.02170139,577.14,0.0,0.09403935,0,0,0,0,0,0,31,0,25,37,31,0,24,36,1
125907,2025-09-28,19:39:00.153,2025-09-28 19:39:00.153,222,524,100,0,238,0,0,734,122,105,99,147,523.06,0.1000124,0.3689236,522.64,0.0,0.9548611,577.21,0.09956002,-0.1085069,577.135,0.0,0.2170139,0,0,0,0,0,0,31,-10,25,37,31,-15,24,36,1
125908,2025-09-28,19:39:00.664,2025-09-28 19:39:00.664,222,524,100,0,238,0,0,734,122,105,99,147,523.065,0.0,0.4484954,522.64,0.0,0.9837963,577.21,0.0928386,-0.02893518,577.135,0.0,0.1085069,0,0,0,0,0,0,31,10,25,37,31,0,24,36,1
125909,2025-09-28,19:39:01.175,2025-09-28 19:39:01.175,222,524,100,0,238,0,0,734,122,105,99,147,523.065,0.1105664,0.4340278,522.635,0.0,1.034433,577.21,0.0,-0.1302083,577.13,0.0,0.2459491,0,0,0,0,0,0,31,0,25,37,31,0,24,36,1
125910,2025-09-28,19:39:01.691,2025-09-28 19:39:01.691,222,524,100,0,238,0,0,734,122,105,99,147,523.06,0.0,1.323785,522.64,0.0,1.128472,577.215,0.0,-0.007233796,577.135,0.0,0.1591435,0,0,0,0,0,0,31,-9,25,37,31,0,24,36,1
125911,2025-09-28,19:39:02.203,2025-09-28 19:39:02.203,222,524,100,0,239,0,0,734,122,105,99,147,523.065,0.0,0.3616898,522.635,0.1000113,1.034433,577.21,0.0,-0.1446759,577.135,0.0,0.1446759,0,0,0,0,0,0,31,0,25,37,31,0,24,36,1
125912,2025-09-28,19:39:02.715,2025-09-28 19:39:02.715,222,524,100,0,239,0,0,734,123,105,99,147,523.06,0.0,0.4701968,522.64,0.0,0.9548611,577.21,0.0,-0.02170139,577.13,0.0,0.2097801,0,0,0,0,0,0,31,0,25,37,31,10,24,36,1
125913,2025-09-28,19:39:03.230,2025-09-28 19:39:03.230,222,524,100,0,239,0,0,734,123,105,99,147,523.06,0.0,0.3978588,522.64,0.0,1.027199,577.21,0.0,-0.1374421,577.135,0.0,0.1157407,0,0,0,0,0,0,31,10,25,37,31,0,24,36,1
125914,2025-09-28,19:39:03.742,2025-09-28 19:39:03.742,222,524,100,0,239,0,0,734,122,105,99,147,523.065,0.09955981,0.5208333,522.64,0.1000113,0.9548611,577.21,0.0,-0.02170139,577.135,0.0,0.2170139,0,0,0,0,0,0,31,10,25,37,31,0,24,36,1
125915,2025-09-28,19:39:04.254,2025-09-28 19:39:04.254,222,524,100,0,239,0,0,734,122,105,99,146,523.065,0.0,1.229745,522.64,0.0,1.121238,577.21,0.0,-0.1374421,577.135,0.0,0.1736111,0,0,0,0,0,0,31,11,25,37,31,0,24,36,1
125916,2025-09-28,19:39:04.768,2025-09-28 19:39:04.768,222,524,100,0,239,0,0,734,122,105,99,147,523.065,0.1032992,0.4412616,522.64,0.0,1.034433,577.21,0.0,-0.02170139,577.135,0.0,0.1663773,0,0,0,0,0,0,31,0,25,37,31,0,24,36,1
125917,2025-09-28,19:39:05.280,2025-09-28 19:39:05.280,222,524,100,0,239,0,0,734,122,105,99,147,523.065,0.0,0.3761574,522.635,0.0,0.9548611,577.21,0.07408332,-0.1374421,577.135,0.0,0.1085069,0,0,0,0,0,0,31,-10,25,37,31,0,24,36,1
125918,2025-09-28,19:39:05.792,2025-09-28 19:39:05.792,222,524,100,0,239,0,0,734,122,105,99,147,523.06,0.101395,0.4918981,522.635,-0.1000113,1.034433,577.21,0.0,-0.02893518,577.135,-0.1042778,0.2097801,0,0,0,0,0,0,31,0,25,37,31,0,24,36,1
125919,2025-09-28,19:39:06.305,2025-09-28 19:39:06.305,222,524,100,0,239,0,0,734,123,105,99,147,523.06,0.0,0.4123264,522.635,0.0,0.9548611,577.21,0.0,-0.1302083,577.135,0.0,0.2676505,0,0,0,0,0,0,31,0,25,37,31,0,24,36,1
125920,2025-09-28,19:39:06.819,2025-09-28 19:39:06.819,222,524,100,0,239,0,0,734,123,105,99,147,523.06,0.0,1.331019,522.64,-0.1000113,1.14294,577.21,0.0,-0.01446759,577.135,0.0,0.07957176,0,0,0,0,0,0,31,0,25,37,31,0,24,36,1
125921,2025-09-28,19:39:07.334,2025-09-28 19:39:07.334,222,524,100,0,239,0,0,734,122,105,99,147,523.06,0.0,0.3616898,522.64,0.0,1.034433,577.21,0.0,-0.1302083,577.135,0.09955928,0.2097801,0,0,0,0,0,0,31,10,25,37,31,0,24,36,1
125922,2025-09-28,19:39:07.846,2025-09-28 19:39:07.846,222,524,100,0,239,0,0,734,122,105,99,146,523.06,0.0,0.4557292,522.64,0.09955886,0.9548611,577.21,-0.1358194,-0.02170139,577.135,0.0,0.1229745,0,0,0,0,0,0,31,0,25,37,31,-11,24,36,1
125923,2025-09-28,19:39:08.360,2025-09-28 19:39:08.360,222,524,100,0,239,0,0,734,122,105,99,147,523.06,0.0,0.3472222,522.64,0.0,1.034433,577.21,0.0,-0.1374421,577.135,0.0,0.1591435,0,0,0,0,0,0,31,10,25,37,31,0,24,36,1
125924,2025-09-28,19:39:08.873,2025-09-28 19:39:08.873,222,524,100,0,239,0,0,734,122,105,99,147,523.06,0.0,1.338252,522.64,-0.09778887,1.099537,577.21,0.0,-0.01446759,577.135,0.0,0.2459491,0,0,0,0,0,0,31,0,25,37,31,0,24,36,1
125925,2025-09-28,19:39:09.389,2025-09-28 19:39:09.389,222,524,100,0,239,0,0,734,122,105,99,147,523.06,-0.1028165,0.3255208,522.64,-0.1000114,1.027199,577.21,0.0,-0.1374421,577.13,0.0,0.1229745,0,0,0,0,0,0,31,-10,25,37,31,0,24,36,1
125926,2025-09-28,19:39:09.902,2025-09-28 19:39:09.902,222,524,100,0,239,0,0,734,123,105,99,146,523.06,-0.1047748,0.4557292,522.64,0.100929,0.9548611,577.21,0.0,-0.02893518,577.135,0.0,0.1953125,0,0,0,0,0,0,31,-10,25,37,31,0,24,36,1
125927,2025-09-28,19:39:10.416,2025-09-28 19:39:10.416,222,524,100,0,238,0,0,734,123,105,99,147,523.06,0.0,0.390625,522.635,0.0,1.034433,577.21,0.0,-0.1302083,577.135,-0.09911091,0.1085069,0,0,0,0,0,0,31,0,25,37,31,0,24,36,1
125928,2025-09-28,19:39:10.933,2025-09-28 19:39:10.933,222,524,100,0,238,0,0,734,122,105,99,146,523.06,0.0,0.462963,522.64,0.1004681,1.041667,577.21,0.0,-0.01446759,577.135,-0.1000118,0.2531829,0,0,0,0,0,0,31,-10,25,37,31,0,24,36,1
125929,2025-09-28,19:39:11.456,2025-09-28 19:39:11.456,222,524,100,0,238,0,0,734,122,105,99,146,523.06,0.0,1.251447,522.635,-0.100468,1.121238,577.21,0.0,-0.1157407,577.135,0.0,0.1519097,0,0,0,0,0,0,31,0,25,37,31,0,24,36,1
125930,2025-09-28,19:39:11.969,2025-09-28 19:39:11.969,222,524,100,0,238,0,0,734,122,105,99,147,523.06,0.0,0.4340278,522.64,-0.1000113,1.034433,577.21,0.0,-0.03616898,577.135,0.0,0.1446759,0,0,0,0,0,0,31,-10,25,37,31,10,24,36,1
125931,2025-09-28,19:39:12.483,2025-09-28 19:39:12.483,222,524,100,0,238,0,0,734,122,105,99,147,523.065,0.0,0.3833912,522.635,0.0,0.9548611,577.21,0.0,-0.1446759,577.13,0.0,0.2531829,0,0,0,0,0,0,31,-10,25,37,31,0,24,36,1
125932,2025-09-28,19:39:12.994,2025-09-28 19:39:12.994,222,523,100,0,238,0,0,734,122,105,99,146,523.065,0.0,0.4774306,522.64,-0.100929,0.9765625,577.21,0.0,-0.01446759,577.135,-0.1009294,0.1302083,0,0,0,0,0,0,31,-10,25,37,31,0,24,36,1
125933,2025-09-28,19:39:13.505,2025-09-28 19:39:13.505,222,523,100,0,238,0,0,734,122,105,99,146,523.06,0.0,0.3833912,522.645,0.0,1.034433,577.21,-0.2245181,-0.1302083,577.135,0.0,0.2748843,0,0,0,0,0,0,31,0,25,37,31,0,24,36,1
125934,2025-09-28,19:39:14.017,2025-09-28 19:39:14.017,222,523,100,0,238,0,0,734,122,105,99,147,523.065,0.0,0.4846644,522.635,0.1000113,1.128472,577.21,0.0,-0.01446759,577.13,0.0,0.2025463,0,0,0,0,0,0,31,0,25,37,31,0,24,36,1
125935,2025-09-28,19:39:14.530,2025-09-28 19:39:14.530,222,523,100,0,239,0,0,734,122,105,99,146,523.06,0.0960817,0.3689236,522.64,-0.1000114,1.034433,577.21,0.0,-0.1374421,577.135,0.09650264,0.05787037,0,0,0,0,0,0,31,0,25,37,31,10,24,36,1
125936,2025-09-28,19:39:15.045,2025-09-28 19:39:15.045,222,523,100,0,239,0,0,734,122,105,99,147,523.06,0.0856137,0.4557292,522.64,0.0,0.9548611,577.21,0.07830156,-0.007233796,577.135,0.0,0.2459491,0,0,0,0,0,0,31,0,25,37,31,0,24,36,1
125937,2025-09-28,19:39:15.560,2025-09-28 19:39:15.560,222,523,100,0,239,0,0,734,122,105,99,147,523.06,0.0,0.4050926,522.64,0.0,1.034433,577.21,0.0,-0.1374421,577.135,0.0,0.1591435,0,0,0,0,0,0,31,0,25,37,31,0,24,36,1
125938,2025-09-28,19:39:16.072,2025-09-28 19:39:16.072,222,523,100,0,239,0,0,734,122,105,99,147,523.06,0.0,1.323785,522.64,0.0,0.9548611,577.21,0.0,-0.02170139,577.135,0.0,0.2459491,0,0,0,0,0,0,31,0,25,37,31,0,24,36,1
125939,2025-09-28,19:39:16.584,2025-09-28 19:39:16.584,222,523,100,0,239,0,0,734,122,105,99,147,523.06,0.0,0.3472222,522.64,0.1004681,1.20081,577.21,0.0,-0.1446759,577.135,-0.1037859,0.1229745,0,0,0,0,0,0,31,0,25,37,31,0,24,36,1
125940,2025-09-28,19:39:17.099,2025-09-28 19:39:17.099,222,523,100,0,239,0,0,734,122,105,99,147,523.06,0.0,0.4195602,522.635,0.100468,0.9548611,577.21,0.0,-0.02893518,577.14,0.0,0.1953125,0,0,0,0,0,0,31,0,25,37,31,0,24,36,1
125941,2025-09-28,19:39:17.612,2025-09-28 19:39:17.612,222,523,100,0,239,0,0,734,122,105,99,147,523.06,0.0,0.3833912,522.64,0.1004681,0.9548611,577.21,0.0,-0.1519097,577.135,0.0,0.1085069,0,0,0,0,0,0,31,0,25,37,31,0,24,36,1
125942,2025-09-28,19:39:18.128,2025-09-28 19:39:18.128,222,523,100,0,239,0,0,734,122,105,99,147,523.06,0.06811984,0.4557292,522.635,-0.100929,1.034433,577.21,0.0,-0.007233796,577.135,0.0,0.2242477,0,0,0,0,0,0,31,-10,25,37,31,0,24,36,1
125943,2025-09-28,19:39:18.639,2025-09-28 19:39:18.639,222,523,100,0,238,0,0,734,122,105,99,147,523.06,0.0,1.244213,522.635,0.0,1.14294,577.21,0.0,-0.1446759,577.13,0.0,0.1663773,0,0,0,0,0,0,31,0,25,37,31,0,24,36,1
125944,2025-09-28,19:39:19.151,2025-09-28 19:39:19.151,222,523,100,0,238,0,0,734,122,105,99,147,523.06,0.0,0.3833912,522.64,0.0,0.9693287,577.21,0.0,-0.01446759,577.135,0.0,0.1519097,0,0,0,0,0,0,31,-10,25,37,31,0,24,36,1
125945,2025-09-28,19:39:19.666,2025-09-28 19:39:19.666,223,523,100,0,238,0,0,734,122,105,99,147,523.06,0.0,0.3978588,522.64,-0.2000228,1.034433,577.21,0.0,-0.1446759,577.13,0.0,0.2025463,0,0,0,0,0,0,31,0,25,37,31,0,24,36,1
125946,2025-09-28,19:39:20.178,2025-09-28 19:39:20.178,223,523,100,0,239,0,0,734,122,105,99,147,523.06,0.0,0.426794,522.635,0.100468,0.9620949,577.21,0.0,-0.02170139,577.135,0.0,0.1012731,0,0,0,0,0,0,31,0,25,37,31,0,24,36,1
125947,2025-09-28,19:39:20.687,2025-09-28 19:39:20.687,223,523,100,0,239,0,0,734,122,105,99,147,523.06,0.0,0.4050926,522.635,0.0,1.041667,577.21,0.0,-0.1374421,577.135,-0.09206113,0.1591435,0,0,0,0,0,0,31,-10,25,37,31,0,24,36,1
125948,2025-09-28,19:39:21.198,2025-09-28 19:39:21.198,223,522,100,0,239,0,0,734,122,105,99,147,523.06,0.0,1.302083,522.635,-0.1018634,1.135706,577.21,0.0,-0.02170139,577.135,0.0,0.2748843,0,0,0,0,0,0,31,-10,25,37,31,0,24,36,1
125949,2025-09-28,19:39:21.711,2025-09-28 19:39:21.711,223,522,100,0,239,0,0,734,122,105,99,147,523.06,0.0,0.3833912,522.64,0.0,1.034433,577.21,0.0,-0.1446759,577.135,0.0,0.08680555,0,0,0,0,0,0,31,0,25,37,31,-12,24,36,1
125950,2025-09-28,19:39:22.229,2025-09-28 19:39:22.229,223,522,100,0,239,0,0,734,122,105,99,147,523.06,0.0,0.4774306,522.64,0.0,0.9548611,577.21,0.0,-0.01446759,577.135,0.1158032,0.1808449,0,0,0,0,0,0,31,0,25,37,31,0,24,36,1
125951,2025-09-28,19:39:22.740,2025-09-28 19:39:22.740,223,522,100,0,239,0,0,734,122,105,99,147,523.06,0.0,0.3327546,522.635,-0.09911038,1.027199,577.21,0.0,-0.1302083,577.135,0.0,0.1519097,0,0,0,0,0,0,31,10,25,37,31,0,24,36,1
125952,2025-09-28,19:39:23.253,2025-09-28 19:39:23.253,223,522,100,0,239,0,0,734,123,105,99,147,523.06,0.0,0.5063657,522.64,0.0,0.9548611,577.21,0.0,-0.03616898,577.14,0.0,0.2242477,0,0,0,0,0,0,31,0,25,37,31,0,24,36,1
125953,2025-09-28,19:39:23.764,2025-09-28 19:39:23.764,223,522,100,0,239,0,0,734,122,105,99,147,523.06,0.0,1.258681,522.635,0.1009289,1.20081,577.21,0.0,-0.1446759,577.135,0.0,0.1880787,0,0,0,0,0,0,31,10,25,37,31,0,24,36,1
125954,2025-09-28,19:39:24.275,2025-09-28 19:39:24.275,223,522,100,0,239,0,0,734,122,105,99,147,523.06,0.0,0.4412616,522.64,0.0,1.027199,577.21,0.0,-0.02893518,577.135,0.0,0.2097801,0,0,0,0,0,0,31,0,25,37,31,10,24,36,1
125955,2025-09-28,19:39:24.792,2025-09-28 19:39:24.792,223,522,100,0,239,0,0,734,122,105,99,147,523.06,0.0,0.390625,522.635,-0.1004681,0.9693287,577.21,0.0,-0.1302083,577.135,0.0,0.1663773,0,0,0,0,0,0,31,0,25,37,31,10,24,36,1
125956,2025-09-28,19:39:25.304,2025-09-28 19:39:25.304,223,522,100,0,239,0,0,734,122,105,99,147,523.06,0.0,0.4557292,522.635,0.100468,0.9620949,577.21,0.0,-0.02893518,577.135,0.0,0.2242477,0,0,0,0,0,0,31,0,25,37,31,0,24,36,1
125957,2025-09-28,19:39:25.819,2025-09-28 19:39:25.819,223,522,100,0,239,0,0,734,122,105,99,147,523.06,0.0,1.027199,522.64,-0.1009289,1.193576,577.21,0.0,-0.1229745,577.135,0.0,0.2748843,0,0,0,0,0,0,31,-10,25,37,31,0,24,36,1
125958,2025-09-28,19:39:26.332,2025-09-28 19:39:26.332,223,522,100,0,239,0,0,734,123,105,99,147,523.06,0.0,0.4123264,522.64,0.0,0.9476273,577.21,0.0,-0.02170139,577.135,0.0,0.1085069,0,0,0,0,0,0,31,0,25,37,31,0,24,36,1
125959,2025-09-28,19:39:26.843,2025-09-28 19:39:26.843,223,522,100,0,239,0,0,734,122,105,99,146,523.06,0.3492504,0.354456,522.635,0.1000114,1.034433,577.21,0.0,-0.1446759,577.135,0.0,0.1446759,0,0,0,0,0,0,31,0,25,37,31,0,24,36,1
125960,2025-09-28,19:39:27.355,2025-09-28 19:39:27.355,223,522,100,0,239,0,0,734,123,105,99,147,523.06,0.0,0.4557292,522.64,-0.100929,0.9548611,577.21,0.0,-0.02893518,577.135,0.0,0.2170139,0,0,0,0,0,0,31,10,25,37,31,0,24,36,1
125961,2025-09-28,19:39:27.869,2025-09-28 19:39:27.869,223,522,100,0,239,0,0,734,123,105,99,147,523.06,0.0,0.4340278,522.635,0.0,1.034433,577.21,0.0,-0.1302083,577.135,0.0,0.1302083,0,0,0,0,0,0,31,0,25,37,31,0,24,36,1
125962,2025-09-28,19:39:28.383,2025-09-28 19:39:28.383,223,522,100,0,239,0,0,734,123,105,99,147,523.06,0.0,1.302083,522.635,0.0,1.135706,577.21,0.0,-0.01446759,577.135,0.0,0.2531829,0,0,0,0,0,0,31,-10,25,37,31,0,24,36,1
125963,2025-09-28,19:39:28.894,2025-09-28 19:39:28.894,223,522,100,0,239,0,0,734,122,105,99,147,523.06,0.0,0.318287,522.64,0.0,1.034433,577.21,0.0,-0.1591435,577.135,0.0,0.1085069,0,0,0,0,0,0,31,11,25,37,31,0,24,36,1
125964,2025-09-28,19:39:29.409,2025-09-28 19:39:29.409,223,522,100,0,239,0,0,734,122,105,99,147,523.06,0.0,0.4991319,522.635,0.0,0.9548611,577.21,0.0,-0.01446759,577.135,0.0,0.1880787,0,0,0,0,0,0,31,-10,25,37,31,0,24,36,1
125965,2025-09-28,19:39:29.923,2025-09-28 19:39:29.923,223,522,100,0,239,0,0,734,123,105,99,147,523.06,0.0,0.3689236,522.635,-0.1000113,1.034433,577.21,0.0,-0.1374421,577.135,0.0,0.1519097,0,0,0,0,0,0,31,0,25,37,31,0,24,36,1
125966,2025-09-28,19:39:30.435,2025-09-28 19:39:30.435,223,522,100,0,239,0,0,734,123,105,99,147,523.06,0.0,0.4701968,522.64,0.0,0.9620949,577.21,0.0,-0.01446759,577.13,0.0,0.2387153,0,0,0,0,0,0,31,10,25,37,31,0,24,36,1
125967,2025-09-28,19:39:31.017,2025-09-28 19:39:31.017,223,522,100,0,239,0,0,734,122,105,99,147,523.06,0.0,1.244213,522.635,0.0,1.019965,577.21,0.0,-0.1157407,577.135,0.0,0.2314815,0,0,0,0,0,0,31,0,25,37,31,-15,24,36,1
125968,2025-09-28,19:39:31.529,2025-09-28 19:39:31.529,223,522,100,0,239,0,0,734,122,105,99,147,523.06,0.0,0.4412616,522.635,0.0,0.9620949,577.21,0.0,-0.02170139,577.135,0.0,0.1302083,0,0,0,0,0,0,31,0,25,37,31,0,24,36,1
125969,2025-09-28,19:39:32.041,2025-09-28 19:39:32.041,223,522,100,0,239,0,0,734,122,105,99,147,523.06,0.0,0.3761574,522.635,-0.2000228,1.034433,577.21,0.0,-0.1519097,577.135,0.0,0.1880787,0,0,0,0,0,0,31,0,25,37,31,0,24,36,1
125970,2025-09-28,19:39:32.558,2025-09-28 19:39:32.558,223,522,100,0,239,0,0,734,122,105,99,147,523.06,-0.0905462,0.462963,522.635,-0.09911038,0.9548611,577.21,0.0,-0.02893518,577.135,0.0,0.08680555,0,0,0,0,0,0,31,10,25,37,31,0,24,36,1
125971,2025-09-28,19:39:33.073,2025-09-28 19:39:33.073,223,522,100,0,239,0,0,734,122,105,99,147,523.06,0.0,1.229745,522.64,0.0,1.20081,577.21,0.0,-0.1302083,577.135,0.0,0.2387153,0,0,0,0,0,0,31,10,25,37,31,0,24,36,1
125972,2025-09-28,19:39:33.590,2025-09-28 19:39:33.590,223,522,100,0,239,0,0,734,122,105,99,146,523.06,0.0,0.4195602,522.635,-0.100468,0.9476273,577.21,0.0,-0.02170139,577.13,0.0,0.1663773,0,0,0,0,0,0,31,0,25,37,31,0,24,36,1
125973,2025-09-28,19:39:34.102,2025-09-28 19:39:34.102,223,522,100,0,239,0,0,734,123,105,99,146,523.055,0.0,0.3689236,522.635,0.100468,1.034433,577.21,0.0,-0.1085069,577.13,0.1013945,0.1374421,0,0,0,0,0,0,31,-10,25,37,31,0,24,36,1
125974,2025-09-28,19:39:34.613,2025-09-28 19:39:34.613,223,522,100,0,239,0,0,734,122,105,99,147,523.055,0.0,0.462963,522.64,0.0,0.9620949,577.21,0.0,-0.02170139,577.135,0.1052757,0.1591435,0,0,0,0,0,0,31,0,25,37,31,0,24,36,1
125975,2025-09-28,19:39:35.125,2025-09-28 19:39:35.125,223,522,100,0,239,0,0,734,122,105,99,147,523.06,0.0,0.3978588,522.635,0.09778887,1.034433,577.21,0.0,-0.1229745,577.135,0.0,0.1229745,0,0,0,0,0,0,31,0,25,37,31,0,24,36,1
125976,2025-09-28,19:39:35.637,2025-09-28 19:39:35.637,223,522,100,0,239,0,0,734,122,105,99,146,523.06,0.0,1.302083,522.635,0.09822544,1.20081,577.21,0.0,-0.02170139,577.135,0.103786,0.2676505,0,0,0,0,0,0,31,-10,25,37,31,0,24,36,1
125977,2025-09-28,19:39:36.149,2025-09-28 19:39:36.149,223,522,100,0,239,0,0,734,122,105,99,146,523.06,0.0,0.3399884,522.64,0.0,0.9476273,577.21,0.0,-0.1374421,577.135,0.1028159,0.1157407,0,0,0,0,0,0,31,0,25,37,31,0,24,36,1
125978,2025-09-28,19:39:36.660,2025-09-28 19:39:36.660,223,522,100,0,239,0,0,734,123,105,99,147,523.06,-0.09778979,0.4557292,522.635,0.1000113,1.034433,577.21,0.0,-0.01446759,577.135,0.0,0.1953125,0,0,0,0,0,0,31,0,25,37,31,0,24,36,1
125979,2025-09-28,19:39:37.172,2025-09-28 19:39:37.172,223,521,100,0,239,0,0,734,123,105,99,147,523.06,0.1047748,0.3472222,522.635,-0.1023372,0.9837963,577.21,0.0,-0.1446759,577.135,-0.09822596,0.08680555,0,0,0,0,0,0,31,10,25,37,31,0,24,36,1
125980,2025-09-28,19:39:37.685,2025-09-28 19:39:37.685,223,521,100,0,239,0,0,734,122,105,99,147,523.055,0.09911133,0.4484954,522.635,0.0,0.9548611,577.21,0.0,-0.01446759,577.135,0.0,0.05787037,0,0,0,0,0,0,31,0,25,37,31,0,24,36,1
125981,2025-09-28,19:39:38.196,2025-09-28 19:39:38.196,223,521,100,0,239,0,0,734,122,105,99,147,523.055,0.0,1.251447,522.635,-0.1009289,1.208044,577.21,0.0,-0.1085069,577.135,-0.09955928,0.3110532,0,0,0,0,0,0,31,-10,25,37,31,0,24,36,1
125982,2025-09-28,19:39:38.708,2025-09-28 19:39:38.708,223,521,100,0,239,0,0,734,122,105,99,146,523.06,0.1004691,0.4557292,522.635,0.0,0.9476273,577.21,0.0,-0.02893518,577.13,0.0,0.07957176,0,0,0,0,0,0,31,0,25,37,31,0,24,36,1
125983,2025-09-28,19:39:39.220,2025-09-28 19:39:39.220,223,521,100,0,239,0,0,734,122,105,99,147,523.06,0.0,0.3472222,522.635,0.0,1.034433,577.21,0.0,-0.1302083,577.135,0.1004685,0.1229745,0,0,0,0,0,0,31,0,25,37,31,0,24,36,1
125984,2025-09-28,19:39:39.732,2025-09-28 19:39:39.732,223,521,100,0,239,0,0,734,123,105,99,147,523.055,0.09955981,0.4557292,522.635,-0.101394,0.9548611,577.21,0.0,-0.02893518,577.135,0.0,0.2242477,0,0,0,0,0,0,31,0,25,37,31,0,24,36,1
125985,2025-09-28,19:39:40.243,2025-09-28 19:39:40.243,223,521,100,0,239,0,0,734,123,105,99,146,523.055,0.0,1.251447,522.635,0.0,1.034433,577.21,0.0,-0.1374421,577.135,0.09955928,0.2097801,0,0,0,0,0,0,31,10,25,37,31,0,24,36,1
125986,2025-09-28,19:39:40.758,2025-09-28 19:39:40.758,223,521,100,0,239,0,0,734,122,105,99,147,523.055,0.0,0.4195602,522.635,-0.1009289,1.128472,577.21,0.0,-0.02170139,577.135,0.0,0.1374421,0,0,0,0,0,0,31,10,25,37,31,0,24,36,1
125987,2025-09-28,19:39:41.270,2025-09-28 19:39:41.270,223,521,100,0,239,0,0,734,122,105,99,147,523.055,0.0,0.3833912,522.635,0.0,1.034433,577.21,0.0,-0.1446759,577.135,0.0,0.1229745,0,0,0,0,0,0,31,0,25,37,31,0,24,36,1
125988,2025-09-28,19:39:41.785,2025-09-28 19:39:41.785,223,521,100,0,239,0,0,734,122,105,99,147,523.055,0.0,0.4774306,522.635,0.0,0.9548611,577.21,0.0,-0.02893518,577.135,0.0,0.1953125,0,0,0,0,0,0,31,-10,25,37,31,0,24,36,1
125989,2025-09-28,19:39:42.297,2025-09-28 19:39:42.297,223,521,100,0,239,0,0,734,122,105,99,146,523.06,0.0,0.3833912,522.64,0.0,1.027199,577.21,0.0,-0.1374421,577.135,0.0,0.1012731,0,0,0,0,0,0,31,0,25,37,31,0,24,36,1
125990,2025-09-28,19:39:42.808,2025-09-28 19:39:42.808,223,521,100,0,239,0,0,734,122,105,99,147,523.055,0.0,1.331019,522.64,0.0,1.208044,577.21,0.0,-0.02170139,577.135,0.0,0.2748843,0,0,0,0,0,0,31,-10,25,37,31,0,24,36,1
125991,2025-09-28,19:39:43.323,2025-09-28 19:39:43.323,223,521,100,0,239,0,0,734,122,105,99,147,523.06,-0.1004691,0.354456,522.635,0.0,0.9910301,577.21,0.0,-0.1519097,577.135,-0.09566355,0.09403935,0,0,0,0,0,0,31,10,25,37,31,-10,24,36,1
125992,2025-09-28,19:39:43.838,2025-09-28 19:39:43.838,223,521,100,0,239,0,0,734,123,105,99,147,523.055,0.0,0.462963,522.635,0.0,0.9548611,577.21,0.0,-0.02170139,577.13,0.1000119,0.1591435,0,0,0,0,0,0,31,10,25,37,31,0,24,36,1
125993,2025-09-28,19:39:44.349,2025-09-28 19:39:44.349,223,521,100,0,239,0,0,734,122,105,99,147,523.055,0.0,0.3616898,522.635,0.0,1.034433,577.21,0.0,-0.1374421,577.13,-0.1000118,0.1374421,0,0,0,0,0,0,31,0,25,37,31,0,24,36,1
125994,2025-09-28,19:39:44.860,2025-09-28 19:39:44.860,223,521,100,0,239,0,0,734,122,105,99,147,523.055,0.0,0.426794,522.635,0.0,0.9548611,577.21,0.0,-0.01446759,577.13,0.0,0.1302083,0,0,0,0,0,0,31,10,25,37,31,-12,24,36,1
125995,2025-09-28,19:39:45.373,2025-09-28 19:39:45.373,223,521,100,0,239,0,0,734,122,105,99,147,523.055,0.0,1.251447,522.63,-0.09911028,1.208044,577.21,0.0,-0.1157407,577.13,0.1000118,0.2459491,0,0,0,0,0,0,31,0,25,37,31,0,24,36,1
125996,2025-09-28,19:39:45.885,2025-09-28 19:39:45.885,223,521,100,0,239,0,0,734,122,105,99,146,523.055,0.0,0.4412616,522.635,0.2000226,0.9548611,577.21,0.0,-0.02893518,577.135,0.0,0.1880787,0,0,0,0,0,0,31,0,25,37,31,0,24,36,1
125997,2025-09-28,19:39:46.397,2025-09-28 19:39:46.397,223,521,100,0,239,0,0,734,122,105,99,147,523.06,0.0,0.3689236,522.64,-0.1004681,1.034433,577.21,0.0,-0.1302083,577.135,0.0,0.1157407,0,0,0,0,0,0,31,-10,25,37,31,0,24,36,1
125998,2025-09-28,19:39:46.908,2025-09-28 19:39:46.908,223,521,100,0,239,0,0,734,122,105,99,147,523.055,-0.10093,0.4557292,522.64,0.0,0.9548611,577.21,0.0,-0.01446759,577.135,-0.1000119,0.2242477,0,0,0,0,0,0,31,0,25,37,31,0,24,36,1
125999,2025-09-28,19:39:47.422,2025-09-28 19:39:47.422,223,521,100,0,239,0,0,734,122,105,99,146,523.055,0.0,0.4557292,522.635,0.09866593,1.034433,577.21,0.0,-0.1374421,577.13,-0.09866644,0.1736111,0,0,0,0,0,0,31,0,25,37,31,0,24,36,1
126000,2025-09-28,19:39:47.933,2025-09-28 19:39:47.933,223,521,100,0,239,0,0,734,122,105,99,147,523.055,0.0,0.8680556,522.635,-0.2000228,1.135706,577.21,0.1018646,-0.02893518,577.13,0.1000119,0.2387153,0,0,0,0,0,0,31,10,25,37,31,0,24,36,1
