datetime,MsgNumber,StateAfter
2025-04-17 08:26:23,1203,6
2025-04-17 08:26:23,1204,6
2025-04-17 08:26:23,1224,6
2025-04-17 08:26:23,807,3
2025-04-17 08:26:23,1605,3
2025-04-17 08:26:59,67,2
2025-04-17 08:27:07,807,2
2025-04-17 08:33:11,67,1
2025-04-17 08:33:11,1204,1
2025-04-17 08:33:11,1224,1
2025-04-17 08:33:16,66,1
2025-04-17 08:33:16,1203,1
2025-04-17 08:33:16,1223,1
2025-04-17 08:33:18,807,1
2025-04-17 08:33:18,1223,0
2025-04-17 08:33:19,1223,1
2025-04-17 08:33:21,1223,0
2025-04-17 08:33:22,1223,1
2025-04-17 08:33:25,1223,0
2025-04-17 08:33:28,1224,0
2025-04-17 08:33:30,1204,0
2025-04-17 08:33:32,1203,0
2025-04-17 08:33:44,66,3
2025-04-17 08:33:44,67,3
2025-04-17 08:33:44,1203,6
2025-04-17 08:33:44,1204,6
2025-04-17 08:33:44,1223,6
2025-04-17 08:33:44,1224,6
2025-04-17 08:33:44,807,3
2025-04-17 08:33:46,66,2
2025-04-17 08:33:46,67,2
2025-04-17 08:33:55,807,2
2025-04-17 09:03:26,66,1
2025-04-17 09:03:33,1203,1
2025-04-17 09:03:33,1223,1
2025-04-17 09:03:33,807,1
2025-04-17 09:05:23,66,3
2025-04-17 09:05:23,1203,3
2025-04-17 09:05:23,1223,3
2025-04-17 09:05:23,807,3
2025-04-17 09:05:50,1223,2
2025-04-17 09:05:50,1203,2
2025-04-17 09:08:19,66,2
2025-04-17 09:08:28,807,2
2025-04-17 09:29:07,2661,1
2025-04-17 09:31:01,2661,0
2025-04-17 09:34:24,2661,6
2025-04-17 10:21:24,67,1
2025-04-17 10:21:31,807,1
2025-04-17 10:21:47,67,3
2025-04-17 10:21:47,807,3
2025-04-17 10:21:49,67,2
2025-04-17 10:21:59,807,2
2025-04-17 10:22:19,67,1
2025-04-17 10:22:19,1653,1
2025-04-17 10:22:26,807,1
2025-04-17 10:23:14,67,0
2025-04-17 10:23:15,67,6
2025-04-17 10:23:15,807,3
2025-04-17 10:23:15,1653,3
2025-04-17 10:23:18,1653,2
2025-04-17 10:23:23,807,2
2025-04-17 14:19:02,1606,1
2025-04-17 14:19:50,1606,0
2025-04-17 14:20:10,1606,1
2025-04-17 14:20:26,1606,0
2025-04-17 15:39:18,1606,1
2025-04-17 15:39:19,1655,1
2025-04-17 15:39:21,1606,0
2025-04-17 15:39:21,1655,0
2025-04-17 15:41:14,1606,6
2025-04-17 15:41:14,1655,6
2025-04-17 15:43:22,1605,2
2025-04-17 16:32:13,66,1
2025-04-17 16:32:13,1203,1
2025-04-17 16:32:13,1223,1
2025-04-17 16:32:20,807,1
2025-04-17 16:32:31,1223,0
2025-04-17 16:32:31,1203,0
2025-04-17 16:35:49,66,0
2025-04-17 16:35:51,66,6
2025-04-17 16:35:51,1203,6
2025-04-17 16:35:51,1223,6
2025-04-17 16:35:51,807,3
2025-04-17 16:35:59,807,2
2025-04-17 16:59:27,1855,1
2025-04-17 17:00:03,1855,0
2025-04-17 17:01:10,1855,1
2025-04-17 17:01:24,1855,0
2025-04-17 17:01:27,1855,6
2025-04-17 19:06:19,1,1
2025-04-17 19:06:36,1,0
2025-04-17 19:09:35,65,1
2025-04-17 19:10:03,65,0
2025-04-17 19:10:05,65,6
2025-04-17 19:10:05,1,6
2025-04-17 19:22:20,66,1
2025-04-17 19:22:27,1203,1
2025-04-17 19:22:27,1223,1
2025-04-17 19:22:27,807,1
2025-04-17 19:23:14,66,3
2025-04-17 19:23:14,1203,3
2025-04-17 19:23:14,1223,3
2025-04-17 19:23:14,807,3
2025-04-17 19:24:19,1223,2
2025-04-17 19:24:19,1203,2
2025-04-17 19:25:49,66,2
2025-04-17 19:25:59,807,2
2025-04-17 19:40:41,2661,1
2025-04-17 19:40:43,2661,0
2025-04-17 19:57:09,2661,6
2025-04-17 20:03:04,2661,1
2025-04-17 20:03:22,2661,0
2025-04-17 20:14:54,2661,6
2025-04-17 20:20:04,2661,1
2025-04-17 20:21:52,2661,3
2025-04-17 20:25:07,2661,2
2025-04-17 20:41:11,1605,1
2025-04-17 22:18:48,1605,0
2025-04-17 22:40:28,66,1
2025-04-17 22:40:28,1653,1
2025-04-17 22:40:28,1203,1
2025-04-17 22:40:28,1223,1
2025-04-17 22:40:30,1203,0
2025-04-17 22:40:30,1223,0
2025-04-17 22:40:35,807,1
2025-04-17 22:41:16,66,0
2025-04-17 22:41:27,66,6
2025-04-17 22:41:27,1203,6
2025-04-17 22:41:27,1223,6
2025-04-17 22:41:27,807,3
2025-04-17 22:41:27,1605,6
2025-04-17 22:41:27,1653,3
2025-04-17 22:41:29,807,2
2025-04-17 22:41:44,1653,2
2025-04-17 22:48:11,66,1
2025-04-17 22:48:11,1203,1
2025-04-17 22:48:11,1223,1
2025-04-17 22:48:13,1203,0
2025-04-17 22:48:13,1223,0
2025-04-17 22:48:17,807,1
2025-04-17 22:49:07,66,0
2025-04-17 22:49:13,66,6
2025-04-17 22:49:13,1203,6
2025-04-17 22:49:13,1223,6
2025-04-17 22:49:13,807,3
2025-04-17 22:49:16,807,2
2025-04-17 22:49:47,66,1
2025-04-17 22:49:47,1203,1
2025-04-17 22:49:47,1223,1
2025-04-17 22:49:49,1223,0
2025-04-17 22:49:49,1203,0
2025-04-17 22:49:53,807,1
2025-04-17 22:50:11,66,0
2025-04-17 22:50:20,66,6
2025-04-17 22:50:20,1203,6
2025-04-17 22:50:20,1223,6
2025-04-17 22:50:20,807,3
2025-04-17 22:50:22,807,2
2025-04-17 23:38:19,1606,1
2025-04-17 23:38:27,1606,0
2025-04-17 23:39:33,1605,1
2025-04-18 00:57:54,66,1
2025-04-18 00:58:01,1203,1
2025-04-18 00:58:01,1223,1
2025-04-18 00:58:01,807,1
2025-04-18 00:58:20,66,3
2025-04-18 00:58:20,1203,3
2025-04-18 00:58:20,1223,3
2025-04-18 00:58:20,807,3
2025-04-18 00:58:20,1605,3
2025-04-18 00:58:20,1606,6
2025-04-18 01:03:17,1223,2
2025-04-18 01:03:17,1203,2
2025-04-18 01:10:43,1203,1
2025-04-18 01:10:43,1223,1
2025-04-18 01:10:53,1223,0
2025-04-18 01:10:54,1203,0
2025-04-18 01:14:50,1203,6
2025-04-18 01:14:50,1223,6
2025-04-18 01:18:36,67,1
2025-04-18 01:22:30,66,2
2025-04-18 01:22:30,67,0
2025-04-18 01:22:34,67,6
2025-04-18 01:22:40,807,2
2025-04-18 08:35:15,66,1
2025-04-18 08:35:22,1203,1
2025-04-18 08:35:22,1223,1
2025-04-18 08:35:22,807,1
2025-04-18 08:35:42,66,3
2025-04-18 08:35:42,1203,3
2025-04-18 08:35:42,1223,3
2025-04-18 08:35:42,807,3
2025-04-18 08:37:12,1223,2
2025-04-18 08:37:12,1203,2
2025-04-18 08:39:51,66,2
2025-04-18 08:40:01,807,2
2025-04-18 13:51:37,1605,2
2025-04-18 13:55:59,1204,1
2025-04-18 13:56:01,1204,0
2025-04-18 14:00:29,1204,1
2025-04-18 14:00:36,1204,0
2025-04-18 14:28:50,67,1
2025-04-18 14:28:50,1204,1
2025-04-18 14:28:50,1224,1
2025-04-18 14:28:51,66,1
2025-04-18 14:28:51,1203,1
2025-04-18 14:28:51,1223,1
2025-04-18 14:28:57,807,1
2025-04-18 14:29:03,1223,0
2025-04-18 14:29:03,1203,0
2025-04-18 14:29:04,1224,0
2025-04-18 14:29:04,1204,0
2025-04-18 14:30:40,66,3
2025-04-18 14:30:40,67,3
2025-04-18 14:30:40,1203,6
2025-04-18 14:30:40,1204,6
2025-04-18 14:30:40,1223,6
2025-04-18 14:30:40,1224,6
2025-04-18 14:30:40,807,3
2025-04-18 14:30:42,66,2
2025-04-18 14:30:42,67,2
2025-04-18 14:30:50,807,2
2025-04-21 17:59:56,26,1
2025-04-21 18:00:12,26,0
2025-04-21 20:25:02,26,6
2025-04-21 20:50:02,801,2
2025-04-21 20:53:56,801,1
2025-04-21 23:19:15,67,1
2025-04-21 23:19:22,807,1
2025-04-21 23:19:41,67,3
2025-04-21 23:19:41,801,3
2025-04-21 23:19:41,807,3
2025-04-21 23:19:43,67,2
2025-04-21 23:19:52,807,2
2025-04-21 23:21:18,812,1
2025-04-21 23:21:18,852,1
2025-04-21 23:23:00,1855,1
2025-04-21 23:23:10,812,0
2025-04-21 23:23:10,852,0
2025-04-21 23:23:20,1855,3
2025-04-21 23:23:21,852,6
2025-04-21 23:23:22,812,6
2025-04-21 23:23:52,1855,2
2025-04-22 07:39:00,1204,1
2025-04-22 07:39:02,1204,0
2025-04-22 07:58:53,1204,1
2025-04-22 07:58:55,1204,0
2025-04-22 08:18:19,1605,1
2025-04-22 08:18:41,2631,1
2025-04-22 08:18:41,2632,1
2025-04-22 08:18:43,2631,0
2025-04-22 08:18:43,2632,0
2025-04-22 08:19:33,2631,6
2025-04-22 08:19:33,2632,6
2025-04-22 08:19:33,1204,6
2025-04-22 08:19:33,1605,3
2025-04-22 08:19:54,2608,1
2025-04-22 08:19:54,2652,1
2025-04-22 08:19:56,2608,0
2025-04-22 08:19:56,2652,0
2025-04-22 08:20:02,2608,6
2025-04-22 08:20:02,2652,6
2025-04-22 08:20:13,2607,1
2025-04-22 08:20:13,2608,1
2025-04-22 08:20:13,2651,1
2025-04-22 08:20:13,2652,1
2025-04-22 08:20:15,2607,0
2025-04-22 08:20:15,2608,0
2025-04-22 08:20:15,2651,0
2025-04-22 08:20:15,2652,0
2025-04-22 08:22:00,2607,6
2025-04-22 08:22:00,2608,6
2025-04-22 08:22:00,2651,6
2025-04-22 08:22:00,2652,6
2025-04-22 08:22:16,2608,1
2025-04-22 08:22:16,2652,1
2025-04-22 08:22:18,2608,0
2025-04-22 08:22:18,2652,0
2025-04-22 08:28:02,2608,6
2025-04-22 08:28:02,2652,6
2025-04-22 08:28:17,2607,1
2025-04-22 08:28:17,2651,1
2025-04-22 08:28:19,2607,0
2025-04-22 08:28:19,2651,0
2025-04-22 08:32:28,2607,6
2025-04-22 08:32:28,2651,6
2025-04-22 08:34:23,2607,1
2025-04-22 08:34:23,2651,1
2025-04-22 08:34:25,2607,0
2025-04-22 08:34:25,2651,0
2025-04-22 08:35:27,2607,6
2025-04-22 08:35:27,2651,6
2025-04-22 08:57:27,1204,1
2025-04-22 08:57:29,1204,0
2025-04-22 08:57:57,2607,1
2025-04-22 08:57:57,2651,1
2025-04-22 08:57:59,2607,0
2025-04-22 08:57:59,2651,0
2025-04-22 09:00:27,2607,6
2025-04-22 09:00:27,2651,6
2025-04-22 09:00:27,1204,6
2025-04-22 09:03:35,1605,2
2025-04-22 09:09:25,1605,1
2025-04-22 09:26:39,67,1
2025-04-22 09:26:39,1204,1
2025-04-22 09:26:39,1224,1
2025-04-22 09:26:41,1224,0
2025-04-22 09:26:46,807,1
2025-04-22 09:26:48,1224,1
2025-04-22 09:26:50,1224,0
2025-04-22 09:26:54,1224,1
2025-04-22 09:26:56,1224,0
2025-04-22 09:26:58,1224,1
2025-04-22 09:27:00,1224,0
2025-04-22 09:27:01,1224,1
2025-04-22 09:27:05,1224,0
2025-04-22 09:27:17,1204,0
2025-04-22 09:28:26,1204,1
2025-04-22 09:28:27,1224,1
2025-04-22 09:28:29,1224,0
2025-04-22 09:28:31,1224,1
2025-04-22 09:28:33,1224,0
2025-04-22 09:28:33,1224,1
2025-04-22 09:28:37,1224,0
2025-04-22 09:28:39,1224,1
2025-04-22 09:28:51,1224,0
2025-04-22 09:28:53,1224,1
2025-04-22 09:28:55,1224,0
2025-04-22 09:28:56,1224,1
2025-04-22 09:28:58,1224,0
2025-04-22 09:29:06,1204,0
2025-04-22 09:30:44,1204,1
2025-04-22 09:30:57,1224,1
2025-04-22 09:30:59,1224,0
2025-04-22 09:31:00,1224,1
2025-04-22 09:31:02,1224,0
2025-04-22 09:31:07,1224,1
2025-04-22 09:31:09,1224,0
2025-04-22 09:31:12,1224,1
2025-04-22 09:31:14,1224,0
2025-04-22 09:31:16,1224,1
2025-04-22 09:31:18,1224,0
2025-04-22 09:31:30,1204,0
2025-04-22 09:31:32,1204,1
2025-04-22 09:31:35,1204,0
2025-04-22 09:32:39,1204,1
2025-04-22 09:32:39,1224,1
2025-04-22 09:32:41,1224,0
2025-04-22 09:32:43,1224,1
2025-04-22 09:32:46,1224,0
2025-04-22 09:32:48,1224,1
2025-04-22 09:32:51,1224,0
2025-04-22 09:32:53,1224,1
2025-04-22 09:32:56,1224,0
2025-04-22 09:32:57,1224,1
2025-04-22 09:32:59,1224,0
2025-04-22 09:33:00,1224,1
2025-04-22 09:33:02,1224,0
2025-04-22 09:33:02,1224,1
2025-04-22 09:33:06,1224,0
2025-04-22 09:33:07,1224,1
2025-04-22 09:33:10,1224,0
2025-04-22 09:33:12,1224,1
2025-04-22 09:33:14,1224,0
2025-04-22 09:33:17,1224,1
2025-04-22 09:33:19,1224,0
2025-04-22 09:33:21,1204,0
2025-04-22 09:34:37,1204,1
2025-04-22 09:34:37,1224,1
2025-04-22 09:34:39,1224,0
2025-04-22 09:34:39,1224,1
2025-04-22 09:34:41,1224,0
2025-04-22 09:34:41,1224,1
2025-04-22 09:34:43,1224,0
2025-04-22 09:34:44,1224,1
2025-04-22 09:34:46,1224,0
2025-04-22 09:34:46,1224,1
2025-04-22 09:34:48,1224,0
2025-04-22 09:34:51,1224,1
2025-04-22 09:34:57,1224,0
2025-04-22 09:35:01,1224,1
2025-04-22 09:35:03,1224,0
2025-04-22 09:35:05,1203,1
2025-04-22 09:35:05,1224,1
2025-04-22 09:35:07,1224,0
2025-04-22 09:35:10,1203,0
2025-04-22 09:35:10,1224,1
2025-04-22 09:35:12,1224,0
2025-04-22 09:35:15,1224,1
2025-04-22 09:35:17,1224,0
2025-04-22 09:35:20,1224,1
2025-04-22 09:35:22,1224,0
2025-04-22 09:35:26,1204,0
2025-04-22 09:36:57,1204,1
2025-04-22 09:36:59,1224,1
2025-04-22 09:37:01,1224,0
2025-04-22 09:37:02,1224,1
2025-04-22 09:37:10,1224,0
2025-04-22 09:37:12,1224,1
2025-04-22 09:37:14,1224,0
2025-04-22 09:37:15,1224,1
2025-04-22 09:37:33,1224,0
2025-04-22 09:37:39,1204,0
2025-04-22 09:38:10,1204,1
2025-04-22 09:38:15,1224,1
2025-04-22 09:38:17,1224,0
2025-04-22 09:38:24,1204,0
2025-04-22 09:38:50,1204,1
2025-04-22 09:38:51,1224,1
2025-04-22 09:39:02,1224,0
2025-04-22 09:39:04,1204,0
2025-04-22 09:39:40,1204,1
2025-04-22 09:39:43,1224,1
2025-04-22 09:39:55,1224,0
2025-04-22 09:40:01,1204,0
2025-04-22 09:40:35,1204,1
2025-04-22 09:40:36,1224,1
2025-04-22 09:40:44,1224,0
2025-04-22 09:40:51,1204,0
2025-04-22 09:41:20,1204,1
2025-04-22 09:41:21,1224,1
2025-04-22 09:41:23,1224,0
2025-04-22 09:41:24,1224,1
2025-04-22 09:41:26,1224,0
2025-04-22 09:41:26,1224,1
2025-04-22 09:41:28,1224,0
2025-04-22 09:41:31,1224,1
2025-04-22 09:41:33,1224,0
2025-04-22 09:41:36,1224,1
2025-04-22 09:41:38,1224,0
2025-04-22 09:41:40,1204,0
2025-04-22 09:42:18,1204,1
2025-04-22 09:42:18,1224,1
2025-04-22 09:42:30,1224,0
2025-04-22 09:42:34,1204,0
2025-04-22 09:43:03,1204,1
2025-04-22 09:43:05,1224,1
2025-04-22 09:43:07,1224,0
2025-04-22 09:43:12,1203,1
2025-04-22 09:43:18,1204,0
2025-04-22 09:43:18,1203,0
2025-04-22 09:43:47,1204,1
2025-04-22 09:43:47,1224,1
2025-04-22 09:43:49,1224,0
2025-04-22 09:43:50,1224,1
2025-04-22 09:43:53,1224,0
2025-04-22 09:43:54,1224,1
2025-04-22 09:44:01,1224,0
2025-04-22 09:44:06,1204,0
2025-04-22 09:44:38,1204,1
2025-04-22 09:44:41,1224,1
2025-04-22 09:44:43,1224,0
2025-04-22 09:44:47,1204,0
2025-04-22 09:45:12,1204,1
2025-04-22 09:45:14,1224,1
2025-04-22 09:45:17,1224,0
2025-04-22 09:45:19,1224,1
2025-04-22 09:45:21,1224,0
2025-04-22 09:45:22,1224,1
2025-04-22 09:45:26,1224,0
2025-04-22 09:45:28,1204,0
2025-04-22 09:46:05,1204,1
2025-04-22 09:46:05,1224,1
2025-04-22 09:46:10,1224,0
2025-04-22 09:46:11,1224,1
2025-04-22 09:46:13,1224,0
2025-04-22 09:46:25,1204,0
2025-04-22 09:46:55,1204,1
2025-04-22 09:46:55,1224,1
2025-04-22 09:46:57,1224,0
2025-04-22 09:46:58,1224,1
2025-04-22 09:47:00,1224,0
2025-04-22 09:47:02,1224,1
2025-04-22 09:47:05,1224,0
2025-04-22 09:47:11,1204,0
2025-04-22 09:47:42,1204,1
2025-04-22 09:47:42,1224,1
2025-04-22 09:47:44,1224,0
2025-04-22 09:47:48,1224,1
2025-04-22 09:47:50,1224,0
2025-04-22 09:47:55,1204,0
2025-04-22 09:48:28,1204,1
2025-04-22 09:48:28,1224,1
2025-04-22 09:48:30,1224,0
2025-04-22 09:48:32,1224,1
2025-04-22 09:48:40,1224,0
2025-04-22 09:48:43,1204,0
2025-04-22 09:49:19,1204,1
2025-04-22 09:49:28,1204,0
2025-04-22 09:50:00,1204,1
2025-04-22 09:50:01,1224,1
2025-04-22 09:50:10,1224,0
2025-04-22 09:50:12,1204,0
2025-04-22 09:50:44,1204,1
2025-04-22 09:50:44,1224,1
2025-04-22 09:50:46,1224,0
2025-04-22 09:50:47,1224,1
2025-04-22 09:50:49,1224,0
2025-04-22 09:50:49,1224,1
2025-04-22 09:50:51,1224,0
2025-04-22 09:50:58,1204,0
2025-04-22 09:51:27,1204,1
2025-04-22 09:51:28,1224,1
2025-04-22 09:51:30,1224,0
2025-04-22 09:51:33,1224,1
2025-04-22 09:51:36,1224,0
2025-04-22 09:51:37,1224,1
2025-04-22 09:51:39,1224,0
2025-04-22 09:51:40,1204,0
2025-04-22 09:52:16,1204,1
2025-04-22 09:52:22,1224,1
2025-04-22 09:52:24,1203,1
2025-04-22 09:52:26,1224,0
2025-04-22 09:52:27,1224,1
2025-04-22 09:52:30,1224,0
2025-04-22 09:52:33,1224,1
2025-04-22 09:52:35,1224,0
2025-04-22 09:52:36,1203,0
2025-04-22 09:52:41,1204,0
2025-04-22 09:53:11,1204,1
2025-04-22 09:53:11,1224,1
2025-04-22 09:53:20,1224,0
2025-04-22 09:53:21,1224,1
2025-04-22 09:53:23,1224,0
2025-04-22 09:53:26,1204,0
2025-04-22 09:53:57,1204,1
2025-04-22 09:53:58,1224,1
2025-04-22 09:54:00,1224,0
2025-04-22 09:54:01,1224,1
2025-04-22 09:54:03,1224,0
2025-04-22 09:54:03,1224,1
2025-04-22 09:54:07,1224,0
2025-04-22 09:54:12,1204,0
2025-04-22 09:54:40,1204,1
2025-04-22 09:54:40,1224,1
2025-04-22 09:54:48,1224,0
2025-04-22 09:54:50,1224,1
2025-04-22 09:54:52,1224,0
2025-04-22 09:54:55,1204,0
2025-04-22 09:55:23,1204,1
2025-04-22 09:55:25,1224,1
2025-04-22 09:55:27,1224,0
2025-04-22 09:55:27,1224,1
2025-04-22 09:55:29,1224,0
2025-04-22 09:55:35,1204,0
2025-04-22 09:56:04,1204,1
2025-04-22 09:56:07,1224,1
2025-04-22 09:56:20,1224,0
2025-04-22 09:56:21,1204,0
2025-04-22 09:56:49,1204,1
2025-04-22 09:56:50,1224,1
2025-04-22 09:56:52,1224,0
2025-04-22 09:56:54,1224,1
2025-04-22 09:56:57,1224,0
2025-04-22 09:57:03,1204,0
2025-04-22 09:57:32,1204,1
2025-04-22 09:57:37,1224,1
2025-04-22 09:57:45,1224,0
2025-04-22 09:57:50,1204,0
2025-04-22 09:58:20,1204,1
2025-04-22 09:58:21,1224,1
2025-04-22 09:58:23,1224,0
2025-04-22 09:58:25,1224,1
2025-04-22 09:58:27,1224,0
2025-04-22 09:58:30,1204,0
2025-04-22 09:58:58,1204,1
2025-04-22 09:58:58,1224,1
2025-04-22 09:59:10,1224,0
2025-04-22 09:59:14,1204,0
2025-04-22 09:59:47,1204,1
2025-04-22 09:59:51,1224,1
2025-04-22 09:59:53,1224,0
2025-04-22 09:59:56,1224,1
2025-04-22 09:59:58,1224,0
2025-04-22 10:00:01,1204,0
2025-04-22 10:00:27,1204,1
2025-04-22 10:00:31,1224,1
2025-04-22 10:00:34,1224,0
2025-04-22 10:00:35,1224,1
2025-04-22 10:00:39,1224,0
2025-04-22 10:00:46,1204,0
2025-04-22 10:01:15,1204,1
2025-04-22 10:01:17,1224,1
2025-04-22 10:01:19,1224,0
2025-04-22 10:01:22,1224,1
2025-04-22 10:01:22,1203,1
2025-04-22 10:01:24,1224,0
2025-04-22 10:01:33,1204,0
2025-04-22 10:01:33,1203,0
2025-04-22 10:02:01,1204,1
2025-04-22 10:02:03,1224,1
2025-04-22 10:02:05,1224,0
2025-04-22 10:02:06,1224,1
2025-04-22 10:02:08,1224,0
2025-04-22 10:02:08,1224,1
2025-04-22 10:02:10,1224,0
2025-04-22 10:02:10,1224,1
2025-04-22 10:02:12,1224,0
2025-04-22 10:02:19,1204,0
2025-04-22 10:02:56,1204,1
2025-04-22 10:03:09,1204,0
2025-04-22 10:03:39,1204,1
2025-04-22 10:03:39,1224,1
2025-04-22 10:03:41,1224,0
2025-04-22 10:03:42,1224,1
2025-04-22 10:03:45,1224,0
2025-04-22 10:03:48,1224,1
2025-04-22 10:03:55,1224,0
2025-04-22 10:03:56,1204,0
2025-04-22 10:04:27,1204,1
2025-04-22 10:04:28,1224,1
2025-04-22 10:04:30,1224,0
2025-04-22 10:04:43,1204,0
2025-04-22 10:05:15,1204,1
2025-04-22 10:05:15,1224,1
2025-04-22 10:05:17,1224,0
2025-04-22 10:05:19,1224,1
2025-04-22 10:05:21,1224,0
2025-04-22 10:05:22,1224,1
2025-04-22 10:05:24,1224,0
2025-04-22 10:05:29,1224,1
2025-04-22 10:05:31,1224,0
2025-04-22 10:05:33,1204,0
2025-04-22 10:06:03,1204,1
2025-04-22 10:06:03,1224,1
2025-04-22 10:06:05,1224,0
2025-04-22 10:06:08,1224,1
2025-04-22 10:06:10,1224,0
2025-04-22 10:06:11,1224,1
2025-04-22 10:06:14,1224,0
2025-04-22 10:06:19,1204,0
2025-04-22 10:06:48,1204,1
2025-04-22 10:06:49,1224,1
2025-04-22 10:06:58,1224,0
2025-04-22 10:07:02,1204,0
2025-04-22 10:07:35,1204,1
2025-04-22 10:07:38,1203,1
2025-04-22 10:07:44,1204,0
2025-04-22 10:07:46,1203,0
2025-04-22 10:08:15,1204,1
2025-04-22 10:08:15,1224,1
2025-04-22 10:08:26,1224,0
2025-04-22 10:08:29,1204,0
2025-04-22 10:09:11,1204,1
2025-04-22 10:09:15,1203,1
2025-04-22 10:09:18,1204,0
2025-04-22 10:09:22,1203,0
2025-04-22 10:09:52,1204,1
2025-04-22 10:09:52,1224,1
2025-04-22 10:09:54,1224,0
2025-04-22 10:09:55,1224,1
2025-04-22 10:09:58,1224,0
2025-04-22 10:10:02,1224,1
2025-04-22 10:10:04,1224,0
2025-04-22 10:10:05,1224,1
2025-04-22 10:10:07,1224,0
2025-04-22 10:10:10,1204,0
2025-04-22 10:10:45,1204,1
2025-04-22 10:11:01,1204,0
2025-04-22 10:11:43,1204,1
2025-04-22 10:11:46,1224,1
2025-04-22 10:11:53,1224,0
2025-04-22 10:11:54,1224,1
2025-04-22 10:11:56,1224,0
2025-04-22 10:11:58,1224,1
2025-04-22 10:12:00,1224,0
2025-04-22 10:12:00,1204,0
2025-04-22 10:12:29,1204,1
2025-04-22 10:12:35,1224,1
2025-04-22 10:12:37,1224,0
2025-04-22 10:12:42,1204,0
2025-04-22 10:13:18,1204,1
2025-04-22 10:13:19,1224,1
2025-04-22 10:13:23,1224,0
2025-04-22 10:13:24,1224,1
2025-04-22 10:13:26,1224,0
2025-04-22 10:13:28,1224,1
2025-04-22 10:13:31,1224,0
2025-04-22 10:13:35,1204,0
2025-04-22 10:14:09,1204,1
2025-04-22 10:14:09,1224,1
2025-04-22 10:14:11,1224,0
2025-04-22 10:14:13,1224,1
2025-04-22 10:14:15,1224,0
2025-04-22 10:14:19,1224,1
2025-04-22 10:14:21,1224,0
2025-04-22 10:14:25,1204,0
2025-04-22 10:14:59,1204,1
2025-04-22 10:14:59,1224,1
2025-04-22 10:15:01,1224,0
2025-04-22 10:15:02,1224,1
2025-04-22 10:15:06,1224,0
2025-04-22 10:15:07,1224,1
2025-04-22 10:15:10,1224,0
2025-04-22 10:15:11,1224,1
2025-04-22 10:15:13,1224,0
2025-04-22 10:15:21,1204,0
2025-04-22 10:15:55,1204,1
2025-04-22 10:15:58,1224,1
2025-04-22 10:16:00,1224,0
2025-04-22 10:16:02,1224,1
2025-04-22 10:16:04,1224,0
2025-04-22 10:16:05,1224,1
2025-04-22 10:16:08,1224,0
2025-04-22 10:16:09,1224,1
2025-04-22 10:16:11,1224,0
2025-04-22 10:16:13,1204,0
2025-04-22 10:16:39,1204,1
2025-04-22 10:16:42,1224,1
2025-04-22 10:16:44,1224,0
2025-04-22 10:16:46,1224,1
2025-04-22 10:16:51,1224,0
2025-04-22 10:16:55,1204,0
2025-04-22 10:17:23,1204,1
2025-04-22 10:17:23,1224,1
2025-04-22 10:17:25,1224,0
2025-04-22 10:17:27,1224,1
2025-04-22 10:17:29,1224,0
2025-04-22 10:17:35,1204,0
2025-04-22 10:18:00,1204,1
2025-04-22 10:18:00,1224,1
2025-04-22 10:18:14,1224,0
2025-04-22 10:18:16,1204,0
2025-04-22 10:18:45,1204,1
2025-04-22 10:18:52,1224,1
2025-04-22 10:18:54,1224,0
2025-04-22 10:18:58,1204,0
2025-04-22 10:19:27,1204,1
2025-04-22 10:19:27,1224,1
2025-04-22 10:19:29,1224,0
2025-04-22 10:19:31,1224,1
2025-04-22 10:19:33,1224,0
2025-04-22 10:19:37,1224,1
2025-04-22 10:19:39,1224,0
2025-04-22 10:19:41,1204,0
2025-04-22 10:20:11,1204,1
2025-04-22 10:20:11,1224,1
2025-04-22 10:20:13,1224,0
2025-04-22 10:20:13,1224,1
2025-04-22 10:20:15,1224,0
2025-04-22 10:20:15,1224,1
2025-04-22 10:20:17,1224,0
2025-04-22 10:20:18,1224,1
2025-04-22 10:20:20,1224,0
2025-04-22 10:20:20,1224,1
2025-04-22 10:20:20,1203,1
2025-04-22 10:20:22,1224,0
2025-04-22 10:20:23,1224,1
2025-04-22 10:20:25,1224,0
2025-04-22 10:20:28,1204,0
2025-04-22 10:20:30,1203,0
2025-04-22 10:20:57,1204,1
2025-04-22 10:20:57,1224,1
2025-04-22 10:21:07,1224,0
2025-04-22 10:21:08,1224,1
2025-04-22 10:21:10,1224,0
2025-04-22 10:21:10,1224,1
2025-04-22 10:21:12,1224,0
2025-04-22 10:21:14,1204,0
2025-04-22 10:21:47,1204,1
2025-04-22 10:22:05,1204,0
2025-04-22 10:22:37,1204,1
2025-04-22 10:22:39,1224,1
2025-04-22 10:22:41,1224,0
2025-04-22 10:22:42,1224,1
2025-04-22 10:22:45,1224,0
2025-04-22 10:22:46,1224,1
2025-04-22 10:22:48,1224,0
2025-04-22 10:22:49,1204,0
2025-04-22 10:23:19,1204,1
2025-04-22 10:23:22,1224,1
2025-04-22 10:23:24,1224,0
2025-04-22 10:23:26,1224,1
2025-04-22 10:23:26,1203,1
2025-04-22 10:23:28,1224,0
2025-04-22 10:23:32,1204,0
2025-04-22 10:23:35,1203,0
2025-04-22 10:24:03,1204,1
2025-04-22 10:24:03,1224,1
2025-04-22 10:24:05,1224,0
2025-04-22 10:24:06,1224,1
2025-04-22 10:24:10,1224,0
2025-04-22 10:24:17,1204,0
2025-04-22 10:24:47,1204,1
2025-04-22 10:24:47,1224,1
2025-04-22 10:24:49,1224,0
2025-04-22 10:24:49,1224,1
2025-04-22 10:24:52,1224,0
2025-04-22 10:24:53,1224,1
2025-04-22 10:24:55,1224,0
2025-04-22 10:24:56,1224,1
2025-04-22 10:24:58,1224,0
2025-04-22 10:24:58,1224,1
2025-04-22 10:25:00,1224,0
2025-04-22 10:25:01,1224,1
2025-04-22 10:25:03,1224,0
2025-04-22 10:25:03,1224,1
2025-04-22 10:25:05,1224,0
2025-04-22 10:25:06,1204,0
2025-04-22 10:25:34,1204,1
2025-04-22 10:25:35,1224,1
2025-04-22 10:25:41,1224,0
2025-04-22 10:25:46,1224,1
2025-04-22 10:25:48,1224,0
2025-04-22 10:25:50,1204,0
2025-04-22 10:26:21,1204,1
2025-04-22 10:26:32,1224,1
2025-04-22 10:26:34,1224,0
2025-04-22 10:26:34,1204,0
2025-04-22 10:27:04,1204,1
2025-04-22 10:27:06,1224,1
2025-04-22 10:27:14,1224,0
2025-04-22 10:27:18,1204,0
2025-04-22 10:27:49,1204,1
2025-04-22 10:27:49,1224,1
2025-04-22 10:27:51,1224,0
2025-04-22 10:27:53,1224,1
2025-04-22 10:27:55,1224,0
2025-04-22 10:27:56,1224,1
2025-04-22 10:27:58,1224,0
2025-04-22 10:27:59,1224,1
2025-04-22 10:28:01,1224,0
2025-04-22 10:28:05,1204,0
2025-04-22 10:28:29,1204,1
2025-04-22 10:28:29,1224,1
2025-04-22 10:28:39,1224,0
2025-04-22 10:28:43,1204,0
2025-04-22 10:29:12,1204,1
2025-04-22 10:29:12,1224,1
2025-04-22 10:29:14,1224,0
2025-04-22 10:29:15,1224,1
2025-04-22 10:29:17,1224,0
2025-04-22 10:29:26,1204,0
2025-04-22 10:29:56,1204,1
2025-04-22 10:29:58,1224,1
2025-04-22 10:30:07,1224,0
2025-04-22 10:30:11,1204,0
2025-04-22 10:30:36,1204,1
2025-04-22 10:30:36,1224,1
2025-04-22 10:30:38,1224,0
2025-04-22 10:30:43,1224,1
2025-04-22 10:30:45,1224,0
2025-04-22 10:30:53,1204,0
2025-04-22 10:31:22,1204,1
2025-04-22 10:31:25,1224,1
2025-04-22 10:31:28,1224,0
2025-04-22 10:31:29,1224,1
2025-04-22 10:31:33,1224,0
2025-04-22 10:31:35,1224,1
2025-04-22 10:31:38,1224,0
2025-04-22 10:31:40,1204,0
2025-04-22 10:32:16,1204,1
2025-04-22 10:32:16,1224,1
2025-04-22 10:32:18,1224,0
2025-04-22 10:32:21,1224,1
2025-04-22 10:32:23,1224,0
2025-04-22 10:32:26,66,1
2025-04-22 10:32:26,1203,1
2025-04-22 10:32:26,1223,1
2025-04-22 10:32:28,1223,0
2025-04-22 10:32:28,1204,0
2025-04-22 10:32:32,1203,0
2025-04-22 10:33:02,1204,1
2025-04-22 10:33:02,1224,1
2025-04-22 10:33:04,1224,0
2025-04-22 10:33:04,1224,1
2025-04-22 10:33:18,1224,0
2025-04-22 10:33:21,1204,0
2025-04-22 10:33:50,1204,1
2025-04-22 10:33:59,1224,1
2025-04-22 10:34:01,1224,0
2025-04-22 10:34:07,1204,0
2025-04-22 10:34:36,1204,1
2025-04-22 10:34:38,1224,1
2025-04-22 10:34:46,1224,0
2025-04-22 10:34:49,1204,0
2025-04-22 10:35:19,1204,1
2025-04-22 10:35:20,1224,1
2025-04-22 10:35:29,1224,0
2025-04-22 10:35:32,1204,0
2025-04-22 10:35:59,1204,1
2025-04-22 10:36:01,1224,1
2025-04-22 10:36:03,1224,0
2025-04-22 10:36:04,1224,1
2025-04-22 10:36:14,1224,0
2025-04-22 10:36:16,1204,0
2025-04-22 10:36:42,1204,1
2025-04-22 10:36:42,1224,1
2025-04-22 10:36:44,1224,0
2025-04-22 10:36:46,1224,1
2025-04-22 10:36:49,1224,0
2025-04-22 10:36:50,1224,1
2025-04-22 10:36:52,1224,0
2025-04-22 10:36:53,1224,1
2025-04-22 10:36:55,1224,0
2025-04-22 10:36:58,1204,0
2025-04-22 10:37:29,1204,1
2025-04-22 10:37:29,1224,1
2025-04-22 10:37:40,1224,0
2025-04-22 10:37:41,1204,0
2025-04-22 10:38:09,1204,1
2025-04-22 10:38:10,1224,1
2025-04-22 10:38:15,1203,1
2025-04-22 10:38:18,1224,0
2025-04-22 10:38:19,1204,0
2025-04-22 10:38:22,1203,0
2025-04-22 10:38:45,1204,1
2025-04-22 10:38:45,1224,1
2025-04-22 10:38:52,1224,0
2025-04-22 10:38:57,1204,0
2025-04-22 10:39:24,1204,1
2025-04-22 10:39:31,1224,1
2025-04-22 10:39:33,1224,0
2025-04-22 10:39:36,1204,0
2025-04-22 10:39:58,1204,1
2025-04-22 10:39:58,1224,1
2025-04-22 10:40:00,1224,0
2025-04-22 10:40:02,1224,1
2025-04-22 10:40:07,1224,0
2025-04-22 10:40:08,1224,1
2025-04-22 10:40:10,1224,0
2025-04-22 10:40:12,1204,0
2025-04-22 10:40:36,1204,1
2025-04-22 10:40:36,1224,1
2025-04-22 10:40:45,1224,0
2025-04-22 10:40:49,1204,0
2025-04-22 10:41:17,1204,1
2025-04-22 10:41:17,1224,1
2025-04-22 10:41:29,1224,0
2025-04-22 10:41:30,1204,0
2025-04-22 10:42:00,1204,1
2025-04-22 10:42:04,1203,1
2025-04-22 10:42:05,1224,1
2025-04-22 10:42:09,1224,0
2025-04-22 10:42:10,1224,1
2025-04-22 10:42:12,1224,0
2025-04-22 10:42:16,1203,0
2025-04-22 10:42:16,1204,0
2025-04-22 10:42:45,1204,1
2025-04-22 10:42:45,1224,1
2025-04-22 10:42:53,1224,0
2025-04-22 10:42:55,1224,1
2025-04-22 10:42:57,1224,0
2025-04-22 10:43:01,1204,0
2025-04-22 10:43:44,1204,1
2025-04-22 10:43:44,1224,1
2025-04-22 10:43:46,1224,0
2025-04-22 10:43:46,1224,1
2025-04-22 10:43:48,1224,0
2025-04-22 10:43:49,1224,1
2025-04-22 10:43:51,1224,0
2025-04-22 10:43:53,1204,0
2025-04-22 10:43:53,1203,1
2025-04-22 10:43:57,1203,0
2025-04-22 10:44:26,1204,1
2025-04-22 10:44:27,1224,1
2025-04-22 10:44:37,1224,0
2025-04-22 10:44:39,1204,0
2025-04-22 10:45:07,1204,1
2025-04-22 10:45:13,1224,1
2025-04-22 10:45:15,1224,0
2025-04-22 10:45:21,1204,0
2025-04-22 10:45:46,1204,1
2025-04-22 10:45:48,1224,1
2025-04-22 10:45:55,1224,0
2025-04-22 10:45:57,1204,0
2025-04-22 10:46:30,1204,1
2025-04-22 10:46:36,1224,1
2025-04-22 10:46:38,1224,0
2025-04-22 10:46:40,1204,0
2025-04-22 10:47:07,1204,1
2025-04-22 10:47:09,1224,1
2025-04-22 10:47:13,1224,0
2025-04-22 10:47:14,1224,1
2025-04-22 10:47:16,1224,0
2025-04-22 10:47:19,1204,0
2025-04-22 10:47:41,1204,1
2025-04-22 10:47:41,1224,1
2025-04-22 10:47:47,1224,0
2025-04-22 10:47:48,1224,1
2025-04-22 10:47:50,1224,0
2025-04-22 10:47:55,1204,0
2025-04-22 10:48:19,1204,1
2025-04-22 10:48:19,1224,1
2025-04-22 10:48:21,1224,0
2025-04-22 10:48:21,1224,1
2025-04-22 10:48:28,1224,0
2025-04-22 10:48:35,1204,0
2025-04-22 10:48:57,1204,1
2025-04-22 10:49:04,1224,1
2025-04-22 10:49:05,1203,1
2025-04-22 10:49:07,1224,0
2025-04-22 10:49:07,1204,0
2025-04-22 10:49:10,1203,0
2025-04-22 10:49:34,1204,1
2025-04-22 10:49:37,1224,1
2025-04-22 10:49:39,1224,0
2025-04-22 10:49:42,1224,1
2025-04-22 10:49:44,1224,0
2025-04-22 10:49:47,1204,0
2025-04-22 10:50:23,1203,1
2025-04-22 10:50:24,1204,1
2025-04-22 10:50:30,1204,0
2025-04-22 10:50:31,1203,0
2025-04-22 10:50:52,1204,1
2025-04-22 10:50:52,1224,1
2025-04-22 10:50:54,1224,0
2025-04-22 10:51:00,1224,1
2025-04-22 10:51:03,1224,0
2025-04-22 10:51:05,1204,0
2025-04-22 10:51:30,1204,1
2025-04-22 10:51:32,1203,1
2025-04-22 10:51:35,1224,1
2025-04-22 10:51:37,1224,0
2025-04-22 10:51:37,1224,1
2025-04-22 10:51:39,1224,0
2025-04-22 10:51:42,1204,0
2025-04-22 10:51:43,1203,0
2025-04-22 10:52:08,1204,1
2025-04-22 10:52:08,1224,1
2025-04-22 10:52:10,1224,0
2025-04-22 10:52:11,1224,1
2025-04-22 10:52:21,1224,0
2025-04-22 10:52:25,1204,0
2025-04-22 10:52:55,1204,1
2025-04-22 10:52:55,1224,1
2025-04-22 10:52:58,1224,0
2025-04-22 10:53:01,1224,1
2025-04-22 10:53:03,1224,0
2025-04-22 10:53:06,1204,0
2025-04-22 10:53:38,1204,1
2025-04-22 10:53:38,1224,1
2025-04-22 10:53:40,1224,0
2025-04-22 10:53:44,1224,1
2025-04-22 10:53:46,1224,0
2025-04-22 10:53:48,1204,0
2025-04-22 10:54:10,1204,1
2025-04-22 10:54:10,1224,1
2025-04-22 10:54:12,1224,0
2025-04-22 10:54:13,1224,1
2025-04-22 10:54:15,1203,1
2025-04-22 10:54:22,1224,0
2025-04-22 10:54:25,1204,0
2025-04-22 10:54:25,1203,0
2025-04-22 10:54:54,1204,1
2025-04-22 10:54:54,1224,1
2025-04-22 10:54:56,1224,0
2025-04-22 10:54:57,1224,1
2025-04-22 10:54:59,1224,0
2025-04-22 10:55:00,1224,1
2025-04-22 10:55:01,1203,1
2025-04-22 10:55:03,1224,0
2025-04-22 10:55:04,1204,0
2025-04-22 10:55:07,1203,0
2025-04-22 10:55:38,66,3
2025-04-22 10:55:38,67,3
2025-04-22 10:55:38,1203,6
2025-04-22 10:55:38,1204,6
2025-04-22 10:55:38,1223,6
2025-04-22 10:55:38,1224,6
2025-04-22 10:55:38,807,3
2025-04-22 10:55:38,1605,3
2025-04-22 10:55:45,1204,1
2025-04-22 10:55:48,1204,0
2025-04-22 10:55:54,1204,6
2025-04-22 10:55:56,66,2
2025-04-22 10:55:56,67,2
2025-04-22 10:56:04,807,2
2025-04-22 10:56:19,67,1
2025-04-22 10:56:19,1204,1
2025-04-22 10:56:19,1224,1
2025-04-22 10:56:21,1224,0
2025-04-22 10:56:21,1224,1
2025-04-22 10:56:26,807,1
2025-04-22 10:56:31,1203,1
2025-04-22 10:56:33,1203,0
2025-04-22 10:56:33,1224,0
2025-04-22 10:56:35,1204,0
2025-04-22 10:58:07,66,1
2025-04-22 10:58:07,1203,1
2025-04-22 10:58:07,1223,1
2025-04-22 10:58:24,1223,0
2025-04-22 10:58:25,1203,0
2025-04-22 10:58:41,1203,1
2025-04-22 10:58:45,1203,0
2025-04-22 10:58:48,1204,1
2025-04-22 10:58:51,1204,0
2025-04-22 11:01:17,66,3
2025-04-22 11:01:17,67,3
2025-04-22 11:01:17,1203,6
2025-04-22 11:01:17,1204,6
2025-04-22 11:01:17,1223,6
2025-04-22 11:01:17,1224,6
2025-04-22 11:01:17,807,3
2025-04-22 11:01:26,66,2
2025-04-22 11:01:26,67,2
2025-04-22 11:01:35,807,2
2025-04-22 11:58:10,66,1
2025-04-22 11:58:17,807,1
2025-04-22 12:03:15,66,3
2025-04-22 12:03:15,807,3
2025-04-22 12:03:20,66,2
2025-04-22 12:03:28,807,2
2025-04-22 14:06:18,66,1
2025-04-22 14:06:25,807,1
2025-04-22 14:06:33,66,3
2025-04-22 14:06:33,807,3
2025-04-22 14:06:35,66,2
2025-04-22 14:06:43,66,1
2025-04-22 14:06:43,807,2
2025-04-22 14:06:50,66,0
2025-04-22 14:06:50,807,1
2025-04-22 14:07:04,66,6
2025-04-22 14:07:04,807,3
2025-04-22 14:07:07,807,2
2025-04-22 14:07:32,66,1
2025-04-22 14:07:38,807,1
2025-04-22 14:08:02,66,3
2025-04-22 14:08:02,807,3
2025-04-22 14:08:04,66,2
2025-04-22 14:08:08,807,2
2025-04-22 15:38:36,1203,1
2025-04-22 15:38:46,1203,0
2025-04-22 15:43:42,1605,2
2025-04-22 16:15:04,1203,1
2025-04-22 16:15:07,66,1
2025-04-22 16:15:07,1223,1
2025-04-22 16:15:09,1223,0
2025-04-22 16:15:09,1223,1
2025-04-22 16:15:13,807,1
2025-04-22 16:15:16,1223,0
2025-04-22 16:15:18,1203,0
2025-04-22 16:15:34,1203,1
2025-04-22 16:15:37,1203,0
2025-04-22 16:18:34,1203,1
2025-04-22 16:18:34,1223,1
2025-04-22 16:19:49,1223,0
2025-04-22 16:19:52,1203,0
2025-04-22 16:20:21,1203,1
2025-04-22 16:20:21,1223,1
2025-04-22 16:20:23,1223,0
2025-04-22 16:20:28,1203,0
2025-04-22 16:20:36,1203,1
2025-04-22 16:20:36,1223,1
2025-04-22 16:20:45,1223,0
2025-04-22 16:20:46,1203,0
2025-04-22 16:21:41,1203,1
2025-04-22 16:21:41,1223,1
2025-04-22 16:22:07,1223,0
2025-04-22 16:22:07,1203,0
2025-04-22 16:22:44,67,1
2025-04-22 16:22:44,1204,1
2025-04-22 16:22:44,1224,1
2025-04-22 16:22:46,1224,0
2025-04-22 16:22:48,1204,0
2025-04-22 16:23:36,1203,1
2025-04-22 16:23:36,1223,1
2025-04-22 16:23:46,1223,0
2025-04-22 16:23:46,1203,0
2025-04-22 16:26:48,66,3
2025-04-22 16:26:48,67,3
2025-04-22 16:26:48,1203,6
2025-04-22 16:26:48,1204,6
2025-04-22 16:26:48,1223,6
2025-04-22 16:26:48,1224,6
2025-04-22 16:26:48,807,3
2025-04-22 16:26:50,66,2
2025-04-22 16:26:50,67,2
2025-04-22 16:26:58,807,2
2025-04-27 12:07:13,2437,1
2025-04-27 12:07:15,2437,0
2025-04-27 15:00:17,2437,1
2025-04-27 15:00:19,2437,0
2025-04-27 15:01:10,2437,6
2025-04-27 17:01:43,2403,1
2025-04-27 17:01:45,2403,0
2025-04-27 17:01:45,2403,1
2025-04-27 17:01:47,2403,0
2025-04-27 17:21:31,2403,6
2025-04-28 17:33:43,1605,1
2025-04-28 17:33:45,1605,0
2025-04-28 17:33:46,1605,1
2025-04-28 18:02:41,1605,0
2025-04-28 19:45:55,1605,1
2025-04-28 20:59:10,1606,1
2025-04-28 21:00:36,1606,0
2025-04-28 23:45:14,2661,1
2025-04-28 23:55:54,2661,0
2025-04-28 23:56:15,2661,6
2025-04-28 23:56:15,1605,3
2025-04-28 23:56:15,1606,6
2025-04-28 23:56:57,1606,1
2025-04-28 23:58:30,1606,0
2025-04-29 00:04:15,1605,2
2025-04-29 01:42:11,1605,1
2025-04-29 01:47:02,66,1
2025-04-29 01:47:09,1203,1
2025-04-29 01:47:09,1223,1
2025-04-29 01:47:09,807,1
2025-04-29 01:51:55,1223,0
2025-04-29 01:51:55,1203,0
2025-04-29 01:52:50,1203,1
2025-04-29 01:52:50,1223,1
2025-04-29 01:54:13,66,3
2025-04-29 01:54:13,1203,3
2025-04-29 01:54:13,1223,3
2025-04-29 01:54:13,807,3
2025-04-29 01:54:13,1605,3
2025-04-29 01:54:13,1606,6
2025-04-29 02:02:18,1223,2
2025-04-29 02:02:18,1203,2
2025-04-29 02:03:47,66,2
2025-04-29 02:03:56,807,2
2025-04-29 02:08:49,1605,2
2025-04-29 02:12:07,1605,1
2025-04-29 03:11:47,1605,0
2025-04-29 03:11:47,1605,1
2025-04-29 04:18:36,67,1
2025-04-29 04:18:42,807,1
2025-04-29 04:19:16,67,3
2025-04-29 04:19:16,807,3
2025-04-29 04:19:16,1605,3
2025-04-29 04:19:18,67,2
2025-04-29 04:19:27,807,2
2025-04-29 05:00:27,2661,1
2025-04-29 05:24:44,2661,3
2025-04-29 05:35:10,2661,2
2025-04-29 05:36:28,1605,2
2025-04-29 07:31:12,1804,1
2025-04-29 07:31:15,1804,0
2025-04-29 07:31:32,1855,1
2025-04-29 10:13:59,1855,0
2025-04-29 10:14:02,1855,6
2025-04-29 10:14:02,1804,6
2025-05-01 20:39:27,66,1
2025-05-01 20:39:27,67,1
2025-05-01 20:39:27,1203,1
2025-05-01 20:39:27,1204,1
2025-05-01 20:39:27,1223,1
2025-05-01 20:39:27,1224,1
2025-05-01 20:39:34,807,1
2025-05-01 20:41:18,807,3
2025-05-01 20:41:19,1224,3
2025-05-01 20:41:19,1223,3
2025-05-01 20:41:19,1204,3
2025-05-01 20:41:20,1203,3
2025-05-01 20:41:20,67,3
2025-05-01 20:41:20,66,3
2025-05-01 20:41:29,1203,2
2025-05-01 20:41:29,1204,2
2025-05-01 20:41:29,1223,2
2025-05-01 20:41:29,1224,2
2025-05-01 20:41:34,66,2
2025-05-01 20:41:34,67,2
2025-05-01 20:41:44,807,2
2025-05-01 20:43:17,66,1
2025-05-01 20:43:17,67,1
2025-05-01 20:43:17,1203,1
2025-05-01 20:43:17,1204,1
2025-05-01 20:43:17,1223,1
2025-05-01 20:43:17,1224,1
2025-05-01 20:43:24,807,1
2025-05-01 20:45:03,1224,0
2025-05-01 20:45:03,1204,0
2025-05-01 20:45:18,1223,0
2025-05-01 20:45:18,1203,0
2025-05-01 20:48:46,66,0
2025-05-01 20:48:46,67,0
2025-05-01 20:49:00,66,6
2025-05-01 20:49:00,67,6
2025-05-01 20:49:00,1203,6
2025-05-01 20:49:00,1204,6
2025-05-01 20:49:00,1223,6
2025-05-01 20:49:00,1224,6
2025-05-01 20:49:00,807,3
2025-05-01 20:49:02,807,2
2025-05-01 22:16:30,66,1
2025-05-01 22:16:37,807,1
2025-05-01 22:17:43,66,0
2025-05-01 22:18:01,66,6
2025-05-01 22:18:01,807,3
2025-05-01 22:18:04,807,2
2025-05-01 22:38:55,1605,1
2025-05-02 01:14:54,66,1
2025-05-02 01:15:01,1203,1
2025-05-02 01:15:01,1223,1
2025-05-02 01:15:01,807,1
2025-05-02 01:15:31,66,3
2025-05-02 01:15:31,1203,3
2025-05-02 01:15:31,1223,3
2025-05-02 01:15:31,807,3
2025-05-02 01:15:31,1605,3
2025-05-02 01:17:48,1223,2
2025-05-02 01:17:48,1203,2
2025-05-02 01:20:35,66,2
2025-05-02 01:20:45,807,2
2025-05-02 02:08:22,1605,2
2025-05-02 02:08:22,1605,1
2025-05-02 02:08:26,1605,0
2025-05-02 02:08:26,1605,1
2025-05-02 02:11:09,1606,1
2025-05-02 02:11:25,1605,0
2025-05-02 02:11:54,1606,0
2025-05-02 03:19:27,1606,1
2025-05-02 03:20:05,1606,0
2025-05-02 03:23:05,1605,6
2025-05-02 03:23:05,1606,6
2025-05-02 04:23:19,66,1
2025-05-02 04:23:26,807,1
2025-05-02 04:23:35,66,3
2025-05-02 04:23:35,807,3
2025-05-02 04:23:37,66,2
2025-05-02 04:23:46,807,2
2025-05-02 04:23:54,66,1
2025-05-02 04:24:01,807,1
2025-05-02 04:24:08,66,0
2025-05-02 04:24:15,66,1
2025-05-02 04:24:15,1203,1
2025-05-02 04:24:15,1223,1
2025-05-02 04:24:25,1223,0
2025-05-02 04:24:25,1203,0
2025-05-02 04:24:41,67,1
2025-05-02 04:24:41,1204,1
2025-05-02 04:24:41,1224,1
2025-05-02 04:24:46,1224,0
2025-05-02 04:24:46,1204,0
2025-05-02 04:26:12,66,0
2025-05-02 04:26:12,67,0
2025-05-02 04:26:43,66,6
2025-05-02 04:26:43,67,6
2025-05-02 04:26:43,1203,6
2025-05-02 04:26:43,1204,6
2025-05-02 04:26:43,1223,6
2025-05-02 04:26:43,1224,6
2025-05-02 04:26:43,807,3
2025-05-02 04:26:45,807,2
2025-05-04 10:55:17,2,1
2025-05-04 14:35:10,2,0
2025-05-04 14:35:57,2,6
2025-05-06 21:28:03,801,2
2025-05-06 21:28:04,801,1
2025-05-06 21:28:06,801,0
2025-05-06 21:28:06,801,1
2025-05-06 21:28:13,801,0
2025-05-06 21:28:14,801,1
2025-05-06 21:28:16,801,0
2025-05-06 21:28:17,801,1
2025-05-06 21:28:19,801,0
2025-05-06 21:28:20,801,1
2025-05-06 21:28:22,801,0
2025-05-06 21:28:24,801,1
2025-05-06 21:28:32,801,0
2025-05-06 21:28:33,801,1
2025-05-06 21:28:55,801,0
2025-05-06 21:28:55,801,1
2025-05-06 21:29:13,801,0
2025-05-06 21:29:14,801,1
2025-05-06 21:31:16,801,0
2025-05-06 21:31:17,801,1
2025-05-06 21:31:19,801,0
2025-05-06 21:31:19,801,1
2025-05-06 21:31:22,801,0
2025-05-06 21:31:23,801,1
2025-05-06 21:31:26,801,0
2025-05-06 21:31:27,801,1
2025-05-06 21:31:29,801,0
2025-05-06 21:31:31,801,1
2025-05-06 21:31:37,801,0
2025-05-06 21:31:37,801,1
2025-05-06 21:31:39,801,0
2025-05-06 21:33:43,801,6
2025-05-06 21:35:07,801,1
2025-05-06 21:35:09,801,0
2025-05-06 21:36:30,801,1
2025-05-06 21:37:48,801,0
2025-05-06 21:37:50,801,1
2025-05-06 21:40:08,801,0
2025-05-06 21:40:11,801,1
2025-05-06 21:40:39,801,0
2025-05-06 21:40:40,801,1
2025-05-06 21:40:42,801,0
2025-05-06 21:40:44,801,1
2025-05-06 21:40:56,801,0
2025-05-06 21:40:59,801,1
2025-05-06 21:41:25,801,0
2025-05-06 21:41:30,801,1
2025-05-06 21:41:32,801,0
2025-05-06 21:42:16,801,1
2025-05-06 21:43:18,801,0
2025-05-06 21:43:19,801,1
2025-05-06 21:43:28,801,0
2025-05-06 21:43:29,801,1
2025-05-06 21:43:31,801,0
2025-05-06 21:43:32,801,1
2025-05-06 21:44:11,801,0
2025-05-06 21:44:12,801,1
2025-05-06 21:48:11,801,0
2025-05-06 21:48:11,801,1
2025-05-06 21:48:31,801,0
2025-05-06 21:48:32,801,1
2025-05-06 21:48:34,801,0
2025-05-06 21:48:36,801,1
2025-05-06 21:51:12,801,0
2025-05-06 21:51:12,801,1
2025-05-06 21:51:14,801,0
2025-05-06 21:51:15,801,1
2025-05-06 21:57:05,801,0
2025-05-06 21:57:11,801,1
2025-05-06 22:43:24,66,1
2025-05-06 22:43:24,67,1
2025-05-06 22:43:24,1203,1
2025-05-06 22:43:24,1204,1
2025-05-06 22:43:24,1223,1
2025-05-06 22:43:24,1224,1
2025-05-06 22:43:26,1203,0
2025-05-06 22:43:26,1204,0
2025-05-06 22:43:26,1223,0
2025-05-06 22:43:26,1224,0
2025-05-06 22:43:27,66,0
2025-05-06 22:43:27,67,0
2025-05-06 22:43:31,807,1
2025-05-06 22:43:35,807,3
2025-05-06 22:43:35,1224,6
2025-05-06 22:43:38,1223,6
2025-05-06 22:43:38,1204,6
2025-05-06 22:43:38,1203,6
2025-05-06 22:43:39,67,6
2025-05-06 22:43:40,66,6
2025-05-06 22:43:40,801,3
2025-05-06 22:43:44,807,2
2025-05-06 23:35:29,1605,1
2025-05-07 04:56:49,67,1
2025-05-07 04:56:49,1204,1
2025-05-07 04:56:49,1224,1
2025-05-07 04:56:56,807,1
2025-05-07 04:57:00,1224,0
2025-05-07 04:57:01,1224,1
2025-05-07 04:57:03,1224,0
2025-05-07 04:57:04,1224,1
2025-05-07 04:57:06,1224,0
2025-05-07 04:57:16,1224,1
2025-05-07 04:57:18,1224,0
2025-05-07 04:57:21,1224,1
2025-05-07 04:57:23,1224,0
2025-05-07 04:57:24,1224,1
2025-05-07 04:57:26,1224,0
2025-05-07 04:57:32,1204,0
2025-05-07 04:58:37,1204,1
2025-05-07 04:58:42,1224,1
2025-05-07 04:58:50,1224,0
2025-05-07 04:58:51,1224,1
2025-05-07 04:59:00,1224,0
2025-05-07 04:59:02,1224,1
2025-05-07 04:59:05,1224,0
2025-05-07 04:59:07,1224,1
2025-05-07 04:59:09,1224,0
2025-05-07 04:59:11,1224,1
2025-05-07 04:59:13,1224,0
2025-05-07 04:59:14,1224,1
2025-05-07 04:59:16,1224,0
2025-05-07 04:59:25,1204,0
2025-05-07 05:01:08,67,3
2025-05-07 05:01:08,1204,6
2025-05-07 05:01:08,1224,6
2025-05-07 05:01:08,807,3
2025-05-07 05:01:08,1605,3
2025-05-07 05:01:10,67,2
2025-05-07 05:01:20,807,2
2025-05-07 05:53:19,1204,1
2025-05-07 05:53:21,1204,0
2025-05-07 05:53:39,67,1
2025-05-07 05:53:39,1204,1
2025-05-07 05:53:39,1224,1
2025-05-07 05:53:41,1224,0
2025-05-07 05:53:41,1204,0
2025-05-07 05:53:46,807,1
2025-05-07 05:54:50,67,3
2025-05-07 05:54:50,1204,6
2025-05-07 05:54:50,1224,6
2025-05-07 05:54:50,807,3
2025-05-07 05:54:52,67,2
2025-05-07 05:55:01,807,2
2025-05-07 06:21:21,1606,1
2025-05-07 06:22:55,1606,0
2025-05-07 06:23:21,2605,1
2025-05-07 07:13:00,2605,0
2025-05-07 08:45:33,66,1
2025-05-07 08:45:40,807,1
2025-05-07 08:47:42,66,0
2025-05-07 08:52:18,66,6
2025-05-07 08:52:18,2605,6
2025-05-07 08:52:18,807,3
2025-05-07 08:52:18,1606,6
2025-05-07 08:52:20,807,2
2025-05-07 08:54:00,1605,2
2025-05-07 09:35:19,1606,1
2025-05-07 09:35:19,1655,1
2025-05-07 09:35:21,1606,0
2025-05-07 09:35:21,1655,0
2025-05-07 09:35:53,1606,6
2025-05-07 09:35:53,1655,6
2025-05-07 10:31:09,66,1
2025-05-07 10:31:09,1653,1
2025-05-07 10:31:11,66,0
2025-05-07 10:31:16,807,1
2025-05-07 10:31:58,66,6
2025-05-07 10:31:58,807,3
2025-05-07 10:31:58,1653,3
2025-05-07 10:32:01,807,2
2025-05-07 10:32:08,1653,2
2025-05-07 10:33:50,1605,1
2025-05-07 10:35:11,2605,1
2025-05-07 10:35:17,2605,0
2025-05-07 10:35:18,2605,1
2025-05-07 10:35:20,2605,0
2025-05-07 12:17:02,66,1
2025-05-07 12:17:08,1203,1
2025-05-07 12:17:08,1223,1
2025-05-07 12:17:08,807,1
2025-05-07 12:18:25,1223,0
2025-05-07 12:18:26,1203,0
2025-05-07 12:19:33,66,0
2025-05-07 12:19:35,66,6
2025-05-07 12:19:35,2605,6
2025-05-07 12:19:35,1203,6
2025-05-07 12:19:35,1223,6
2025-05-07 12:19:35,807,3
2025-05-07 12:19:35,1605,3
2025-05-07 12:19:43,807,2
2025-05-07 13:21:20,67,1
2025-05-07 13:21:20,1204,1
2025-05-07 13:21:20,1224,1
2025-05-07 13:21:27,807,1
2025-05-07 13:22:35,1224,0
2025-05-07 13:22:37,1224,1
2025-05-07 13:22:40,1224,0
2025-05-07 13:22:40,1204,0
2025-05-07 13:27:58,67,0
2025-05-07 13:27:58,67,6
2025-05-07 13:27:58,1204,6
2025-05-07 13:27:58,1224,6
2025-05-07 13:27:58,807,3
2025-05-07 13:28:07,807,2
2025-05-07 14:00:13,1605,2
2025-05-07 14:00:15,1605,1
2025-05-07 14:00:19,1605,0
2025-05-07 14:00:19,1605,1
2025-05-07 14:03:34,1606,1
2025-05-07 14:03:50,1605,0
2025-05-07 14:04:45,1606,0
2025-05-07 14:38:11,1605,1
2025-05-07 17:26:50,1606,1
2025-05-07 17:28:01,1606,0
2025-05-07 18:27:43,1605,0
2025-05-07 18:56:37,66,1
2025-05-07 18:56:38,1203,1
2025-05-07 18:56:38,1223,1
2025-05-07 18:56:42,1223,0
2025-05-07 18:56:42,1203,0
2025-05-07 18:56:44,807,1
2025-05-07 18:59:04,66,3
2025-05-07 18:59:04,1203,6
2025-05-07 18:59:04,1223,6
2025-05-07 18:59:04,807,3
2025-05-07 18:59:04,1605,6
2025-05-07 18:59:04,1606,6
2025-05-07 18:59:06,66,2
2025-05-07 18:59:14,807,2
2025-05-07 19:22:26,1605,1
2025-05-07 19:22:37,1605,0
2025-05-07 19:23:40,1605,1
2025-05-07 20:54:31,1605,0
2025-05-07 20:54:31,1605,1
2025-05-07 21:12:27,1605,0
2025-05-07 21:12:30,1605,1
2025-05-07 21:33:15,66,1
2025-05-07 21:33:22,1203,1
2025-05-07 21:33:22,1223,1
2025-05-07 21:33:22,807,1
2025-05-07 21:34:12,1223,0
2025-05-07 21:34:12,1203,0
2025-05-07 21:35:49,66,0
2025-05-07 21:35:50,66,6
2025-05-07 21:35:50,1203,6
2025-05-07 21:35:50,1223,6
2025-05-07 21:35:50,807,3
2025-05-07 21:35:50,1605,3
2025-05-07 21:35:58,807,2
2025-05-07 21:36:44,67,1
2025-05-07 21:36:44,1204,1
2025-05-07 21:36:44,1224,1
2025-05-07 21:36:50,807,1
2025-05-07 21:36:59,1224,0
2025-05-07 21:37:00,1204,0
2025-05-07 21:38:13,67,3
2025-05-07 21:38:13,1204,6
2025-05-07 21:38:13,1224,6
2025-05-07 21:38:13,807,3
2025-05-07 21:38:15,67,2
2025-05-07 21:38:24,807,2
2025-05-07 21:53:48,67,1
2025-05-07 21:53:48,1204,1
2025-05-07 21:53:48,1224,1
2025-05-07 21:53:55,807,1
2025-05-07 21:53:55,1224,0
2025-05-07 21:54:00,1204,0
2025-05-07 21:54:31,1204,1
2025-05-07 21:54:41,1204,0
2025-05-07 21:55:09,1204,1
2025-05-07 21:55:09,1224,1
2025-05-07 21:55:11,1224,0
2025-05-07 21:55:18,1204,0
2025-05-07 21:56:32,1204,1
2025-05-07 21:56:39,1204,0
2025-05-07 21:57:11,1204,1
2025-05-07 21:57:16,1224,1
2025-05-07 21:57:18,1224,0
2025-05-07 21:57:22,1204,0
2025-05-07 21:58:30,1204,1
2025-05-07 21:58:33,1224,1
2025-05-07 21:58:35,1224,0
2025-05-07 21:58:36,1224,1
2025-05-07 21:58:38,1224,0
2025-05-07 21:58:40,1204,0
2025-05-07 21:59:14,67,3
2025-05-07 21:59:14,1204,6
2025-05-07 21:59:14,1224,6
2025-05-07 21:59:14,807,3
2025-05-07 21:59:16,67,2
2025-05-07 21:59:24,807,2
2025-05-07 22:44:33,1606,1
2025-05-07 22:44:40,1605,2
2025-05-07 22:45:57,1606,0
2025-05-07 23:46:13,1606,6
2025-05-08 01:23:05,801,2
2025-05-08 01:23:12,801,1
2025-05-09 02:01:19,805,1
2025-05-09 02:01:25,805,0
2025-05-09 02:01:31,805,6
2025-05-09 02:01:31,801,3
2025-05-10 05:30:51,1605,1
2025-05-10 05:31:04,2608,1
2025-05-10 05:31:04,2652,1
2025-05-10 05:31:06,2608,0
2025-05-10 05:31:06,2652,0
2025-05-10 05:31:37,2608,6
2025-05-10 05:31:37,2652,6
2025-05-10 05:31:37,1605,3
2025-05-10 05:32:08,2608,1
2025-05-10 05:32:08,2652,1
2025-05-10 05:32:10,2608,0
2025-05-10 05:32:10,2652,0
2025-05-10 05:32:13,2608,6
2025-05-10 05:32:13,2652,6
2025-05-10 05:32:26,1606,1
2025-05-10 05:32:29,1606,0
2025-05-10 05:32:54,1605,2
2025-05-10 05:33:04,1606,1
2025-05-10 05:33:29,1606,0
2025-05-10 05:39:15,1605,1
2025-05-10 08:32:09,1605,0
2025-05-10 08:32:10,1605,1
2025-05-10 08:32:20,1605,0
2025-05-10 08:32:21,1605,1
2025-05-10 08:32:24,1605,0
2025-05-10 08:32:25,1605,1
2025-05-10 08:32:29,1605,0
2025-05-10 08:32:30,1605,1
2025-05-10 08:32:33,1605,0
2025-05-10 08:32:34,1605,1
2025-05-10 08:32:38,1605,0
2025-05-10 08:32:39,1605,1
2025-05-10 08:32:42,1605,0
2025-05-10 08:32:44,1605,1
2025-05-10 08:32:47,1605,0
2025-05-10 08:32:48,1605,1
2025-05-10 08:32:52,1605,0
2025-05-10 08:32:53,1605,1
2025-05-10 08:32:56,1605,0
2025-05-10 08:32:58,1605,1
2025-05-10 08:33:01,1605,0
2025-05-10 08:33:02,1605,1
2025-05-10 08:33:05,1605,0
2025-05-10 08:33:07,1605,1
2025-05-10 08:33:10,1605,0
2025-05-10 08:33:11,1605,1
2025-05-10 08:33:14,1605,0
2025-05-10 08:33:16,1605,1
2025-05-10 08:33:19,1605,0
2025-05-10 08:33:20,1605,1
2025-05-10 08:33:24,1605,0
2025-05-10 08:33:25,1605,1
2025-05-10 08:33:28,1605,0
2025-05-10 08:33:29,1605,1
2025-05-10 08:33:32,1605,0
2025-05-10 08:33:34,1605,1
2025-05-10 08:33:37,1605,0
2025-05-10 08:33:39,1605,1
2025-05-10 08:33:41,1605,0
2025-05-10 08:33:43,1605,1
2025-05-10 08:33:46,1605,0
2025-05-10 08:33:48,1605,1
2025-05-10 08:33:51,1605,0
2025-05-10 08:33:52,1605,1
2025-05-10 08:33:55,1605,0
2025-05-10 08:33:57,1605,1
2025-05-10 08:34:00,1605,0
2025-05-10 08:34:01,1605,1
2025-05-10 08:34:04,1605,0
2025-05-10 08:34:06,1605,1
2025-05-10 08:34:09,1605,0
2025-05-10 08:34:10,1605,1
2025-05-10 08:34:13,1605,0
2025-05-10 08:34:15,1605,1
2025-05-10 08:34:18,1605,0
2025-05-10 08:34:19,1605,1
2025-05-10 08:34:27,1605,0
2025-05-10 08:34:28,1605,1
2025-05-10 08:34:49,1605,0
2025-05-10 08:34:50,1605,1
2025-05-10 08:34:54,1605,0
2025-05-10 08:34:55,1605,1
2025-05-10 08:34:58,1605,0
2025-05-10 08:34:59,1605,1
2025-05-10 08:37:05,1605,0
2025-05-10 08:37:06,1605,1
2025-05-10 08:37:09,1605,0
2025-05-10 08:37:10,1605,1
2025-05-10 08:37:13,1605,0
2025-05-10 08:37:15,1605,1
2025-05-10 08:37:18,1605,0
2025-05-10 08:37:19,1605,1
2025-05-10 08:37:22,1605,0
2025-05-10 08:37:24,1605,1
2025-05-10 08:37:27,1605,0
2025-05-10 08:37:28,1605,1
2025-05-10 08:37:31,1605,0
2025-05-10 08:37:33,1605,1
2025-05-10 08:37:36,1605,0
2025-05-10 08:37:37,1605,1
2025-05-10 08:37:41,1605,0
2025-05-10 08:37:42,1605,1
2025-05-10 08:37:45,1605,0
2025-05-10 08:37:46,1605,1
2025-05-10 08:37:50,1605,0
2025-05-10 08:37:51,1605,1
2025-05-10 08:37:54,1605,0
2025-05-10 08:37:56,1605,1
2025-05-10 08:37:59,1605,0
2025-05-10 08:38:00,1605,1
2025-05-10 08:38:03,1605,0
2025-05-10 08:38:04,1605,1
2025-05-10 08:38:08,1605,0
2025-05-10 08:38:09,1605,1
2025-05-10 08:38:12,1605,0
2025-05-10 08:38:14,1605,1
2025-05-10 08:38:17,1605,0
2025-05-10 08:38:18,1605,1
2025-05-10 08:38:21,1605,0
2025-05-10 08:38:23,1605,1
2025-05-10 08:38:26,1605,0
2025-05-10 08:38:27,1605,1
2025-05-10 08:38:31,1605,0
2025-05-10 08:38:32,1605,1
2025-05-10 08:38:35,1605,0
2025-05-10 08:38:36,1605,1
2025-05-10 08:41:13,1605,0
2025-05-10 08:41:13,1605,1
2025-05-10 08:41:17,1605,0
2025-05-10 08:41:18,1605,1
2025-05-10 08:41:22,1605,0
2025-05-10 08:41:22,1605,1
2025-05-10 08:41:26,1605,0
2025-05-10 08:41:27,1605,1
2025-05-10 08:41:30,1605,0
2025-05-10 08:41:32,1605,1
2025-05-10 08:41:35,1605,0
2025-05-10 08:41:36,1605,1
2025-05-10 08:41:39,1605,0
2025-05-10 08:41:41,1605,1
2025-05-10 08:41:44,1605,0
2025-05-10 08:41:45,1605,1
2025-05-10 08:41:48,1605,0
2025-05-10 08:41:48,1605,1
2025-05-10 08:41:52,1605,0
2025-05-10 08:41:53,1605,1
2025-05-10 08:41:57,1605,0
2025-05-10 08:41:57,1605,1
2025-05-10 08:42:01,1605,0
2025-05-10 08:42:02,1605,1
2025-05-10 08:42:06,1605,0
2025-05-10 08:42:06,1605,1
2025-05-10 08:42:11,1605,0
2025-05-10 08:42:12,1605,1
2025-05-10 08:42:15,1605,0
2025-05-10 08:42:17,1605,1
2025-05-10 08:42:20,1605,0
2025-05-10 08:42:21,1605,1
2025-05-10 08:42:25,1605,0
2025-05-10 08:42:26,1605,1
2025-05-10 08:42:29,1605,0
2025-05-10 08:42:30,1605,1
2025-05-10 08:42:34,1605,0
2025-05-10 08:42:34,1605,1
2025-05-10 08:42:38,1605,0
2025-05-10 08:42:39,1605,1
2025-05-10 08:42:42,1605,0
2025-05-10 08:42:43,1605,1
2025-05-10 08:42:47,1605,0
2025-05-10 08:42:47,1605,1
2025-05-10 08:42:51,1605,0
2025-05-10 08:42:52,1605,1
2025-05-10 08:42:56,1605,0
2025-05-10 08:42:57,1605,1
2025-05-10 08:43:00,1605,0
2025-05-10 08:43:01,1605,1
2025-05-10 08:43:05,1605,0
2025-05-10 08:43:06,1605,1
2025-05-10 08:43:09,1605,0
2025-05-10 08:43:10,1605,1
2025-05-10 08:43:14,1605,0
2025-05-10 08:43:15,1605,1
2025-05-10 08:43:19,1605,0
2025-05-10 08:43:20,1605,1
2025-05-10 08:43:23,1605,0
2025-05-10 08:43:24,1605,1
2025-05-10 08:43:28,1605,0
2025-05-10 08:43:29,1605,1
2025-05-10 08:43:32,1605,0
2025-05-10 08:43:33,1605,1
2025-05-10 08:43:37,1605,0
2025-05-10 08:43:38,1605,1
2025-05-10 08:43:41,1605,0
2025-05-10 08:43:43,1605,1
2025-05-10 08:43:46,1605,0
2025-05-10 08:43:47,1605,1
2025-05-10 08:43:50,1605,0
2025-05-10 08:43:51,1605,1
2025-05-10 08:46:53,1605,0
2025-05-10 08:46:54,1605,1
2025-05-10 08:46:57,1605,0
2025-05-10 08:46:58,1605,1
2025-05-10 08:47:01,1605,0
2025-05-10 08:47:03,1605,1
2025-05-10 08:47:06,1605,0
2025-05-10 08:47:07,1605,1
2025-05-10 08:48:40,1605,0
2025-05-10 08:48:41,1605,1
2025-05-10 08:48:44,1605,0
2025-05-10 08:48:45,1605,1
2025-05-10 08:48:49,1605,0
2025-05-10 08:48:50,1605,1
2025-05-10 08:49:11,1605,0
2025-05-10 08:49:12,1605,1
2025-05-10 08:49:15,1605,0
2025-05-10 08:49:17,1605,1
2025-05-10 08:49:20,1605,0
2025-05-10 08:49:21,1605,1
2025-05-10 08:49:24,1605,0
2025-05-10 08:49:25,1605,1
2025-05-10 08:49:29,1605,0
2025-05-10 08:49:30,1605,1
2025-05-10 08:49:33,1605,0
2025-05-10 08:49:34,1605,1
2025-05-10 08:49:38,1605,0
2025-05-10 08:49:39,1605,1
2025-05-10 08:49:42,1605,0
2025-05-10 08:49:43,1605,1
2025-05-10 08:49:46,1605,0
2025-05-10 08:49:48,1605,1
2025-05-10 08:49:51,1605,0
2025-05-10 08:49:52,1605,1
2025-05-10 08:49:55,1605,0
2025-05-10 08:49:56,1605,1
2025-05-10 08:49:59,1605,0
2025-05-10 08:50:01,1605,1
2025-05-10 08:50:04,1605,0
2025-05-10 08:50:04,1605,1
2025-05-10 08:50:08,1605,0
2025-05-10 08:50:10,1605,1
2025-05-10 08:50:13,1605,0
2025-05-10 08:50:14,1605,1
2025-05-10 08:50:17,1605,0
2025-05-10 08:50:18,1605,1
2025-05-10 08:50:21,1605,0
2025-05-10 08:50:22,1605,1
2025-05-10 08:50:26,1605,0
2025-05-10 08:50:27,1605,1
2025-05-10 08:50:30,1605,0
2025-05-10 08:50:31,1605,1
2025-05-10 08:50:34,1605,0
2025-05-10 08:50:34,1605,1
2025-05-10 08:50:38,1605,0
2025-05-10 08:50:38,1605,1
2025-05-10 08:50:42,1605,0
2025-05-10 08:50:42,1605,1
2025-05-10 08:50:47,1605,0
2025-05-10 08:50:48,1605,1
2025-05-10 08:50:52,1605,0
2025-05-10 08:50:52,1605,1
2025-05-10 08:50:56,1605,0
2025-05-10 08:50:57,1605,1
2025-05-10 08:51:00,1605,0
2025-05-10 08:51:00,1605,1
2025-05-10 08:51:17,1605,0
2025-05-10 08:51:18,1605,1
2025-05-10 08:51:22,1605,0
2025-05-10 08:51:23,1605,1
2025-05-10 08:53:14,1605,0
2025-05-10 08:53:14,1605,1
2025-05-10 08:54:47,1605,0
2025-05-10 08:54:48,1605,1
2025-05-10 08:54:52,1605,0
2025-05-10 08:54:52,1605,1
2025-05-10 08:54:55,1605,0
2025-05-10 08:54:56,1605,1
2025-05-10 08:55:00,1605,0
2025-05-10 08:55:01,1605,1
2025-05-10 08:55:03,1605,0
2025-05-10 08:55:05,1605,1
2025-05-10 08:55:08,1605,0
2025-05-10 08:55:08,1605,1
2025-05-10 08:55:12,1605,0
2025-05-10 08:55:13,1605,1
2025-05-10 08:55:16,1605,0
2025-05-10 08:55:16,1605,1
2025-05-10 08:55:20,1605,0
2025-05-10 08:55:21,1605,1
2025-05-10 08:55:23,1605,0
2025-05-10 08:55:25,1605,1
2025-05-10 08:55:28,1605,0
2025-05-10 08:55:29,1605,1
2025-05-10 08:55:31,1605,0
2025-05-10 08:55:33,1605,1
2025-05-10 08:55:36,1605,0
2025-05-10 08:55:37,1605,1
2025-05-10 08:55:39,1605,0
2025-05-10 08:55:41,1605,1
2025-05-10 08:55:44,1605,0
2025-05-10 08:55:45,1605,1
2025-05-10 08:55:47,1605,0
2025-05-10 08:55:48,1605,1
2025-05-10 08:55:51,1605,0
2025-05-10 08:55:52,1605,1
2025-05-10 08:55:56,1605,0
2025-05-10 08:55:56,1605,1
2025-05-10 08:55:59,1605,0
2025-05-10 08:56:01,1605,1
2025-05-10 08:56:36,1605,0
2025-05-10 08:56:37,1605,1
2025-05-10 08:56:40,1605,0
2025-05-10 08:56:41,1605,1
2025-05-10 08:57:12,1605,0
2025-05-10 08:57:14,1605,1
2025-05-10 08:57:53,1605,0
2025-05-10 08:57:54,1605,1
2025-05-10 08:57:57,1605,0
2025-05-10 08:57:58,1605,1
2025-05-10 08:58:01,1605,0
2025-05-10 08:58:02,1605,1
2025-05-10 08:58:05,1605,0
2025-05-10 08:58:06,1605,1
2025-05-10 08:58:09,1605,0
2025-05-10 08:58:10,1605,1
2025-05-10 08:58:25,1605,0
2025-05-10 08:58:26,1605,1
2025-05-10 08:58:33,1605,0
2025-05-10 08:58:34,1605,1
2025-05-10 08:58:37,1605,0
2025-05-10 08:58:38,1605,1
2025-05-10 08:58:41,1605,0
2025-05-10 08:58:42,1605,1
2025-05-10 08:58:45,1605,0
2025-05-10 08:58:46,1605,1
2025-05-10 08:58:49,1605,0
2025-05-10 08:58:49,1605,1
2025-05-10 08:58:53,1605,0
2025-05-10 08:58:54,1605,1
2025-05-10 08:58:57,1605,0
2025-05-10 08:58:57,1605,1
2025-05-10 08:59:05,1605,0
2025-05-10 08:59:06,1605,1
2025-05-10 08:59:09,1605,0
2025-05-10 08:59:10,1605,1
2025-05-10 08:59:13,1605,0
2025-05-10 08:59:14,1605,1
2025-05-10 08:59:17,1605,0
2025-05-10 08:59:18,1605,1
2025-05-10 08:59:21,1605,0
2025-05-10 08:59:22,1605,1
2025-05-10 08:59:25,1605,0
2025-05-10 08:59:26,1605,1
2025-05-10 08:59:29,1605,0
2025-05-10 08:59:29,1605,1
2025-05-10 08:59:33,1605,0
2025-05-10 08:59:34,1605,1
2025-05-10 08:59:37,1605,0
2025-05-10 08:59:38,1605,1
2025-05-10 08:59:41,1605,0
2025-05-10 08:59:42,1605,1
2025-05-10 08:59:45,1605,0
2025-05-10 08:59:46,1605,1
2025-05-10 08:59:49,1605,0
2025-05-10 08:59:50,1605,1
2025-05-10 09:00:17,1605,0
2025-05-10 09:00:18,1605,1
2025-05-10 09:00:21,1605,0
2025-05-10 09:00:22,1605,1
2025-05-10 09:00:25,1605,0
2025-05-10 09:00:26,1605,1
2025-05-10 09:00:28,1605,0
2025-05-10 09:00:30,1605,1
2025-05-10 09:00:32,1605,0
2025-05-10 09:00:34,1605,1
2025-05-10 09:00:36,1605,0
2025-05-10 09:00:37,1605,1
2025-05-10 09:00:40,1605,0
2025-05-10 09:00:41,1605,1
2025-05-10 09:00:44,1605,0
2025-05-10 09:00:45,1605,1
2025-05-10 09:00:48,1605,0
2025-05-10 09:00:49,1605,1
2025-05-10 09:00:53,1605,0
2025-05-10 09:00:53,1605,1
2025-05-10 09:00:56,1605,0
2025-05-10 09:00:57,1605,1
2025-05-10 09:01:00,1605,0
2025-05-10 09:01:00,1605,1
2025-05-10 09:01:04,1605,0
2025-05-10 09:01:04,1605,1
2025-05-10 09:01:32,1605,0
2025-05-10 09:01:32,1605,1
2025-05-10 09:01:35,1605,0
2025-05-10 09:01:36,1605,1
2025-05-10 09:02:32,1605,0
2025-05-10 09:02:33,1605,1
2025-05-10 09:02:36,1605,0
2025-05-10 09:02:37,1605,1
2025-05-10 09:02:40,1605,0
2025-05-10 09:02:41,1605,1
2025-05-10 09:03:18,1605,0
2025-05-10 09:03:19,1605,1
2025-05-10 09:03:22,1605,0
2025-05-10 09:03:23,1605,1
2025-05-10 09:03:26,1605,0
2025-05-10 09:03:27,1605,1
2025-05-10 09:03:30,1605,0
2025-05-10 09:03:31,1605,1
2025-05-10 09:03:37,1605,0
2025-05-10 09:03:38,1605,1
2025-05-10 09:03:41,1605,0
2025-05-10 09:03:42,1605,1
2025-05-10 09:03:52,1605,0
2025-05-10 09:03:53,1605,1
2025-05-10 09:03:56,1605,0
2025-05-10 09:03:57,1605,1
2025-05-10 09:04:00,1605,0
2025-05-10 09:04:01,1605,1
2025-05-10 09:04:04,1605,0
2025-05-10 09:04:05,1605,1
2025-05-10 09:04:08,1605,0
2025-05-10 09:04:09,1605,1
2025-05-10 09:04:11,1605,0
2025-05-10 09:04:13,1605,1
2025-05-10 09:04:15,1605,0
2025-05-10 09:04:16,1605,1
2025-05-10 09:04:19,1605,0
2025-05-10 09:04:20,1605,1
2025-05-10 09:04:27,1605,0
2025-05-10 09:04:28,1605,1
2025-05-10 09:04:31,1605,0
2025-05-10 09:04:32,1605,1
2025-05-10 09:04:35,1605,0
2025-05-10 09:04:36,1605,1
2025-05-10 09:04:39,1605,0
2025-05-10 09:04:40,1605,1
2025-05-10 09:07:31,1605,0
2025-05-10 09:07:32,1605,1
2025-05-10 09:08:01,1605,0
2025-05-10 09:08:02,1605,1
2025-05-10 09:11:11,1605,0
2025-05-10 09:11:11,1605,1
2025-05-10 09:11:15,1605,0
2025-05-10 09:11:15,1605,1
2025-05-10 09:12:06,2661,1
2025-05-10 09:13:35,2661,0
2025-05-10 09:15:17,66,1
2025-05-10 09:15:24,807,1
2025-05-10 09:18:53,1203,1
2025-05-10 09:18:53,1223,1
2025-05-10 09:19:05,1223,0
2025-05-10 09:19:05,1203,0
2025-05-10 09:20:15,66,3
2025-05-10 09:20:15,2661,6
2025-05-10 09:20:15,1203,6
2025-05-10 09:20:15,1223,6
2025-05-10 09:20:15,807,3
2025-05-10 09:20:15,1605,3
2025-05-10 09:20:15,1606,6
2025-05-10 09:20:53,66,2
2025-05-10 09:21:02,807,2
2025-05-10 09:22:20,1606,1
2025-05-10 09:22:22,1606,0
2025-05-10 09:22:23,1605,2
2025-05-10 09:22:25,1605,1
2025-05-10 09:22:27,1605,0
2025-05-10 09:22:29,1605,1
2025-05-10 09:22:31,1605,0
2025-05-10 09:22:33,1605,1
2025-05-10 09:22:35,1605,0
2025-05-10 09:22:36,1606,1
2025-05-10 09:23:03,2605,1
2025-05-10 09:23:07,1606,0
2025-05-10 09:23:14,2605,0
2025-05-10 09:23:22,2605,1
2025-05-10 09:23:38,2605,0
2025-05-10 09:33:08,2605,6
2025-05-10 09:33:08,1605,6
2025-05-10 09:33:08,1606,6
2025-05-10 09:52:59,1605,1
2025-05-10 09:55:53,1606,1
2025-05-10 09:55:57,1605,0
2025-05-10 09:55:58,1605,1
2025-05-10 09:56:00,1605,0
2025-05-10 09:56:40,1606,0
2025-05-10 10:01:01,1605,1
2025-05-10 10:01:03,1605,0
2025-05-10 10:01:04,1605,1
2025-05-10 10:01:06,1605,0
2025-05-10 10:01:07,1605,1
2025-05-10 10:01:09,1605,0
2025-05-10 10:01:10,1605,1
2025-05-10 10:01:12,1605,0
2025-05-10 10:01:13,1605,1
2025-05-10 10:01:15,1605,0
2025-05-10 10:01:16,1605,1
2025-05-10 10:03:21,2605,1
2025-05-10 10:03:21,1605,0
2025-05-10 10:03:22,1605,1
2025-05-10 10:03:24,1605,0
2025-05-10 10:03:26,1605,1
2025-05-10 10:03:28,1605,0
2025-05-10 10:03:28,1606,1
2025-05-10 10:03:29,1605,1
2025-05-10 10:03:31,1605,0
2025-05-10 10:03:32,1605,1
2025-05-10 10:03:35,1605,0
2025-05-10 10:05:16,2605,0
2025-05-10 10:05:17,1606,0
2025-05-10 10:50:23,26,1
2025-05-10 10:50:30,26,0
2025-05-10 11:54:35,26,1
2025-05-10 18:29:51,26,3
2025-05-10 18:29:52,1605,6
2025-05-10 18:29:53,1606,6
2025-05-10 18:29:54,2605,6
2025-05-10 19:02:44,26,2
2025-05-10 19:02:45,26,1
2025-05-10 20:13:39,26,0
2025-05-10 20:13:41,26,1
2025-05-10 20:13:43,26,0
2025-05-10 20:17:40,26,1
2025-05-11 00:55:03,26,0
2025-05-11 00:56:05,26,1
2025-05-11 00:56:07,26,0
2025-05-11 00:56:40,26,1
2025-05-11 00:56:43,1804,1
2025-05-11 00:56:50,1804,0
2025-05-12 16:00:52,1804,6
2025-05-12 16:00:52,26,3
2025-05-12 16:00:56,26,2
2025-05-13 07:47:36,1605,1
2025-05-13 10:01:01,1605,0
2025-05-13 10:01:01,1605,1
2025-05-13 10:01:04,1605,0
2025-05-13 10:01:05,1605,1
2025-05-13 10:03:51,1605,0
2025-05-13 10:03:52,1605,1
2025-05-13 10:03:55,1605,0
2025-05-13 10:03:56,1605,1
2025-05-13 10:03:59,1605,0
2025-05-13 10:04:00,1605,1
2025-05-13 10:04:03,1605,0
2025-05-13 10:04:04,1605,1
2025-05-13 10:04:06,1605,0
2025-05-13 10:04:08,1605,1
2025-05-13 10:04:10,1605,0
2025-05-13 10:04:11,1605,1
2025-05-13 10:04:14,1605,0
2025-05-13 10:04:15,1605,1
2025-05-13 10:04:18,1605,0
2025-05-13 10:04:19,1605,1
2025-05-13 10:04:22,1605,0
2025-05-13 10:04:23,1605,1
2025-05-13 10:06:47,1605,0
2025-05-13 10:06:48,1605,1
2025-05-13 10:06:51,1605,0
2025-05-13 10:06:52,1605,1
2025-05-13 10:06:55,1605,0
2025-05-13 10:06:56,1605,1
2025-05-13 10:06:59,1605,0
2025-05-13 10:07:00,1605,1
2025-05-13 10:07:02,1605,0
2025-05-13 10:07:03,1605,1
2025-05-13 10:07:06,1605,0
2025-05-13 10:07:07,1605,1
2025-05-13 10:07:10,1605,0
2025-05-13 10:07:11,1605,1
2025-05-13 10:07:14,1605,0
2025-05-13 10:07:15,1605,1
2025-05-13 10:07:18,1605,0
2025-05-13 10:07:19,1605,1
2025-05-13 10:07:37,1605,0
2025-05-13 10:07:37,1605,1
2025-05-13 10:08:12,1605,0
2025-05-13 10:08:13,1605,1
2025-05-13 10:08:15,1605,0
2025-05-13 10:08:16,1605,1
2025-05-13 10:08:19,1605,0
2025-05-13 10:08:20,1605,1
2025-05-13 10:08:23,1605,0
2025-05-13 10:08:24,1605,1
2025-05-13 10:08:27,1605,0
2025-05-13 10:08:28,1605,1
2025-05-13 10:08:31,1605,0
2025-05-13 10:08:32,1605,1
2025-05-13 10:08:34,1605,0
2025-05-13 10:08:36,1605,1
2025-05-13 10:08:38,1605,0
2025-05-13 10:08:39,1605,1
2025-05-13 10:08:42,1605,0
2025-05-13 10:08:43,1605,1
2025-05-13 10:08:46,1605,0
2025-05-13 10:08:47,1605,1
2025-05-13 10:08:50,1605,0
2025-05-13 10:08:51,1605,1
2025-05-13 10:08:54,1605,0
2025-05-13 10:08:55,1605,1
2025-05-13 10:08:58,1605,0
2025-05-13 10:08:59,1605,1
2025-05-13 10:09:43,1605,0
2025-05-13 10:09:44,1605,1
2025-05-13 10:13:15,1605,0
2025-05-13 10:13:16,1605,1
2025-05-13 10:13:19,1605,0
2025-05-13 10:13:20,1605,1
2025-05-13 10:13:23,1605,0
2025-05-13 10:13:24,1605,1
2025-05-13 10:13:27,1605,0
2025-05-13 10:13:28,1605,1
2025-05-13 10:13:31,1605,0
2025-05-13 10:13:32,1605,1
2025-05-13 10:13:34,1605,0
2025-05-13 10:13:35,1605,1
2025-05-13 10:13:46,1605,0
2025-05-13 10:13:47,1605,1
2025-05-13 10:13:49,1605,0
2025-05-13 10:13:50,1605,1
2025-05-13 10:13:53,1605,0
2025-05-13 10:13:54,1605,1
2025-05-13 10:13:57,1605,0
2025-05-13 10:13:58,1605,1
2025-05-13 10:14:01,1605,0
2025-05-13 10:14:02,1605,1
2025-05-13 10:14:15,1605,0
2025-05-13 10:14:16,1605,1
2025-05-13 10:14:19,1605,0
2025-05-13 10:14:20,1605,1
2025-05-13 10:15:58,1605,0
2025-05-13 10:15:59,1605,1
2025-05-13 10:16:02,1605,0
2025-05-13 10:16:02,1605,1
2025-05-13 10:16:09,1605,0
2025-05-13 10:16:10,1605,1
2025-05-13 10:16:13,1605,0
2025-05-13 10:16:14,1605,1
2025-05-13 10:16:16,1605,0
2025-05-13 10:16:17,1605,1
2025-05-13 10:16:20,1605,0
2025-05-13 10:16:21,1605,1
2025-05-13 10:16:24,1605,0
2025-05-13 10:16:25,1605,1
2025-05-13 10:16:28,1605,0
2025-05-13 10:16:29,1605,1
2025-05-13 10:16:43,1605,0
2025-05-13 10:16:44,1605,1
2025-05-13 10:16:47,1605,0
2025-05-13 10:16:47,1605,1
2025-05-13 10:16:50,1605,0
2025-05-13 10:16:51,1605,1
2025-05-13 10:16:54,1605,0
2025-05-13 10:16:55,1605,1
2025-05-13 10:16:57,1605,0
2025-05-13 10:16:58,1605,1
2025-05-13 10:17:01,1605,0
2025-05-13 10:17:02,1605,1
2025-05-13 10:17:05,1605,0
2025-05-13 10:17:06,1605,1
2025-05-13 10:18:32,1605,0
2025-05-13 10:18:33,1605,1
2025-05-13 10:18:35,1605,0
2025-05-13 10:18:37,1605,1
2025-05-13 10:18:39,1605,0
2025-05-13 10:18:40,1605,1
2025-05-13 10:18:43,1605,0
2025-05-13 10:18:44,1605,1
2025-05-13 10:18:46,1605,0
2025-05-13 10:18:48,1605,1
2025-05-13 10:18:50,1605,0
2025-05-13 10:18:51,1605,1
2025-05-13 10:18:54,1605,0
2025-05-13 10:18:55,1605,1
2025-05-13 10:18:58,1605,0
2025-05-13 10:18:59,1605,1
2025-05-13 10:19:02,1605,0
2025-05-13 10:19:03,1605,1
2025-05-13 10:19:05,1605,0
2025-05-13 10:19:07,1605,1
2025-05-13 10:19:09,1605,0
2025-05-13 10:19:10,1605,1
2025-05-13 10:19:13,1605,0
2025-05-13 10:19:14,1605,1
2025-05-13 10:19:17,1605,0
2025-05-13 10:19:18,1605,1
2025-05-13 10:19:20,1605,0
2025-05-13 10:19:22,1605,1
2025-05-13 10:19:24,1605,0
2025-05-13 10:19:25,1605,1
2025-05-13 10:19:28,1605,0
2025-05-13 10:19:29,1605,1
2025-05-13 10:19:32,1605,0
2025-05-13 10:19:33,1605,1
2025-05-13 10:19:35,1605,0
2025-05-13 10:19:36,1605,1
2025-05-13 10:19:39,1605,0
2025-05-13 10:19:40,1605,1
2025-05-13 10:19:43,1605,0
2025-05-13 10:19:44,1605,1
2025-05-13 10:19:47,1605,0
2025-05-13 10:19:48,1605,1
2025-05-13 10:22:42,1605,0
2025-05-13 10:22:43,1605,1
2025-05-13 10:22:45,1605,0
2025-05-13 10:22:46,1605,1
2025-05-13 10:22:49,1605,0
2025-05-13 10:22:50,1605,1
2025-05-13 10:22:52,1605,0
2025-05-13 10:22:54,1605,1
2025-05-13 10:22:56,1605,0
2025-05-13 10:22:57,1605,1
2025-05-13 10:23:00,1605,0
2025-05-13 10:23:01,1605,1
2025-05-13 10:23:04,1605,0
2025-05-13 10:23:05,1605,1
2025-05-13 10:23:08,1605,0
2025-05-13 10:23:08,1605,1
2025-05-13 10:25:33,1605,0
2025-05-13 10:25:34,1605,1
2025-05-13 10:25:37,1605,0
2025-05-13 10:25:38,1605,1
2025-05-13 10:25:41,1605,0
2025-05-13 10:25:41,1605,1
2025-05-13 10:25:44,1605,0
2025-05-13 10:25:45,1605,1
2025-05-13 10:25:48,1605,0
2025-05-13 10:25:49,1605,1
2025-05-13 10:25:52,1605,0
2025-05-13 10:25:53,1605,1
2025-05-13 10:25:56,1605,0
2025-05-13 10:25:57,1605,1
2025-05-13 10:25:59,1605,0
2025-05-13 10:26:00,1605,1
2025-05-13 10:26:26,1605,0
2025-05-13 10:26:26,1605,1
2025-05-13 10:26:29,1605,0
2025-05-13 10:26:30,1605,1
2025-05-13 10:26:41,1605,0
2025-05-13 10:26:42,1605,1
2025-05-13 10:26:44,1605,0
2025-05-13 10:26:45,1605,1
2025-05-13 10:26:48,1605,0
2025-05-13 10:26:49,1605,1
2025-05-13 10:27:23,1605,0
2025-05-13 10:27:24,1605,1
2025-05-13 10:27:27,1605,0
2025-05-13 10:27:28,1605,1
2025-05-13 10:27:54,1605,0
2025-05-13 10:27:55,1605,1
2025-05-13 10:30:04,2605,1
2025-05-13 10:30:12,1606,1
2025-05-13 10:30:14,1605,0
2025-05-13 10:30:15,1605,1
2025-05-13 10:30:17,1605,0
2025-05-13 10:30:19,1605,1
2025-05-13 10:30:21,1605,0
2025-05-13 10:30:23,1203,1
2025-05-13 10:30:23,1605,1
2025-05-13 10:30:25,1605,0
2025-05-13 10:30:26,1606,0
2025-05-13 10:30:27,1203,0
2025-05-13 10:30:28,1605,1
2025-05-13 10:30:30,1605,0
2025-05-13 10:30:32,1605,1
2025-05-13 10:30:34,1605,0
2025-05-13 10:30:40,66,1
2025-05-13 10:30:40,1653,1
2025-05-13 10:30:40,1203,1
2025-05-13 10:30:40,1223,1
2025-05-13 10:30:42,1223,0
2025-05-13 10:30:44,1203,0
2025-05-13 10:30:47,807,1
2025-05-13 10:31:12,66,0
2025-05-13 10:33:45,66,6
2025-05-13 10:33:45,2605,3
2025-05-13 10:33:45,1203,6
2025-05-13 10:33:45,1223,6
2025-05-13 10:33:45,807,3
2025-05-13 10:33:45,1605,6
2025-05-13 10:33:45,1606,6
2025-05-13 10:33:45,1653,3
2025-05-13 10:33:47,807,2
2025-05-13 10:33:56,1653,2
2025-05-13 10:35:54,1606,1
2025-05-13 10:37:07,2605,2
2025-05-13 10:37:09,1606,0
2025-05-13 11:12:08,67,1
2025-05-13 11:12:08,1204,1
2025-05-13 11:12:08,1224,1
2025-05-13 11:12:14,807,1
2025-05-13 11:12:18,66,1
2025-05-13 11:12:18,1203,1
2025-05-13 11:12:18,1223,1
2025-05-13 11:13:16,1203,0
2025-05-13 11:13:16,1204,0
2025-05-13 11:13:16,1223,0
2025-05-13 11:13:16,1224,0
2025-05-13 11:13:18,66,0
2025-05-13 11:13:18,67,0
2025-05-13 11:13:22,26,1
2025-05-13 11:13:24,26,3
2025-05-13 11:13:25,1223,6
2025-05-13 11:13:25,1203,6
2025-05-13 11:13:25,66,6
2025-05-13 11:13:25,807,3
2025-05-13 11:13:26,1224,6
2025-05-13 11:13:26,1204,6
2025-05-13 11:13:27,67,6
2025-05-13 11:13:27,1606,6
2025-05-13 11:13:30,26,2
2025-05-13 11:13:31,807,2
2025-05-13 11:13:50,1855,1
2025-05-13 11:13:59,26,1
2025-05-13 11:13:59,1855,0
2025-05-13 11:14:11,26,0
2025-05-13 11:14:31,1855,1
2025-05-13 11:14:32,66,1
2025-05-13 11:14:32,67,1
2025-05-13 11:14:32,1203,1
2025-05-13 11:14:32,1204,1
2025-05-13 11:14:32,1223,1
2025-05-13 11:14:32,1224,1
2025-05-13 11:14:34,1224,3
2025-05-13 11:14:34,1223,3
2025-05-13 11:14:34,1204,3
2025-05-13 11:14:35,1203,3
2025-05-13 11:14:35,67,3
2025-05-13 11:14:35,66,3
2025-05-13 11:14:35,1855,3
2025-05-13 11:14:36,26,6
2025-05-13 11:14:39,807,1
2025-05-13 11:14:50,807,0
2025-05-13 11:14:53,26,1
2025-05-13 11:14:53,1855,2
2025-05-13 11:14:55,26,0
2025-05-13 11:15:05,26,6
2025-05-13 11:15:05,807,6
2025-05-13 11:15:11,26,1
2025-05-13 11:15:15,1203,2
2025-05-13 11:15:15,1204,2
2025-05-13 11:15:15,1223,2
2025-05-13 11:15:15,1224,2
2025-05-13 11:15:17,66,2
2025-05-13 11:15:17,67,2
2025-05-13 11:15:28,26,0
2025-05-13 12:00:20,26,1
2025-05-15 11:12:20,1605,1
2025-05-15 11:12:54,1652,1
2025-05-15 11:12:56,1605,0
2025-05-15 11:12:56,1652,0
2025-05-15 11:12:56,1652,1
2025-05-15 11:12:57,1605,1
2025-05-15 11:12:59,1652,0
2025-05-15 11:20:37,1652,1
2025-05-15 11:20:39,1652,0
2025-05-15 11:20:53,1652,1
2025-05-15 11:21:11,1652,0
2025-05-15 11:21:13,1652,1
2025-05-15 11:21:36,1605,0
2025-05-15 11:21:36,1605,1
2025-05-15 11:21:48,1605,0
2025-05-15 11:21:49,1605,1
2025-05-15 11:23:02,1605,0
2025-05-15 11:23:03,1605,1
2025-05-15 11:23:44,1652,0
2025-05-15 11:23:44,1652,1
2025-05-15 11:23:49,1605,0
2025-05-15 11:23:49,1605,1
2025-05-15 11:23:51,1652,0
2025-05-15 11:23:51,1652,1
2025-05-15 11:28:02,1652,0
2025-05-15 11:28:21,1652,1
2025-05-15 11:28:34,1652,0
2025-05-15 11:30:10,1652,1
2025-05-15 11:30:12,1652,0
2025-05-15 11:30:21,1605,0
2025-05-15 11:30:24,1652,1
2025-05-15 11:30:24,1605,1
2025-05-15 11:30:26,1605,0
2025-05-15 11:30:30,1652,0
2025-05-15 11:31:37,1652,1
2025-05-15 11:31:39,1652,0
2025-05-15 11:31:40,1652,1
2025-05-15 11:32:00,1652,0
2025-05-15 11:32:03,1652,1
2025-05-15 11:32:05,1652,0
2025-05-15 11:32:13,1652,1
2025-05-15 11:32:17,1652,0
2025-05-15 12:19:32,1652,6
2025-05-15 12:19:32,1605,6
2025-05-15 12:19:32,26,3
2025-05-16 15:01:03,26,2
2025-05-16 15:01:04,26,1
2025-05-16 15:01:53,66,1
2025-05-16 15:01:53,67,1
2025-05-16 15:01:53,1203,1
2025-05-16 15:01:53,1204,1
2025-05-16 15:01:53,1223,1
2025-05-16 15:01:53,1224,1
2025-05-16 15:01:55,1224,3
2025-05-16 15:01:55,1223,3
2025-05-16 15:01:55,1223,2
2025-05-16 15:01:55,1224,2
2025-05-16 15:01:56,1204,3
2025-05-16 15:01:56,1203,3
2025-05-16 15:01:56,67,3
2025-05-16 15:01:57,66,3
2025-05-16 15:01:57,26,3
2025-05-16 15:01:57,1203,2
2025-05-16 15:01:57,1204,2
2025-05-16 15:02:00,66,2
2025-05-16 15:02:00,67,2
2025-05-16 15:02:01,807,1
2025-05-16 15:02:06,807,3
2025-05-16 15:02:09,807,2
2025-05-16 15:08:43,26,2
2025-05-16 15:24:25,1855,1
2025-05-17 10:21:07,1855,3
2025-05-17 12:36:26,1855,2
2025-05-24 07:20:43,66,1
2025-05-24 07:20:43,67,1
2025-05-24 07:20:43,1203,1
2025-05-24 07:20:43,1204,1
2025-05-24 07:20:43,1223,1
2025-05-24 07:20:43,1224,1
2025-05-24 07:20:46,1203,0
2025-05-24 07:20:46,1204,0
2025-05-24 07:20:46,1223,0
2025-05-24 07:20:46,1224,0
2025-05-24 07:20:47,66,0
2025-05-24 07:20:47,67,0
2025-05-24 07:20:50,807,1
2025-05-24 07:20:58,807,3
2025-05-24 07:20:58,1224,6
2025-05-24 07:20:59,1223,6
2025-05-24 07:20:59,1204,6
2025-05-24 07:20:59,1203,6
2025-05-24 07:21:01,67,6
2025-05-24 07:21:01,66,6
2025-05-24 07:21:05,807,2
2025-05-24 07:21:10,66,1
2025-05-24 07:21:10,67,1
2025-05-24 07:21:10,1203,1
2025-05-24 07:21:10,1204,1
2025-05-24 07:21:10,1223,1
2025-05-24 07:21:10,1224,1
2025-05-24 07:21:12,66,0
2025-05-24 07:21:12,67,0
2025-05-24 07:21:12,1203,0
2025-05-24 07:21:12,1204,0
2025-05-24 07:21:12,1223,0
2025-05-24 07:21:12,1224,0
2025-05-24 07:21:14,1224,6
2025-05-24 07:21:15,1223,6
2025-05-24 07:21:15,1204,6
2025-05-24 07:21:15,1203,6
2025-05-24 07:21:16,67,6
2025-05-24 07:21:16,66,6
2025-05-24 07:21:17,807,1
2025-05-24 07:21:21,807,0
2025-05-24 07:22:08,807,6
2025-05-24 07:27:02,66,1
2025-05-24 07:27:09,807,1
2025-05-24 07:27:14,807,3
2025-05-24 07:27:14,66,3
2025-05-24 07:30:16,66,2
2025-05-24 07:30:23,807,2
2025-05-24 07:52:09,1855,1
2025-05-24 08:54:51,1855,0
2025-05-24 08:55:27,66,1
2025-05-24 08:55:27,67,1
2025-05-24 08:55:27,1203,1
2025-05-24 08:55:27,1204,1
2025-05-24 08:55:27,1223,1
2025-05-24 08:55:27,1224,1
2025-05-24 08:55:31,1203,0
2025-05-24 08:55:31,1204,0
2025-05-24 08:55:31,1223,0
2025-05-24 08:55:31,1224,0
2025-05-24 08:55:32,66,0
2025-05-24 08:55:32,67,0
2025-05-24 08:55:54,1224,6
2025-05-24 08:55:58,1223,6
2025-05-24 08:55:59,1204,6
2025-05-24 08:55:59,1203,6
2025-05-24 08:55:59,67,6
2025-05-24 08:55:59,66,6
2025-05-24 08:56:00,1855,6
2025-05-24 10:31:10,2,1
2025-05-24 13:49:54,2,0
2025-05-25 11:16:43,805,1
2025-05-25 12:16:37,2,1
2025-05-25 17:09:40,805,0
2025-05-26 02:52:15,2,0
2025-05-26 02:52:43,2,6
2025-05-26 02:52:44,805,6
2025-05-26 02:54:08,66,1
2025-05-26 02:54:15,807,1
2025-05-26 02:55:09,807,3
2025-05-26 02:55:09,66,3
2025-05-26 02:55:34,65,1
2025-05-26 02:55:34,1401,1
2025-05-26 02:55:34,1423,1
2025-05-26 02:55:42,1423,3
2025-05-26 02:55:42,1401,3
2025-05-26 02:55:42,65,3
2025-05-26 03:01:07,67,1
2025-05-26 03:01:34,67,3
2025-05-26 03:04:03,70,1
2025-05-26 03:04:11,70,3
2025-05-26 03:04:53,1204,1
2025-05-26 03:04:53,1224,1
2025-05-26 03:05:02,1224,0
2025-05-26 03:05:02,1204,0
2025-05-26 03:05:12,1204,6
2025-05-26 03:05:12,1224,6
2025-05-26 03:06:49,1204,1
2025-05-26 03:06:49,1224,1
2025-05-26 03:06:55,1224,0
2025-05-26 03:06:55,1204,0
2025-05-26 03:06:56,1203,1
2025-05-26 03:06:56,1223,1
2025-05-26 03:07:01,1223,0
2025-05-26 03:07:01,1203,0
2025-05-26 03:08:48,1223,6
2025-05-26 03:08:49,1203,6
2025-05-26 03:08:49,1224,6
2025-05-26 03:08:49,1204,6
2025-05-26 03:15:21,1401,2
2025-05-26 03:15:21,1423,2
2025-05-26 03:15:31,65,2
2025-05-26 03:15:31,66,2
2025-05-26 03:15:31,67,2
2025-05-26 03:15:31,70,2
2025-05-26 03:15:34,807,2
2025-05-26 03:16:06,65,1
2025-05-26 03:16:13,807,1
2025-05-26 03:16:17,65,0
2025-05-26 03:16:58,65,6
2025-05-26 03:16:58,807,3
2025-05-26 03:17:01,807,2
2025-05-26 09:10:58,67,1
2025-05-26 09:10:58,1204,1
2025-05-26 09:10:58,1224,1
2025-05-26 09:11:05,807,1
2025-05-26 09:11:07,1224,0
2025-05-26 09:11:07,1204,0
2025-05-26 09:11:18,66,1
2025-05-26 09:11:25,1203,1
2025-05-26 09:11:25,1223,1
2025-05-26 09:16:30,1223,0
2025-05-26 09:16:30,1203,0
2025-05-26 09:17:55,66,3
2025-05-26 09:17:55,67,3
2025-05-26 09:17:55,1203,6
2025-05-26 09:17:55,1204,6
2025-05-26 09:17:55,1223,6
2025-05-26 09:17:55,1224,6
2025-05-26 09:17:55,807,3
2025-05-26 09:17:57,66,2
2025-05-26 09:17:57,67,2
2025-05-26 09:18:05,807,2
2025-05-26 09:41:07,1606,1
2025-05-26 09:42:08,1606,0
2025-05-26 09:42:35,1606,1
2025-05-26 09:42:50,1606,0
2025-05-26 10:19:29,805,1
2025-05-26 10:19:32,805,0
2025-05-26 16:11:10,1204,1
2025-05-26 16:11:20,1204,0
2025-05-26 16:11:52,1204,1
2025-05-26 16:12:02,1204,0
2025-05-26 16:12:28,1204,1
2025-05-26 16:12:30,67,1
2025-05-26 16:12:31,1224,1
2025-05-26 16:12:33,1224,0
2025-05-26 16:12:37,807,1
2025-05-26 16:12:41,1204,0
2025-05-26 16:13:15,1204,1
2025-05-26 16:13:22,1204,0
2025-05-26 16:14:04,1204,1
2025-05-26 16:14:06,1204,0
2025-05-26 16:15:40,1204,1
2025-05-26 16:15:48,1204,0
2025-05-26 16:16:50,1204,1
2025-05-26 16:16:59,1204,0
2025-05-26 16:18:02,1204,1
2025-05-26 16:18:13,1204,0
2025-05-26 16:18:42,1204,1
2025-05-26 16:18:44,1204,0
2025-05-26 16:19:15,1204,1
2025-05-26 16:19:15,1224,1
2025-05-26 16:19:17,1224,0
2025-05-26 16:19:26,1204,0
2025-05-26 16:21:37,1204,1
2025-05-26 16:21:46,1204,0
2025-05-26 16:22:54,1204,1
2025-05-26 16:22:54,1224,1
2025-05-26 16:22:56,1224,0
2025-05-26 16:23:02,1204,0
2025-05-26 16:24:03,1204,1
2025-05-26 16:24:07,1204,0
2025-05-26 16:24:08,1204,1
2025-05-26 16:24:10,1204,0
2025-05-26 16:27:15,1204,1
2025-05-26 16:27:24,1204,0
2025-05-26 16:32:15,1204,1
2025-05-26 16:32:22,1204,0
2025-05-26 16:35:26,1204,1
2025-05-26 16:35:28,1204,0
2025-05-26 16:36:21,1204,1
2025-05-26 16:36:21,1224,1
2025-05-26 16:36:23,1224,0
2025-05-26 16:36:24,1204,0
2025-05-26 16:37:40,1204,1
2025-05-26 16:37:42,1204,0
2025-05-26 16:39:02,1204,1
2025-05-26 16:39:10,1204,0
2025-05-26 16:40:48,1204,1
2025-05-26 16:40:54,1204,0
2025-05-26 16:41:20,1204,1
2025-05-26 16:41:22,1204,0
2025-05-26 16:41:41,1204,1
2025-05-26 16:41:43,1204,0
2025-05-26 16:42:45,1204,1
2025-05-26 16:42:48,1204,0
2025-05-26 16:43:10,1204,1
2025-05-26 16:43:12,1204,0
2025-05-26 16:45:46,1204,1
2025-05-26 16:45:50,1204,0
2025-05-26 16:46:50,1204,1
2025-05-26 16:46:57,1204,0
2025-05-26 16:47:48,1204,1
2025-05-26 16:47:55,1204,0
2025-05-26 16:48:17,1204,1
2025-05-26 16:48:19,1204,0
2025-05-26 16:48:51,1204,1
2025-05-26 16:48:53,1204,0
2025-05-26 16:49:14,1204,1
2025-05-26 16:49:17,1204,0
2025-05-26 16:52:13,1204,1
2025-05-26 16:52:17,1204,0
2025-05-26 16:55:28,1204,1
2025-05-26 16:55:35,1204,0
2025-05-26 16:56:24,1204,1
2025-05-26 16:56:26,1204,0
2025-05-26 16:57:52,1204,1
2025-05-26 16:57:54,1204,0
2025-05-26 16:59:14,1204,1
2025-05-26 16:59:19,1224,1
2025-05-26 16:59:21,1224,0
2025-05-26 16:59:24,1204,0
2025-05-26 17:00:24,1204,1
2025-05-26 17:00:30,1204,0
2025-05-26 17:02:22,1204,1
2025-05-26 17:02:31,1204,0
2025-05-26 17:03:44,67,3
2025-05-26 17:03:44,1204,6
2025-05-26 17:03:44,1224,6
2025-05-26 17:03:44,805,6
2025-05-26 17:03:44,807,3
2025-05-26 17:03:44,1606,6
2025-05-26 17:05:38,1204,1
2025-05-26 17:05:38,1224,1
2025-05-26 17:05:44,1224,0
2025-05-26 17:05:45,1204,0
2025-05-26 17:07:18,1204,6
2025-05-26 17:07:18,1224,6
2025-05-26 17:08:18,1204,1
2025-05-26 17:08:18,1224,1
2025-05-26 17:08:20,66,1
2025-05-26 17:08:20,1203,1
2025-05-26 17:08:20,1223,1
2025-05-26 17:08:30,1223,0
2025-05-26 17:08:31,1203,0
2025-05-26 17:08:32,1224,0
2025-05-26 17:08:33,1204,0
2025-05-26 17:10:09,1204,1
2025-05-26 17:10:16,1204,0
2025-05-26 17:10:44,1204,1
2025-05-26 17:10:46,1204,0
2025-05-26 17:10:53,1203,1
2025-05-26 17:10:53,1223,1
2025-05-26 17:13:29,1204,1
2025-05-26 17:13:29,1224,1
2025-05-26 17:13:43,1223,0
2025-05-26 17:13:44,1203,0
2025-05-26 17:13:45,1224,0
2025-05-26 17:13:45,1204,0
2025-05-26 17:16:10,66,3
2025-05-26 17:16:10,1203,6
2025-05-26 17:16:10,1204,6
2025-05-26 17:16:10,1223,6
2025-05-26 17:16:10,1224,6
2025-05-26 17:16:50,1204,1
2025-05-26 17:16:50,1224,1
2025-05-26 17:16:59,1224,0
2025-05-26 17:17:00,1204,0
2025-05-26 17:18:21,1204,6
2025-05-26 17:18:21,1224,6
2025-05-26 17:21:20,66,2
2025-05-26 17:21:20,67,2
2025-05-26 17:21:29,807,2
2025-05-26 21:49:05,2661,1
2025-05-26 21:50:46,2661,0
2025-05-26 21:54:52,2661,6
2025-05-26 22:40:30,67,1
2025-05-26 22:40:30,1204,1
2025-05-26 22:40:30,1224,1
2025-05-26 22:40:37,807,1
2025-05-26 22:40:54,1224,0
2025-05-26 22:40:54,1204,0
2025-05-26 22:41:07,66,1
2025-05-26 22:41:07,1203,1
2025-05-26 22:41:07,1223,1
2025-05-26 22:41:19,1204,1
2025-05-26 22:41:19,1224,1
2025-05-26 22:41:46,26,1
2025-05-26 22:41:51,26,3
2025-05-26 22:41:51,1224,3
2025-05-26 22:41:52,1204,3
2025-05-26 22:41:55,66,0
2025-05-26 22:41:55,67,0
2025-05-26 22:41:55,1203,0
2025-05-26 22:41:55,1204,2
2025-05-26 22:41:55,1223,0
2025-05-26 22:41:55,1224,2
2025-05-26 22:42:03,66,1
2025-05-26 22:42:03,67,1
2025-05-26 22:42:03,1203,1
2025-05-26 22:42:03,1204,1
2025-05-26 22:42:03,1223,1
2025-05-26 22:42:03,1224,1
2025-05-26 22:42:06,26,2
2025-05-26 22:42:07,26,1
2025-05-26 22:42:08,1203,0
2025-05-26 22:42:08,1204,0
2025-05-26 22:42:08,1223,0
2025-05-26 22:42:08,1224,0
2025-05-26 22:42:10,66,0
2025-05-26 22:42:10,67,0
2025-05-26 22:42:37,807,0
2025-05-26 22:42:42,26,0
2025-05-26 22:43:02,1855,1
2025-05-26 22:43:02,807,1
2025-05-26 22:43:07,26,1
2025-05-26 22:43:07,1855,0
2025-05-26 22:43:09,26,0
2025-05-26 22:43:16,26,1
2025-05-26 22:43:19,26,0
2025-05-26 22:43:27,66,1
2025-05-26 22:43:27,67,1
2025-05-26 22:43:27,1203,1
2025-05-26 22:43:27,1204,1
2025-05-26 22:43:27,1223,1
2025-05-26 22:43:27,1224,1
2025-05-26 22:43:33,812,1
2025-05-26 22:43:33,852,1
2025-05-26 22:43:35,812,0
2025-05-26 22:43:35,1203,0
2025-05-26 22:43:35,1204,0
2025-05-26 22:43:35,1223,0
2025-05-26 22:43:35,1224,0
2025-05-26 22:43:35,852,0
2025-05-26 22:43:37,66,0
2025-05-26 22:43:37,67,0
2025-05-26 22:43:39,1855,1
2025-05-26 22:43:39,26,1
2025-05-26 22:43:41,1855,0
2025-05-26 22:43:47,26,0
2025-05-26 22:43:57,26,1
2025-05-26 22:44:03,26,3
2025-05-26 22:44:03,1855,6
2025-05-26 22:44:04,852,6
2025-05-26 22:44:06,812,6
2025-05-26 22:44:07,1224,6
2025-05-26 22:44:08,1223,6
2025-05-26 22:44:09,1204,6
2025-05-26 22:44:10,1203,6
2025-05-26 22:44:10,67,6
2025-05-26 22:44:11,66,6
2025-05-26 22:44:12,807,3
2025-05-26 22:44:15,807,2
2025-05-26 22:44:16,26,2
2025-05-26 22:44:36,1855,1
2025-05-26 22:45:00,26,1
2025-05-26 22:45:00,1855,0
2025-05-26 22:45:10,66,1
2025-05-26 22:45:10,67,1
2025-05-26 22:45:10,1203,1
2025-05-26 22:45:10,1204,1
2025-05-26 22:45:10,1223,1
2025-05-26 22:45:10,1224,1
2025-05-26 22:45:12,26,0
2025-05-26 22:45:13,26,1
2025-05-26 22:45:16,1203,0
2025-05-26 22:45:16,1204,0
2025-05-26 22:45:16,1223,0
2025-05-26 22:45:16,1224,0
2025-05-26 22:45:16,807,1
2025-05-26 22:45:17,66,0
2025-05-26 22:45:17,67,0
2025-05-26 22:45:18,807,3
2025-05-26 22:45:19,26,3
2025-05-26 22:45:19,1224,6
2025-05-26 22:45:19,1223,6
2025-05-26 22:45:20,1204,6
2025-05-26 22:45:20,1203,6
2025-05-26 22:45:20,67,6
2025-05-26 22:45:21,66,6
2025-05-26 22:45:21,1855,6
2025-05-26 22:45:27,807,2
2025-05-26 22:45:45,26,2
2025-05-26 22:45:46,26,1
2025-05-26 22:47:30,26,0
2025-05-26 22:47:40,26,1
2025-05-26 22:47:51,66,1
2025-05-26 22:47:51,67,1
2025-05-26 22:47:51,1203,1
2025-05-26 22:47:51,1204,1
2025-05-26 22:47:51,1223,1
2025-05-26 22:47:51,1224,1
2025-05-26 22:47:56,26,0
2025-05-26 22:47:58,807,1
2025-05-26 22:48:01,26,1
2025-05-26 22:48:04,26,3
2025-05-26 22:48:04,807,3
2025-05-26 22:48:05,1224,3
2025-05-26 22:48:05,1223,3
2025-05-26 22:48:05,1204,3
2025-05-26 22:48:05,1203,3
2025-05-26 22:48:06,67,3
2025-05-26 22:48:06,66,3
2025-05-26 22:48:13,1203,2
2025-05-26 22:48:13,1204,2
2025-05-26 22:48:13,1223,2
2025-05-26 22:48:13,1224,2
2025-05-26 22:48:15,66,2
2025-05-26 22:48:15,67,2
2025-05-26 22:48:19,26,2
2025-05-26 22:48:39,1855,1
2025-05-26 22:53:27,26,1
2025-05-26 22:53:27,1855,0
2025-05-26 22:53:30,807,2
2025-05-26 22:53:34,26,0
2025-05-26 22:53:36,26,1
2025-05-26 22:53:38,26,3
2025-05-26 22:53:38,1855,6
2025-05-26 22:53:46,26,2
2025-05-26 22:53:46,26,1
2025-05-26 22:55:04,26,3
2025-05-26 22:56:14,26,2
2025-05-26 22:56:17,26,1
2025-05-26 22:56:20,26,0
2025-05-26 22:56:20,26,1
2025-05-26 22:56:36,65,1
2025-05-26 22:56:40,65,0
2025-05-26 22:56:43,807,1
2025-05-26 22:56:47,807,3
2025-05-26 22:56:47,65,6
2025-05-26 22:56:48,26,3
2025-05-26 22:56:50,807,2
2025-05-26 22:58:17,26,2
2025-05-26 22:58:18,26,1
2025-05-26 22:59:18,66,1
2025-05-26 22:59:18,1203,1
2025-05-26 22:59:18,1223,1
2025-05-26 22:59:24,67,1
2025-05-26 22:59:24,1204,1
2025-05-26 22:59:24,1224,1
2025-05-26 22:59:25,807,1
2025-05-26 22:59:29,1224,0
2025-05-26 22:59:29,1204,0
2025-05-26 22:59:31,1223,0
2025-05-26 22:59:31,1203,0
2025-05-26 23:00:13,68,1
2025-05-26 23:00:18,66,0
2025-05-26 23:00:18,67,0
2025-05-26 23:00:18,68,0
2025-05-26 23:00:22,68,6
2025-05-26 23:00:22,807,3
2025-05-26 23:00:23,1224,6
2025-05-26 23:00:24,1204,6
2025-05-26 23:00:25,67,6
2025-05-26 23:00:25,1223,6
2025-05-26 23:00:29,1203,6
2025-05-26 23:00:30,66,6
2025-05-26 23:00:31,26,3
2025-05-26 23:00:33,807,2
2025-05-26 23:00:57,26,2
2025-05-26 23:01:00,26,1
2025-05-26 23:02:49,26,0
2025-05-26 23:02:52,26,1
2025-05-26 23:02:54,26,0
2025-05-26 23:03:11,26,1
2025-05-26 23:03:30,26,0
2025-05-26 23:03:41,26,1
2025-05-26 23:04:04,65,1
2025-05-26 23:04:10,26,0
2025-05-26 23:04:11,26,1
2025-05-26 23:04:11,807,1
2025-05-26 23:04:16,65,0
2025-05-26 23:04:22,26,0
2025-05-26 23:04:24,807,3
2025-05-26 23:04:25,26,6
2025-05-26 23:04:25,65,6
2025-05-26 23:04:26,26,3
2025-05-26 23:04:31,807,2
2025-05-26 23:05:38,806,1
2025-05-26 23:05:40,806,0
2025-05-26 23:05:45,802,1
2025-05-26 23:05:47,802,0
2025-05-26 23:05:48,2601,1
2025-05-26 23:05:48,2602,1
2025-05-26 23:05:48,2603,1
2025-05-26 23:05:48,2604,1
2025-05-26 23:05:48,2655,1
2025-05-26 23:05:48,2656,1
2025-05-26 23:05:48,812,1
2025-05-26 23:05:48,833,1
2025-05-26 23:05:48,71,1
2025-05-26 23:05:48,72,1
2025-05-26 23:05:48,73,1
2025-05-26 23:05:48,74,1
2025-05-26 23:05:48,808,1
2025-05-26 23:05:48,811,1
2025-05-26 23:05:48,813,1
2025-05-26 23:05:48,849,1
2025-05-26 23:05:48,850,1
2025-05-26 23:05:48,852,1
2025-05-26 23:05:49,2641,1
2025-05-26 23:05:49,2642,1
2025-05-26 23:05:49,2643,1
2025-05-26 23:05:49,2644,1
2025-05-26 23:05:49,2645,1
2025-05-26 23:05:49,2646,1
2025-05-26 23:05:49,2647,1
2025-05-26 23:05:49,2648,1
2025-05-26 23:05:51,2655,0
2025-05-26 23:05:51,2656,0
2025-05-26 23:05:52,833,0
2025-05-26 23:05:54,811,0
2025-05-26 23:05:55,808,0
2025-05-26 23:05:55,813,0
2025-05-26 23:05:55,850,0
2025-05-26 23:05:56,2641,0
2025-05-26 23:05:56,2642,0
2025-05-26 23:05:56,2643,0
2025-05-26 23:05:56,2644,0
2025-05-26 23:05:56,2645,0
2025-05-26 23:05:56,2646,0
2025-05-26 23:05:56,2647,0
2025-05-26 23:05:56,2648,0
2025-05-26 23:05:56,849,0
2025-05-26 23:05:57,811,1
2025-05-26 23:05:57,841,1
2025-05-26 23:05:57,1856,1
2025-05-26 23:05:57,851,1
2025-05-26 23:05:58,2601,0
2025-05-26 23:05:58,2602,0
2025-05-26 23:05:58,2603,0
2025-05-26 23:05:58,2604,0
2025-05-26 23:05:59,841,0
2025-05-26 23:05:59,1856,0
2025-05-26 23:06:00,807,1
2025-05-26 23:06:19,811,0
2025-05-26 23:06:19,73,0
2025-05-26 23:06:19,74,0
2025-05-26 23:06:19,812,0
2025-05-26 23:06:19,851,0
2025-05-26 23:06:19,852,0
2025-05-26 23:06:19,71,0
2025-05-26 23:06:19,72,0
2025-05-26 23:06:20,807,3
2025-05-26 23:06:20,851,6
2025-05-26 23:06:21,1856,6
2025-05-26 23:06:21,841,6
2025-05-26 23:06:21,811,6
2025-05-26 23:06:22,2648,6
2025-05-26 23:06:22,2647,6
2025-05-26 23:06:22,2646,6
2025-05-26 23:06:22,2645,6
2025-05-26 23:06:23,2644,6
2025-05-26 23:06:23,2643,6
2025-05-26 23:06:23,2642,6
2025-05-26 23:06:23,2641,6
2025-05-26 23:06:24,852,6
2025-05-26 23:06:24,850,6
2025-05-26 23:06:24,849,6
2025-05-26 23:06:24,813,6
2025-05-26 23:06:25,808,6
2025-05-26 23:06:25,74,6
2025-05-26 23:06:26,73,6
2025-05-26 23:06:26,72,6
2025-05-26 23:06:26,71,6
2025-05-26 23:06:26,833,6
2025-05-26 23:06:28,812,6
2025-05-26 23:06:28,2656,6
2025-05-26 23:06:28,2655,6
2025-05-26 23:06:28,2604,6
2025-05-26 23:06:29,2603,6
2025-05-26 23:06:29,2602,6
2025-05-26 23:06:29,2601,6
2025-05-26 23:06:29,802,6
2025-05-26 23:06:30,807,2
2025-05-26 23:06:30,806,6
2025-05-26 23:06:38,26,2
2025-05-26 23:06:39,26,1
2025-05-26 23:06:43,26,0
2025-05-26 23:06:45,26,6
2025-05-26 23:06:54,26,1
2025-05-26 23:06:56,26,0
2025-05-26 23:06:57,26,6
2025-05-26 23:06:59,26,3
2025-05-26 23:07:06,26,2
2025-05-26 23:07:20,66,1
2025-05-26 23:07:20,1203,1
2025-05-26 23:07:20,1223,1
2025-05-26 23:07:22,67,1
2025-05-26 23:07:22,1204,1
2025-05-26 23:07:22,1224,1
2025-05-26 23:07:26,1855,1
2025-05-26 23:07:26,807,1
2025-05-26 23:07:31,807,0
2025-05-26 23:07:42,807,1
2025-05-26 23:07:47,807,3
2025-05-26 23:07:48,1855,3
2025-05-26 23:07:48,1224,3
2025-05-26 23:07:48,1204,3
2025-05-26 23:07:49,67,3
2025-05-26 23:07:49,1223,3
2025-05-26 23:07:49,1203,3
2025-05-26 23:07:50,66,3
2025-05-26 23:07:53,26,1
2025-05-26 23:07:53,1855,2
2025-05-26 23:07:54,26,3
2025-05-26 23:07:56,1203,2
2025-05-26 23:07:56,1204,2
2025-05-26 23:07:56,1223,2
2025-05-26 23:07:56,1224,2
2025-05-26 23:07:58,66,2
2025-05-26 23:07:58,67,2
2025-05-26 23:08:00,26,2
2025-05-26 23:08:01,807,2
2025-05-26 23:08:05,26,1
2025-05-26 23:08:07,26,0
2025-05-26 23:08:09,26,6
2025-05-26 23:08:26,1855,1
2025-05-26 23:09:34,26,1
2025-05-26 23:09:34,1855,0
2025-05-26 23:09:35,66,1
2025-05-26 23:09:35,67,1
2025-05-26 23:09:35,1203,1
2025-05-26 23:09:35,1204,1
2025-05-26 23:09:35,1223,1
2025-05-26 23:09:35,1224,1
2025-05-26 23:09:38,1224,3
2025-05-26 23:09:38,1223,3
2025-05-26 23:09:38,1204,3
2025-05-26 23:09:39,1203,3
2025-05-26 23:09:39,67,3
2025-05-26 23:09:39,66,3
2025-05-26 23:09:40,26,3
2025-05-26 23:09:40,1855,6
2025-05-26 23:09:42,807,1
2025-05-26 23:09:49,1203,2
2025-05-26 23:09:49,1204,2
2025-05-26 23:09:49,1223,2
2025-05-26 23:09:49,1224,2
2025-05-26 23:09:50,66,2
2025-05-26 23:09:50,67,2
2025-05-26 23:09:53,807,0
2025-05-26 23:10:20,66,1
2025-05-26 23:10:20,67,1
2025-05-26 23:10:20,1203,1
2025-05-26 23:10:20,1204,1
2025-05-26 23:10:20,1223,1
2025-05-26 23:10:20,1224,1
2025-05-26 23:10:27,807,1
2025-05-26 23:10:33,26,2
2025-05-26 23:10:41,1203,0
2025-05-26 23:10:41,1204,0
2025-05-26 23:10:41,1223,0
2025-05-26 23:10:41,1224,0
2025-05-26 23:10:42,66,0
2025-05-26 23:10:42,67,0
2025-05-26 23:10:51,26,1
2025-05-26 23:10:56,26,0
2025-05-26 23:10:57,26,6
2025-05-26 23:10:57,807,3
2025-05-26 23:10:57,1224,6
2025-05-26 23:10:57,1223,6
2025-05-26 23:10:58,1204,6
2025-05-26 23:10:58,1203,6
2025-05-26 23:10:58,67,6
2025-05-26 23:10:58,66,6
2025-05-26 23:11:00,26,1
2025-05-26 23:11:02,807,2
2025-05-26 23:11:09,26,0
2025-05-26 23:11:29,1855,1
2025-05-26 23:12:31,1852,1
2025-05-26 23:12:44,1852,0
2025-05-26 23:13:09,66,1
2025-05-26 23:13:09,67,1
2025-05-26 23:13:09,1203,1
2025-05-26 23:13:09,1204,1
2025-05-26 23:13:09,1223,1
2025-05-26 23:13:09,1224,1
2025-05-26 23:13:11,1224,3
2025-05-26 23:13:11,1223,3
2025-05-26 23:13:11,1204,3
2025-05-26 23:13:11,1203,3
2025-05-26 23:13:12,67,3
2025-05-26 23:13:12,66,3
2025-05-26 23:13:12,1852,6
2025-05-26 23:13:13,1855,3
2025-05-26 23:13:13,26,6
2025-05-26 23:13:15,807,1
2025-05-26 23:13:15,807,3
2025-05-26 23:13:17,26,1
2025-05-26 23:13:17,1855,2
2025-05-26 23:13:25,26,0
2025-05-26 23:13:26,26,1
2025-05-26 23:13:28,26,0
2025-05-26 23:13:31,1203,2
2025-05-26 23:13:31,1204,2
2025-05-26 23:13:31,1223,2
2025-05-26 23:13:31,1224,2
2025-05-26 23:13:32,26,1
2025-05-26 23:13:34,26,0
2025-05-26 23:13:34,66,2
2025-05-26 23:13:34,67,2
2025-05-26 23:13:54,1855,1
2025-05-26 23:14:42,26,1
2025-05-26 23:14:42,1855,0
2025-05-26 23:14:44,807,2
2025-05-26 23:14:44,26,0
2025-05-26 23:14:46,26,6
2025-05-26 23:14:46,1855,6
2025-05-26 23:15:04,1855,1
2025-05-26 23:15:38,26,1
2025-05-26 23:15:38,1855,0
2025-05-26 23:15:41,66,1
2025-05-26 23:15:41,67,1
2025-05-26 23:15:41,1203,1
2025-05-26 23:15:41,1204,1
2025-05-26 23:15:41,1223,1
2025-05-26 23:15:41,1224,1
2025-05-26 23:15:45,1224,3
2025-05-26 23:15:45,1223,3
2025-05-26 23:15:46,1204,3
2025-05-26 23:15:46,1203,3
2025-05-26 23:15:46,67,3
2025-05-26 23:15:46,66,3
2025-05-26 23:15:47,26,3
2025-05-26 23:15:47,1855,6
2025-05-26 23:15:48,807,1
2025-05-26 23:15:48,807,3
2025-05-26 23:15:50,1223,2
2025-05-26 23:15:50,1203,2
2025-05-26 23:15:54,1224,2
2025-05-26 23:15:55,1204,2
2025-05-26 23:15:55,26,2
2025-05-26 23:15:55,26,1
2025-05-26 23:15:57,26,0
2025-05-26 23:15:57,66,2
2025-05-26 23:15:57,67,2
2025-05-26 23:15:58,26,1
2025-05-26 23:16:00,26,0
2025-05-26 23:16:00,807,2
2025-05-26 23:16:02,26,1
2025-05-26 23:16:06,26,3
2025-05-26 23:19:51,26,2
2025-05-26 23:19:53,26,1
2025-05-26 23:20:39,26,0
2025-05-26 23:20:45,26,1
2025-05-26 23:20:47,26,0
2025-05-26 23:21:07,1855,1
2025-05-26 23:21:17,1855,3
2025-05-26 23:21:17,26,6
2025-05-27 06:12:33,26,1
2025-05-27 06:12:33,1855,2
2025-05-27 06:45:26,26,0
2025-05-27 06:45:47,1855,1
2025-05-27 06:46:38,805,1
2025-05-27 06:48:18,805,3
2025-05-27 06:48:18,1855,3
2025-05-27 06:48:18,26,6
2025-05-27 06:49:03,26,1
2025-05-27 06:49:03,1855,2
2025-05-27 06:49:03,805,2
2025-05-27 06:49:06,26,0
2025-05-27 06:49:12,805,1
2025-05-27 06:49:23,805,3
2025-05-27 06:49:23,26,6
2025-05-27 06:49:26,1855,1
2025-05-27 06:50:12,26,1
2025-05-27 06:50:12,1855,0
2025-05-27 06:50:12,805,2
2025-05-27 06:50:14,26,3
2025-05-27 06:50:14,1855,6
2025-05-27 06:50:16,26,2
2025-05-27 06:50:22,805,1
2025-05-27 06:50:36,1855,1
2025-05-27 06:50:54,1855,3
2025-05-27 06:50:54,805,3
2025-05-27 06:50:55,26,1
2025-05-27 06:50:56,1855,2
2025-05-27 06:50:56,805,2
2025-05-27 06:50:57,26,0
2025-05-27 06:51:03,805,1
2025-05-27 06:51:16,1855,1
2025-05-27 06:51:23,26,1
2025-05-27 06:51:23,1855,0
2025-05-27 06:51:23,805,0
2025-05-27 06:51:25,26,3
2025-05-27 06:51:25,1855,6
2025-05-27 06:51:25,26,2
2025-05-27 06:51:26,805,6
2025-05-27 06:51:32,805,1
2025-05-27 06:52:42,805,0
2025-05-27 06:52:49,805,6
2025-05-27 06:53:05,805,1
2025-05-27 06:53:19,1855,1
2025-05-27 06:53:23,1855,0
2025-05-27 06:53:23,805,0
2025-05-27 06:53:23,1855,6
2025-05-27 06:53:24,805,6
2025-05-27 06:53:42,805,1
2025-05-27 06:53:56,1855,1
2025-05-27 06:54:03,1855,0
2025-05-27 06:54:03,805,0
2025-05-27 06:54:04,1855,6
2025-05-27 06:54:04,805,6
2025-05-27 06:54:58,1804,1
2025-05-27 06:54:58,1852,1
2025-05-27 06:54:58,839,1
2025-05-27 06:54:58,1802,1
2025-05-27 06:54:58,1850,1
2025-05-27 06:54:58,1607,1
2025-05-27 06:54:58,1658,1
2025-05-27 06:54:58,847,1
2025-05-27 06:55:00,1804,0
2025-05-27 06:55:00,1852,0
2025-05-27 06:55:08,839,0
2025-05-27 06:55:23,847,0
2025-05-27 06:55:26,1802,0
2025-05-27 06:55:26,1850,0
2025-05-27 06:55:30,1658,0
2025-05-27 06:55:35,847,6
2025-05-27 06:55:35,1658,6
2025-05-27 06:55:36,1607,3
2025-05-27 06:55:36,1850,6
2025-05-27 06:55:36,1802,6
2025-05-27 06:55:36,839,6
2025-05-27 06:55:37,1852,6
2025-05-27 06:55:37,1804,6
2025-05-27 06:55:39,1607,2
2025-05-27 06:55:48,805,1
2025-05-27 06:56:02,1855,1
2025-05-27 06:56:10,1855,0
2025-05-27 06:56:10,805,0
2025-05-27 06:56:26,65,1
2025-05-27 06:56:33,65,3
2025-05-27 06:56:33,1855,6
2025-05-27 06:56:33,805,6
2025-05-27 06:56:35,65,2
2025-05-27 06:56:50,805,1
2025-05-27 06:57:03,1855,1
2025-05-27 06:57:09,1855,3
2025-05-27 06:57:09,805,3
2025-05-27 06:57:12,1855,2
2025-05-27 06:57:12,805,2
2025-05-27 06:57:33,805,1
2025-05-27 06:57:40,805,3
2025-05-27 06:58:11,805,2
2025-05-27 06:58:19,805,1
2025-05-27 06:58:31,1855,1
2025-05-27 06:58:33,1855,3
2025-05-27 06:58:34,805,3
2025-05-27 06:58:37,1855,2
2025-05-27 06:58:37,805,2
2025-05-27 08:33:21,805,1
2025-05-27 08:33:34,1855,1
2025-05-27 08:35:24,1855,3
2025-05-27 08:36:19,1855,2
2025-05-27 08:36:19,805,0
2025-05-27 08:37:40,805,6
2025-05-27 08:37:57,805,1
2025-05-27 08:38:10,1855,1
2025-05-27 08:38:12,805,0
2025-05-27 08:38:12,1855,0
2025-05-27 08:38:23,1855,6
2025-05-27 08:38:23,805,6
2025-05-27 08:38:43,805,1
2025-05-27 08:38:56,1855,1
2025-05-27 08:44:28,1855,0
2025-05-27 08:44:28,805,0
2025-05-27 08:44:30,1855,6
2025-05-27 08:44:30,805,6
2025-05-27 08:44:48,805,1
2025-05-27 08:45:02,1855,1
2025-05-27 08:47:36,1855,0
2025-05-27 08:47:36,805,0
2025-05-27 08:47:42,1855,6
2025-05-27 08:47:42,805,6
2025-05-27 08:47:58,805,1
2025-05-27 08:48:10,805,0
2025-05-27 09:05:49,1802,1
2025-05-27 09:05:58,1802,0
2025-05-27 10:28:35,1802,6
2025-05-27 10:28:35,805,6
2025-05-27 10:35:38,805,1
2025-05-27 10:35:52,1855,1
2025-05-27 10:36:12,1855,0
2025-05-27 10:36:12,805,0
2025-05-27 10:37:36,1802,1
2025-05-27 10:37:36,1850,1
2025-05-27 10:37:40,1607,1
2025-05-27 10:37:40,1658,1
2025-05-27 10:37:40,847,1
2025-05-27 10:37:43,847,0
2025-05-27 10:37:45,1658,0
2025-05-27 10:37:45,1802,0
2025-05-27 10:37:45,1850,0
2025-05-27 10:38:04,847,6
2025-05-27 10:38:05,1658,6
2025-05-27 10:38:05,1607,3
2025-05-27 10:38:06,1850,6
2025-05-27 10:38:06,1802,6
2025-05-27 10:38:06,1855,6
2025-05-27 10:38:06,805,6
2025-05-27 10:39:51,805,1
2025-05-27 10:40:06,1855,1
2025-05-27 10:40:07,1855,3
2025-05-27 10:40:07,805,3
2025-05-27 10:40:18,1607,2
2025-05-27 10:40:47,1855,2
2025-05-27 10:40:47,805,2
2025-05-27 10:41:08,805,1
2025-05-27 10:41:22,1855,1
2025-05-27 10:42:37,1855,3
2025-05-27 10:42:37,805,3
2025-05-27 10:42:43,1855,2
2025-05-27 10:42:43,805,2
2025-05-27 10:43:21,805,1
2025-05-27 10:43:35,1855,1
2025-05-27 10:44:18,1855,3
2025-05-27 10:44:19,805,3
2025-05-27 10:45:05,1855,2
2025-05-27 10:45:05,805,2
2025-05-27 10:45:54,805,1
2025-05-27 10:46:08,1855,1
2025-05-27 10:46:22,1855,0
2025-05-27 10:46:22,805,0
2025-05-27 11:01:53,1855,6
2025-05-27 11:01:53,805,6
2025-05-27 11:02:05,805,1
2025-05-27 11:02:19,1855,1
2025-05-27 11:02:24,1855,0
2025-05-27 11:02:24,805,0
2025-05-27 11:02:25,1855,6
2025-05-27 11:02:25,805,6
2025-05-27 11:03:23,805,1
2025-05-27 11:06:03,805,0
2025-05-27 11:06:20,839,1
2025-05-27 11:06:20,1802,1
2025-05-27 11:06:20,1850,1
2025-05-27 11:06:20,1607,1
2025-05-27 11:06:20,1658,1
2025-05-27 11:06:21,847,1
2025-05-27 11:06:25,839,0
2025-05-27 11:06:40,847,0
2025-05-27 11:06:44,1802,0
2025-05-27 11:06:44,1850,0
2025-05-27 11:06:45,1658,0
2025-05-27 11:07:07,847,6
2025-05-27 11:07:08,1658,6
2025-05-27 11:07:08,1607,3
2025-05-27 11:07:08,1850,6
2025-05-27 11:07:09,1802,6
2025-05-27 11:07:09,839,6
2025-05-27 11:07:09,805,6
2025-05-27 11:07:12,1607,2
2025-05-27 11:07:18,805,1
2025-05-27 14:08:02,805,0
2025-05-27 17:03:57,805,6
2025-05-27 17:06:11,801,2
2025-05-27 17:06:41,801,1
2025-05-27 17:07:56,801,0
2025-05-27 17:08:27,801,1
2025-05-27 17:09:40,1421,1
2025-05-27 17:09:40,801,1
2025-05-27 17:09:40,1421,0
2025-05-27 17:10:52,801,3
2025-05-27 17:10:52,1421,6
2025-05-27 21:46:04,1606,1
2025-05-27 21:46:35,1606,0
2025-05-27 21:56:36,2661,1
2025-05-27 22:48:44,2661,0
2025-05-27 22:51:14,2661,6
2025-05-27 22:51:14,1606,6
2025-05-28 01:33:08,1606,1
2025-05-28 01:33:31,1606,0
2025-05-28 01:33:44,1606,6
2025-05-28 01:34:06,1606,1
2025-05-28 01:34:50,1606,0
2025-05-28 01:59:28,67,1
2025-05-28 01:59:28,1204,1
2025-05-28 01:59:28,1224,1
2025-05-28 01:59:35,807,1
2025-05-28 01:59:55,66,1
2025-05-28 01:59:55,1203,1
2025-05-28 01:59:55,1223,1
2025-05-28 01:59:57,1203,0
2025-05-28 01:59:57,1223,0
2025-05-28 02:00:11,1203,1
2025-05-28 02:00:11,1223,1
2025-05-28 02:00:17,1223,0
2025-05-28 02:00:18,1203,0
2025-05-28 02:00:19,1203,1
2025-05-28 02:00:19,1223,1
2025-05-28 02:00:28,1223,0
2025-05-28 02:00:29,1203,0
2025-05-28 02:00:35,1203,1
2025-05-28 02:00:35,1223,1
2025-05-28 02:00:37,1223,0
2025-05-28 02:00:40,1223,1
2025-05-28 02:00:56,1223,0
2025-05-28 02:00:58,1203,0
2025-05-28 02:01:04,1203,1
2025-05-28 02:01:04,1223,1
2025-05-28 02:01:07,1223,0
2025-05-28 02:01:07,1203,0
2025-05-28 02:01:07,1224,0
2025-05-28 02:01:08,1204,0
2025-05-28 02:04:26,66,0
2025-05-28 02:04:26,67,0
2025-05-28 02:04:26,66,6
2025-05-28 02:04:26,67,6
2025-05-28 02:04:26,1203,6
2025-05-28 02:04:26,1204,6
2025-05-28 02:04:26,1223,6
2025-05-28 02:04:26,1224,6
2025-05-28 02:04:26,807,3
2025-05-28 02:04:26,1606,6
2025-05-28 02:04:35,807,2
2025-05-28 13:40:22,805,1
2025-05-28 13:41:29,805,0
2025-05-28 13:42:16,805,1
2025-05-28 13:53:00,67,1
2025-05-28 13:53:00,805,0
2025-05-28 13:53:07,807,1
2025-05-28 13:53:22,67,0
2025-05-28 13:53:38,807,3
2025-05-28 13:53:38,67,6
2025-05-28 13:53:39,805,6
2025-05-28 13:53:42,807,2
2025-05-28 13:53:45,805,1
2025-05-28 13:57:00,67,1
2025-05-28 13:57:00,805,0
2025-05-28 13:57:07,807,1
2025-05-28 13:57:57,67,3
2025-05-28 14:12:16,67,2
2025-05-28 14:12:25,807,0
2025-05-28 14:12:29,805,1
2025-05-28 14:12:59,805,3
2025-05-28 14:13:00,807,6
2025-05-28 15:17:18,805,2
2025-05-28 20:29:07,2605,1
2025-05-28 20:29:24,1606,1
2025-05-28 20:29:41,1606,0
2025-05-28 20:31:47,1606,1
2025-05-28 20:31:49,1606,0
2025-05-28 20:37:44,2605,0
2025-05-28 20:37:55,1606,1
2025-05-28 20:38:30,1606,0
2025-05-28 21:13:50,1606,6
2025-05-28 22:32:08,805,1
2025-05-28 22:33:23,805,0
2025-05-28 22:37:49,805,1
2025-05-28 22:39:38,805,0
2025-05-28 22:40:06,66,1
2025-05-28 22:40:13,1203,1
2025-05-28 22:40:13,1223,1
2025-05-28 22:40:13,807,1
2025-05-28 22:41:18,1203,0
2025-05-28 22:41:18,1223,0
2025-05-28 22:41:42,66,3
2025-05-28 22:41:42,1203,6
2025-05-28 22:41:42,1223,6
2025-05-28 22:41:42,805,6
2025-05-28 22:41:42,807,3
2025-05-28 22:41:42,2605,6
2025-05-28 22:41:44,66,2
2025-05-28 22:41:54,807,2
2025-05-28 22:43:03,66,1
2025-05-28 22:43:03,1203,1
2025-05-28 22:43:03,1223,1
2025-05-28 22:43:08,1223,0
2025-05-28 22:43:08,1203,0
2025-05-28 22:43:10,807,1
2025-05-28 22:43:21,66,3
2025-05-28 22:43:21,1203,6
2025-05-28 22:43:21,1223,6
2025-05-28 22:43:21,807,3
2025-05-28 22:43:26,66,2
2025-05-28 22:43:45,1851,1
2025-05-28 22:43:50,1851,3
2025-05-28 22:43:56,1851,2
2025-05-28 22:44:01,807,2
2025-05-28 22:46:54,805,1
2025-05-28 22:57:34,805,0
2025-05-28 22:58:24,805,1
2025-05-28 22:59:27,805,0
2025-05-28 22:59:28,805,1
2025-05-28 23:01:07,805,0
2025-05-28 23:01:08,805,1
2025-05-28 23:01:35,805,0
2025-05-28 23:01:38,805,1
2025-05-28 23:04:31,805,0
2025-05-28 23:04:33,805,1
2025-05-28 23:04:43,805,0
2025-05-28 23:04:51,805,1
2025-05-28 23:06:23,805,0
2025-05-28 23:06:26,805,1
2025-05-28 23:08:32,805,0
2025-05-28 23:08:35,805,1
2025-05-28 23:08:47,805,0
2025-05-28 23:08:58,805,1
2025-05-28 23:09:16,805,0
2025-05-28 23:09:17,805,1
2025-05-28 23:19:28,805,0
2025-05-28 23:19:30,805,1
2025-05-28 23:38:42,805,0
2025-05-28 23:38:49,805,1
2025-05-28 23:39:21,805,0
2025-05-28 23:39:24,805,1
2025-05-28 23:40:07,805,0
2025-05-28 23:40:17,805,1
2025-05-28 23:40:27,805,0
2025-05-28 23:40:33,805,1
2025-05-28 23:40:45,805,0
2025-05-28 23:40:53,805,1
2025-05-28 23:40:58,805,0
2025-05-28 23:42:29,805,1
2025-05-28 23:50:47,805,0
2025-05-28 23:51:03,805,1
2025-05-28 23:52:29,805,0
2025-05-29 01:17:23,805,1
2025-05-29 01:30:05,1606,1
2025-05-29 01:30:53,1606,0
2025-05-29 02:28:45,1606,6
2025-05-29 02:45:08,805,0
2025-05-29 02:50:14,805,1
2025-05-29 02:50:26,805,0
2025-05-29 02:50:43,805,1
2025-05-29 02:51:05,805,0
2025-05-29 02:51:24,805,1
2025-05-29 02:51:40,805,0
2025-05-29 02:51:47,805,1
2025-05-29 02:52:02,805,0
2025-05-29 02:52:41,805,1
2025-05-29 02:53:12,805,0
2025-05-29 02:54:07,805,1
2025-05-29 02:54:45,805,0
2025-05-29 03:03:22,805,1
2025-05-29 03:26:07,805,3
2025-05-29 03:36:56,71,1
2025-05-29 03:36:56,72,1
2025-05-29 03:36:56,73,1
2025-05-29 03:36:56,74,1
2025-05-29 03:36:56,805,2
2025-05-29 03:37:03,807,1
2025-05-29 03:37:50,71,3
2025-05-29 03:37:50,72,3
2025-05-29 03:37:50,73,3
2025-05-29 03:37:50,74,3
2025-05-29 03:37:50,807,3
2025-05-29 03:58:03,71,2
2025-05-29 03:58:03,72,2
2025-05-29 03:58:03,73,2
2025-05-29 03:58:03,74,2
2025-05-29 03:58:05,807,2
2025-05-29 03:59:01,805,1
2025-05-29 03:59:32,805,3
2025-05-29 04:04:02,71,1
2025-05-29 04:04:02,72,1
2025-05-29 04:04:02,73,1
2025-05-29 04:04:02,74,1
2025-05-29 04:04:02,805,2
2025-05-29 04:04:09,807,1
2025-05-29 04:04:40,71,3
2025-05-29 04:04:40,72,3
2025-05-29 04:04:40,73,3
2025-05-29 04:04:40,74,3
2025-05-29 04:04:40,807,3
2025-05-29 04:09:01,71,2
2025-05-29 04:09:01,72,2
2025-05-29 04:09:01,73,2
2025-05-29 04:09:01,74,2
2025-05-29 04:09:04,807,2
2025-05-29 04:09:08,805,1
2025-05-29 04:09:44,805,3
2025-05-29 04:29:17,805,2
2025-05-29 04:30:15,805,1
2025-05-29 04:32:40,71,1
2025-05-29 04:32:40,72,1
2025-05-29 04:32:40,73,1
2025-05-29 04:32:40,74,1
2025-05-29 04:32:40,805,0
2025-05-29 04:32:46,807,1
2025-05-29 04:33:18,71,3
2025-05-29 04:33:18,72,3
2025-05-29 04:33:18,73,3
2025-05-29 04:33:18,74,3
2025-05-29 04:33:18,805,6
2025-05-29 04:33:18,807,3
2025-05-29 04:34:04,71,2
2025-05-29 04:34:04,72,2
2025-05-29 04:34:04,73,2
2025-05-29 04:34:04,74,2
2025-05-29 04:34:06,807,2
2025-05-29 04:34:10,805,1
2025-05-29 04:34:25,805,3
2025-05-29 05:32:15,71,1
2025-05-29 05:32:15,72,1
2025-05-29 05:32:15,73,1
2025-05-29 05:32:15,74,1
2025-05-29 05:32:15,805,2
2025-05-29 05:32:22,807,1
2025-05-29 05:33:04,71,3
2025-05-29 05:33:04,72,3
2025-05-29 05:33:04,73,3
2025-05-29 05:33:04,74,3
2025-05-29 05:33:04,807,3
2025-05-29 05:41:36,71,2
2025-05-29 05:41:36,72,2
2025-05-29 05:41:36,73,2
2025-05-29 05:41:36,74,2
2025-05-29 05:41:39,807,2
2025-05-29 05:41:42,805,1
2025-05-29 05:42:01,805,3
2025-05-29 07:06:39,805,2
2025-05-29 07:06:41,805,1
2025-05-29 07:09:56,805,0
2025-05-29 07:43:15,66,1
2025-05-29 07:43:22,1203,1
2025-05-29 07:43:22,1223,1
2025-05-29 07:43:22,807,1
2025-05-29 07:43:31,1203,0
2025-05-29 07:43:31,1223,0
2025-05-29 07:44:09,66,3
2025-05-29 07:44:09,1203,6
2025-05-29 07:44:09,1223,6
2025-05-29 07:44:09,805,6
2025-05-29 07:44:09,807,3
2025-05-29 07:44:11,66,2
2025-05-29 07:44:20,807,2
2025-05-29 09:58:35,67,1
2025-05-29 09:58:35,1204,1
2025-05-29 09:58:35,1224,1
2025-05-29 09:58:35,1653,1
2025-05-29 09:58:42,807,1
2025-05-29 09:58:55,1204,0
2025-05-29 09:58:55,1224,0
2025-05-29 10:00:44,67,3
2025-05-29 10:00:44,1204,6
2025-05-29 10:00:44,1224,6
2025-05-29 10:00:44,807,3
2025-05-29 10:00:44,1653,3
2025-05-29 10:00:46,67,2
2025-05-29 10:00:49,1653,2
2025-05-29 10:00:55,807,2
2025-05-29 10:34:30,67,1
2025-05-29 10:34:30,1204,1
2025-05-29 10:34:30,1224,1
2025-05-29 10:34:33,1203,1
2025-05-29 10:34:33,1223,1
2025-05-29 10:34:33,66,1
2025-05-29 10:34:38,807,1
2025-05-29 10:35:56,807,3
2025-05-29 10:35:57,66,3
2025-05-29 10:36:05,1223,3
2025-05-29 10:36:07,1203,3
2025-05-29 10:36:09,1224,3
2025-05-29 10:36:10,1204,3
2025-05-29 10:36:11,67,3
2025-05-29 10:37:52,1203,2
2025-05-29 10:37:52,1204,2
2025-05-29 10:37:52,1223,2
2025-05-29 10:37:52,1224,2
2025-05-29 10:37:54,66,2
2025-05-29 10:37:54,67,2
2025-05-29 10:38:03,807,2
2025-05-29 10:38:10,26,1
2025-05-29 11:05:33,26,0
2025-05-29 11:09:30,26,1
2025-05-29 11:09:58,26,0
2025-05-29 11:10:43,26,6
2025-05-30 04:24:28,805,1
2025-05-30 04:50:39,805,0
2025-05-30 16:32:52,847,1
2025-05-30 16:33:12,847,0
2025-05-30 17:11:45,847,1
2025-05-30 17:11:52,847,0
2025-05-30 17:50:46,847,6
2025-05-30 17:50:47,805,6
2025-05-30 20:29:42,26,1
2025-05-30 20:29:42,2403,1
2025-05-30 20:29:42,2404,1
2025-05-30 20:29:42,2601,1
2025-05-30 20:29:42,2602,1
2025-05-30 20:29:42,2603,1
2025-05-30 20:29:42,2604,1
2025-05-30 20:29:42,808,1
2025-05-30 20:29:42,811,1
2025-05-30 20:29:42,812,1
2025-05-30 20:29:42,813,1
2025-05-30 20:29:42,849,1
2025-05-30 20:29:42,850,1
2025-05-30 20:29:42,66,1
2025-05-30 20:29:42,67,1
2025-05-30 20:29:42,71,1
2025-05-30 20:29:42,72,1
2025-05-30 20:29:42,73,1
2025-05-30 20:29:42,74,1
2025-05-30 20:29:42,1203,1
2025-05-30 20:29:42,1204,1
2025-05-30 20:29:42,1223,1
2025-05-30 20:29:42,1224,1
2025-05-30 20:29:42,852,1
2025-05-30 20:29:43,2641,1
2025-05-30 20:29:43,2642,1
2025-05-30 20:29:43,2643,1
2025-05-30 20:29:43,2644,1
2025-05-30 20:29:43,2645,1
2025-05-30 20:29:43,2646,1
2025-05-30 20:29:43,2647,1
2025-05-30 20:29:43,2648,1
2025-05-30 20:29:44,2403,0
2025-05-30 20:29:44,2404,0
2025-05-30 20:34:01,811,0
2025-05-30 20:34:02,808,0
2025-05-30 20:34:02,813,0
2025-05-30 20:34:02,850,0
2025-05-30 20:34:03,2641,0
2025-05-30 20:34:03,2642,0
2025-05-30 20:34:03,2643,0
2025-05-30 20:34:03,2644,0
2025-05-30 20:34:03,2645,0
2025-05-30 20:34:03,2646,0
2025-05-30 20:34:03,2647,0
2025-05-30 20:34:03,2648,0
2025-05-30 20:34:03,812,0
2025-05-30 20:34:03,849,0
2025-05-30 20:34:04,812,1
2025-05-30 20:34:05,2604,0
2025-05-30 20:34:05,2602,0
2025-05-30 20:34:05,2603,0
2025-05-30 20:34:05,2601,0
2025-05-30 20:34:37,2601,1
2025-05-30 20:34:37,2602,1
2025-05-30 20:34:37,2603,1
2025-05-30 20:34:37,2604,1
2025-05-30 20:34:37,808,1
2025-05-30 20:34:37,811,1
2025-05-30 20:34:37,813,1
2025-05-30 20:34:37,849,1
2025-05-30 20:34:37,850,1
2025-05-30 20:34:38,2641,1
2025-05-30 20:34:38,2642,1
2025-05-30 20:34:38,2643,1
2025-05-30 20:34:38,2644,1
2025-05-30 20:34:38,2645,1
2025-05-30 20:34:38,2646,1
2025-05-30 20:34:38,2647,1
2025-05-30 20:34:38,2648,1
2025-05-30 20:35:02,811,0
2025-05-30 20:35:03,2641,0
2025-05-30 20:35:03,2642,0
2025-05-30 20:35:03,2643,0
2025-05-30 20:35:03,2644,0
2025-05-30 20:35:03,2645,0
2025-05-30 20:35:03,2646,0
2025-05-30 20:35:03,2647,0
2025-05-30 20:35:03,2648,0
2025-05-30 20:35:03,812,0
2025-05-30 20:35:03,849,0
2025-05-30 20:35:03,812,1
2025-05-30 20:35:05,2603,0
2025-05-30 20:35:05,2601,0
2025-05-30 20:35:05,2604,0
2025-05-30 20:35:05,2602,0
2025-05-30 20:35:05,808,0
2025-05-30 20:35:05,813,0
2025-05-30 20:35:05,850,0
2025-05-30 20:49:53,73,0
2025-05-30 20:49:53,74,0
2025-05-30 20:49:53,1203,0
2025-05-30 20:49:53,1204,0
2025-05-30 20:49:53,1223,0
2025-05-30 20:49:53,1224,0
2025-05-30 20:49:53,812,0
2025-05-30 20:49:53,852,0
2025-05-30 20:49:54,66,0
2025-05-30 20:49:54,67,0
2025-05-30 20:49:54,71,0
2025-05-30 20:49:54,72,0
2025-05-30 20:49:55,812,6
2025-05-30 20:49:55,2648,6
2025-05-30 20:49:55,2647,6
2025-05-30 20:49:56,2646,6
2025-05-30 20:49:56,2645,6
2025-05-30 20:49:56,2644,6
2025-05-30 20:49:57,2643,6
2025-05-30 20:49:57,2642,6
2025-05-30 20:49:57,2641,6
2025-05-30 20:49:57,850,6
2025-05-30 20:49:58,849,6
2025-05-30 20:49:58,813,6
2025-05-30 20:49:58,811,6
2025-05-30 20:49:58,808,6
2025-05-30 20:49:59,2604,6
2025-05-30 20:49:59,2603,6
2025-05-30 20:49:59,2602,6
2025-05-30 20:49:59,2601,6
2025-05-30 20:50:00,852,6
2025-05-30 20:50:00,1224,6
2025-05-30 20:50:00,1223,6
2025-05-30 20:50:00,1204,6
2025-05-30 20:50:01,1203,6
2025-05-30 20:50:01,74,6
2025-05-30 20:50:02,73,6
2025-05-30 20:50:02,72,6
2025-05-30 20:50:02,71,6
2025-05-30 20:50:02,67,6
2025-05-30 20:50:03,66,6
2025-05-30 20:50:03,2404,6
2025-05-30 20:50:04,2403,6
2025-05-30 20:50:04,26,3
2025-05-30 21:03:34,26,2
2025-05-30 21:03:36,26,1
2025-05-30 22:57:41,2,1
2025-05-30 23:02:31,805,1
2025-05-30 23:02:34,805,0
2025-05-30 23:03:51,805,1
2025-05-30 23:04:02,805,0
2025-05-30 23:04:10,805,1
2025-05-30 23:04:28,805,0
2025-05-30 23:04:42,805,1
2025-05-30 23:04:44,805,0
2025-05-30 23:05:23,805,1
2025-05-30 23:05:31,805,0
2025-05-30 23:05:34,805,1
2025-05-30 23:05:47,805,0
2025-05-30 23:07:30,805,1
2025-05-30 23:08:08,805,0
2025-05-30 23:08:09,805,1
2025-05-30 23:08:21,805,0
2025-05-30 23:08:32,805,1
2025-05-30 23:08:46,805,0
2025-05-30 23:08:47,805,1
2025-05-30 23:09:00,805,0
2025-05-30 23:09:07,805,1
2025-05-30 23:09:10,805,0
2025-05-30 23:09:12,805,1
2025-05-30 23:09:19,805,0
2025-05-30 23:19:28,2,0
2025-05-30 23:20:33,26,0
2025-05-30 23:20:33,26,1
2025-05-30 23:21:22,26,3
2025-05-30 23:21:22,805,6
2025-05-30 23:21:23,2,6
2025-05-30 23:21:29,26,2
2025-05-30 23:21:50,26,1
2025-05-30 23:21:58,26,0
2025-05-30 23:22:10,26,1
2025-05-30 23:22:12,26,3
2025-05-30 23:22:26,66,1
2025-05-30 23:22:26,67,1
2025-05-30 23:22:26,1203,1
2025-05-30 23:22:26,1204,1
2025-05-30 23:22:26,1223,1
2025-05-30 23:22:26,1224,1
2025-05-30 23:22:28,1224,3
2025-05-30 23:22:28,1223,3
2025-05-30 23:22:29,1204,3
2025-05-30 23:22:29,1203,3
2025-05-30 23:22:29,67,3
2025-05-30 23:22:30,66,3
2025-05-30 23:22:33,807,1
2025-05-30 23:22:33,807,3
2025-05-30 23:22:40,1203,2
2025-05-30 23:22:40,1204,2
2025-05-30 23:22:40,1223,2
2025-05-30 23:22:40,1224,2
2025-05-30 23:22:42,66,2
2025-05-30 23:22:42,67,2
2025-05-30 23:22:45,26,2
2025-05-30 23:22:49,807,2
2025-05-30 23:25:12,26,1
2025-05-30 23:27:40,26,3
2025-05-30 23:28:42,26,2
2025-05-30 23:28:44,26,1
2025-05-30 23:28:48,26,0
2025-05-30 23:28:50,26,1
2025-05-30 23:29:30,26,0
2025-05-30 23:29:31,26,1
2025-05-30 23:29:51,26,0
2025-05-30 23:29:52,26,1
2025-05-30 23:29:56,26,0
2025-05-30 23:29:58,26,1
2025-05-30 23:29:58,1865,1
2025-05-30 23:30:01,26,0
2025-05-30 23:30:01,26,1
2025-05-30 23:30:03,26,3
2025-05-30 23:30:03,1865,3
2025-05-30 23:30:05,1865,2
2025-05-30 23:30:07,26,2
2025-05-30 23:30:07,26,1
2025-05-30 23:32:32,26,0
2025-05-30 23:36:07,26,1
2025-05-30 23:36:11,26,3
2025-05-30 23:39:31,26,2
2025-05-30 23:39:46,26,1
2025-05-30 23:39:58,26,0
2025-05-30 23:40:21,1804,1
2025-05-30 23:40:24,1804,0
2025-05-30 23:40:37,26,1
2025-05-30 23:40:42,26,3
2025-05-30 23:40:42,1804,6
2025-05-30 23:40:55,26,2
2025-05-30 23:41:02,26,1
2025-05-30 23:41:36,26,0
2025-05-30 23:42:13,26,1
2025-05-30 23:42:22,26,3
2025-05-30 23:43:12,26,2
2025-05-30 23:44:11,1804,1
2025-05-30 23:44:14,1804,0
2025-05-30 23:44:31,1855,1
2025-05-30 23:44:48,1855,3
2025-05-30 23:44:49,1804,6
2025-05-30 23:44:56,26,1
2025-05-30 23:44:56,1855,2
2025-05-30 23:45:07,26,0
2025-05-30 23:45:08,26,1
2025-05-30 23:45:38,26,0
2025-05-30 23:45:39,26,1
2025-05-30 23:47:45,26,0
2025-05-30 23:47:45,26,1
2025-05-31 00:09:45,26,3
2025-05-31 00:10:57,26,2
2025-05-31 00:13:13,1804,1
2025-05-31 00:13:17,1804,0
2025-05-31 00:13:48,1804,1
2025-05-31 00:13:51,1804,0
2025-05-31 00:14:07,26,1
2025-05-31 00:14:34,26,3
2025-05-31 00:14:34,1804,6
2025-05-31 00:14:59,26,2
2025-05-31 02:34:34,805,1
2025-05-31 02:34:38,805,0
2025-05-31 02:35:23,805,1
2025-05-31 02:35:25,805,0
2025-05-31 02:35:54,805,1
2025-05-31 02:35:58,805,0
2025-05-31 02:36:23,805,1
2025-05-31 02:36:32,805,0
2025-05-31 02:37:24,805,1
2025-05-31 02:37:26,805,0
2025-05-31 02:41:45,805,1
2025-05-31 02:41:50,805,0
2025-05-31 02:41:54,805,1
2025-05-31 02:42:13,805,0
2025-05-31 02:42:15,805,1
2025-05-31 02:42:46,805,0
2025-05-31 02:48:55,1606,1
2025-05-31 02:48:56,1655,1
2025-05-31 02:48:58,1606,0
2025-05-31 02:48:58,1655,0
2025-05-31 02:49:05,805,6
2025-05-31 02:49:05,1606,6
2025-05-31 02:49:05,1655,6
2025-05-31 02:49:31,1606,1
2025-05-31 02:49:32,1655,1
2025-05-31 02:49:34,1606,0
2025-05-31 02:49:34,1655,0
2025-05-31 02:49:37,1606,6
2025-05-31 02:49:37,1655,6
2025-05-31 02:59:01,71,1
2025-05-31 02:59:01,72,1
2025-05-31 02:59:01,73,1
2025-05-31 02:59:01,74,1
2025-05-31 02:59:08,807,1
2025-05-31 03:00:00,71,3
2025-05-31 03:00:00,72,3
2025-05-31 03:00:00,73,3
2025-05-31 03:00:00,74,3
2025-05-31 03:00:00,807,3
2025-05-31 03:00:49,71,2
2025-05-31 03:00:49,72,2
2025-05-31 03:00:49,73,2
2025-05-31 03:00:49,74,2
2025-05-31 03:00:51,807,2
2025-05-31 03:28:48,66,1
2025-05-31 03:28:48,1653,1
2025-05-31 03:28:55,66,0
2025-05-31 03:28:55,807,1
2025-05-31 03:32:55,1204,1
2025-05-31 03:33:11,1204,0
2025-05-31 03:39:57,66,6
2025-05-31 03:39:57,1204,6
2025-05-31 03:39:57,807,3
2025-05-31 03:39:57,1653,3
2025-05-31 03:39:59,807,2
2025-05-31 03:39:59,1653,2
2025-05-31 03:40:03,805,1
2025-05-31 03:51:18,805,0
2025-05-31 04:27:03,66,1
2025-05-31 04:27:03,1653,1
2025-05-31 04:27:10,1203,1
2025-05-31 04:27:10,1223,1
2025-05-31 04:27:11,807,1
2025-05-31 04:27:34,66,3
2025-05-31 04:27:34,1203,3
2025-05-31 04:27:34,1223,3
2025-05-31 04:27:34,805,6
2025-05-31 04:27:34,807,3
2025-05-31 04:27:34,1653,3
2025-05-31 04:28:25,1203,2
2025-05-31 04:28:25,1223,2
2025-05-31 04:28:32,66,2
2025-05-31 04:28:36,1653,2
2025-05-31 04:28:41,807,2
2025-05-31 04:30:42,2605,1
2025-05-31 04:31:22,2605,0
2025-05-31 04:46:03,1606,1
2025-05-31 04:46:03,1655,1
2025-05-31 04:46:05,1606,0
2025-05-31 04:46:05,1655,0
2025-05-31 04:46:09,2605,6
2025-05-31 04:46:09,1606,6
2025-05-31 04:46:09,1655,6
2025-05-31 04:46:35,1606,1
2025-05-31 04:46:35,1655,1
2025-05-31 04:46:37,1606,0
2025-05-31 04:46:37,1655,0
2025-05-31 04:46:39,1606,6
2025-05-31 04:46:39,1655,6
2025-05-31 04:47:01,1606,1
2025-05-31 04:47:02,1655,1
2025-05-31 04:47:04,1606,0
2025-05-31 04:47:04,1655,0
2025-05-31 04:47:09,1606,6
2025-05-31 04:47:09,1655,6
2025-05-31 04:47:34,1606,1
2025-05-31 04:47:34,1655,1
2025-05-31 04:47:36,1606,0
2025-05-31 04:47:36,1655,0
2025-05-31 04:47:37,1606,6
2025-05-31 04:47:37,1655,6
2025-05-31 05:00:58,67,1
2025-05-31 05:00:58,1204,1
2025-05-31 05:00:58,1224,1
2025-05-31 05:00:59,66,1
2025-05-31 05:00:59,1203,1
2025-05-31 05:00:59,1223,1
2025-05-31 05:01:05,807,1
2025-05-31 05:01:55,1203,0
2025-05-31 05:01:55,1204,0
2025-05-31 05:01:55,1223,0
2025-05-31 05:01:55,1224,0
2025-05-31 05:01:56,66,0
2025-05-31 05:01:56,67,0
2025-05-31 05:02:02,26,1
2025-05-31 05:02:04,26,3
2025-05-31 05:02:04,807,3
2025-05-31 05:02:05,1223,6
2025-05-31 05:02:05,1203,6
2025-05-31 05:02:06,66,6
2025-05-31 05:02:06,1224,6
2025-05-31 05:02:07,1204,6
2025-05-31 05:02:07,67,6
2025-05-31 05:02:10,807,2
2025-05-31 05:04:10,26,2
2025-05-31 05:04:30,1855,1
2025-05-31 05:04:43,1855,3
2025-05-31 05:04:52,26,1
2025-05-31 05:04:52,1855,2
2025-05-31 05:04:55,26,0
2025-05-31 05:05:05,26,6
2025-05-31 05:05:07,26,3
2025-05-31 05:05:17,26,2
2025-05-31 05:05:21,26,1
2025-05-31 05:05:23,26,0
2025-05-31 05:05:41,1855,1
2025-05-31 05:09:33,26,1
2025-05-31 05:09:33,1855,0
2025-05-31 05:09:36,26,3
2025-05-31 05:09:37,1855,6
2025-05-31 05:09:40,26,2
2025-05-31 05:09:51,26,1
2025-05-31 05:10:39,26,0
2025-05-31 05:57:59,26,1
2025-05-31 11:44:23,847,1
2025-05-31 11:46:33,847,0
2025-05-31 11:49:00,847,6
2025-05-31 11:49:01,26,3
2025-05-31 13:36:02,26,2
2025-05-31 19:02:02,71,1
2025-05-31 19:02:02,72,1
2025-05-31 19:02:02,73,1
2025-05-31 19:02:02,74,1
2025-05-31 19:02:05,73,0
2025-05-31 19:02:05,74,0
2025-05-31 19:02:10,807,1
2025-05-31 19:02:32,807,3
2025-05-31 19:02:33,74,6
2025-05-31 19:02:33,73,6
2025-05-31 19:02:33,72,3
2025-05-31 19:02:33,71,3
2025-05-31 19:02:37,71,2
2025-05-31 19:02:37,72,2
2025-05-31 19:02:46,807,2
2025-05-31 19:40:37,67,1
2025-05-31 19:40:44,807,1
2025-05-31 19:40:46,67,0
2025-05-31 19:40:55,67,6
2025-05-31 19:40:55,807,3
2025-05-31 19:40:58,807,2
2025-05-31 20:28:02,67,1
2025-05-31 20:28:02,1204,1
2025-05-31 20:28:02,1224,1
2025-05-31 20:28:05,66,1
2025-05-31 20:28:05,1203,1
2025-05-31 20:28:05,1223,1
2025-05-31 20:28:09,807,1
2025-05-31 20:28:43,807,0
2025-05-31 20:28:58,807,6
2025-05-31 20:28:58,1223,3
2025-05-31 20:28:59,1203,3
2025-05-31 20:28:59,66,3
2025-05-31 20:29:00,1224,3
2025-05-31 20:29:00,1204,3
2025-05-31 20:29:00,67,3
2025-05-31 20:29:33,1203,2
2025-05-31 20:29:33,1204,2
2025-05-31 20:29:33,1223,2
2025-05-31 20:29:33,1224,2
2025-05-31 20:29:35,66,2
2025-05-31 20:29:35,67,2
2025-05-31 20:29:38,1851,1
2025-05-31 20:29:40,1851,0
2025-05-31 20:29:45,1851,6
2025-05-31 20:29:54,1851,1
2025-05-31 20:30:53,1851,3
2025-05-31 20:35:14,1851,2
2025-05-31 21:23:18,65,1
2025-06-01 00:52:30,807,1
2025-06-01 00:53:19,807,3
2025-06-01 00:53:19,65,3
2025-06-01 00:55:11,65,2
2025-06-01 00:55:20,807,2
2025-06-01 01:24:03,2605,1
2025-06-01 01:24:34,2605,0
2025-06-01 01:32:51,66,1
2025-06-01 01:32:51,1203,1
2025-06-01 01:32:51,1223,1
2025-06-01 01:32:57,1223,0
2025-06-01 01:32:57,1203,0
2025-06-01 01:32:58,807,1
2025-06-01 01:36:52,66,0
2025-06-01 01:36:56,66,6
2025-06-01 01:36:56,2605,6
2025-06-01 01:36:56,1203,6
2025-06-01 01:36:56,1223,6
2025-06-01 01:36:56,807,3
2025-06-01 01:37:02,807,2
2025-06-01 01:44:57,67,1
2025-06-01 01:44:57,1204,1
2025-06-01 01:44:57,1224,1
2025-06-01 01:45:02,1224,0
2025-06-01 01:45:02,1204,0
2025-06-01 01:45:04,807,1
2025-06-01 01:45:05,67,3
2025-06-01 01:45:05,1204,6
2025-06-01 01:45:05,1224,6
2025-06-01 01:45:06,807,3
2025-06-01 01:45:07,67,2
2025-06-01 01:45:15,807,2
2025-06-01 03:02:41,2605,1
2025-06-01 03:03:34,2605,0
2025-06-01 03:03:42,2605,1
2025-06-01 03:03:45,2605,0
2025-06-01 03:18:26,805,1
2025-06-01 03:18:28,805,0
2025-06-01 03:27:32,66,1
2025-06-01 03:27:39,1203,1
2025-06-01 03:27:39,1223,1
2025-06-01 03:27:39,807,1
2025-06-01 03:27:43,66,3
2025-06-01 03:27:43,2605,6
2025-06-01 03:27:43,1203,3
2025-06-01 03:27:43,1223,3
2025-06-01 03:27:43,805,6
2025-06-01 03:27:43,807,3
2025-06-01 03:32:17,1223,2
2025-06-01 03:32:17,1203,2
2025-06-01 03:32:29,1203,1
2025-06-01 03:32:29,1223,1
2025-06-01 03:32:36,1203,3
2025-06-01 03:32:36,1223,3
2025-06-01 03:33:15,807,2
2025-06-01 03:33:33,1203,2
2025-06-01 03:33:33,1223,2
2025-06-01 03:33:35,66,2
2025-06-01 03:39:16,26,1
2025-06-01 03:39:18,26,0
2025-06-01 04:04:13,26,1
2025-06-01 14:20:00,26,3
2025-06-01 14:20:05,26,2
2025-06-01 14:22:29,66,1
2025-06-01 14:22:30,1203,1
2025-06-01 14:22:30,1223,1
2025-06-01 14:22:31,67,1
2025-06-01 14:22:31,1204,1
2025-06-01 14:22:31,1224,1
2025-06-01 14:22:36,807,1
2025-06-01 14:22:56,807,3
2025-06-01 14:22:57,1224,3
2025-06-01 14:22:58,1204,3
2025-06-01 14:22:58,67,3
2025-06-01 14:22:58,1223,3
2025-06-01 14:22:58,1203,3
2025-06-01 14:22:59,66,3
2025-06-01 14:23:15,1203,2
2025-06-01 14:23:15,1204,2
2025-06-01 14:23:15,1223,2
2025-06-01 14:23:15,1224,2
2025-06-01 14:23:16,66,2
2025-06-01 14:23:16,67,2
2025-06-01 14:23:23,807,2
2025-06-02 07:22:12,2437,1
2025-06-02 07:22:14,2437,0
2025-06-02 07:22:48,2437,1
2025-06-02 07:22:50,2437,0
2025-06-02 11:47:17,2437,6
2025-06-03 13:23:27,2,1
2025-06-03 15:32:29,2,0
2025-06-03 16:18:50,66,1
2025-06-03 16:18:56,807,1
2025-06-03 16:30:51,1203,1
2025-06-03 16:30:51,1223,1
2025-06-03 16:30:57,1223,0
2025-06-03 16:30:57,1203,0
2025-06-03 16:31:39,2,6
2025-06-03 16:31:39,66,3
2025-06-03 16:31:39,1203,6
2025-06-03 16:31:39,1223,6
2025-06-03 16:31:39,807,3
2025-06-03 16:32:43,67,1
2025-06-03 16:32:46,66,2
2025-06-03 16:32:46,67,0
2025-06-03 16:35:15,67,6
2025-06-03 16:35:18,807,2
2025-06-03 16:38:27,67,1
2025-06-03 16:38:27,1653,1
2025-06-03 16:38:27,1204,1
2025-06-03 16:38:27,1224,1
2025-06-03 16:38:34,66,1
2025-06-03 16:38:34,807,1
2025-06-03 16:38:34,1203,1
2025-06-03 16:38:34,1223,1
2025-06-03 16:41:25,1223,3
2025-06-03 16:41:25,1203,3
2025-06-03 16:41:26,807,3
2025-06-03 16:41:26,66,3
2025-06-03 16:41:26,1224,3
2025-06-03 16:41:26,1204,3
2025-06-03 16:41:27,1653,3
2025-06-03 16:41:27,67,3
2025-06-03 16:41:31,1203,2
2025-06-03 16:41:31,1204,2
2025-06-03 16:41:31,1223,2
2025-06-03 16:41:31,1224,2
2025-06-03 16:41:36,66,2
2025-06-03 16:41:36,67,2
2025-06-03 16:41:40,1653,2
2025-06-03 16:41:45,807,2
2025-06-03 17:41:22,2,1
2025-06-04 14:00:57,2,0
2025-06-04 14:02:41,2438,1
2025-06-04 14:02:45,2438,3
2025-06-04 14:03:13,2,6
2025-06-04 14:04:39,1,1
2025-06-04 14:08:13,1,0
2025-06-04 16:14:48,1,6
2025-06-04 16:15:05,26,1
2025-06-04 16:15:10,26,3
2025-06-04 17:15:05,2,1
2025-06-05 02:32:48,1608,1
2025-06-05 02:32:51,1608,0
2025-06-05 04:47:08,1608,1
2025-06-05 04:47:15,1608,0
2025-06-05 06:37:51,2404,1
2025-06-05 06:37:51,2438,2
2025-06-05 06:37:53,2404,0
2025-06-05 06:38:22,2438,1
2025-06-05 06:38:26,2438,0
2025-06-05 06:38:27,2438,1
2025-06-05 06:38:29,2438,0
2025-06-05 06:43:35,2437,1
2025-06-05 06:43:37,2437,0
2025-06-05 06:51:15,805,1
2025-06-05 06:51:17,805,0
2025-06-05 07:58:48,805,1
2025-06-05 07:58:52,805,0
2025-06-05 12:13:01,1608,1
2025-06-05 12:13:04,1608,0
2025-06-05 16:46:26,1608,1
2025-06-05 16:46:28,1608,0
2025-06-06 14:28:07,805,1
2025-06-06 14:28:12,805,0
2025-06-07 00:00:05,805,6
2025-06-07 00:00:05,1608,6
2025-06-07 00:00:05,2437,6
2025-06-07 00:00:05,2438,6
2025-06-07 00:00:06,2404,6
2025-06-07 00:00:06,2,3
2025-06-07 00:00:49,2,2
2025-06-07 00:00:49,26,2
2025-06-07 00:02:01,26,1
2025-06-07 00:24:45,26,0
2025-06-07 00:26:40,26,6
2025-06-07 00:27:15,26,1
2025-06-07 00:27:29,26,0
2025-06-07 00:27:32,26,1
2025-06-07 00:28:15,26,0
2025-06-07 00:28:59,26,1
2025-06-07 00:29:38,26,0
2025-06-07 00:33:53,26,6
2025-06-07 02:57:05,805,1
2025-06-07 03:49:58,805,0
2025-06-07 03:55:46,805,1
2025-06-07 03:55:49,805,0
2025-06-08 10:23:19,1221,1
2025-06-08 10:32:30,1205,1
2025-06-08 10:32:30,1226,1
2025-06-08 10:32:41,1221,0
2025-06-08 10:33:48,1205,0
2025-06-08 10:33:48,1226,0
2025-06-08 10:33:55,1226,6
2025-06-08 10:33:55,1205,6
2025-06-08 10:33:56,1221,6
2025-06-08 10:33:56,805,6
2025-06-08 10:34:17,66,1
2025-06-08 10:34:17,67,1
2025-06-08 10:34:17,1203,1
2025-06-08 10:34:17,1204,1
2025-06-08 10:34:17,1223,1
2025-06-08 10:34:17,1224,1
2025-06-08 10:34:24,807,1
2025-06-08 10:35:51,1224,0
2025-06-08 10:35:51,1204,0
2025-06-08 10:35:54,1223,0
2025-06-08 10:35:54,1203,0
2025-06-08 10:38:03,66,0
2025-06-08 10:38:03,67,0
2025-06-08 10:42:11,807,3
2025-06-08 10:42:11,1224,6
2025-06-08 10:42:11,1223,6
2025-06-08 10:42:11,1204,6
2025-06-08 10:42:12,1203,6
2025-06-08 10:42:12,67,6
2025-06-08 10:42:12,66,6
2025-06-08 10:42:16,807,2
2025-06-08 10:53:13,66,1
2025-06-08 10:53:13,1203,1
2025-06-08 10:53:13,1223,1
2025-06-08 10:53:15,67,1
2025-06-08 10:53:15,1204,1
2025-06-08 10:53:15,1224,1
2025-06-08 10:53:20,807,1
2025-06-08 10:53:56,1203,0
2025-06-08 10:53:56,1204,0
2025-06-08 10:53:56,1223,0
2025-06-08 10:53:56,1224,0
2025-06-08 10:53:58,66,0
2025-06-08 10:53:58,67,0
2025-06-08 10:54:08,807,3
2025-06-08 10:54:08,1224,6
2025-06-08 10:54:08,1204,6
2025-06-08 10:54:08,67,6
2025-06-08 10:54:09,1223,6
2025-06-08 10:54:09,1203,6
2025-06-08 10:54:09,66,6
2025-06-08 10:54:13,807,2
2025-06-08 11:56:00,2,1
2025-06-08 12:37:19,2,0
2025-06-08 12:54:54,805,1
2025-06-08 13:04:22,805,0
2025-06-08 13:58:30,68,1
2025-06-08 13:58:36,807,1
2025-06-08 13:58:53,68,0
2025-06-08 14:02:24,2,6
2025-06-08 14:02:24,68,6
2025-06-08 14:02:24,805,6
2025-06-08 14:02:24,807,3
2025-06-08 14:02:27,807,2
2025-06-08 15:17:11,2607,1
2025-06-08 15:17:11,2651,1
2025-06-08 15:17:13,2607,0
2025-06-08 15:17:13,2651,0
2025-06-08 15:17:52,2607,6
2025-06-08 15:17:52,2651,6
2025-06-08 15:18:12,2607,1
2025-06-08 15:18:12,2651,1
2025-06-08 15:18:14,2607,0
2025-06-08 15:18:14,2651,0
2025-06-08 15:19:23,2607,6
2025-06-08 15:19:23,2651,6
2025-06-08 15:22:18,2607,1
2025-06-08 15:22:18,2651,1
2025-06-08 15:22:20,2607,0
2025-06-08 15:22:20,2651,0
2025-06-08 15:22:26,2607,6
2025-06-08 15:22:26,2651,6
2025-06-08 15:34:52,66,1
2025-06-08 15:34:52,1203,1
2025-06-08 15:34:52,1223,1
2025-06-08 15:34:52,1653,1
2025-06-08 15:34:57,1223,0
2025-06-08 15:34:59,807,1
2025-06-08 15:35:00,1203,0
2025-06-08 15:36:54,66,0
2025-06-08 15:36:56,66,6
2025-06-08 15:36:56,1203,6
2025-06-08 15:36:56,1223,6
2025-06-08 15:36:56,807,3
2025-06-08 15:36:56,1653,3
2025-06-08 15:36:58,1653,2
2025-06-08 15:37:04,807,2
2025-06-08 18:27:45,2605,1
2025-06-08 18:27:48,2607,1
2025-06-08 18:27:48,2651,1
2025-06-08 18:27:50,2607,0
2025-06-08 18:27:50,2651,0
2025-06-08 18:28:00,2605,3
2025-06-08 18:28:00,2607,6
2025-06-08 18:28:00,2651,6
2025-06-08 18:29:44,2605,2
2025-06-08 18:29:58,1606,1
2025-06-08 18:31:32,1606,0
2025-06-08 18:45:00,1606,6
2025-06-08 18:51:53,805,1
2025-06-08 19:00:05,805,0
2025-06-08 19:07:54,71,1
2025-06-08 19:07:54,72,1
2025-06-08 19:07:54,73,1
2025-06-08 19:07:54,74,1
2025-06-08 19:08:01,73,0
2025-06-08 19:08:01,74,0
2025-06-08 19:08:01,807,1
2025-06-08 19:12:16,71,3
2025-06-08 19:12:16,72,3
2025-06-08 19:12:16,73,6
2025-06-08 19:12:16,74,6
2025-06-08 19:12:16,805,6
2025-06-08 19:12:16,807,3
2025-06-08 19:12:18,71,2
2025-06-08 19:12:18,72,2
2025-06-08 19:12:27,807,2
2025-06-08 19:12:31,805,1
2025-06-08 19:13:03,805,0
2025-06-08 19:13:38,805,1
2025-06-08 19:13:54,805,0
2025-06-08 19:14:14,805,1
2025-06-08 19:14:19,805,0
2025-06-08 19:18:25,805,1
2025-06-08 19:20:45,805,0
2025-06-08 19:40:01,805,1
2025-06-08 21:37:55,2601,1
2025-06-08 21:38:14,2603,1
2025-06-08 21:43:41,66,1
2025-06-08 21:43:41,1203,1
2025-06-08 21:43:41,1223,1
2025-06-08 21:43:41,805,0
2025-06-08 21:43:45,1223,0
2025-06-08 21:43:45,1203,0
2025-06-08 21:43:46,66,3
2025-06-08 21:43:46,2601,3
2025-06-08 21:43:46,2603,3
2025-06-08 21:43:46,1203,6
2025-06-08 21:43:46,1223,6
2025-06-08 21:43:46,805,6
2025-06-08 21:43:47,1203,3
2025-06-08 21:43:47,1223,3
2025-06-08 21:43:47,807,3
2025-06-08 21:43:52,1223,2
2025-06-08 21:43:53,1203,2
2025-06-08 21:43:54,1203,1
2025-06-08 21:43:54,1223,1
2025-06-08 21:43:56,1223,0
2025-06-08 21:43:57,1203,0
2025-06-08 21:43:57,1203,6
2025-06-08 21:43:57,1223,6
2025-06-08 21:43:59,66,2
2025-06-08 21:44:01,807,2
2025-06-08 21:44:05,805,1
2025-06-08 21:44:18,66,1
2025-06-08 21:44:18,1203,1
2025-06-08 21:44:18,1223,1
2025-06-08 21:44:18,805,0
2025-06-08 21:44:21,66,3
2025-06-08 21:44:21,1203,3
2025-06-08 21:44:21,1223,3
2025-06-08 21:44:21,805,6
2025-06-08 21:44:23,1223,2
2025-06-08 21:44:25,807,3
2025-06-08 21:44:25,1203,2
2025-06-08 21:44:42,1203,1
2025-06-08 21:44:42,1223,1
2025-06-08 21:44:44,1203,3
2025-06-08 21:44:44,1223,3
2025-06-08 21:53:25,1223,2
2025-06-08 21:53:25,1203,2
2025-06-08 21:54:28,66,2
2025-06-08 21:54:37,807,2
2025-06-08 21:54:41,805,1
2025-06-08 21:54:45,805,3
2025-06-08 22:19:41,805,2
2025-06-08 22:31:05,805,1
2025-06-08 22:47:34,805,0
2025-06-08 23:51:47,805,6
2025-06-08 23:52:54,66,1
2025-06-08 23:52:54,1203,1
2025-06-08 23:52:54,1223,1
2025-06-08 23:53:01,807,1
2025-06-08 23:53:05,1223,0
2025-06-08 23:53:05,1203,0
2025-06-08 23:54:00,66,3
2025-06-08 23:54:00,1203,6
2025-06-08 23:54:00,1223,6
2025-06-08 23:54:00,807,3
2025-06-08 23:54:02,66,2
2025-06-08 23:54:10,807,2
2025-06-09 00:13:37,2601,2
2025-06-09 00:13:38,2601,1
2025-06-09 00:18:11,2601,0
2025-06-09 00:18:11,2601,1
2025-06-09 00:28:38,2601,3
2025-06-09 01:20:44,2601,2
2025-06-09 01:20:51,2603,2
2025-06-12 08:48:15,805,1
2025-06-12 08:51:08,805,3
2025-06-12 09:01:23,66,1
2025-06-12 09:01:23,805,2
2025-06-12 09:01:29,807,1
2025-06-12 09:01:34,66,3
2025-06-12 09:01:34,807,3
2025-06-12 09:01:47,66,2
2025-06-12 09:01:56,807,2
2025-06-12 09:02:00,805,1
2025-06-12 09:02:21,66,1
2025-06-12 09:02:21,805,0
2025-06-12 09:02:28,807,1
2025-06-12 09:02:52,66,0
2025-06-12 09:03:06,66,6
2025-06-12 09:03:06,805,6
2025-06-12 09:03:06,807,3
2025-06-12 09:03:08,807,2
2025-06-12 09:03:12,805,1
2025-06-12 09:03:19,805,3
2025-06-12 09:10:24,1606,1
2025-06-12 09:10:24,1655,1
2025-06-12 09:10:26,1606,0
2025-06-12 09:10:26,1655,0
2025-06-12 09:10:32,1606,6
2025-06-12 09:10:32,1655,6
2025-06-12 09:16:10,1606,1
2025-06-12 09:16:12,1606,0
2025-06-12 09:37:26,1606,6
2025-06-12 09:38:34,67,1
2025-06-12 09:38:34,805,2
2025-06-12 09:38:34,1204,1
2025-06-12 09:38:34,1224,1
2025-06-12 09:38:40,66,1
2025-06-12 09:38:40,1203,1
2025-06-12 09:38:40,1223,1
2025-06-12 09:38:41,807,1
2025-06-12 09:39:44,807,0
2025-06-12 09:40:06,1203,0
2025-06-12 09:40:06,1204,0
2025-06-12 09:40:06,1223,0
2025-06-12 09:40:06,1224,0
2025-06-12 09:40:19,66,0
2025-06-12 09:40:19,67,0
2025-06-12 09:40:33,807,6
2025-06-12 09:40:33,1223,6
2025-06-12 09:40:34,1203,6
2025-06-12 09:40:34,66,6
2025-06-12 09:40:34,1224,6
2025-06-12 09:40:34,1204,6
2025-06-12 09:40:35,67,6
2025-06-12 09:43:40,805,1
2025-06-12 09:43:51,805,0
2025-06-12 09:43:55,805,6
2025-06-12 12:43:16,805,1
2025-06-12 12:43:59,802,1
2025-06-12 12:44:07,805,0
2025-06-12 12:44:11,842,1
2025-06-12 12:44:11,2655,1
2025-06-12 12:44:11,2656,1
2025-06-12 12:44:23,805,1
2025-06-12 12:44:25,802,0
2025-06-12 12:44:29,802,1
2025-06-12 12:44:31,805,0
2025-06-12 12:44:32,2656,0
2025-06-12 12:44:32,842,0
2025-06-12 12:44:32,2655,0
2025-06-12 12:44:57,802,0
2025-06-12 12:44:58,805,1
2025-06-12 12:45:15,802,1
2025-06-12 12:45:17,805,0
2025-06-12 12:45:27,802,0
2025-06-12 12:45:28,805,1
2025-06-12 12:45:48,802,1
2025-06-12 12:45:51,805,0
2025-06-12 12:46:22,842,1
2025-06-12 12:46:22,2655,1
2025-06-12 12:46:22,2656,1
2025-06-12 12:47:03,843,1
2025-06-12 12:47:13,2655,0
2025-06-12 12:47:13,2656,0
2025-06-12 12:47:13,842,0
2025-06-12 12:47:18,843,0
2025-06-12 12:47:49,844,1
2025-06-12 12:47:56,844,0
2025-06-12 12:48:00,844,1
2025-06-12 12:48:04,844,0
2025-06-12 12:48:15,842,1
2025-06-12 12:48:15,2655,1
2025-06-12 12:48:15,2656,1
2025-06-12 12:48:34,2655,0
2025-06-12 12:48:34,842,0
2025-06-12 12:48:34,2656,0
2025-06-12 12:48:50,843,1
2025-06-12 12:48:55,843,0
2025-06-12 12:49:04,842,1
2025-06-12 12:49:04,2655,1
2025-06-12 12:49:04,2656,1
2025-06-12 12:49:13,802,0
2025-06-12 12:49:14,805,1
2025-06-12 12:49:19,802,1
2025-06-12 12:49:20,2655,0
2025-06-12 12:49:20,2656,0
2025-06-12 12:49:21,842,0
2025-06-12 12:49:24,805,0
2025-06-12 12:50:22,802,3
2025-06-12 12:50:23,805,6
2025-06-12 12:50:23,2656,6
2025-06-12 12:50:23,2655,6
2025-06-12 12:50:24,842,6
2025-06-12 12:50:24,843,6
2025-06-12 12:50:24,844,6
2025-06-12 12:55:27,802,2
2025-06-12 12:55:57,805,1
2025-06-12 12:56:24,805,0
2025-06-12 15:02:42,805,6
2025-06-12 15:15:53,805,1
2025-06-12 15:16:11,805,0
2025-06-12 15:16:35,805,1
2025-06-12 15:16:42,805,0
2025-06-12 15:18:50,805,1
2025-06-12 15:18:55,805,0
2025-06-12 15:19:05,805,1
2025-06-12 15:19:11,805,0
2025-06-12 15:23:00,805,1
2025-06-12 15:23:08,805,0
2025-06-12 15:26:33,805,1
2025-06-12 15:26:41,805,0
2025-06-12 15:32:13,805,1
2025-06-12 15:32:19,805,0
2025-06-12 15:33:52,805,1
2025-06-12 15:34:18,805,0
2025-06-12 15:43:51,802,1
2025-06-12 16:40:27,802,3
2025-06-12 16:40:27,805,6
2025-06-12 16:40:48,802,2
2025-06-13 08:57:17,805,1
2025-06-13 08:58:14,805,0
2025-06-13 14:39:12,66,1
2025-06-13 14:39:12,67,1
2025-06-13 14:39:12,1203,1
2025-06-13 14:39:12,1204,1
2025-06-13 14:39:12,1223,1
2025-06-13 14:39:12,1224,1
2025-06-13 14:39:18,807,1
2025-06-13 14:39:34,807,3
2025-06-13 14:39:34,1224,3
2025-06-13 14:39:34,1223,3
2025-06-13 14:39:35,1204,3
2025-06-13 14:39:35,1203,3
2025-06-13 14:39:35,67,3
2025-06-13 14:39:36,66,3
2025-06-13 14:39:36,805,6
2025-06-13 14:40:27,1224,2
2025-06-13 14:40:27,1204,2
2025-06-13 14:40:29,1223,2
2025-06-13 14:40:30,1203,2
2025-06-13 14:47:35,66,2
2025-06-13 14:47:35,67,2
2025-06-13 14:47:45,807,2
2025-06-13 14:48:29,66,1
2025-06-13 14:48:29,1653,1
2025-06-13 14:48:33,66,0
2025-06-13 14:48:35,807,1
2025-06-13 14:49:43,66,6
2025-06-13 14:49:43,807,3
2025-06-13 14:49:43,1653,3
2025-06-13 14:49:45,807,2
2025-06-13 14:49:47,1653,2
2025-06-13 19:43:15,2661,1
2025-06-13 20:01:22,2661,0
2025-06-13 20:09:32,2661,6
2025-06-13 20:36:45,67,1
2025-06-13 20:36:45,1653,1
2025-06-13 20:36:52,807,1
2025-06-13 20:37:23,67,3
2025-06-13 20:37:23,807,3
2025-06-13 20:37:23,1653,3
2025-06-13 20:37:27,67,2
2025-06-13 20:37:31,1653,2
2025-06-13 20:37:37,807,2
2025-06-13 20:37:56,67,1
2025-06-13 20:37:56,1204,1
2025-06-13 20:37:56,1224,1
2025-06-13 20:38:03,807,1
2025-06-13 20:38:12,1224,0
2025-06-13 20:38:12,1204,0
2025-06-13 20:40:29,1204,1
2025-06-13 20:40:29,1224,1
2025-06-13 20:40:37,1224,0
2025-06-13 20:40:37,1204,0
2025-06-13 20:43:08,67,0
2025-06-13 20:43:18,67,6
2025-06-13 20:43:18,1204,6
2025-06-13 20:43:18,1224,6
2025-06-13 20:43:18,807,3
2025-06-13 20:43:21,807,2
2025-06-13 21:11:50,805,1
2025-06-13 21:11:58,805,0
2025-06-13 21:11:59,805,1
2025-06-13 21:12:01,805,0
2025-06-13 21:12:25,805,1
2025-06-13 21:12:34,805,0
2025-06-13 21:12:38,805,1
2025-06-13 21:12:47,805,0
2025-06-13 21:12:50,805,1
2025-06-13 21:13:01,805,0
2025-06-13 21:13:53,805,1
2025-06-13 21:14:03,805,0
2025-06-13 21:19:58,805,6
2025-06-13 21:22:30,1855,1
2025-06-13 21:22:43,1855,3
2025-06-13 21:22:45,1855,2
2025-06-13 21:26:02,805,1
2025-06-13 21:26:47,805,0
2025-06-13 21:34:33,805,1
2025-06-13 21:37:18,805,0
2025-06-14 11:18:10,805,6
2025-06-14 11:18:22,805,1
2025-06-14 11:19:08,802,1
2025-06-14 11:19:11,805,0
2025-06-14 11:19:29,842,1
2025-06-14 11:19:30,2655,1
2025-06-14 11:19:30,2656,1
2025-06-14 11:20:03,2656,3
2025-06-14 11:20:03,2655,3
2025-06-14 11:20:03,842,3
2025-06-14 11:20:04,802,3
2025-06-14 11:20:04,805,6
2025-06-14 11:20:47,842,2
2025-06-14 11:20:47,2655,2
2025-06-14 11:20:47,2656,2
2025-06-14 12:49:29,802,2
2025-06-14 12:49:32,805,1
2025-06-14 12:50:17,805,0
2025-06-14 12:52:04,805,1
2025-06-14 12:52:17,802,1
2025-06-14 12:52:19,805,0
2025-06-14 12:52:48,842,1
2025-06-14 12:52:48,2656,1
2025-06-14 12:52:48,2655,1
2025-06-14 12:53:05,842,0
2025-06-14 12:53:05,2655,0
2025-06-14 12:53:05,2656,0
2025-06-14 12:53:15,2655,6
2025-06-14 12:53:15,2656,6
2025-06-14 12:53:16,842,6
2025-06-14 12:53:16,802,3
2025-06-14 12:53:17,805,6
2025-06-14 12:54:36,802,2
2025-06-14 12:57:05,805,1
2025-06-14 12:57:14,805,0
2025-06-14 12:59:33,805,1
2025-06-14 13:00:59,805,0
2025-06-14 13:01:05,805,1
2025-06-14 13:01:33,805,0
2025-06-14 13:04:54,805,1
2025-06-14 13:05:48,805,0
2025-06-14 13:08:50,802,1
2025-06-14 13:08:54,802,0
2025-06-14 13:10:46,802,1
2025-06-14 13:11:53,802,3
2025-06-14 13:11:53,805,6
2025-06-14 13:59:46,67,1
2025-06-14 13:59:53,807,1
2025-06-14 13:59:54,67,0
2025-06-14 13:59:54,67,6
2025-06-14 13:59:55,807,3
2025-06-14 14:00:04,807,2
2025-06-14 14:03:58,67,1
2025-06-14 14:04:05,807,1
2025-06-14 14:04:47,67,0
2025-06-14 14:04:56,67,6
2025-06-14 14:04:56,807,3
2025-06-14 14:04:58,807,2
2025-06-14 14:26:29,71,1
2025-06-14 14:26:29,72,1
2025-06-14 14:26:29,73,1
2025-06-14 14:26:29,74,1
2025-06-14 14:26:36,807,1
2025-06-14 14:27:29,71,3
2025-06-14 14:27:29,72,3
2025-06-14 14:27:29,73,3
2025-06-14 14:27:29,74,3
2025-06-14 14:27:29,807,3
2025-06-14 14:27:31,71,2
2025-06-14 14:27:31,72,2
2025-06-14 14:27:31,73,2
2025-06-14 14:27:31,74,2
2025-06-14 14:27:39,807,2
2025-06-14 15:55:36,67,1
2025-06-14 15:55:36,1204,1
2025-06-14 15:55:36,1224,1
2025-06-14 15:55:38,1204,0
2025-06-14 15:55:38,1224,0
2025-06-14 15:55:43,807,1
2025-06-14 15:56:14,1204,1
2025-06-14 15:56:14,1224,1
2025-06-14 16:07:00,1224,0
2025-06-14 16:07:01,1204,0
2025-06-14 16:07:09,1204,1
2025-06-14 16:07:09,1224,1
2025-06-14 16:07:20,1224,0
2025-06-14 16:07:20,1204,0
2025-06-14 16:08:16,67,0
2025-06-14 16:08:21,67,6
2025-06-14 16:08:21,1204,6
2025-06-14 16:08:21,1224,6
2025-06-14 16:08:21,807,3
2025-06-14 16:08:25,807,2
2025-06-14 16:17:41,67,1
2025-06-14 16:17:41,1204,1
2025-06-14 16:17:41,1224,1
2025-06-14 16:17:48,807,1
2025-06-14 16:18:35,1224,0
2025-06-14 16:18:35,1204,0
2025-06-14 16:19:01,67,0
2025-06-14 16:19:01,67,6
2025-06-14 16:19:01,1204,6
2025-06-14 16:19:01,1224,6
2025-06-14 16:19:01,807,3
2025-06-14 16:19:10,807,2
2025-06-14 16:41:59,67,1
2025-06-14 16:41:59,1204,1
2025-06-14 16:41:59,1224,1
2025-06-14 16:42:02,1224,0
2025-06-14 16:42:04,1204,0
2025-06-14 16:42:05,807,1
2025-06-14 16:42:19,1204,1
2025-06-14 16:42:19,1224,1
2025-06-14 16:42:21,1204,0
2025-06-14 16:42:21,1224,0
2025-06-14 16:42:34,67,0
2025-06-14 16:42:36,67,6
2025-06-14 16:42:36,1204,6
2025-06-14 16:42:36,1224,6
2025-06-14 16:42:36,807,3
2025-06-14 16:42:44,807,2
2025-06-14 16:44:31,67,1
2025-06-14 16:44:31,1204,1
2025-06-14 16:44:31,1224,1
2025-06-14 16:44:33,1204,0
2025-06-14 16:44:33,1224,0
2025-06-14 16:44:38,807,1
2025-06-14 16:44:41,67,0
2025-06-14 16:44:42,67,6
2025-06-14 16:44:42,1204,6
2025-06-14 16:44:42,1224,6
2025-06-14 16:44:42,807,3
2025-06-14 16:44:50,807,2
2025-06-14 18:51:21,67,1
2025-06-14 18:51:28,807,1
2025-06-14 18:54:49,1204,1
2025-06-14 18:54:49,1224,1
2025-06-14 19:09:24,1224,0
2025-06-14 19:09:26,1204,0
2025-06-14 19:10:35,67,0
2025-06-14 19:10:36,67,6
2025-06-14 19:10:36,1204,6
2025-06-14 19:10:36,1224,6
2025-06-14 19:10:36,807,3
2025-06-14 19:10:44,807,2
2025-06-14 19:31:55,66,1
2025-06-14 19:32:02,807,1
2025-06-14 19:32:09,66,0
2025-06-14 19:32:11,66,6
2025-06-14 19:32:11,807,3
2025-06-14 19:32:19,807,2
2025-06-14 20:16:06,1855,1
2025-06-14 20:16:26,1855,0
2025-06-14 20:16:56,1855,6
2025-06-14 20:23:14,802,2
2025-06-16 14:27:25,802,1
2025-06-16 14:27:31,842,1
2025-06-16 14:27:31,2656,1
2025-06-16 14:27:31,2655,1
2025-06-16 14:27:34,2655,0
2025-06-16 14:27:34,842,0
2025-06-16 14:27:34,2656,0
2025-06-16 14:27:47,802,0
2025-06-16 14:27:56,2655,6
2025-06-16 14:27:56,2656,6
2025-06-16 14:27:56,842,6
2025-06-16 14:27:56,802,6
2025-06-16 14:32:49,805,1
2025-06-16 14:36:01,805,0
2025-06-16 14:37:32,805,6
2025-06-16 14:39:28,805,1
2025-06-16 14:40:13,805,0
2025-06-16 14:40:24,805,1
2025-06-16 14:41:23,805,3
2025-06-16 14:43:26,805,2
2025-06-16 14:44:04,805,1
2025-06-16 14:44:38,805,3
2025-06-16 14:44:58,802,1
2025-06-16 14:45:00,805,2
2025-06-16 14:45:06,802,0
2025-06-16 14:45:07,805,1
2025-06-16 14:46:18,805,0
2025-06-16 14:47:32,805,6
2025-06-16 14:47:32,802,6
2025-06-16 14:50:59,805,1
2025-06-16 14:51:01,805,0
2025-06-16 14:51:34,805,6
2025-06-16 14:53:44,805,1
2025-06-16 14:53:53,805,0
2025-06-16 14:53:54,805,1
2025-06-16 14:55:23,805,3
2025-06-16 14:56:19,805,2
2025-06-17 15:44:29,66,1
2025-06-17 15:44:29,67,1
2025-06-17 15:44:29,1203,1
2025-06-17 15:44:29,1204,1
2025-06-17 15:44:29,1223,1
2025-06-17 15:44:29,1224,1
2025-06-17 15:44:36,807,1
2025-06-17 15:44:36,807,3
2025-06-17 15:44:37,1224,3
2025-06-17 15:44:37,1223,3
2025-06-17 15:44:37,1204,3
2025-06-17 15:44:37,1203,3
2025-06-17 15:44:38,67,3
2025-06-17 15:44:38,66,3
2025-06-17 15:44:56,1224,2
2025-06-17 15:44:57,1204,2
2025-06-17 15:45:00,1203,2
2025-06-17 15:45:00,1223,2
2025-06-17 15:45:07,66,2
2025-06-17 15:45:07,67,2
2025-06-17 15:45:17,807,2
2025-06-17 15:45:34,66,1
2025-06-17 15:45:41,1203,1
2025-06-17 15:45:41,1223,1
2025-06-17 15:45:41,807,1
2025-06-17 15:48:12,1223,0
2025-06-17 15:48:12,1203,0
2025-06-17 15:48:15,66,0
2025-06-17 15:49:46,807,3
2025-06-17 15:49:46,1223,6
2025-06-17 15:49:47,1203,6
2025-06-17 15:49:47,66,6
2025-06-17 15:49:49,807,2
2025-06-17 15:53:21,1606,1
2025-06-17 15:53:21,1655,1
2025-06-17 15:53:24,1606,0
2025-06-17 15:53:24,1655,0
2025-06-17 15:54:23,1606,6
2025-06-17 15:54:23,1655,6
2025-06-17 15:56:28,1606,1
2025-06-17 15:56:28,1655,1
2025-06-17 15:56:30,1606,0
2025-06-17 15:56:30,1655,0
2025-06-17 15:56:44,1606,6
2025-06-17 15:56:44,1655,6
2025-06-17 16:05:40,1606,1
2025-06-17 16:05:40,1655,1
2025-06-17 16:05:42,1606,0
2025-06-17 16:05:42,1655,0
2025-06-17 16:07:07,1606,6
2025-06-17 16:07:07,1655,6
2025-06-18 14:47:36,1606,1
2025-06-18 14:47:37,1655,1
2025-06-18 14:47:38,1606,0
2025-06-18 14:47:38,1655,0
2025-06-18 14:48:00,1606,6
2025-06-18 14:48:00,1655,6
2025-06-18 15:04:02,1606,1
2025-06-18 15:04:02,1655,1
2025-06-18 15:04:04,1606,0
2025-06-18 15:04:04,1655,0
2025-06-18 15:04:11,1606,6
2025-06-18 15:04:11,1655,6
2025-06-19 01:24:55,2661,1
2025-06-19 01:25:03,2661,0
2025-06-19 01:27:03,2661,6
2025-06-19 02:21:25,71,1
2025-06-19 02:21:25,72,1
2025-06-19 02:21:25,73,1
2025-06-19 02:21:25,74,1
2025-06-19 02:21:31,807,1
2025-06-19 02:22:16,71,3
2025-06-19 02:22:16,72,3
2025-06-19 02:22:16,73,3
2025-06-19 02:22:16,74,3
2025-06-19 02:22:16,807,3
2025-06-19 02:23:29,71,2
2025-06-19 02:23:29,72,2
2025-06-19 02:23:29,73,2
2025-06-19 02:23:29,74,2
2025-06-19 02:23:31,807,2
2025-06-19 02:25:52,71,1
2025-06-19 02:25:52,72,1
2025-06-19 02:25:52,73,1
2025-06-19 02:25:52,74,1
2025-06-19 02:25:59,807,1
2025-06-19 02:26:07,71,3
2025-06-19 02:26:07,72,3
2025-06-19 02:26:07,73,3
2025-06-19 02:26:07,74,3
2025-06-19 02:26:07,807,3
2025-06-19 02:29:51,71,2
2025-06-19 02:29:51,72,2
2025-06-19 02:29:51,73,2
2025-06-19 02:29:51,74,2
2025-06-19 02:29:53,807,2
2025-06-19 02:32:19,71,1
2025-06-19 02:32:19,72,1
2025-06-19 02:32:19,73,1
2025-06-19 02:32:19,74,1
2025-06-19 02:32:25,807,1
2025-06-19 02:32:32,73,0
2025-06-19 02:32:32,74,0
2025-06-19 02:32:43,71,3
2025-06-19 02:32:43,72,3
2025-06-19 02:32:43,73,6
2025-06-19 02:32:43,74,6
2025-06-19 02:32:43,807,3
2025-06-19 02:32:45,71,2
2025-06-19 02:32:45,72,2
2025-06-19 02:32:47,807,2
2025-06-19 02:35:02,71,1
2025-06-19 02:35:02,72,1
2025-06-19 02:35:02,73,1
2025-06-19 02:35:02,74,1
2025-06-19 02:35:09,807,1
2025-06-19 02:35:09,73,0
2025-06-19 02:35:09,74,0
2025-06-19 02:35:35,71,3
2025-06-19 02:35:35,72,3
2025-06-19 02:35:35,73,6
2025-06-19 02:35:35,74,6
2025-06-19 02:35:35,807,3
2025-06-19 02:35:37,71,2
2025-06-19 02:35:37,72,2
2025-06-19 02:35:47,807,2
2025-06-19 04:56:04,67,1
2025-06-19 04:56:04,1653,1
2025-06-19 04:56:11,807,1
2025-06-19 05:04:18,1204,1
2025-06-19 05:04:18,1224,1
2025-06-19 05:04:25,1224,0
2025-06-19 05:04:25,1204,0
2025-06-19 05:05:39,67,0
2025-06-19 05:05:43,67,6
2025-06-19 05:05:43,1204,6
2025-06-19 05:05:43,1224,6
2025-06-19 05:05:43,807,3
2025-06-19 05:05:43,1653,3
2025-06-19 05:05:45,1653,2
2025-06-19 05:05:48,807,2
2025-06-19 05:15:57,67,1
2025-06-19 05:15:57,1204,1
2025-06-19 05:15:57,1224,1
2025-06-19 05:16:03,807,1
2025-06-19 05:16:34,1224,0
2025-06-19 05:16:35,1204,0
2025-06-19 05:18:50,67,3
2025-06-19 05:18:50,1204,6
2025-06-19 05:18:50,1224,6
2025-06-19 05:18:50,807,3
2025-06-19 05:18:52,67,2
2025-06-19 05:19:01,807,2
2025-06-19 05:20:01,1204,1
2025-06-19 05:20:02,67,1
2025-06-19 05:20:02,1224,1
2025-06-19 05:20:08,807,1
2025-06-19 05:20:11,1224,0
2025-06-19 05:20:13,1204,0
2025-06-19 05:20:27,67,3
2025-06-19 05:20:27,1204,6
2025-06-19 05:20:27,1224,6
2025-06-19 05:20:27,807,3
2025-06-19 05:20:29,67,2
2025-06-19 05:20:38,807,2
2025-06-19 05:27:17,67,1
2025-06-19 05:27:17,1204,1
2025-06-19 05:27:17,1224,1
2025-06-19 05:27:19,1224,0
2025-06-19 05:27:24,807,1
2025-06-19 05:27:33,1224,1
2025-06-19 05:27:35,1224,0
2025-06-19 05:27:43,1204,0
2025-06-19 05:27:59,67,0
2025-06-19 05:28:01,67,6
2025-06-19 05:28:01,1204,6
2025-06-19 05:28:01,1224,6
2025-06-19 05:28:01,807,3
2025-06-19 05:28:08,807,2
2025-06-19 06:01:39,67,1
2025-06-19 06:01:39,1204,1
2025-06-19 06:01:39,1224,1
2025-06-19 06:01:41,1224,0
2025-06-19 06:01:44,1204,0
2025-06-19 06:01:45,807,1
2025-06-19 06:01:52,1204,1
2025-06-19 06:01:52,1224,1
2025-06-19 06:02:14,1224,0
2025-06-19 06:02:16,1204,0
2025-06-19 06:02:31,1204,1
2025-06-19 06:02:31,1224,1
2025-06-19 06:02:35,1224,0
2025-06-19 06:02:36,1204,0
2025-06-19 06:02:36,1204,1
2025-06-19 06:02:36,1224,1
2025-06-19 06:02:38,1224,0
2025-06-19 06:02:38,1224,1
2025-06-19 06:02:43,1224,0
2025-06-19 06:02:48,1204,0
2025-06-19 06:02:51,1204,1
2025-06-19 06:02:51,1224,1
2025-06-19 06:03:30,1224,0
2025-06-19 06:03:31,1224,1
2025-06-19 06:04:06,1224,0
2025-06-19 06:04:08,1224,1
2025-06-19 06:04:16,1224,0
2025-06-19 06:04:19,1204,0
2025-06-19 06:04:23,1204,1
2025-06-19 06:04:23,1224,1
2025-06-19 06:04:36,1224,0
2025-06-19 06:04:40,1224,1
2025-06-19 06:04:45,1224,0
2025-06-19 06:04:47,1224,1
2025-06-19 06:06:54,1224,0
2025-06-19 06:06:55,1224,1
2025-06-19 06:08:07,1224,0
2025-06-19 06:08:09,1224,1
2025-06-19 06:08:44,1224,0
2025-06-19 06:08:46,1224,1
2025-06-19 06:09:03,1224,0
2025-06-19 06:09:04,1204,0
2025-06-19 06:09:09,1204,1
2025-06-19 06:09:09,1224,1
2025-06-19 06:09:15,1224,0
2025-06-19 06:09:17,1224,1
2025-06-19 06:09:20,1224,0
2025-06-19 06:09:21,1224,1
2025-06-19 06:09:26,1224,0
2025-06-19 06:09:30,1224,1
2025-06-19 06:09:38,1224,0
2025-06-19 06:09:40,1224,1
2025-06-19 06:10:16,1224,0
2025-06-19 06:10:17,1204,0
2025-06-19 06:10:18,1204,1
2025-06-19 06:10:18,1224,1
2025-06-19 06:10:20,1224,0
2025-06-19 06:10:21,1224,1
2025-06-19 06:10:42,1224,0
2025-06-19 06:10:43,1224,1
2025-06-19 06:10:45,1224,0
2025-06-19 06:10:48,1224,1
2025-06-19 06:10:50,1204,0
2025-06-19 06:10:50,1224,0
2025-06-19 06:10:52,1204,1
2025-06-19 06:10:52,1224,1
2025-06-19 06:11:00,1224,0
2025-06-19 06:11:07,1224,1
2025-06-19 06:11:11,1224,0
2025-06-19 06:11:13,1224,1
2025-06-19 06:11:30,1224,0
2025-06-19 06:11:31,1224,1
2025-06-19 06:11:41,1224,0
2025-06-19 06:11:42,1224,1
2025-06-19 06:12:37,1224,0
2025-06-19 06:12:39,1224,1
2025-06-19 06:12:56,1224,0
2025-06-19 06:12:58,1204,0
2025-06-19 06:13:00,1204,1
2025-06-19 06:13:00,1224,1
2025-06-19 06:21:14,1224,0
2025-06-19 06:21:15,1224,1
2025-06-19 06:21:17,1224,0
2025-06-19 06:21:19,1204,0
2025-06-19 06:40:41,67,0
2025-06-19 06:40:43,67,6
2025-06-19 06:40:43,1204,6
2025-06-19 06:40:43,1224,6
2025-06-19 06:40:43,807,3
2025-06-19 06:40:50,807,2
2025-06-19 07:41:33,67,1
2025-06-19 07:41:33,1204,1
2025-06-19 07:41:33,1224,1
2025-06-19 07:41:35,1224,0
2025-06-19 07:41:35,1224,1
2025-06-19 07:41:39,807,1
2025-06-19 07:41:46,1224,0
2025-06-19 07:41:47,1224,1
2025-06-19 07:41:53,1224,0
2025-06-19 07:41:55,1204,0
2025-06-19 07:42:01,1204,1
2025-06-19 07:42:01,1224,1
2025-06-19 07:42:11,1224,0
2025-06-19 07:42:12,1224,1
2025-06-19 07:42:30,1224,0
2025-06-19 07:42:31,1204,0
2025-06-19 07:42:35,1204,1
2025-06-19 07:42:35,1224,1
2025-06-19 07:43:22,1224,0
2025-06-19 07:43:25,1204,0
2025-06-19 07:44:12,1204,1
2025-06-19 07:44:12,1224,1
2025-06-19 08:02:25,1224,0
2025-06-19 08:02:27,1204,0
2025-06-19 08:02:29,1204,1
2025-06-19 08:02:29,1224,1
2025-06-19 08:02:58,1224,0
2025-06-19 08:02:59,1224,1
2025-06-19 08:03:13,1224,0
2025-06-19 08:03:14,1204,0
2025-06-19 08:03:49,67,0
2025-06-19 08:03:50,67,6
2025-06-19 08:03:50,1204,6
2025-06-19 08:03:50,1224,6
2025-06-19 08:03:50,807,3
2025-06-19 08:03:59,807,2
2025-06-19 08:43:47,71,1
2025-06-19 08:43:47,72,1
2025-06-19 08:43:47,73,1
2025-06-19 08:43:47,74,1
2025-06-19 08:43:49,71,3
2025-06-19 08:43:49,72,3
2025-06-19 08:43:49,73,3
2025-06-19 08:43:49,74,3
2025-06-19 08:43:51,73,2
2025-06-19 08:43:51,74,2
2025-06-19 08:43:54,807,1
2025-06-19 08:46:20,71,2
2025-06-19 08:46:20,72,2
2025-06-19 08:46:30,807,0
2025-06-19 09:07:52,807,6
2025-06-20 15:18:21,2601,2
2025-06-20 15:18:21,2603,2
2025-06-20 15:18:21,1421,1
2025-06-20 15:18:21,1421,0
2025-06-20 15:23:24,1421,1
2025-06-20 15:23:24,1421,0
2025-06-20 16:50:43,1421,6
2025-06-20 18:11:36,2437,1
2025-06-20 18:11:38,2437,0
2025-06-21 07:59:37,2437,6
2025-06-21 13:55:38,66,1
2025-06-21 13:55:38,67,1
2025-06-21 13:55:38,1203,1
2025-06-21 13:55:38,1204,1
2025-06-21 13:55:38,1223,1
2025-06-21 13:55:38,1224,1
2025-06-21 13:55:56,1224,3
2025-06-21 13:55:57,1223,3
2025-06-21 13:55:57,1204,3
2025-06-21 13:55:57,1203,3
2025-06-21 13:55:57,67,3
2025-06-21 13:55:58,66,3
2025-06-21 13:56:53,1223,2
2025-06-21 13:56:53,1203,2
2025-06-21 13:57:05,1203,1
2025-06-21 13:57:05,1223,1
2025-06-21 13:57:26,807,1
2025-06-21 13:57:35,807,3
2025-06-21 13:57:35,1223,3
2025-06-21 13:57:36,1203,3
2025-06-21 13:59:47,1224,2
2025-06-21 13:59:48,1204,2
2025-06-21 13:59:57,1203,2
2025-06-21 13:59:57,1223,2
2025-06-21 14:01:15,66,2
2025-06-21 14:01:15,67,2
2025-06-21 14:01:25,807,2
2025-06-21 21:09:49,1606,1
2025-06-21 21:10:28,1606,0
2025-06-21 21:11:06,1606,1
2025-06-21 21:11:48,1606,0
2025-06-21 21:13:10,1606,6
2025-06-22 02:32:10,1204,1
2025-06-22 02:32:12,1204,0
2025-06-22 02:37:41,1204,1
2025-06-22 02:37:48,1204,0
2025-06-22 02:38:05,1204,1
2025-06-22 02:38:07,1204,0
2025-06-22 03:07:56,1204,1
2025-06-22 03:08:05,1204,0
2025-06-22 07:00:01,1204,6
2025-06-22 08:36:10,1606,1
2025-06-22 08:36:32,1606,0
2025-06-22 08:41:40,1606,6
2025-06-22 14:18:44,67,1
2025-06-22 14:18:44,1204,1
2025-06-22 14:18:44,1224,1
2025-06-22 14:18:46,1224,0
2025-06-22 14:18:48,1224,1
2025-06-22 14:18:50,1224,0
2025-06-22 14:18:51,807,1
2025-06-22 14:18:58,1204,0
2025-06-22 14:18:58,1203,1
2025-06-22 14:19:01,1203,0
2025-06-22 14:19:58,1204,1
2025-06-22 14:20:02,1204,0
2025-06-22 14:20:15,1204,1
2025-06-22 14:20:19,1204,0
2025-06-22 14:20:54,67,3
2025-06-22 14:20:54,1203,6
2025-06-22 14:20:54,1204,6
2025-06-22 14:20:54,1224,6
2025-06-22 14:20:54,807,3
2025-06-22 14:20:56,67,2
2025-06-22 14:21:04,807,2
2025-06-22 14:22:22,1204,1
2025-06-22 14:22:26,1204,0
2025-06-22 14:26:39,1204,6
2025-06-22 15:14:26,1606,1
2025-06-22 15:15:57,1606,0
2025-06-22 15:16:11,1606,6
2025-06-22 18:40:20,1855,1
2025-06-22 18:40:23,1855,0
2025-06-22 18:40:50,1855,1
2025-06-22 18:41:26,1855,0
2025-06-22 18:41:56,1855,1
2025-06-22 18:44:56,1855,0
2025-06-22 18:46:05,1855,1
2025-06-22 18:56:21,1855,3
2025-06-22 19:04:59,1855,2
2025-06-22 19:37:58,1804,1
2025-06-22 19:38:01,1804,0
2025-06-22 19:38:18,1855,1
2025-06-22 19:39:08,1855,0
2025-06-22 19:39:33,1855,6
2025-06-22 19:39:35,1804,6
2025-06-22 20:03:32,71,1
2025-06-22 20:03:32,72,1
2025-06-22 20:03:32,73,1
2025-06-22 20:03:32,74,1
2025-06-22 20:03:39,807,1
2025-06-22 20:04:25,71,3
2025-06-22 20:04:25,72,3
2025-06-22 20:04:25,73,3
2025-06-22 20:04:25,74,3
2025-06-22 20:04:25,807,3
2025-06-22 20:09:40,73,2
2025-06-22 20:09:40,74,2
2025-06-22 20:11:51,71,2
2025-06-22 20:11:51,72,2
2025-06-22 20:11:59,807,2
2025-06-22 20:15:52,71,1
2025-06-22 20:15:52,72,1
2025-06-22 20:15:52,73,1
2025-06-22 20:15:52,74,1
2025-06-22 20:15:59,807,1
2025-06-22 20:16:05,73,0
2025-06-22 20:16:05,74,0
2025-06-22 20:16:06,71,3
2025-06-22 20:16:06,72,3
2025-06-22 20:16:06,73,6
2025-06-22 20:16:06,74,6
2025-06-22 20:16:06,807,3
2025-06-22 20:16:12,71,2
2025-06-22 20:16:12,72,2
2025-06-22 20:16:14,807,2
2025-06-22 20:51:11,67,1
2025-06-22 20:51:18,807,1
2025-06-22 20:52:52,67,3
2025-06-22 20:52:52,807,3
2025-06-22 20:53:14,67,2
2025-06-22 20:53:23,807,2
2025-06-22 22:03:26,1605,1
2025-06-22 22:03:28,1605,0
2025-06-23 01:20:56,71,1
2025-06-23 01:20:56,72,1
2025-06-23 01:20:56,73,1
2025-06-23 01:20:56,74,1
2025-06-23 01:21:03,807,1
2025-06-23 01:21:32,71,3
2025-06-23 01:21:32,72,3
2025-06-23 01:21:32,73,3
2025-06-23 01:21:32,74,3
2025-06-23 01:21:32,807,3
2025-06-23 01:21:32,1605,6
2025-06-23 01:21:34,71,2
2025-06-23 01:21:34,72,2
2025-06-23 01:21:34,73,2
2025-06-23 01:21:34,74,2
2025-06-23 01:21:43,807,2
2025-06-23 01:46:43,67,1
2025-06-23 01:46:43,1653,1
2025-06-23 01:46:50,807,1
2025-06-23 01:48:05,67,3
2025-06-23 01:48:05,807,3
2025-06-23 01:48:05,1653,3
2025-06-23 01:48:07,67,2
2025-06-23 01:48:10,807,2
2025-06-23 01:48:11,1653,2
2025-06-23 03:03:53,2601,1
2025-06-23 04:32:17,2601,0
2025-06-23 04:52:00,67,1
2025-06-23 04:52:01,1204,1
2025-06-23 04:52:01,1224,1
2025-06-23 04:52:05,1224,0
2025-06-23 04:52:05,1204,0
2025-06-23 04:52:07,807,1
2025-06-23 04:52:24,67,3
2025-06-23 04:52:24,2601,6
2025-06-23 04:52:24,1204,6
2025-06-23 04:52:24,1224,6
2025-06-23 04:52:24,807,3
2025-06-23 04:52:26,67,2
2025-06-23 04:52:35,807,2
2025-06-23 04:56:49,805,1
2025-06-23 04:57:01,805,0
2025-06-23 04:57:28,805,1
2025-06-23 04:57:52,805,0
2025-06-23 04:58:07,805,1
2025-06-23 04:59:06,805,0
2025-06-23 05:00:41,805,1
2025-06-23 05:00:48,805,0
2025-06-23 05:04:51,67,1
2025-06-23 05:04:51,1204,1
2025-06-23 05:04:51,1224,1
2025-06-23 05:04:52,66,1
2025-06-23 05:04:52,1203,1
2025-06-23 05:04:52,1223,1
2025-06-23 05:04:57,1203,0
2025-06-23 05:04:57,1223,0
2025-06-23 05:04:58,807,1
2025-06-23 05:04:59,1224,0
2025-06-23 05:04:59,1204,0
2025-06-23 05:06:52,66,3
2025-06-23 05:06:52,67,3
2025-06-23 05:06:52,1203,6
2025-06-23 05:06:52,1204,6
2025-06-23 05:06:52,1223,6
2025-06-23 05:06:52,1224,6
2025-06-23 05:06:52,805,6
2025-06-23 05:06:52,807,3
2025-06-23 05:06:54,66,2
2025-06-23 05:06:54,67,2
2025-06-23 05:07:03,807,2
2025-06-23 05:14:31,805,1
2025-06-23 05:14:57,805,0
2025-06-23 05:23:18,805,1
2025-06-23 05:23:24,805,0
2025-06-23 05:31:46,805,1
2025-06-23 08:20:22,805,0
2025-06-23 08:51:28,805,1
2025-06-23 08:52:28,805,3
2025-06-23 08:53:24,802,1
2025-06-23 08:53:27,805,2
2025-06-23 08:53:47,802,0
2025-06-23 08:53:48,805,1
2025-06-23 08:55:00,802,1
2025-06-23 08:55:03,805,0
2025-06-23 08:55:22,805,6
2025-06-23 08:55:26,802,3
2025-06-23 08:58:31,1606,1
2025-06-23 08:58:32,1655,1
2025-06-23 08:58:34,1606,0
2025-06-23 08:58:34,1655,0
2025-06-23 08:58:41,1606,6
2025-06-23 08:58:41,1655,6
2025-06-23 09:05:37,1606,1
2025-06-23 09:05:39,1606,0
2025-06-23 09:11:38,1606,1
2025-06-23 09:11:38,1655,1
2025-06-23 09:11:40,1606,0
2025-06-23 09:11:40,1655,0
2025-06-23 09:11:41,1606,6
2025-06-23 09:11:41,1655,6
2025-06-23 11:31:16,1606,1
2025-06-23 11:31:17,1655,1
2025-06-23 11:31:19,1606,0
2025-06-23 11:31:19,1655,0
2025-06-23 11:31:25,1606,6
2025-06-23 11:31:25,1655,6
2025-06-23 11:42:51,1608,1
2025-06-23 11:44:10,1610,1
2025-06-23 11:44:36,1610,0
2025-06-23 11:44:52,1610,6
2025-06-23 11:45:00,1608,3
2025-06-23 11:45:24,26,1
2025-06-23 11:45:35,26,3
2025-06-23 11:46:28,26,2
2025-06-23 11:46:28,1610,1
2025-06-23 11:47:36,1608,2
2025-06-23 11:47:46,26,1
2025-06-23 11:47:46,1610,0
2025-06-23 11:48:00,26,3
2025-06-23 11:48:01,1610,6
2025-06-23 11:49:41,26,2
2025-06-23 11:49:47,26,1
2025-06-23 11:49:55,26,3
2025-06-23 11:50:03,26,2
2025-06-23 11:50:08,26,1
2025-06-23 11:50:37,65,1
2025-06-23 11:50:41,65,0
2025-06-23 11:50:42,65,6
2025-06-23 11:50:43,26,3
2025-06-23 11:50:44,807,1
2025-06-23 11:50:50,807,0
2025-06-23 11:51:09,807,6
2025-06-23 11:52:06,26,2
2025-06-23 11:53:21,1,1
2025-06-23 11:55:29,1,0
2025-06-23 11:58:00,1,6
2025-06-23 11:59:28,1606,1
2025-06-23 11:59:29,1655,1
2025-06-23 11:59:31,1606,0
2025-06-23 11:59:31,1655,0
2025-06-23 11:59:36,1606,6
2025-06-23 11:59:36,1655,6
2025-06-23 13:26:10,1606,1
2025-06-23 13:26:12,1606,0
2025-06-23 13:28:34,1606,1
2025-06-23 13:28:34,1655,1
2025-06-23 13:28:36,1606,0
2025-06-23 13:28:36,1655,0
2025-06-23 13:28:39,1606,6
2025-06-23 13:28:39,1655,6
2025-06-23 13:29:19,1606,1
2025-06-23 13:29:20,1655,1
2025-06-23 13:29:22,1606,0
2025-06-23 13:29:22,1655,0
2025-06-23 13:29:22,1606,6
2025-06-23 13:29:22,1655,6
2025-06-23 13:30:02,1606,1
2025-06-23 13:30:03,1655,1
2025-06-23 13:30:05,1606,0
2025-06-23 13:30:05,1655,0
2025-06-23 13:30:05,1606,6
2025-06-23 13:30:05,1655,6
2025-06-23 13:31:50,1606,1
2025-06-23 13:31:52,1606,0
2025-06-23 13:34:39,1606,1
2025-06-23 13:34:40,1655,1
2025-06-23 13:34:42,1606,0
2025-06-23 13:34:42,1655,0
2025-06-23 13:34:43,1606,6
2025-06-23 13:34:43,1655,6
2025-06-23 13:37:15,1606,1
2025-06-23 13:37:16,1655,1
2025-06-23 13:37:18,1606,0
2025-06-23 13:37:18,1655,0
2025-06-23 13:37:18,1606,6
2025-06-23 13:37:18,1655,6
2025-06-23 13:38:41,1606,1
2025-06-23 13:38:43,1606,0
2025-06-23 13:39:46,1606,1
2025-06-23 13:39:48,1606,0
2025-06-23 13:40:45,1606,1
2025-06-23 13:40:48,1606,0
2025-06-23 13:42:35,1606,1
2025-06-23 13:42:36,1655,1
2025-06-23 13:42:38,1606,0
2025-06-23 13:42:38,1655,0
2025-06-23 13:42:38,1606,6
2025-06-23 13:42:38,1655,6
2025-06-23 13:43:38,1606,1
2025-06-23 13:43:40,1606,0
2025-06-23 13:43:43,1606,6
2025-06-23 16:00:59,1,1
2025-06-23 16:12:54,1,0
2025-06-23 16:33:41,1,6
2025-06-24 09:03:49,67,1
2025-06-24 09:03:49,1204,1
2025-06-24 09:03:49,1224,1
2025-06-24 09:03:55,1204,0
2025-06-24 09:03:55,1224,0
2025-06-24 09:03:56,807,1
2025-06-24 09:05:22,67,0
2025-06-24 09:08:31,807,0
2025-06-24 16:14:13,807,6
2025-06-24 16:14:17,1224,6
2025-06-24 16:14:17,1204,6
2025-06-24 16:14:17,67,6
2025-06-24 16:18:45,1,1
2025-06-24 16:34:41,1,0
2025-06-24 16:35:33,1,6
2025-06-24 17:06:53,1,1
2025-06-24 17:21:28,1,0
2025-06-24 17:22:26,1,6
2025-06-25 08:45:54,802,2
2025-06-25 08:45:56,805,1
2025-06-25 08:45:59,802,1
2025-06-25 08:46:02,805,0
2025-06-25 11:02:48,802,3
2025-06-25 11:02:48,805,6
2025-06-25 11:02:58,802,2
2025-06-25 11:02:59,805,1
2025-06-25 11:03:05,805,0
2025-06-25 11:10:40,805,1
2025-06-25 11:10:45,805,0
2025-06-25 11:10:50,805,1
2025-06-25 11:10:57,805,0
2025-06-25 11:32:33,805,6
2025-06-28 00:29:30,66,1
2025-06-28 00:29:30,67,1
2025-06-28 00:29:30,1203,1
2025-06-28 00:29:30,1204,1
2025-06-28 00:29:30,1223,1
2025-06-28 00:29:30,1224,1
2025-06-28 00:29:32,1203,0
2025-06-28 00:29:32,1204,0
2025-06-28 00:29:32,1223,0
2025-06-28 00:29:32,1224,0
2025-06-28 00:29:34,66,0
2025-06-28 00:29:34,67,0
2025-06-28 00:29:37,807,1
2025-06-28 00:37:35,807,3
2025-06-28 00:37:35,1224,6
2025-06-28 00:37:35,1223,6
2025-06-28 00:37:36,1204,6
2025-06-28 00:37:36,1203,6
2025-06-28 00:37:36,67,6
2025-06-28 00:37:36,66,6
2025-06-28 00:37:41,807,2
2025-06-28 11:59:00,2661,1
2025-06-28 11:59:49,2661,3
2025-06-28 12:33:13,2661,2
2025-06-28 12:35:14,1606,1
2025-06-28 12:35:26,1606,0
2025-06-28 12:45:01,1606,1
2025-06-28 12:45:55,1606,0
2025-06-28 12:50:03,1606,6
2025-06-28 17:29:32,66,1
2025-06-28 17:29:32,1203,1
2025-06-28 17:29:32,1223,1
2025-06-28 17:29:39,807,1
2025-06-28 17:29:40,1223,0
2025-06-28 17:29:40,1203,0
2025-06-28 17:29:59,66,0
2025-06-28 19:02:44,66,6
2025-06-28 19:02:44,1203,6
2025-06-28 19:02:44,1223,6
2025-06-28 19:02:44,807,3
2025-06-28 19:02:48,807,2
2025-06-28 20:33:17,71,1
2025-06-28 20:33:17,72,1
2025-06-28 20:33:17,73,1
2025-06-28 20:33:17,74,1
2025-06-28 20:33:23,807,1
2025-06-28 20:33:27,73,0
2025-06-28 20:33:27,74,0
2025-06-28 20:33:30,71,3
2025-06-28 20:33:30,72,3
2025-06-28 20:33:30,73,6
2025-06-28 20:33:30,74,6
2025-06-28 20:33:30,807,3
2025-06-28 20:33:39,71,2
2025-06-28 20:33:39,72,2
2025-06-28 20:33:43,807,2
2025-06-29 01:43:13,66,1
2025-06-29 01:43:13,1203,1
2025-06-29 01:43:13,1223,1
2025-06-29 01:43:20,807,1
2025-06-29 01:43:21,1223,0
2025-06-29 01:43:22,1203,0
2025-06-29 01:43:40,1203,1
2025-06-29 01:43:40,1223,1
2025-06-29 01:43:58,1223,0
2025-06-29 01:43:59,1223,1
2025-06-29 01:45:56,66,3
2025-06-29 01:45:56,1203,3
2025-06-29 01:45:56,1223,3
2025-06-29 01:45:56,807,3
2025-06-29 01:51:27,1223,2
2025-06-29 01:51:29,1203,2
2025-06-29 01:51:53,1203,1
2025-06-29 01:51:53,1223,1
2025-06-29 01:52:11,1203,3
2025-06-29 01:52:11,1223,3
2025-06-29 01:52:24,1223,2
2025-06-29 01:52:24,1203,2
2025-06-29 01:52:25,1203,1
2025-06-29 01:52:25,1223,1
2025-06-29 01:52:27,1223,0
2025-06-29 01:52:28,1203,0
2025-06-29 01:52:37,1203,1
2025-06-29 01:52:37,1223,1
2025-06-29 01:52:52,1203,3
2025-06-29 01:52:52,1223,3
2025-06-29 01:53:53,1223,2
2025-06-29 01:53:53,1203,2
2025-06-29 01:53:55,1203,1
2025-06-29 01:53:55,1223,1
2025-06-29 01:53:57,1203,0
2025-06-29 01:53:57,1223,0
2025-06-29 01:53:59,66,2
2025-06-29 01:54:08,807,2
2025-06-29 02:23:07,1203,6
2025-06-29 02:23:07,1223,6
2025-06-29 05:23:51,66,1
2025-06-29 05:23:51,1203,1
2025-06-29 05:23:51,1223,1
2025-06-29 05:23:57,66,3
2025-06-29 05:23:57,1203,3
2025-06-29 05:23:57,1223,3
2025-06-29 05:23:58,807,3
2025-06-29 05:24:08,1223,2
2025-06-29 05:24:09,1223,1
2025-06-29 05:24:11,1223,3
2025-06-29 05:31:46,66,2
2025-06-29 05:31:46,1203,2
2025-06-29 05:31:46,1223,2
2025-06-29 05:31:48,807,2
2025-06-29 05:54:12,1606,1
2025-06-29 05:54:14,1655,1
2025-06-29 05:54:16,1606,0
2025-06-29 05:54:16,1655,0
2025-06-29 05:54:22,1606,6
2025-06-29 05:54:22,1655,6
2025-06-29 06:09:16,26,1
2025-06-29 06:09:30,26,0
2025-06-29 06:09:36,26,1
2025-06-29 08:15:48,26,3
2025-06-29 08:15:51,26,2
2025-07-01 08:53:02,67,1
2025-07-01 08:53:09,67,3
2025-07-01 08:53:09,807,1
2025-07-01 08:53:09,807,3
2025-07-01 08:53:54,67,2
2025-07-01 08:54:06,807,2
2025-07-01 12:53:55,1204,1
2025-07-01 12:53:59,1204,0
2025-07-01 12:54:46,1204,1
2025-07-01 12:54:48,1204,0
2025-07-01 12:55:24,1204,1
2025-07-01 12:55:26,1204,0
2025-07-01 13:05:50,1204,6
2025-07-01 13:42:53,2661,1
2025-07-01 13:43:31,2661,0
2025-07-01 13:44:36,2661,6
2025-07-01 14:28:30,71,1
2025-07-01 14:28:30,72,1
2025-07-01 14:28:30,73,1
2025-07-01 14:28:30,74,1
2025-07-01 14:28:32,73,0
2025-07-01 14:28:32,74,0
2025-07-01 14:28:36,807,1
2025-07-01 14:28:38,71,0
2025-07-01 14:28:38,72,0
2025-07-01 14:28:49,71,6
2025-07-01 14:28:49,72,6
2025-07-01 14:28:49,73,6
2025-07-01 14:28:49,74,6
2025-07-01 14:28:49,807,3
2025-07-01 14:28:51,807,2
2025-07-01 15:53:50,67,1
2025-07-01 15:53:50,1204,1
2025-07-01 15:53:50,1224,1
2025-07-01 15:53:57,807,1
2025-07-01 15:54:09,1224,0
2025-07-01 15:54:10,1204,0
2025-07-01 15:54:13,1204,1
2025-07-01 15:54:13,1224,1
2025-07-01 15:54:27,67,3
2025-07-01 15:54:27,1204,3
2025-07-01 15:54:27,1224,3
2025-07-01 15:54:27,807,3
2025-07-01 16:10:16,1224,2
2025-07-01 16:10:16,1204,2
2025-07-01 16:10:34,67,2
2025-07-01 16:10:43,807,2
2025-07-01 18:52:18,66,1
2025-07-01 18:52:19,1203,1
2025-07-01 18:52:19,1223,1
2025-07-01 18:52:24,1223,0
2025-07-01 18:52:25,1203,0
2025-07-01 18:52:26,807,1
2025-07-01 18:53:07,66,0
2025-07-01 18:56:46,66,6
2025-07-01 18:56:46,1203,6
2025-07-01 18:56:46,1223,6
2025-07-01 18:56:46,807,3
2025-07-01 18:56:48,807,2
2025-07-01 19:20:50,71,1
2025-07-01 19:20:50,72,1
2025-07-01 19:20:50,73,1
2025-07-01 19:20:50,74,1
2025-07-01 19:20:57,807,1
2025-07-01 19:22:31,71,3
2025-07-01 19:22:31,72,3
2025-07-01 19:22:31,73,3
2025-07-01 19:22:31,74,3
2025-07-01 19:22:31,807,3
2025-07-01 19:22:43,73,2
2025-07-01 19:22:43,74,2
2025-07-01 19:22:55,71,2
2025-07-01 19:22:55,72,2
2025-07-01 19:23:04,807,2
2025-07-02 17:16:57,2661,1
2025-07-02 17:22:58,2661,0
2025-07-04 05:50:55,66,1
2025-07-04 05:50:56,66,3
2025-07-04 05:50:57,2661,6
2025-07-04 05:51:01,66,2
2025-07-04 05:51:02,807,1
2025-07-04 05:51:09,66,1
2025-07-04 05:51:09,1203,1
2025-07-04 05:51:09,1223,1
2025-07-04 05:52:05,1223,0
2025-07-04 05:52:06,1203,0
2025-07-04 05:52:40,66,0
2025-07-04 05:52:43,1223,6
2025-07-04 05:52:43,1203,6
2025-07-04 05:52:43,66,6
2025-07-04 05:52:43,807,3
2025-07-04 05:52:50,807,2
2025-07-04 07:12:41,66,1
2025-07-04 07:12:47,1203,1
2025-07-04 07:12:47,1223,1
2025-07-04 07:12:48,807,1
2025-07-04 07:13:14,66,3
2025-07-04 07:13:14,1203,3
2025-07-04 07:13:14,1223,3
2025-07-04 07:13:14,807,3
2025-07-04 07:15:30,1203,2
2025-07-04 07:15:30,1223,2
2025-07-04 07:15:34,66,2
2025-07-04 07:15:44,807,2
2025-07-04 07:16:03,66,1
2025-07-04 07:16:03,1203,1
2025-07-04 07:16:03,1223,1
2025-07-04 07:16:10,807,1
2025-07-04 07:18:04,66,3
2025-07-04 07:18:04,1203,3
2025-07-04 07:18:04,1223,3
2025-07-04 07:18:04,807,3
2025-07-04 07:18:20,1223,2
2025-07-04 07:18:20,1203,2
2025-07-04 07:20:10,66,2
2025-07-04 07:20:20,807,2
2025-07-04 12:08:10,66,1
2025-07-04 12:08:10,1203,1
2025-07-04 12:08:10,1223,1
2025-07-04 12:08:16,807,1
2025-07-04 12:09:39,1203,0
2025-07-04 12:09:39,1223,0
2025-07-04 12:11:39,66,0
2025-07-04 12:11:39,66,6
2025-07-04 12:11:39,1203,6
2025-07-04 12:11:39,1223,6
2025-07-04 12:11:39,807,3
2025-07-04 12:11:48,807,2
2025-07-04 12:17:55,1606,1
2025-07-04 12:19:17,1606,0
2025-07-04 14:32:06,1606,6
2025-07-04 14:49:38,1606,1
2025-07-04 14:50:02,1606,0
2025-07-04 14:53:04,1606,1
2025-07-04 14:53:17,1606,0
2025-07-04 15:34:35,1606,6
2025-07-04 23:28:35,2661,1
2025-07-04 23:42:05,2661,0
2025-07-04 23:47:03,2661,6
2025-07-05 01:06:24,26,1
2025-07-05 01:06:34,26,0
2025-07-05 01:07:13,805,1
2025-07-05 01:07:15,805,0
2025-07-05 01:22:29,805,1
2025-07-05 01:22:31,805,0
2025-07-05 01:23:57,805,1
2025-07-05 01:24:05,805,0
2025-07-05 01:24:12,805,1
2025-07-05 01:24:15,805,0
2025-07-05 01:25:30,805,1
2025-07-05 01:26:26,805,0
2025-07-05 01:26:36,805,1
2025-07-05 01:26:40,805,0
2025-07-05 01:26:41,805,1
2025-07-05 01:28:21,805,0
2025-07-05 01:28:24,805,1
2025-07-05 01:28:28,805,0
2025-07-05 01:28:54,805,1
2025-07-05 01:29:13,805,0
2025-07-05 01:29:49,805,1
2025-07-05 01:30:03,805,0
2025-07-05 01:30:04,805,1
2025-07-05 01:30:27,805,0
2025-07-05 01:30:34,805,1
2025-07-05 01:33:54,805,0
2025-07-05 01:33:56,805,1
2025-07-05 01:33:59,805,0
2025-07-05 01:34:12,805,1
2025-07-05 01:36:30,805,0
2025-07-05 01:36:47,805,1
2025-07-05 01:37:31,805,0
2025-07-05 01:39:19,805,1
2025-07-05 02:06:56,805,0
2025-07-05 02:06:57,805,1
2025-07-05 02:06:59,805,0
2025-07-05 02:07:06,805,1
2025-07-05 02:07:09,805,0
2025-07-05 02:07:20,805,1
2025-07-05 02:07:26,805,0
2025-07-05 02:07:34,805,1
2025-07-05 02:07:38,805,0
2025-07-05 02:07:40,805,1
2025-07-05 02:07:57,805,0
2025-07-05 02:07:58,805,1
2025-07-05 02:08:11,805,0
2025-07-05 02:08:19,805,1
2025-07-05 02:08:24,805,0
2025-07-05 02:08:26,805,1
2025-07-05 02:09:26,805,0
2025-07-05 02:09:32,805,1
2025-07-05 02:09:46,805,0
2025-07-05 02:10:02,805,1
2025-07-05 02:10:34,805,0
2025-07-05 02:38:09,805,1
2025-07-05 02:38:32,805,0
2025-07-05 02:40:43,26,1
2025-07-05 07:00:51,26,3
2025-07-05 07:00:51,805,6
2025-07-05 07:00:55,26,2
2025-07-05 07:01:01,805,1
2025-07-05 07:01:11,26,1
2025-07-05 07:01:11,805,0
2025-07-05 07:01:14,26,3
2025-07-05 07:01:14,805,6
2025-07-05 07:01:28,26,2
2025-07-05 07:01:33,805,1
2025-07-05 07:02:08,805,3
2025-07-05 07:02:10,805,2
2025-07-05 07:02:22,805,1
2025-07-05 07:02:23,805,0
2025-07-05 07:02:49,805,1
2025-07-05 07:03:32,805,0
2025-07-05 07:03:33,805,6
2025-07-05 19:31:05,805,1
2025-07-05 20:06:29,66,1
2025-07-05 20:06:29,67,1
2025-07-05 20:06:29,1203,1
2025-07-05 20:06:29,1204,1
2025-07-05 20:06:29,1223,1
2025-07-05 20:06:29,1224,1
2025-07-05 20:06:29,805,0
2025-07-05 20:06:36,807,1
2025-07-05 20:07:04,1223,0
2025-07-05 20:07:04,1203,0
2025-07-05 20:07:05,1224,0
2025-07-05 20:07:05,1204,0
2025-07-05 20:07:48,66,0
2025-07-05 20:07:48,67,0
2025-07-05 20:07:49,807,3
2025-07-05 20:07:49,1224,6
2025-07-05 20:07:49,1223,6
2025-07-05 20:07:49,1204,6
2025-07-05 20:07:50,1203,6
2025-07-05 20:07:50,67,6
2025-07-05 20:07:50,66,6
2025-07-05 20:07:50,805,6
2025-07-05 20:07:57,807,2
2025-07-05 20:08:01,805,1
2025-07-05 20:58:50,805,3
2025-07-05 21:29:36,805,2
2025-07-05 21:29:37,805,1
2025-07-05 21:34:52,805,0
2025-07-05 21:34:56,805,1
2025-07-05 21:37:42,805,0
2025-07-05 21:37:59,805,1
2025-07-05 21:38:39,805,0
2025-07-05 21:39:40,805,1
2025-07-05 22:46:12,805,0
2025-07-05 22:46:13,805,1
2025-07-05 22:52:50,805,0
2025-07-05 22:53:03,805,1
2025-07-05 22:53:35,805,0
2025-07-05 22:53:37,805,1
2025-07-05 22:55:28,805,0
2025-07-05 23:01:53,805,1
2025-07-05 23:05:32,805,0
2025-07-05 23:05:38,805,1
2025-07-05 23:12:07,805,0
2025-07-05 23:12:13,805,1
2025-07-05 23:19:55,805,0
2025-07-05 23:20:08,805,1
2025-07-05 23:40:57,805,0
2025-07-05 23:42:12,805,1
2025-07-05 23:48:25,1606,1
2025-07-05 23:49:44,1606,0
2025-07-06 00:44:05,805,0
2025-07-06 00:47:16,805,1
2025-07-06 00:57:30,805,0
2025-07-06 00:57:33,805,1
2025-07-06 00:58:16,805,0
2025-07-06 00:58:32,805,1
2025-07-06 00:59:02,805,0
2025-07-06 01:56:51,805,1
2025-07-06 01:57:32,805,0
2025-07-06 02:32:09,805,1
2025-07-06 03:17:05,805,0
2025-07-06 03:17:07,805,1
2025-07-06 03:17:32,805,0
2025-07-06 03:17:36,805,1
2025-07-06 03:21:11,805,0
2025-07-06 03:21:17,805,1
2025-07-06 03:26:21,805,0
2025-07-06 03:26:28,805,1
2025-07-06 03:26:41,805,0
2025-07-06 03:28:16,805,1
2025-07-06 03:29:58,805,0
2025-07-06 03:31:28,805,1
2025-07-06 03:32:11,805,0
2025-07-06 03:32:33,805,1
2025-07-06 03:34:09,805,0
2025-07-06 03:35:19,805,1
2025-07-06 03:35:53,805,0
2025-07-06 03:39:03,805,1
2025-07-06 03:41:20,805,0
2025-07-06 03:41:23,805,1
2025-07-06 03:42:46,805,0
2025-07-06 03:42:50,805,1
2025-07-06 03:46:01,805,0
2025-07-06 04:06:46,805,1
2025-07-06 04:07:13,805,0
2025-07-06 04:20:47,805,1
2025-07-06 04:22:10,805,0
2025-07-06 05:30:53,805,1
2025-07-06 07:01:47,805,0
2025-07-06 07:57:18,805,6
2025-07-06 07:57:18,1606,6
2025-07-06 07:57:24,805,1
2025-07-06 08:07:05,805,0
2025-07-06 08:07:45,805,1
2025-07-06 08:08:15,805,3
2025-07-06 08:17:08,805,2
2025-07-06 08:17:10,805,1
2025-07-06 08:17:13,805,0
2025-07-06 08:18:06,805,1
2025-07-06 08:18:16,805,0
2025-07-06 08:22:09,805,1
2025-07-06 08:23:25,805,0
2025-07-06 08:28:36,805,1
2025-07-06 08:29:00,805,0
2025-07-06 09:06:38,805,1
2025-07-06 09:06:44,805,0
2025-07-06 09:15:56,805,1
2025-07-06 09:16:56,805,0
2025-07-06 09:17:39,805,1
2025-07-06 09:17:46,805,0
2025-07-06 09:18:13,805,1
2025-07-06 09:18:26,805,0
2025-07-06 09:18:52,805,1
2025-07-06 09:18:56,805,0
2025-07-06 10:11:41,1606,1
2025-07-06 10:12:21,1606,0
2025-07-06 10:20:49,805,6
2025-07-06 10:20:49,1606,6
2025-07-06 11:41:31,71,1
2025-07-06 11:41:31,72,1
2025-07-06 11:41:31,73,1
2025-07-06 11:41:31,74,1
2025-07-06 11:41:38,807,1
2025-07-06 11:41:40,71,3
2025-07-06 11:41:40,72,3
2025-07-06 11:41:40,73,3
2025-07-06 11:41:40,74,3
2025-07-06 11:41:40,807,3
2025-07-06 11:45:07,66,1
2025-07-06 11:45:15,66,3
2025-07-06 11:45:17,66,2
2025-07-06 11:46:01,71,2
2025-07-06 11:46:01,72,2
2025-07-06 11:46:01,73,2
2025-07-06 11:46:01,74,2
2025-07-06 11:46:04,807,2
2025-07-06 11:48:44,71,1
2025-07-06 11:48:44,72,1
2025-07-06 11:48:44,73,1
2025-07-06 11:48:44,74,1
2025-07-06 11:48:51,807,1
2025-07-06 11:48:58,71,3
2025-07-06 11:48:58,72,3
2025-07-06 11:48:58,73,3
2025-07-06 11:48:58,74,3
2025-07-06 11:48:58,807,3
2025-07-06 11:51:07,71,2
2025-07-06 11:51:07,72,2
2025-07-06 11:51:07,73,2
2025-07-06 11:51:07,74,2
2025-07-06 11:51:09,807,2
2025-07-06 11:56:29,71,1
2025-07-06 11:56:29,72,1
2025-07-06 11:56:29,73,1
2025-07-06 11:56:29,74,1
2025-07-06 11:56:35,807,1
2025-07-06 11:56:37,71,3
2025-07-06 11:56:37,72,3
2025-07-06 11:56:37,73,3
2025-07-06 11:56:37,74,3
2025-07-06 11:56:37,807,3
2025-07-06 12:04:25,71,2
2025-07-06 12:04:25,72,2
2025-07-06 12:04:25,73,2
2025-07-06 12:04:25,74,2
2025-07-06 12:04:27,807,2
2025-07-06 12:10:53,71,1
2025-07-06 12:10:53,72,1
2025-07-06 12:10:53,73,1
2025-07-06 12:10:53,74,1
2025-07-06 12:10:59,807,1
2025-07-06 12:11:03,71,3
2025-07-06 12:11:03,72,3
2025-07-06 12:11:03,73,3
2025-07-06 12:11:03,74,3
2025-07-06 12:11:03,807,3
2025-07-06 12:13:24,71,2
2025-07-06 12:13:24,72,2
2025-07-06 12:13:24,73,2
2025-07-06 12:13:24,74,2
2025-07-06 12:13:26,807,2
2025-07-06 13:09:07,71,1
2025-07-06 13:09:07,72,1
2025-07-06 13:09:07,73,1
2025-07-06 13:09:07,74,1
2025-07-06 13:09:13,807,1
2025-07-06 13:09:24,73,0
2025-07-06 13:09:24,74,0
2025-07-06 13:09:25,71,3
2025-07-06 13:09:25,72,3
2025-07-06 13:09:25,73,6
2025-07-06 13:09:25,74,6
2025-07-06 13:09:25,807,3
2025-07-06 13:09:35,71,2
2025-07-06 13:09:35,72,2
2025-07-06 13:09:37,807,2
2025-07-06 21:36:09,2608,1
2025-07-06 21:36:09,2652,1
2025-07-06 21:36:11,2608,0
2025-07-06 21:36:11,2652,0
2025-07-06 21:36:18,2608,6
2025-07-06 21:36:18,2652,6
2025-07-06 21:36:32,2607,1
2025-07-06 21:36:32,2651,1
2025-07-06 21:36:34,2607,0
2025-07-06 21:36:34,2651,0
2025-07-06 21:36:59,2607,6
2025-07-06 21:36:59,2651,6
2025-07-06 21:37:22,2607,1
2025-07-06 21:37:22,2651,1
2025-07-06 21:37:24,2607,0
2025-07-06 21:37:24,2651,0
2025-07-06 21:37:34,2607,6
2025-07-06 21:37:34,2651,6
2025-07-06 23:39:09,1606,1
2025-07-06 23:40:14,1606,0
2025-07-07 08:45:11,71,1
2025-07-07 08:45:11,72,1
2025-07-07 08:45:11,73,1
2025-07-07 08:45:11,74,1
2025-07-07 08:45:18,807,1
2025-07-07 08:45:57,71,3
2025-07-07 08:45:57,72,3
2025-07-07 08:45:57,73,3
2025-07-07 08:45:57,74,3
2025-07-07 08:45:57,807,3
2025-07-07 08:45:57,1606,6
2025-07-07 08:45:59,73,2
2025-07-07 08:45:59,74,2
2025-07-07 08:46:02,71,2
2025-07-07 08:46:02,72,2
2025-07-07 08:46:08,807,2
2025-07-07 09:37:35,2601,1
2025-07-07 10:09:24,2603,1
2025-07-07 11:39:20,2603,0
2025-07-07 13:13:13,2601,3
2025-07-07 13:13:13,2603,6
2025-07-07 13:16:30,2603,1
2025-07-07 14:40:36,2603,0
2025-07-07 15:33:04,2601,2
2025-07-07 15:33:04,2601,1
2025-07-07 15:33:08,2601,0
2025-07-07 15:33:08,2601,1
2025-07-07 15:33:10,2601,0
2025-07-07 15:33:10,2601,1
2025-07-07 15:33:14,2601,0
2025-07-07 15:33:14,2601,1
2025-07-07 15:33:16,2601,0
2025-07-07 15:33:16,2601,1
2025-07-07 15:33:18,2601,0
2025-07-07 15:33:19,2601,1
2025-07-07 15:33:21,2601,0
2025-07-07 15:33:21,2601,1
2025-07-07 15:33:23,2601,0
2025-07-07 16:04:44,26,1
2025-07-07 16:05:22,26,0
2025-07-07 16:05:43,26,1
2025-07-07 16:10:20,26,0
2025-07-07 16:10:36,26,1
2025-07-07 16:15:54,26,3
2025-07-07 16:15:55,2601,6
2025-07-07 16:15:58,2603,6
2025-07-07 16:16:54,26,2
2025-07-07 16:16:55,26,1
2025-07-07 16:18:21,26,0
2025-07-07 16:18:25,26,1
2025-07-07 16:19:02,26,0
2025-07-07 16:19:22,1855,1
2025-07-07 16:27:36,26,1
2025-07-07 16:27:36,1855,0
2025-07-07 16:27:49,26,3
2025-07-07 16:27:50,1855,6
2025-07-07 16:27:52,26,2
2025-07-07 19:41:23,26,1
2025-07-07 19:42:24,26,0
2025-07-07 19:42:25,26,1
2025-07-07 19:42:30,26,0
2025-07-07 19:42:31,26,1
2025-07-07 19:43:12,26,3
2025-07-07 19:46:20,26,2
2025-07-07 19:47:05,26,1
2025-07-07 19:47:08,66,1
2025-07-07 19:47:08,67,1
2025-07-07 19:47:08,1203,1
2025-07-07 19:47:08,1204,1
2025-07-07 19:47:08,1223,1
2025-07-07 19:47:08,1224,1
2025-07-07 19:47:11,1203,0
2025-07-07 19:47:11,1204,0
2025-07-07 19:47:11,1223,0
2025-07-07 19:47:11,1224,0
2025-07-07 19:47:13,66,0
2025-07-07 19:47:13,67,0
2025-07-07 19:47:14,66,1
2025-07-07 19:47:14,67,1
2025-07-07 19:47:14,1203,1
2025-07-07 19:47:14,1204,1
2025-07-07 19:47:14,1223,1
2025-07-07 19:47:14,1224,1
2025-07-07 19:47:21,1203,0
2025-07-07 19:47:21,1204,0
2025-07-07 19:47:21,1223,0
2025-07-07 19:47:21,1224,0
2025-07-07 19:47:24,66,0
2025-07-07 19:47:24,67,0
2025-07-07 19:47:40,807,1
2025-07-07 19:49:22,807,3
2025-07-07 19:49:22,1224,6
2025-07-07 19:49:23,1223,6
2025-07-07 19:49:23,1204,6
2025-07-07 19:49:24,1203,6
2025-07-07 19:49:24,67,6
2025-07-07 19:49:25,66,6
2025-07-07 19:49:25,26,3
2025-07-07 19:49:29,807,2
2025-07-07 19:51:19,26,2
2025-07-08 21:13:14,2,1
2025-07-08 21:50:18,2,0
2025-07-09 14:26:43,2,6
2025-07-09 16:10:14,66,1
2025-07-09 16:10:14,67,1
2025-07-09 16:10:14,1203,1
2025-07-09 16:10:14,1204,1
2025-07-09 16:10:14,1223,1
2025-07-09 16:10:14,1224,1
2025-07-09 16:10:18,1224,3
2025-07-09 16:10:19,1223,3
2025-07-09 16:10:19,1204,3
2025-07-09 16:10:19,1203,3
2025-07-09 16:10:20,67,3
2025-07-09 16:10:20,66,3
2025-07-09 16:10:21,807,1
2025-07-09 16:10:21,807,3
2025-07-09 16:10:36,1203,2
2025-07-09 16:10:36,1204,2
2025-07-09 16:10:36,1223,2
2025-07-09 16:10:36,1224,2
2025-07-09 16:10:49,1203,1
2025-07-09 16:10:49,1204,1
2025-07-09 16:10:49,1223,1
2025-07-09 16:10:49,1224,1
2025-07-09 16:11:59,1203,0
2025-07-09 16:11:59,1223,0
2025-07-09 16:12:00,1224,0
2025-07-09 16:12:00,1204,0
2025-07-09 16:14:41,1224,6
2025-07-09 16:14:43,1223,6
2025-07-09 16:14:45,1204,6
2025-07-09 16:14:45,1203,6
2025-07-09 16:14:48,66,2
2025-07-09 16:14:48,67,2
2025-07-09 16:14:57,807,2
2025-07-09 21:08:16,1606,1
2025-07-09 21:08:58,1606,0
2025-07-09 21:11:07,1606,6
2025-07-09 21:46:49,71,1
2025-07-09 21:46:49,72,1
2025-07-09 21:46:49,73,1
2025-07-09 21:46:49,74,1
2025-07-09 21:46:55,73,0
2025-07-09 21:46:55,74,0
2025-07-09 21:46:56,807,1
2025-07-09 21:46:57,71,3
2025-07-09 21:46:57,72,3
2025-07-09 21:46:57,73,6
2025-07-09 21:46:57,74,6
2025-07-09 21:46:58,807,3
2025-07-09 21:47:07,71,2
2025-07-09 21:47:07,72,2
2025-07-09 21:47:11,807,2
2025-07-10 02:53:24,67,1
2025-07-10 02:53:24,1204,1
2025-07-10 02:53:24,1224,1
2025-07-10 02:53:26,1224,0
2025-07-10 02:53:27,1224,1
2025-07-10 02:53:29,1204,0
2025-07-10 02:53:29,1224,0
2025-07-10 02:53:31,807,1
2025-07-10 03:03:50,1204,1
2025-07-10 03:03:50,1224,1
2025-07-10 03:34:27,1204,0
2025-07-10 03:34:27,1224,0
2025-07-10 03:36:25,67,0
2025-07-10 03:36:26,67,6
2025-07-10 03:36:26,1204,6
2025-07-10 03:36:26,1224,6
2025-07-10 03:36:26,807,3
2025-07-10 03:36:34,807,2
2025-07-10 05:35:24,67,1
2025-07-10 05:35:24,1204,1
2025-07-10 05:35:24,1224,1
2025-07-10 05:35:31,807,1
2025-07-10 05:50:18,67,3
2025-07-10 05:50:18,1204,3
2025-07-10 05:50:18,1224,3
2025-07-10 05:50:18,807,3
2025-07-10 05:53:04,66,1
2025-07-10 05:53:33,1203,1
2025-07-10 05:53:33,1223,1
2025-07-10 05:53:39,1223,0
2025-07-10 05:53:39,1203,0
2025-07-10 05:59:28,1204,2
2025-07-10 05:59:28,1224,2
2025-07-10 05:59:31,66,0
2025-07-10 05:59:31,67,2
2025-07-10 05:59:40,1223,6
2025-07-10 05:59:40,1203,6
2025-07-10 05:59:41,66,6
2025-07-10 05:59:44,807,2
2025-07-13 04:17:19,1606,1
2025-07-13 04:17:59,1606,0
2025-07-13 04:33:47,1204,1
2025-07-13 04:33:49,1204,0
2025-07-13 05:16:53,71,1
2025-07-13 05:16:53,72,1
2025-07-13 05:16:53,73,1
2025-07-13 05:16:53,74,1
2025-07-13 05:16:58,73,0
2025-07-13 05:16:58,74,0
2025-07-13 05:16:58,71,3
2025-07-13 05:16:58,72,3
2025-07-13 05:16:58,73,6
2025-07-13 05:16:58,74,6
2025-07-13 05:16:58,1204,6
2025-07-13 05:16:58,1606,6
2025-07-13 05:17:00,807,3
2025-07-13 05:17:03,71,2
2025-07-13 05:17:03,72,2
2025-07-13 05:17:09,807,2
2025-07-13 06:13:56,67,1
2025-07-13 06:14:03,807,1
2025-07-13 06:15:45,67,3
2025-07-13 06:15:45,807,3
2025-07-13 06:18:27,1204,1
2025-07-13 06:18:27,1224,1
2025-07-13 06:18:52,1224,0
2025-07-13 06:18:52,1204,0
2025-07-13 06:19:11,1204,6
2025-07-13 06:19:11,1224,6
2025-07-13 06:21:38,67,2
2025-07-13 06:21:50,807,2
2025-07-13 11:00:09,68,1
2025-07-13 11:00:17,807,1
2025-07-13 11:00:38,68,3
2025-07-13 11:00:38,807,3
2025-07-13 11:00:40,68,2
2025-07-13 11:00:49,807,2
2025-07-15 01:35:50,2608,1
2025-07-15 01:35:50,2652,1
2025-07-15 01:35:52,2608,0
2025-07-15 01:35:52,2652,0
2025-07-15 01:36:25,2608,6
2025-07-15 01:36:25,2652,6
2025-07-15 01:36:39,2607,1
2025-07-15 01:36:39,2651,1
2025-07-15 01:36:41,2607,0
2025-07-15 01:36:41,2651,0
2025-07-15 01:36:45,2607,6
2025-07-15 01:36:45,2651,6
2025-07-15 04:43:26,1606,1
2025-07-15 04:43:36,1606,0
2025-07-15 04:43:54,1606,1
2025-07-15 04:44:00,1606,0
2025-07-15 04:51:15,1606,1
2025-07-15 04:52:00,1606,0
2025-07-15 05:01:05,1606,6
2025-07-15 05:31:09,71,1
2025-07-15 05:31:09,72,1
2025-07-15 05:31:09,73,1
2025-07-15 05:31:09,74,1
2025-07-15 05:31:14,73,0
2025-07-15 05:31:14,74,0
2025-07-15 05:31:16,807,1
2025-07-15 05:31:16,71,3
2025-07-15 05:31:16,72,3
2025-07-15 05:31:16,73,6
2025-07-15 05:31:16,74,6
2025-07-15 05:31:18,807,3
2025-07-15 05:31:20,71,2
2025-07-15 05:31:20,72,2
2025-07-15 05:31:24,807,2
2025-07-15 06:05:52,805,1
2025-07-15 06:08:23,805,3
2025-07-15 06:25:05,805,2
2025-07-15 07:10:14,2601,1
2025-07-15 08:01:54,1204,1
2025-07-15 08:01:56,1204,0
2025-07-15 08:11:20,1204,1
2025-07-15 08:11:22,1204,0
2025-07-15 08:11:49,1204,1
2025-07-15 08:12:24,1204,0
2025-07-15 08:12:40,1204,1
2025-07-15 08:13:17,1204,0
2025-07-15 08:17:09,1204,1
2025-07-15 08:17:11,1204,0
2025-07-15 08:17:19,1204,1
2025-07-15 08:17:21,1204,0
2025-07-15 08:17:42,1204,1
2025-07-15 08:17:45,1204,0
2025-07-15 08:17:57,1204,1
2025-07-15 08:17:59,1204,0
2025-07-15 08:18:31,1204,1
2025-07-15 08:18:37,1204,0
2025-07-15 08:24:54,1204,1
2025-07-15 08:24:56,1204,0
2025-07-15 08:30:11,2601,0
2025-07-15 08:30:11,2601,1
2025-07-15 08:30:13,2601,0
2025-07-15 08:31:55,2601,1
2025-07-15 08:32:04,2601,0
2025-07-15 08:33:09,2601,1
2025-07-15 09:00:54,67,1
2025-07-15 09:00:54,1204,1
2025-07-15 09:00:54,1224,1
2025-07-15 09:00:56,1224,0
2025-07-15 09:00:58,1204,0
2025-07-15 09:01:01,807,1
2025-07-15 09:01:20,67,3
2025-07-15 09:01:20,2601,3
2025-07-15 09:01:20,1204,6
2025-07-15 09:01:20,1224,6
2025-07-15 09:01:20,807,3
2025-07-15 09:01:22,67,2
2025-07-15 09:01:31,807,2
2025-07-15 09:03:06,67,1
2025-07-15 09:03:06,1204,1
2025-07-15 09:03:06,1224,1
2025-07-15 09:03:10,1224,0
2025-07-15 09:03:11,1204,0
2025-07-15 09:03:13,807,1
2025-07-15 09:03:50,67,3
2025-07-15 09:03:50,1204,6
2025-07-15 09:03:50,1224,6
2025-07-15 09:03:50,807,3
2025-07-15 09:03:53,67,2
2025-07-15 09:04:01,807,2
2025-07-15 09:27:16,67,1
2025-07-15 09:27:22,67,3
2025-07-15 09:27:22,807,3
2025-07-15 09:27:24,67,2
2025-07-15 09:27:32,807,2
2025-07-15 09:28:19,67,1
2025-07-15 09:28:23,67,3
2025-07-15 09:28:25,67,2
2025-07-15 09:28:26,807,1
2025-07-15 09:28:34,807,0
2025-07-15 09:33:55,2601,2
2025-07-15 12:18:03,807,6
2025-07-22 12:33:37,65,1
2025-07-22 12:34:04,65,0
2025-07-22 12:34:06,65,6
2025-07-22 12:36:01,66,1
2025-07-22 12:36:01,67,1
2025-07-22 12:36:01,1203,1
2025-07-22 12:36:01,1204,1
2025-07-22 12:36:01,1223,1
2025-07-22 12:36:01,1224,1
2025-07-22 12:36:04,1203,0
2025-07-22 12:36:04,1204,0
2025-07-22 12:36:04,1223,0
2025-07-22 12:36:04,1224,0
2025-07-22 12:36:05,1224,6
2025-07-22 12:36:05,1223,6
2025-07-22 12:36:05,1204,6
2025-07-22 12:36:05,1203,6
2025-07-22 12:36:07,67,3
2025-07-22 12:36:07,66,3
2025-07-22 12:36:11,66,2
2025-07-22 12:36:11,67,2
2025-07-22 12:37:36,805,1
2025-07-22 12:38:11,805,0
2025-07-22 12:38:50,805,1
2025-07-22 13:21:03,805,0
2025-07-22 13:21:17,805,1
2025-07-22 13:21:26,805,3
2025-07-22 13:41:05,805,2
2025-07-23 06:20:27,805,1
2025-07-23 06:20:44,67,1
2025-07-23 06:20:44,805,0
2025-07-23 06:20:51,807,1
2025-07-23 06:21:43,67,3
2025-07-23 06:21:43,805,6
2025-07-23 06:21:43,807,3
2025-07-23 06:21:45,67,2
2025-07-23 06:21:52,807,2
2025-07-23 06:21:56,805,1
2025-07-23 06:26:06,805,0
2025-07-23 07:39:10,805,6
2025-07-23 07:40:16,805,1
2025-07-23 08:47:17,805,3
2025-07-23 09:34:28,805,2
2025-07-23 11:53:44,1606,1
2025-07-23 11:55:10,1606,0
2025-07-23 20:14:22,1606,1
2025-07-23 20:15:25,1606,0
2025-07-23 20:16:08,1606,1
2025-07-23 20:16:11,1606,0
2025-07-23 22:12:16,1204,1
2025-07-23 22:12:18,1204,0
2025-07-23 22:15:42,66,1
2025-07-23 22:15:42,1203,1
2025-07-23 22:15:42,1223,1
2025-07-23 22:15:48,1223,0
2025-07-23 22:15:49,807,1
2025-07-23 22:15:49,1203,0
2025-07-23 22:17:13,66,0
2025-07-23 22:18:05,66,6
2025-07-23 22:18:05,1203,6
2025-07-23 22:18:05,1204,6
2025-07-23 22:18:05,1223,6
2025-07-23 22:18:05,807,3
2025-07-23 22:18:05,1606,6
2025-07-23 22:18:08,807,2
2025-07-23 22:40:56,2601,1
2025-07-23 22:40:59,2602,1
2025-07-24 01:50:26,2604,1
2025-07-24 01:54:34,2604,0
2025-07-24 02:43:39,2601,3
2025-07-24 02:43:39,2602,3
2025-07-24 02:43:39,2604,6
2025-07-24 02:43:58,2601,2
2025-07-24 02:43:58,2602,2
2025-07-24 02:45:07,1606,1
2025-07-24 02:46:33,1606,0
2025-07-24 14:46:36,1855,1
2025-07-24 14:47:40,1855,3
2025-07-24 14:47:40,1606,6
2025-07-24 14:47:50,1855,2
2025-07-24 15:46:24,805,1
2025-07-24 15:47:51,2,1
2025-07-24 16:52:19,805,0
2025-07-24 16:52:45,805,1
2025-07-24 18:04:21,805,0
2025-07-26 00:14:49,2,0
2025-07-26 00:21:01,805,6
2025-07-26 00:21:01,2,6
2025-07-26 00:24:49,1804,1
2025-07-26 00:24:52,1804,0
2025-07-26 00:25:09,1855,1
2025-07-26 00:25:50,1855,0
2025-07-26 00:26:13,1855,1
2025-07-26 00:26:20,1855,0
2025-07-26 00:26:23,1855,6
2025-07-26 00:26:23,1804,6
2025-07-26 01:23:09,1804,1
2025-07-26 01:23:12,1804,0
2025-07-26 01:23:29,1855,1
2025-07-26 01:23:59,1855,0
2025-07-26 01:24:09,1855,6
2025-07-26 01:24:10,1804,6
2025-07-26 02:07:06,2630,1
2025-07-26 02:07:08,2630,0
2025-07-26 02:07:27,2630,6
2025-07-26 03:26:26,2603,1
2025-07-26 03:27:43,2604,1
2025-07-26 05:01:05,2604,0
2025-07-26 05:56:59,2604,1
2025-07-26 06:53:58,2604,0
2025-07-26 07:30:51,2603,0
2025-07-26 07:31:47,71,1
2025-07-26 07:31:47,72,1
2025-07-26 07:31:47,73,1
2025-07-26 07:31:47,74,1
2025-07-26 07:31:54,807,1
2025-07-26 07:35:54,71,3
2025-07-26 07:35:54,72,3
2025-07-26 07:35:54,73,3
2025-07-26 07:35:54,74,3
2025-07-26 07:35:54,2603,6
2025-07-26 07:35:54,2604,6
2025-07-26 07:35:54,807,3
2025-07-26 07:37:18,73,2
2025-07-26 07:37:18,74,2
2025-07-26 07:37:21,71,2
2025-07-26 07:37:21,72,2
2025-07-26 07:37:30,807,2
2025-07-26 07:37:49,2607,1
2025-07-26 07:37:49,2651,1
2025-07-26 07:37:51,2607,0
2025-07-26 07:37:51,2651,0
2025-07-26 07:38:13,2607,6
2025-07-26 07:38:13,2651,6
2025-07-26 08:12:41,1855,1
2025-07-26 19:56:53,1855,3
2025-07-26 19:56:56,1855,2
2025-07-27 09:01:38,2608,1
2025-07-27 09:01:38,2652,1
2025-07-27 09:01:40,2608,0
2025-07-27 09:01:40,2652,0
2025-07-27 09:01:53,2608,6
2025-07-27 09:01:53,2652,6
2025-07-27 09:02:03,2607,1
2025-07-27 09:02:03,2651,1
2025-07-27 09:02:05,2607,0
2025-07-27 09:02:05,2651,0
2025-07-27 09:02:12,2607,6
2025-07-27 09:02:12,2651,6
2025-07-27 09:05:51,1606,1
2025-07-27 09:06:19,1606,0
2025-07-27 11:17:07,71,1
2025-07-27 11:17:07,72,1
2025-07-27 11:17:07,73,1
2025-07-27 11:17:07,74,1
2025-07-27 11:17:07,1653,1
2025-07-27 11:17:14,807,1
2025-07-27 11:17:18,73,0
2025-07-27 11:17:18,74,0
2025-07-27 11:17:19,71,3
2025-07-27 11:17:19,72,3
2025-07-27 11:17:19,73,6
2025-07-27 11:17:19,74,6
2025-07-27 11:17:19,807,3
2025-07-27 11:17:19,1606,6
2025-07-27 11:17:19,1653,3
2025-07-27 11:17:24,71,2
2025-07-27 11:17:24,72,2
2025-07-27 11:17:29,807,2
2025-07-27 11:17:29,1653,2
2025-07-27 11:27:00,66,1
2025-07-27 11:27:00,1203,1
2025-07-27 11:27:00,1223,1
2025-07-27 11:27:07,807,1
2025-07-27 11:27:16,1203,0
2025-07-27 11:27:16,1223,0
2025-07-27 11:28:43,66,3
2025-07-27 11:28:43,1203,6
2025-07-27 11:28:43,1223,6
2025-07-27 11:28:43,807,3
2025-07-27 11:28:45,66,2
2025-07-27 11:28:53,807,2
2025-07-27 16:34:15,1855,1
2025-07-27 16:41:58,1855,3
2025-07-27 16:42:17,1855,2
2025-07-27 16:42:48,1855,1
2025-07-27 16:42:53,1855,0
2025-07-27 16:42:59,1855,6
2025-08-01 01:12:10,805,1
2025-08-01 01:13:00,805,3
2025-08-01 01:13:16,805,2
2025-08-01 03:07:36,2608,1
2025-08-01 03:07:36,2652,1
2025-08-01 03:07:38,2608,0
2025-08-01 03:07:38,2652,0
2025-08-01 03:07:56,2608,6
2025-08-01 03:07:56,2652,6
2025-08-01 03:08:07,2608,1
2025-08-01 03:08:07,2652,1
2025-08-01 03:08:09,2608,0
2025-08-01 03:08:09,2652,0
2025-08-01 03:08:14,2608,6
2025-08-01 03:08:14,2652,6
2025-08-01 03:09:16,1606,1
2025-08-01 03:09:18,1606,0
2025-08-01 03:10:17,1606,1
2025-08-01 03:11:09,1606,0
2025-08-01 04:57:02,1606,1
2025-08-01 04:57:34,1606,0
2025-08-01 05:23:14,2630,1
2025-08-01 05:23:16,2630,0
2025-08-01 05:23:31,2630,6
2025-08-01 05:23:31,1606,6
2025-08-01 07:18:55,2603,1
2025-08-01 07:18:59,2603,0
2025-08-01 07:18:59,2603,1
2025-08-01 07:44:47,2603,0
2025-08-01 08:57:29,1855,1
2025-08-01 09:22:25,1855,3
2025-08-01 09:22:25,2603,6
2025-08-01 09:22:51,1855,2
2025-08-07 18:19:35,805,1
2025-08-07 18:19:50,805,0
2025-08-07 18:20:01,805,1
2025-08-07 18:20:06,805,0
2025-08-07 18:20:07,66,1
2025-08-07 18:20:07,67,1
2025-08-07 18:20:07,1203,1
2025-08-07 18:20:07,1204,1
2025-08-07 18:20:07,1223,1
2025-08-07 18:20:07,1224,1
2025-08-07 18:20:14,1224,3
2025-08-07 18:20:14,807,1
2025-08-07 18:20:14,807,3
2025-08-07 18:20:15,1223,3
2025-08-07 18:20:15,1204,3
2025-08-07 18:20:15,1203,3
2025-08-07 18:20:17,67,3
2025-08-07 18:20:17,66,3
2025-08-07 18:20:17,805,6
2025-08-07 18:24:22,1203,2
2025-08-07 18:24:22,1204,2
2025-08-07 18:24:22,1223,2
2025-08-07 18:24:22,1224,2
2025-08-07 18:24:29,66,2
2025-08-07 18:24:29,67,2
2025-08-07 18:24:38,807,2
2025-08-07 18:24:43,66,1
2025-08-07 18:24:43,67,1
2025-08-07 18:24:43,1203,1
2025-08-07 18:24:43,1204,1
2025-08-07 18:24:43,1223,1
2025-08-07 18:24:43,1224,1
2025-08-07 18:24:47,1224,3
2025-08-07 18:24:47,1223,3
2025-08-07 18:24:48,1204,3
2025-08-07 18:24:48,1203,3
2025-08-07 18:24:48,67,3
2025-08-07 18:24:48,66,3
2025-08-07 18:24:50,807,1
2025-08-07 18:24:55,807,3
2025-08-07 18:27:00,1224,2
2025-08-07 18:27:00,1204,2
2025-08-07 18:27:01,1223,2
2025-08-07 18:27:02,1203,2
2025-08-07 18:33:32,66,2
2025-08-07 18:33:32,67,2
2025-08-07 18:33:42,807,2
2025-08-11 09:10:58,2,1
2025-08-11 09:36:35,2,0
2025-08-11 12:37:53,2,6
2025-08-11 15:25:47,66,1
2025-08-11 15:25:47,67,1
2025-08-11 15:25:47,1203,1
2025-08-11 15:25:47,1204,1
2025-08-11 15:25:47,1223,1
2025-08-11 15:25:47,1224,1
2025-08-11 15:25:49,1203,0
2025-08-11 15:25:49,1204,0
2025-08-11 15:25:49,1223,0
2025-08-11 15:25:49,1224,0
2025-08-11 15:25:49,66,0
2025-08-11 15:25:49,67,0
2025-08-11 15:25:51,1224,6
2025-08-11 15:25:51,1223,6
2025-08-11 15:25:52,1204,6
2025-08-11 15:25:52,1203,6
2025-08-11 15:25:52,67,6
2025-08-11 15:25:52,66,6
2025-08-11 22:11:26,69,1
2025-08-11 22:11:33,807,1
2025-08-11 22:11:55,69,3
2025-08-11 22:11:55,807,3
2025-08-11 22:11:57,69,2
2025-08-11 22:12:05,807,2
2025-08-12 04:36:13,1606,1
2025-08-12 04:37:21,1606,0
2025-08-12 04:37:41,1606,1
2025-08-12 04:37:50,1606,0
2025-08-12 05:11:06,805,1
2025-08-12 05:44:15,2633,1
2025-08-12 05:44:17,2633,0
2025-08-12 05:44:19,2633,6
2025-08-12 05:44:19,805,3
2025-08-12 05:44:19,1606,6
2025-08-12 05:44:39,2630,1
2025-08-12 05:44:41,2630,0
2025-08-12 05:44:42,2630,6
2025-08-12 05:46:10,2633,1
2025-08-12 05:46:12,2633,0
2025-08-12 05:46:12,2633,6
2025-08-12 05:51:54,2633,1
2025-08-12 05:51:56,2633,0
2025-08-12 05:51:57,2633,6
2025-08-12 05:52:03,2633,1
2025-08-12 05:52:05,2633,0
2025-08-12 05:52:06,2633,6
2025-08-12 05:53:43,2633,1
2025-08-12 05:53:45,2633,0
2025-08-12 05:53:45,2633,6
2025-08-12 05:53:50,2633,1
2025-08-12 05:53:52,2633,0
2025-08-12 05:53:56,2633,6
2025-08-12 05:54:38,2633,1
2025-08-12 05:54:40,2633,0
2025-08-12 05:54:40,2633,6
2025-08-12 05:54:45,2633,1
2025-08-12 05:54:47,2633,3
2025-08-12 05:54:47,2633,2
2025-08-12 05:54:55,2633,1
2025-08-12 05:54:57,2633,3
2025-08-12 05:54:57,2633,2
2025-08-12 05:56:06,2633,1
2025-08-12 05:56:08,2633,3
2025-08-12 05:56:08,2633,2
2025-08-12 05:56:17,2633,1
2025-08-12 05:56:19,2633,3
2025-08-12 05:56:19,2633,2
2025-08-12 05:56:23,2633,1
2025-08-12 05:56:25,2633,3
2025-08-12 05:56:25,2633,2
2025-08-12 05:58:29,2633,1
2025-08-12 05:58:31,2633,0
2025-08-12 05:58:31,2633,6
2025-08-12 05:58:37,2633,1
2025-08-12 05:58:39,2633,0
2025-08-12 05:58:39,2633,6
2025-08-12 05:58:45,2633,1
2025-08-12 05:58:47,2633,3
2025-08-12 05:58:47,2633,2
2025-08-12 05:59:00,2633,1
2025-08-12 05:59:02,2633,3
2025-08-12 05:59:02,2633,2
2025-08-12 05:59:16,2633,1
2025-08-12 05:59:18,2633,0
2025-08-12 06:00:14,2633,6
2025-08-12 06:03:19,2633,1
2025-08-12 06:03:21,2633,0
2025-08-12 06:03:30,2633,6
2025-08-12 06:08:22,2633,1
2025-08-12 06:08:24,2633,0
2025-08-12 06:08:28,2633,6
2025-08-12 06:15:24,66,1
2025-08-12 06:15:24,1203,1
2025-08-12 06:15:24,1223,1
2025-08-12 06:15:24,805,2
2025-08-12 06:15:25,67,1
2025-08-12 06:15:25,1204,1
2025-08-12 06:15:25,1224,1
2025-08-12 06:15:31,807,1
2025-08-12 06:15:33,1223,0
2025-08-12 06:15:33,1203,0
2025-08-12 06:15:34,1224,0
2025-08-12 06:15:34,1204,0
2025-08-12 06:17:16,66,3
2025-08-12 06:17:16,67,3
2025-08-12 06:17:16,1203,6
2025-08-12 06:17:16,1204,6
2025-08-12 06:17:16,1223,6
2025-08-12 06:17:16,1224,6
2025-08-12 06:17:16,807,3
2025-08-12 06:17:18,66,2
2025-08-12 06:17:18,67,2
2025-08-12 06:17:27,807,2
2025-08-12 06:17:31,805,1
2025-08-12 06:28:00,67,1
2025-08-12 06:28:00,1204,1
2025-08-12 06:28:00,1224,1
2025-08-12 06:28:00,805,0
2025-08-12 06:28:04,1224,0
2025-08-12 06:28:05,1204,0
2025-08-12 06:28:07,807,1
2025-08-12 06:28:17,67,3
2025-08-12 06:28:17,1204,6
2025-08-12 06:28:17,1224,6
2025-08-12 06:28:17,805,6
2025-08-12 06:28:17,807,3
2025-08-12 06:28:54,1204,1
2025-08-12 06:28:54,1224,1
2025-08-12 06:28:57,1224,0
2025-08-12 06:29:06,1204,0
2025-08-12 06:29:50,1204,1
2025-08-12 06:29:52,1204,0
2025-08-12 06:29:55,1204,1
2025-08-12 06:29:55,1224,1
2025-08-12 06:30:07,1224,0
2025-08-12 06:30:10,1204,0
2025-08-12 06:30:37,1204,1
2025-08-12 06:30:37,1224,1
2025-08-12 06:30:43,1224,0
2025-08-12 06:30:44,1204,0
2025-08-12 06:33:10,66,1
2025-08-12 06:33:10,1203,1
2025-08-12 06:33:10,1223,1
2025-08-12 06:33:16,1223,0
2025-08-12 06:33:16,1203,0
2025-08-12 06:33:18,1204,1
2025-08-12 06:33:18,1224,1
2025-08-12 06:33:23,1224,0
2025-08-12 06:33:23,1204,0
2025-08-12 06:35:46,66,3
2025-08-12 06:35:46,1203,6
2025-08-12 06:35:46,1204,6
2025-08-12 06:35:46,1223,6
2025-08-12 06:35:46,1224,6
2025-08-12 06:35:48,66,2
2025-08-12 06:35:48,67,2
2025-08-12 06:35:55,807,2
2025-08-12 06:36:00,805,1
2025-08-12 06:48:56,805,3
2025-08-12 07:03:31,2633,1
2025-08-12 07:03:33,2633,0
2025-08-12 07:03:34,2633,6
2025-08-12 07:03:47,2633,1
2025-08-12 07:03:49,2633,0
2025-08-12 07:03:49,2633,6
2025-08-12 07:03:55,2633,1
2025-08-12 07:03:57,2633,3
2025-08-12 07:03:57,2633,2
2025-08-12 07:04:00,2633,1
2025-08-12 07:04:02,2633,3
2025-08-12 07:04:02,2633,2
2025-08-12 07:05:21,2633,1
2025-08-12 07:05:23,2633,0
2025-08-12 07:05:24,2633,6
2025-08-12 07:05:53,2633,1
2025-08-12 07:05:55,2633,3
2025-08-12 07:05:55,2633,2
2025-08-12 07:06:01,2633,1
2025-08-12 07:06:03,2633,3
2025-08-12 07:06:03,2633,2
2025-08-12 07:06:05,2633,3
2025-08-12 07:06:07,2633,2
2025-08-12 07:06:12,2633,1
2025-08-12 07:06:14,2633,3
2025-08-12 07:06:14,2633,2
2025-08-12 07:06:15,2633,3
2025-08-12 07:06:17,2633,2
2025-08-12 07:06:19,2633,3
2025-08-12 07:06:21,2633,2
2025-08-12 07:06:29,2633,1
2025-08-12 07:06:31,2633,3
2025-08-12 07:06:31,2633,2
2025-08-12 07:06:33,2633,3
2025-08-12 07:06:35,2633,2
2025-08-12 07:07:44,2633,1
2025-08-12 07:07:46,2633,3
2025-08-12 07:07:46,2633,2
2025-08-12 07:07:47,2633,3
2025-08-12 07:07:49,2633,2
2025-08-12 07:07:51,2633,3
2025-08-12 07:07:53,2633,2
2025-08-12 07:08:38,2633,1
2025-08-12 07:08:40,2633,3
2025-08-12 07:08:40,2633,2
2025-08-12 07:08:42,2633,3
2025-08-12 07:08:44,2633,2
2025-08-12 07:11:26,2633,1
2025-08-12 07:11:28,2633,0
2025-08-12 07:11:54,2633,6
2025-08-12 07:32:25,2633,1
2025-08-12 07:32:27,2633,0
2025-08-12 07:32:34,2633,6
2025-08-12 07:33:10,2633,1
2025-08-12 07:33:12,2633,0
2025-08-12 07:33:20,2633,6
2025-08-12 07:33:21,2633,3
2025-08-12 07:33:23,2633,2
2025-08-12 07:34:55,2634,1
2025-08-12 07:34:57,2634,0
2025-08-12 07:34:59,2634,6
2025-08-12 07:45:50,2633,1
2025-08-12 07:45:52,2633,0
2025-08-12 07:45:58,2633,6
2025-08-12 07:47:37,2633,1
2025-08-12 07:47:39,2633,0
2025-08-12 07:47:39,2633,6
2025-08-12 07:47:42,2633,1
2025-08-12 07:47:44,2633,0
2025-08-12 07:47:45,2633,6
2025-08-12 07:48:09,2633,1
2025-08-12 07:48:11,2633,0
2025-08-12 07:48:12,2633,6
2025-08-12 07:50:34,2633,1
2025-08-12 07:50:36,2633,3
2025-08-12 07:50:36,2633,2
2025-08-12 07:50:39,2633,1
2025-08-12 07:50:41,2633,3
2025-08-12 07:50:41,2633,2
2025-08-12 08:11:03,67,1
2025-08-12 08:11:03,805,2
2025-08-12 08:11:03,1204,1
2025-08-12 08:11:03,1224,1
2025-08-12 08:11:05,1224,0
2025-08-12 08:11:05,1224,1
2025-08-12 08:11:07,1204,0
2025-08-12 08:11:07,1224,0
2025-08-12 08:11:10,807,1
2025-08-12 08:11:32,1204,1
2025-08-12 08:11:32,1224,1
2025-08-12 08:11:42,1224,0
2025-08-12 08:11:44,1204,0
2025-08-12 08:12:09,1204,1
2025-08-12 08:12:09,1224,1
2025-08-12 08:12:19,1224,0
2025-08-12 08:12:22,1204,0
2025-08-12 08:12:51,1204,1
2025-08-12 08:12:51,1224,1
2025-08-12 08:13:03,1224,0
2025-08-12 08:13:05,1204,0
2025-08-12 08:13:34,1204,1
2025-08-12 08:13:34,1224,1
2025-08-12 08:13:47,1224,0
2025-08-12 08:13:48,1204,0
2025-08-12 08:15:00,67,0
2025-08-12 08:15:00,67,6
2025-08-12 08:15:00,1204,6
2025-08-12 08:15:00,1224,6
2025-08-12 08:15:00,807,3
2025-08-12 08:15:10,807,2
2025-08-12 08:15:13,805,1
2025-08-12 08:47:25,67,1
2025-08-12 08:47:25,805,0
2025-08-12 08:47:25,1204,1
2025-08-12 08:47:25,1224,1
2025-08-12 08:47:31,807,1
2025-08-12 08:47:38,1224,0
2025-08-12 08:47:38,1204,0
2025-08-12 08:49:46,67,3
2025-08-12 08:49:46,1204,6
2025-08-12 08:49:46,1224,6
2025-08-12 08:49:46,805,6
2025-08-12 08:49:46,807,3
2025-08-12 08:49:48,67,2
2025-08-12 08:49:55,807,2
2025-08-12 08:49:59,805,1
2025-08-12 12:00:11,805,0
2025-08-12 12:57:20,67,1
2025-08-12 12:57:20,1204,1
2025-08-12 12:57:22,1204,0
2025-08-12 12:57:26,807,1
2025-08-12 12:58:49,67,3
2025-08-12 12:58:49,1204,6
2025-08-12 12:58:49,805,6
2025-08-12 12:58:49,807,3
2025-08-12 13:08:15,1204,1
2025-08-12 13:08:17,1204,0
2025-08-12 13:11:20,1204,6
2025-08-12 13:12:24,1204,1
2025-08-12 13:12:24,1224,1
2025-08-12 13:12:48,1224,0
2025-08-12 13:12:48,1204,0
2025-08-12 13:14:31,1204,6
2025-08-12 13:14:31,1224,6
2025-08-12 13:14:33,67,2
2025-08-12 13:14:42,807,2
2025-08-12 14:32:39,67,1
2025-08-12 14:32:39,1204,1
2025-08-12 14:32:39,1224,1
2025-08-12 14:32:44,1224,0
2025-08-12 14:32:46,1204,0
2025-08-12 14:32:46,807,1
2025-08-12 14:33:06,67,0
2025-08-12 14:33:06,67,6
2025-08-12 14:33:06,1204,6
2025-08-12 14:33:06,1224,6
2025-08-12 14:33:06,807,3
2025-08-12 14:33:15,807,2
2025-08-12 14:33:45,67,1
2025-08-12 14:33:45,1204,1
2025-08-12 14:33:45,1224,1
2025-08-12 14:33:47,1204,0
2025-08-12 14:33:47,1224,0
2025-08-12 14:33:52,807,1
2025-08-12 14:34:16,1204,1
2025-08-12 14:34:22,1224,1
2025-08-12 14:34:30,1224,0
2025-08-12 14:34:31,1224,1
2025-08-12 14:34:33,1224,0
2025-08-12 14:34:34,1224,1
2025-08-12 14:34:36,1224,0
2025-08-12 14:34:44,1224,1
2025-08-12 14:34:46,1224,0
2025-08-12 14:35:02,1204,0
2025-08-12 14:36:09,1204,1
2025-08-12 14:36:09,1224,1
2025-08-12 14:36:32,1224,0
2025-08-12 14:36:37,1204,0
2025-08-12 14:37:39,1204,1
2025-08-12 14:37:41,1224,1
2025-08-12 14:38:06,1224,0
2025-08-12 14:38:11,1204,0
2025-08-12 14:39:12,1204,1
2025-08-12 14:39:20,1224,1
2025-08-12 14:39:23,1224,0
2025-08-12 14:39:24,1224,1
2025-08-12 14:39:26,1224,0
2025-08-12 14:39:27,1224,1
2025-08-12 14:39:29,1224,0
2025-08-12 14:39:31,1224,1
2025-08-12 14:39:33,1224,0
2025-08-12 14:39:34,1224,1
2025-08-12 14:39:36,1224,0
2025-08-12 14:39:39,1224,1
2025-08-12 14:39:41,1224,0
2025-08-12 14:39:44,1224,1
2025-08-12 14:39:46,1224,0
2025-08-12 14:39:48,1224,1
2025-08-12 14:39:50,1224,0
2025-08-12 14:39:52,1224,1
2025-08-12 14:39:54,1224,0
2025-08-12 14:39:56,1224,1
2025-08-12 14:39:58,1224,0
2025-08-12 14:40:11,1224,1
2025-08-12 14:40:13,1224,0
2025-08-12 14:40:19,1204,0
2025-08-12 14:43:53,1204,1
2025-08-12 14:44:01,1224,1
2025-08-12 14:44:05,1224,0
2025-08-12 14:44:06,1224,1
2025-08-12 14:44:15,1224,0
2025-08-12 14:44:16,1224,1
2025-08-12 14:44:18,1224,0
2025-08-12 14:44:19,1224,1
2025-08-12 14:44:27,1224,0
2025-08-12 14:44:30,1224,1
2025-08-12 14:44:32,1224,0
2025-08-12 14:44:41,1204,0
2025-08-12 14:47:36,1204,1
2025-08-12 14:47:40,1224,1
2025-08-12 14:47:43,1224,0
2025-08-12 14:47:44,1224,1
2025-08-12 14:47:47,1224,0
2025-08-12 14:47:51,1224,1
2025-08-12 14:47:53,1224,0
2025-08-12 14:47:55,1224,1
2025-08-12 14:47:57,1224,0
2025-08-12 14:48:10,1224,1
2025-08-12 14:48:12,1224,0
2025-08-12 14:48:15,1224,1
2025-08-12 14:48:17,1224,0
2025-08-12 14:48:19,1224,1
2025-08-12 14:48:21,1224,0
2025-08-12 14:48:31,1204,0
2025-08-12 14:52:01,1204,1
2025-08-12 14:52:01,1224,1
2025-08-12 14:52:03,1224,0
2025-08-12 14:52:04,1224,1
2025-08-12 14:52:06,1224,0
2025-08-12 14:52:06,1224,1
2025-08-12 14:53:10,1224,0
2025-08-12 14:53:11,1224,1
2025-08-12 14:53:25,1224,0
2025-08-12 14:53:26,1224,1
2025-08-12 14:53:39,1224,0
2025-08-12 14:53:40,1224,1
2025-08-12 14:53:42,1224,0
2025-08-12 14:53:42,1224,1
2025-08-12 14:53:53,1224,0
2025-08-12 14:53:54,1224,1
2025-08-12 14:54:07,1224,0
2025-08-12 14:54:11,1224,1
2025-08-12 14:54:32,1224,0
2025-08-12 14:54:33,1224,1
2025-08-12 14:54:36,1224,0
2025-08-12 14:54:38,1224,1
2025-08-12 14:54:51,1224,0
2025-08-12 14:54:52,1224,1
2025-08-12 14:55:00,1224,0
2025-08-12 14:55:02,1224,1
2025-08-12 14:55:04,1224,0
2025-08-12 14:55:04,1224,1
2025-08-12 14:55:09,1224,0
2025-08-12 14:55:11,1224,1
2025-08-12 14:55:13,1224,0
2025-08-12 14:55:13,1224,1
2025-08-12 14:55:24,1224,0
2025-08-12 14:55:26,1224,1
2025-08-12 14:55:29,1224,0
2025-08-12 14:55:30,1224,1
2025-08-12 14:55:34,1224,0
2025-08-12 14:55:35,1224,1
2025-08-12 14:55:37,1224,0
2025-08-12 14:55:42,1204,0
2025-08-12 14:55:46,1204,1
2025-08-12 14:55:46,1224,1
2025-08-12 14:55:48,1224,0
2025-08-12 14:55:49,1224,1
2025-08-12 14:55:51,1224,0
2025-08-12 14:55:56,1224,1
2025-08-12 14:55:58,1224,0
2025-08-12 14:56:22,1204,0
2025-08-12 15:01:06,1204,1
2025-08-12 15:01:29,1224,1
2025-08-12 15:01:31,1224,0
2025-08-12 15:01:44,1224,1
2025-08-12 15:01:52,1224,0
2025-08-12 15:01:55,1224,1
2025-08-12 15:01:58,1224,0
2025-08-12 15:01:59,1224,1
2025-08-12 15:02:01,1224,0
2025-08-12 15:02:04,1224,1
2025-08-12 15:02:11,1224,0
2025-08-12 15:02:13,1224,1
2025-08-12 15:02:21,1224,0
2025-08-12 15:02:23,1224,1
2025-08-12 15:02:33,1224,0
2025-08-12 15:02:34,1224,1
2025-08-12 15:02:37,1224,0
2025-08-12 15:02:38,1224,1
2025-08-12 15:02:40,1224,0
2025-08-12 15:02:43,1224,1
2025-08-12 15:02:45,1224,0
2025-08-12 15:02:48,1224,1
2025-08-12 15:02:50,1224,0
2025-08-12 15:02:52,1224,1
2025-08-12 15:02:54,1224,0
2025-08-12 15:02:56,1224,1
2025-08-12 15:02:58,1224,0
2025-08-12 15:02:58,1224,1
2025-08-12 15:03:00,1224,0
2025-08-12 15:03:02,1224,1
2025-08-12 15:03:04,1224,0
2025-08-12 15:03:07,1224,1
2025-08-12 15:03:09,1224,0
2025-08-12 15:03:12,1224,1
2025-08-12 15:03:14,1224,0
2025-08-12 15:03:17,1224,1
2025-08-12 15:03:19,1224,0
2025-08-12 15:03:21,1224,1
2025-08-12 15:03:23,1224,0
2025-08-12 15:03:27,1224,1
2025-08-12 15:03:29,1224,0
2025-08-12 15:03:31,1224,1
2025-08-12 15:03:33,1224,0
2025-08-12 15:03:41,1224,1
2025-08-12 15:03:43,1224,0
2025-08-12 15:03:46,1224,1
2025-08-12 15:03:48,1224,0
2025-08-12 15:03:50,1224,1
2025-08-12 15:03:52,1224,0
2025-08-12 15:03:55,1224,1
2025-08-12 15:03:57,1224,0
2025-08-12 15:04:07,1204,0
2025-08-12 15:08:08,1204,1
2025-08-12 15:08:12,1224,1
2025-08-12 15:09:03,1224,0
2025-08-12 15:09:04,1224,1
2025-08-12 15:09:06,1224,0
2025-08-12 15:09:07,1224,1
2025-08-12 15:09:09,1224,0
2025-08-12 15:09:13,1224,1
2025-08-12 15:09:15,1224,0
2025-08-12 15:09:22,1224,1
2025-08-12 15:09:24,1224,0
2025-08-12 15:09:25,1224,1
2025-08-12 15:09:27,1224,0
2025-08-12 15:09:27,1224,1
2025-08-12 15:09:56,1224,0
2025-08-12 15:10:06,1204,0
2025-08-12 15:13:20,1204,1
2025-08-12 15:13:24,1224,1
2025-08-12 15:13:48,1224,0
2025-08-12 15:13:49,1224,1
2025-08-12 15:13:57,1224,0
2025-08-12 15:13:58,1224,1
2025-08-12 15:14:07,1224,0
2025-08-12 15:14:08,1224,1
2025-08-12 15:14:11,1224,0
2025-08-12 15:14:12,1224,1
2025-08-12 15:14:15,1224,0
2025-08-12 15:14:18,1224,1
2025-08-12 15:14:21,1224,0
2025-08-12 15:14:31,1204,0
2025-08-12 15:17:01,1204,1
2025-08-12 15:17:05,1224,1
2025-08-12 15:17:18,1203,1
2025-08-12 15:17:20,1203,0
2025-08-12 15:17:46,1224,0
2025-08-12 15:17:47,1224,1
2025-08-12 15:17:50,1224,0
2025-08-12 15:18:03,1204,0
2025-08-12 15:23:21,67,3
2025-08-12 15:23:21,1203,6
2025-08-12 15:23:21,1204,6
2025-08-12 15:23:21,1224,6
2025-08-12 15:23:21,807,3
2025-08-12 15:27:51,1204,1
2025-08-12 15:27:51,1224,1
2025-08-12 15:28:10,1224,0
2025-08-12 15:28:10,1204,0
2025-08-12 15:30:24,1204,6
2025-08-12 15:30:24,1224,6
2025-08-12 15:30:26,67,2
2025-08-12 15:30:35,807,2
2025-08-12 15:45:35,1606,1
2025-08-12 15:46:35,1606,0
2025-08-12 15:47:11,1606,1
2025-08-12 15:47:22,1606,0
2025-08-12 16:27:08,1606,6
2025-08-12 19:35:50,1606,1
2025-08-12 19:37:15,1606,0
2025-08-12 20:17:18,1606,6
2025-08-13 01:40:10,71,1
2025-08-13 01:40:10,72,1
2025-08-13 01:40:10,73,1
2025-08-13 01:40:10,74,1
2025-08-13 01:40:17,807,1
2025-08-13 01:40:38,71,3
2025-08-13 01:40:38,72,3
2025-08-13 01:40:38,73,3
2025-08-13 01:40:38,74,3
2025-08-13 01:40:38,807,3
2025-08-13 01:40:40,73,2
2025-08-13 01:40:40,74,2
2025-08-13 01:40:43,71,2
2025-08-13 01:40:43,72,2
2025-08-13 01:40:49,807,2
2025-08-13 02:05:39,805,1
2025-08-13 02:05:42,805,0
2025-08-13 02:10:23,805,1
2025-08-13 02:10:29,805,0
2025-08-13 02:10:47,805,1
2025-08-13 02:10:53,805,0
2025-08-13 02:10:58,805,1
2025-08-13 02:11:04,805,0
2025-08-13 02:11:18,805,1
2025-08-13 02:12:23,805,0
2025-08-13 03:06:32,2601,1
2025-08-13 04:30:46,67,1
2025-08-13 04:30:46,1204,1
2025-08-13 04:30:46,1224,1
2025-08-13 04:30:53,807,1
2025-08-13 04:30:54,1224,0
2025-08-13 04:30:54,1204,0
2025-08-13 04:32:37,67,3
2025-08-13 04:32:37,2601,3
2025-08-13 04:32:37,1204,6
2025-08-13 04:32:37,1224,6
2025-08-13 04:32:37,805,6
2025-08-13 04:32:37,807,3
2025-08-13 04:32:39,67,2
2025-08-13 04:32:48,807,2
2025-08-13 04:55:13,2601,2
2025-08-13 04:55:14,2601,1
2025-08-13 04:55:16,2601,0
2025-08-13 05:44:05,2601,6
2025-08-13 07:14:28,805,1
2025-08-13 07:17:42,805,3
2025-08-13 07:17:49,805,2
2025-08-13 07:34:50,805,1
2025-08-13 07:34:55,805,0
2025-08-13 07:34:58,805,1
2025-08-13 07:35:12,805,0
2025-08-13 07:35:23,805,1
2025-08-13 07:36:08,805,0
2025-08-13 07:36:48,805,1
2025-08-13 07:37:22,805,0
2025-08-13 07:43:46,71,1
2025-08-13 07:43:46,72,1
2025-08-13 07:43:46,73,1
2025-08-13 07:43:46,74,1
2025-08-13 07:43:53,807,1
2025-08-13 07:44:05,71,3
2025-08-13 07:44:05,72,3
2025-08-13 07:44:05,73,3
2025-08-13 07:44:05,74,3
2025-08-13 07:44:05,805,6
2025-08-13 07:44:05,807,3
2025-08-13 07:44:58,73,2
2025-08-13 07:44:58,74,2
2025-08-13 07:45:35,73,1
2025-08-13 07:45:35,74,1
2025-08-13 07:45:44,71,2
2025-08-13 07:45:44,72,2
2025-08-13 07:45:44,73,0
2025-08-13 07:45:44,74,0
2025-08-13 07:45:45,73,6
2025-08-13 07:45:45,74,6
2025-08-13 07:45:53,807,2
2025-08-13 07:46:29,71,1
2025-08-13 07:46:29,72,1
2025-08-13 07:46:29,73,1
2025-08-13 07:46:29,74,1
2025-08-13 07:46:34,71,3
2025-08-13 07:46:34,72,3
2025-08-13 07:46:34,73,3
2025-08-13 07:46:34,74,3
2025-08-13 07:46:36,807,3
2025-08-13 07:48:18,73,2
2025-08-13 07:48:18,74,2
2025-08-13 07:48:55,73,1
2025-08-13 07:48:55,74,1
2025-08-13 07:49:43,73,3
2025-08-13 07:49:43,74,3
2025-08-13 07:54:11,73,2
2025-08-13 07:54:11,74,2
2025-08-13 07:54:28,71,2
2025-08-13 07:54:28,72,2
2025-08-13 07:54:38,807,2
2025-08-13 08:31:38,805,1
2025-08-13 08:32:18,805,0
2025-08-13 08:32:50,805,1
2025-08-13 08:32:54,805,0
2025-08-13 08:36:10,805,6
2025-08-13 08:38:51,67,1
2025-08-13 08:38:51,1204,1
2025-08-13 08:38:51,1224,1
2025-08-13 08:38:57,1224,0
2025-08-13 08:38:57,1204,0
2025-08-13 08:38:58,807,1
2025-08-13 08:39:10,1204,1
2025-08-13 08:39:10,1224,1
2025-08-13 08:39:16,1224,0
2025-08-13 08:39:16,1204,0
2025-08-13 08:39:17,67,0
2025-08-13 08:39:18,67,6
2025-08-13 08:39:18,1204,6
2025-08-13 08:39:18,1224,6
2025-08-13 08:39:18,807,3
2025-08-13 08:39:27,807,2
2025-08-13 14:21:58,26,1
2025-08-13 14:22:11,26,0
2025-08-13 17:56:31,26,6
2025-08-13 18:30:30,26,1
2025-08-14 11:08:13,26,3
2025-08-15 07:04:51,805,1
2025-08-15 07:05:34,26,2
2025-08-15 07:05:36,26,1
2025-08-15 07:05:42,26,3
2025-08-15 07:05:42,805,3
2025-08-15 07:06:53,26,2
2025-08-15 07:06:57,26,1
2025-08-15 07:07:12,26,3
2025-08-15 07:11:40,26,2
2025-08-15 07:11:44,26,1
2025-08-15 07:11:53,26,0
2025-08-15 07:11:59,26,6
2025-08-15 07:12:14,26,1
2025-08-15 07:12:20,26,3
2025-08-15 07:13:08,26,2
2025-08-15 07:13:45,26,1
2025-08-15 07:15:17,26,0
2025-08-15 07:15:27,26,1
2025-08-15 07:16:18,26,3
2025-08-15 07:16:22,26,2
2025-08-15 08:33:06,805,2
2025-08-15 14:20:02,805,1
2025-08-15 14:20:11,805,0
2025-08-15 14:24:54,805,6
2025-08-15 14:26:07,805,1
2025-08-15 14:28:15,805,0
2025-08-15 14:30:05,805,6
2025-08-15 14:42:41,805,1
2025-08-15 14:42:43,805,0
2025-08-15 14:42:50,805,1
2025-08-15 14:42:55,805,0
2025-08-15 14:42:56,805,6
2025-08-15 14:52:22,805,1
2025-08-15 14:53:06,805,0
2025-08-15 14:55:18,805,1
2025-08-15 14:55:21,805,0
2025-08-15 14:56:12,805,1
2025-08-15 14:56:33,805,0
2025-08-15 14:56:35,805,1
2025-08-15 14:56:48,805,0
2025-08-15 14:57:10,805,6
2025-08-15 15:04:20,805,1
2025-08-15 15:04:24,805,0
2025-08-15 15:05:18,805,6
2025-08-15 15:53:38,66,1
2025-08-15 15:53:44,1203,1
2025-08-15 15:53:44,1223,1
2025-08-15 15:53:44,807,1
2025-08-15 15:54:08,66,3
2025-08-15 15:54:08,1203,3
2025-08-15 15:54:08,1223,3
2025-08-15 15:54:08,807,3
2025-08-15 16:01:24,1223,2
2025-08-15 16:01:24,1203,2
2025-08-15 16:12:10,66,2
2025-08-15 16:12:19,807,2
2025-08-15 16:16:58,66,1
2025-08-15 16:16:58,1203,1
2025-08-15 16:16:58,1223,1
2025-08-15 16:17:04,807,1
2025-08-15 16:23:51,1223,0
2025-08-15 16:23:51,1203,0
2025-08-15 16:25:08,66,0
2025-08-15 16:25:08,66,6
2025-08-15 16:25:08,1203,6
2025-08-15 16:25:08,1223,6
2025-08-15 16:25:08,807,3
2025-08-15 16:25:17,807,2
2025-08-15 17:00:55,66,1
2025-08-15 17:00:55,1203,1
2025-08-15 17:00:55,1223,1
2025-08-15 17:01:02,807,1
2025-08-15 17:02:49,66,3
2025-08-15 17:02:49,1203,3
2025-08-15 17:02:49,1223,3
2025-08-15 17:02:49,807,3
2025-08-15 17:13:52,1223,2
2025-08-15 17:13:53,1203,2
2025-08-15 17:15:13,66,2
2025-08-15 17:15:23,807,2
2025-08-15 17:15:26,805,1
2025-08-15 17:15:47,805,0
2025-08-15 17:47:12,805,6
2025-08-15 17:49:18,1855,1
2025-08-15 17:49:41,1855,3
2025-08-15 17:49:43,1855,2
2025-08-15 17:52:22,1855,1
2025-08-15 17:52:47,1855,0
2025-08-15 17:53:13,1855,6
2025-08-16 13:10:00,67,1
2025-08-16 13:11:18,1204,1
2025-08-16 13:11:18,1224,1
2025-08-16 13:11:26,1224,0
2025-08-16 13:11:26,1204,0
2025-08-16 13:15:17,1224,6
2025-08-16 13:15:17,1204,6
2025-08-16 13:15:17,67,3
2025-08-16 13:16:12,67,2
2025-08-20 03:45:55,805,1
2025-08-20 03:46:07,805,0
2025-08-20 03:51:25,805,1
2025-08-20 03:51:47,805,0
2025-08-20 03:51:49,805,1
2025-08-20 03:51:52,805,0
2025-08-20 03:52:12,805,1
2025-08-20 03:52:15,805,0
2025-08-20 03:52:34,805,1
2025-08-20 03:52:37,805,0
2025-08-20 03:52:39,805,1
2025-08-20 03:52:49,805,0
2025-08-20 03:52:52,805,1
2025-08-20 03:52:57,805,0
2025-08-20 03:52:58,805,1
2025-08-20 03:53:06,805,0
2025-08-20 03:54:35,805,1
2025-08-20 03:54:39,805,0
2025-08-20 03:55:52,2608,1
2025-08-20 03:55:52,2652,1
2025-08-20 03:55:54,2608,0
2025-08-20 03:55:54,2652,0
2025-08-20 03:56:05,2608,6
2025-08-20 03:56:05,2652,6
2025-08-20 03:56:05,805,6
2025-08-20 03:56:28,2607,1
2025-08-20 03:56:28,2651,1
2025-08-20 03:56:30,2607,0
2025-08-20 03:56:30,2651,0
2025-08-20 03:56:32,2607,6
2025-08-20 03:56:32,2651,6
2025-08-20 03:57:34,2607,1
2025-08-20 03:57:34,2651,1
2025-08-20 03:57:36,2607,0
2025-08-20 03:57:36,2651,0
2025-08-20 03:57:38,2607,6
2025-08-20 03:57:38,2651,6
2025-08-20 03:58:11,2607,1
2025-08-20 03:58:11,2651,1
2025-08-20 03:58:13,2607,0
2025-08-20 03:58:13,2651,0
2025-08-20 03:58:57,2607,6
2025-08-20 03:58:57,2651,6
2025-08-20 03:59:29,805,1
2025-08-20 03:59:31,805,0
2025-08-20 03:59:56,1606,1
2025-08-20 04:00:00,1606,0
2025-08-20 04:02:53,805,1
2025-08-20 04:02:58,805,0
2025-08-20 04:03:15,805,1
2025-08-20 04:03:18,805,0
2025-08-20 04:03:20,805,1
2025-08-20 04:03:23,805,0
2025-08-20 04:07:28,805,1
2025-08-20 04:07:31,805,0
2025-08-20 04:12:19,805,1
2025-08-20 04:12:22,805,0
2025-08-20 04:44:24,805,1
2025-08-20 04:44:32,805,0
2025-08-20 04:48:45,66,1
2025-08-20 04:48:45,1203,1
2025-08-20 04:48:45,1223,1
2025-08-20 04:48:48,1223,0
2025-08-20 04:48:49,1203,0
2025-08-20 04:48:52,807,1
2025-08-20 04:50:48,66,0
2025-08-20 04:50:48,66,6
2025-08-20 04:50:48,1203,6
2025-08-20 04:50:48,1223,6
2025-08-20 04:50:48,805,6
2025-08-20 04:50:48,807,3
2025-08-20 04:50:48,1606,6
2025-08-20 04:50:58,807,2
2025-08-20 06:50:09,1606,1
2025-08-20 06:50:51,1606,0
2025-08-20 07:02:12,805,1
2025-08-20 07:02:45,805,0
2025-08-20 07:21:55,2607,1
2025-08-20 07:21:55,2651,1
2025-08-20 07:21:57,2607,0
2025-08-20 07:21:57,2651,0
2025-08-20 07:23:33,71,1
2025-08-20 07:23:33,72,1
2025-08-20 07:23:33,73,1
2025-08-20 07:23:33,74,1
2025-08-20 07:23:40,807,1
2025-08-20 07:26:01,73,0
2025-08-20 07:26:01,74,0
2025-08-20 07:26:06,71,3
2025-08-20 07:26:06,72,3
2025-08-20 07:26:06,73,6
2025-08-20 07:26:06,74,6
2025-08-20 07:26:06,2607,6
2025-08-20 07:26:06,2651,6
2025-08-20 07:26:06,805,6
2025-08-20 07:26:06,807,3
2025-08-20 07:26:06,1606,6
2025-08-20 07:26:08,71,2
2025-08-20 07:26:08,72,2
2025-08-20 07:26:11,807,2
2025-08-20 09:09:59,66,1
2025-08-20 09:10:06,1203,1
2025-08-20 09:10:06,1223,1
2025-08-20 09:10:06,807,1
2025-08-20 09:10:24,66,3
2025-08-20 09:10:24,1203,3
2025-08-20 09:10:24,1223,3
2025-08-20 09:10:24,807,3
2025-08-20 09:11:32,1223,2
2025-08-20 09:11:32,1203,2
2025-08-20 09:12:44,66,2
2025-08-20 09:12:51,807,2
2025-08-20 09:23:19,66,1
2025-08-20 09:23:19,1653,1
2025-08-20 09:23:20,1203,1
2025-08-20 09:23:20,1223,1
2025-08-20 09:23:26,807,1
2025-08-20 09:23:27,66,3
2025-08-20 09:23:27,1203,3
2025-08-20 09:23:27,1223,3
2025-08-20 09:23:27,1653,3
2025-08-20 09:23:28,807,3
2025-08-20 09:26:07,67,1
2025-08-20 09:34:21,1223,2
2025-08-20 09:34:22,1203,2
2025-08-20 09:35:11,1203,1
2025-08-20 09:35:11,1223,1
2025-08-20 09:35:41,1223,0
2025-08-20 09:35:43,1223,1
2025-08-20 09:35:46,1223,0
2025-08-20 09:35:48,1203,0
2025-08-20 09:35:55,1203,1
2025-08-20 09:35:55,1223,1
2025-08-20 09:36:03,1223,0
2025-08-20 09:36:03,1203,0
2025-08-20 09:36:58,1204,1
2025-08-20 09:36:58,1224,1
2025-08-20 09:37:02,1224,0
2025-08-20 09:37:02,1204,0
2025-08-20 09:38:15,1203,1
2025-08-20 09:38:15,1223,1
2025-08-20 09:38:27,1223,0
2025-08-20 09:38:30,1223,1
2025-08-20 09:38:33,1223,0
2025-08-20 09:38:34,1203,0
2025-08-20 09:38:35,1203,1
2025-08-20 09:38:35,1223,1
2025-08-20 09:40:33,1223,0
2025-08-20 09:40:34,1203,0
2025-08-20 09:41:25,67,3
2025-08-20 09:41:25,1203,6
2025-08-20 09:41:25,1204,6
2025-08-20 09:41:25,1223,6
2025-08-20 09:41:25,1224,6
2025-08-20 09:42:04,1204,1
2025-08-20 09:42:04,1224,1
2025-08-20 09:42:09,1203,1
2025-08-20 09:42:09,1223,1
2025-08-20 09:42:14,1224,0
2025-08-20 09:42:15,1204,0
2025-08-20 09:42:38,1223,0
2025-08-20 09:42:39,1203,0
2025-08-20 09:44:12,1203,1
2025-08-20 09:44:12,1223,1
2025-08-20 09:46:56,1223,0
2025-08-20 09:46:56,1203,0
2025-08-20 09:48:36,1203,6
2025-08-20 09:48:36,1204,6
2025-08-20 09:48:36,1223,6
2025-08-20 09:48:36,1224,6
2025-08-20 09:49:10,1204,1
2025-08-20 09:49:10,1224,1
2025-08-20 09:49:17,1224,0
2025-08-20 09:49:17,1204,0
2025-08-20 09:49:19,1204,6
2025-08-20 09:49:19,1224,6
2025-08-20 09:51:45,66,2
2025-08-20 09:51:45,67,2
2025-08-20 09:51:47,1653,2
2025-08-20 09:51:47,807,2
2025-08-20 10:29:08,66,1
2025-08-20 10:29:08,1203,1
2025-08-20 10:29:08,1223,1
2025-08-20 10:29:14,807,1
2025-08-20 10:38:19,1223,0
2025-08-20 10:38:23,1203,0
2025-08-20 10:38:25,1203,1
2025-08-20 10:38:25,1223,1
2025-08-20 10:38:27,1223,0
2025-08-20 10:38:27,1203,0
2025-08-20 10:38:54,1203,1
2025-08-20 10:38:54,1223,1
2025-08-20 10:39:56,1223,0
2025-08-20 10:39:56,1203,0
2025-08-20 10:42:42,66,3
2025-08-20 10:42:42,1203,6
2025-08-20 10:42:42,1223,6
2025-08-20 10:42:42,807,3
2025-08-20 10:42:44,66,2
2025-08-20 10:42:52,807,2
2025-08-20 11:52:35,67,1
2025-08-20 11:52:41,807,1
2025-08-20 11:52:55,67,3
2025-08-20 11:52:55,807,3
2025-08-20 11:52:57,67,2
2025-08-20 11:53:05,807,2
2025-08-20 11:54:09,805,1
2025-08-20 11:54:12,805,0
2025-08-20 12:30:18,67,1
2025-08-20 12:30:18,1204,1
2025-08-20 12:30:18,1224,1
2025-08-20 12:30:25,807,1
2025-08-20 12:30:28,1224,0
2025-08-20 12:30:28,1204,0
2025-08-20 12:32:20,1204,1
2025-08-20 12:32:20,1224,1
2025-08-20 12:32:25,1224,0
2025-08-20 12:32:25,1204,0
2025-08-20 12:35:09,67,3
2025-08-20 12:35:09,1204,6
2025-08-20 12:35:09,1224,6
2025-08-20 12:35:09,805,6
2025-08-20 12:35:09,807,3
2025-08-20 12:35:11,67,2
2025-08-20 12:35:19,807,2
2025-08-20 13:19:28,26,1
2025-08-20 13:19:41,26,0
2025-08-20 13:20:22,26,6
2025-08-20 13:24:22,1804,1
2025-08-20 13:24:25,1804,0
2025-08-20 13:24:42,1855,1
2025-08-20 13:27:50,1855,3
2025-08-20 13:27:50,1804,6
2025-08-20 13:28:00,1855,2
2025-08-20 14:28:00,2,1
2025-08-20 14:44:27,2,0
2025-08-20 14:44:27,801,2
2025-08-20 14:44:57,801,1
2025-08-20 15:44:28,2,1
2025-08-21 15:01:37,2,0
2025-08-21 15:01:43,2,6
2025-08-21 15:01:44,801,3
2025-08-25 01:55:14,805,1
2025-08-25 01:55:28,805,0
2025-08-25 01:55:29,805,1
2025-08-25 02:14:35,805,0
2025-08-25 03:08:08,805,6
2025-08-25 03:53:44,2661,1
2025-08-25 04:19:16,2661,3
2025-08-25 04:21:02,66,1
2025-08-25 04:21:09,1203,1
2025-08-25 04:21:09,1223,1
2025-08-25 04:21:10,807,1
2025-08-25 04:21:33,66,3
2025-08-25 04:21:33,1203,3
2025-08-25 04:21:33,1223,3
2025-08-25 04:21:33,807,3
2025-08-25 04:22:05,1223,2
2025-08-25 04:22:05,1203,2
2025-08-25 04:22:10,66,2
2025-08-25 04:22:20,807,2
2025-08-25 04:44:07,2661,2
2025-08-25 04:45:56,1606,1
2025-08-25 04:46:43,1606,0
2025-08-25 04:49:15,1606,1
2025-08-25 04:49:25,1606,0
2025-08-25 07:19:40,1606,6
2025-08-25 09:22:51,1606,1
2025-08-25 09:23:14,1606,0
2025-08-25 09:23:31,1606,1
2025-08-25 09:23:36,1606,0
2025-08-25 09:23:55,1606,1
2025-08-25 09:24:17,1606,0
2025-08-25 10:31:09,1606,6
2025-08-25 12:06:14,1606,1
2025-08-25 12:06:43,1606,0
2025-08-25 12:06:57,1606,1
2025-08-25 12:07:47,1606,0
2025-08-25 12:13:21,1606,6
2025-08-25 15:05:07,1203,1
2025-08-25 15:05:09,1203,0
2025-08-25 15:08:04,1203,1
2025-08-25 15:08:07,1203,0
2025-08-25 15:57:09,1606,1
2025-08-25 15:58:08,1606,0
2025-08-25 16:15:48,805,1
2025-08-25 16:15:52,805,0
2025-08-25 16:16:16,805,1
2025-08-25 16:16:20,805,0
2025-08-25 16:16:55,805,1
2025-08-25 16:16:59,805,0
2025-08-25 16:18:15,805,1
2025-08-25 16:18:17,805,0
2025-08-25 16:19:07,805,1
2025-08-25 16:19:20,805,0
2025-08-25 16:20:00,805,1
2025-08-25 16:20:03,805,0
2025-08-25 16:21:11,805,1
2025-08-25 16:21:15,805,0
2025-08-25 16:34:30,26,1
2025-08-25 16:34:32,26,3
2025-08-25 16:34:32,805,6
2025-08-25 16:34:33,1606,6
2025-08-25 16:34:33,1203,6
2025-08-25 16:34:35,26,2
2025-08-25 16:34:55,1855,1
2025-08-25 16:34:59,1855,3
2025-08-25 16:35:05,26,1
2025-08-25 16:35:05,1855,2
2025-08-25 16:35:07,26,0
2025-08-25 16:35:27,1855,1
2025-08-25 18:03:54,26,1
2025-08-25 18:03:54,1855,0
2025-08-25 18:03:56,26,0
2025-08-25 18:03:56,26,6
2025-08-25 18:03:56,1855,6
2025-08-26 05:09:34,66,1
2025-08-26 05:09:40,1203,1
2025-08-26 05:09:40,1223,1
2025-08-26 05:09:41,807,1
2025-08-26 05:10:21,66,3
2025-08-26 05:10:21,1203,3
2025-08-26 05:10:21,1223,3
2025-08-26 05:10:21,807,3
2025-08-26 05:10:50,1203,2
2025-08-26 05:10:50,1223,2
2025-08-26 05:11:04,66,2
2025-08-26 05:11:14,807,2
2025-08-26 09:58:01,1855,1
2025-08-26 09:58:17,1855,0
2025-08-26 09:58:25,1855,6
2025-08-26 09:59:28,1855,1
2025-08-26 10:01:36,1855,0
2025-08-26 10:01:50,1855,6
2025-08-26 10:06:07,1855,1
2025-08-26 12:13:16,1855,0
2025-08-26 12:13:17,1855,6
2025-08-26 12:13:43,1855,1
2025-08-26 12:13:45,1855,0
2025-08-26 12:13:45,1855,6
2025-08-27 11:48:09,805,1
2025-08-27 11:48:24,805,0
2025-08-27 11:48:58,805,6
2025-08-27 16:31:28,1606,1
2025-08-27 16:31:44,1606,0
2025-08-27 16:37:04,1606,6
2025-08-27 16:37:43,1606,1
2025-08-27 16:38:13,1606,0
2025-08-27 17:08:21,1606,6
2025-08-27 18:03:14,66,1
2025-08-27 18:03:20,1203,1
2025-08-27 18:03:20,1223,1
2025-08-27 18:03:20,807,1
2025-08-27 18:03:53,66,3
2025-08-27 18:03:53,1203,3
2025-08-27 18:03:53,1223,3
2025-08-27 18:03:53,807,3
2025-08-27 18:04:08,1223,2
2025-08-27 18:04:08,1203,2
2025-08-27 18:24:51,2601,1
2025-08-27 18:30:25,66,2
2025-08-27 18:30:25,2601,3
2025-08-27 18:30:34,807,2
2025-08-27 19:07:27,2601,2
2025-08-27 19:52:28,2601,1
2025-08-27 19:52:30,2601,0
2025-08-27 19:52:34,2601,1
2025-08-27 19:52:36,2601,0
2025-08-27 19:55:00,2601,1
2025-08-27 19:55:39,2601,0
2025-08-27 20:41:46,66,1
2025-08-27 20:41:50,66,0
2025-08-27 20:41:53,807,1
2025-08-27 20:42:42,807,3
2025-08-27 20:42:42,66,6
2025-08-27 20:42:42,2601,6
2025-08-27 20:42:44,807,2
2025-08-29 15:44:05,1606,1
2025-08-29 15:44:42,1606,0
2025-08-29 15:53:28,1606,6
2025-08-29 18:05:27,67,1
2025-08-29 18:05:27,1204,1
2025-08-29 18:05:27,1224,1
2025-08-29 18:05:34,807,1
2025-08-29 18:11:59,1224,0
2025-08-29 18:12:00,1204,0
2025-08-29 18:13:12,67,0
2025-08-29 18:30:10,67,6
2025-08-29 18:30:10,1204,6
2025-08-29 18:30:10,1224,6
2025-08-29 18:30:10,807,3
2025-08-29 18:30:12,807,2
2025-08-29 19:19:02,26,1
2025-08-29 19:19:11,26,0
2025-08-30 12:20:16,26,6
2025-08-31 18:57:14,2,1
2025-09-01 06:08:25,2,0
2025-09-01 12:22:32,2,6
2025-09-01 15:28:10,805,1
2025-09-01 16:13:12,805,0
2025-09-01 23:08:52,805,6
2025-09-01 23:16:24,805,1
2025-09-01 23:28:27,805,3
2025-09-01 23:41:54,805,2
2025-09-01 23:56:47,805,1
2025-09-02 00:00:17,805,0
2025-09-02 02:04:40,1606,1
2025-09-02 02:06:07,1606,0
2025-09-02 02:08:35,805,6
2025-09-02 02:08:35,1606,6
2025-09-02 05:53:24,66,1
2025-09-02 05:53:31,1203,1
2025-09-02 05:53:31,1223,1
2025-09-02 05:53:31,807,1
2025-09-02 06:43:16,807,3
2025-09-02 06:43:16,1223,3
2025-09-02 06:43:16,1203,3
2025-09-02 06:43:17,66,3
2025-09-02 06:46:54,1223,2
2025-09-02 06:46:54,1203,2
2025-09-02 06:50:30,66,2
2025-09-02 06:50:39,807,2
2025-09-02 06:50:43,805,1
2025-09-02 06:51:45,805,0
2025-09-02 07:11:47,805,1
2025-09-02 07:11:50,805,0
2025-09-02 08:57:32,2661,1
2025-09-02 08:57:38,2661,0
2025-09-02 09:06:48,2661,6
2025-09-02 09:06:48,805,6
2025-09-04 15:02:28,805,1
2025-09-04 15:03:21,805,3
2025-09-04 15:07:49,805,2
2025-09-04 19:53:26,66,1
2025-09-04 19:53:33,1203,1
2025-09-04 19:53:33,1223,1
2025-09-04 19:53:33,807,1
2025-09-04 19:53:40,1223,0
2025-09-04 19:53:40,1203,0
2025-09-04 19:53:44,66,3
2025-09-04 19:53:44,1203,6
2025-09-04 19:53:44,1223,6
2025-09-04 19:53:44,807,3
2025-09-04 19:53:46,66,2
2025-09-04 19:53:54,807,2
2025-09-04 21:48:35,67,1
2025-09-04 21:48:41,1204,1
2025-09-04 21:48:41,1224,1
2025-09-04 21:48:42,807,1
2025-09-04 21:48:46,1224,0
2025-09-04 21:48:46,1204,0
2025-09-04 21:50:33,67,0
2025-09-04 21:50:34,67,6
2025-09-04 21:50:34,1204,6
2025-09-04 21:50:34,1224,6
2025-09-04 21:50:34,807,3
2025-09-04 21:50:42,807,2
2025-09-04 23:28:21,66,1
2025-09-04 23:28:27,1203,1
2025-09-04 23:28:27,1223,1
2025-09-04 23:28:27,807,1
2025-09-04 23:28:41,66,3
2025-09-04 23:28:41,1203,3
2025-09-04 23:28:41,1223,3
2025-09-04 23:28:41,807,3
2025-09-04 23:29:06,1203,2
2025-09-04 23:29:06,1223,2
2025-09-04 23:29:19,66,2
2025-09-04 23:29:29,807,2
2025-09-05 01:00:25,2601,1
2025-09-05 01:02:27,2601,0
2025-09-05 01:03:15,2601,1
2025-09-05 01:03:19,2601,0
2025-09-05 01:03:19,2601,1
2025-09-05 01:03:21,2601,0
2025-09-05 01:03:21,2601,1
2025-09-05 01:03:23,2601,0
2025-09-05 01:03:23,2601,1
2025-09-05 01:03:25,2601,0
2025-09-05 01:03:45,2601,1
2025-09-05 01:03:47,2601,0
2025-09-05 01:03:47,2601,1
2025-09-05 01:08:27,2603,1
2025-09-05 02:21:34,2603,0
2025-09-05 02:21:44,2601,0
2025-09-05 02:21:48,2601,1
2025-09-05 02:21:50,2601,0
2025-09-05 02:46:35,2601,6
2025-09-05 02:46:35,2603,6
2025-09-05 13:12:25,67,1
2025-09-05 13:12:25,1204,1
2025-09-05 13:12:25,1224,1
2025-09-05 13:12:32,807,1
2025-09-05 13:13:17,1224,0
2025-09-05 13:13:17,1204,0
2025-09-05 13:14:26,1224,6
2025-09-05 13:14:27,1204,6
2025-09-05 13:14:27,67,3
2025-09-05 13:14:46,67,2
2025-09-05 13:14:55,807,0
2025-09-05 13:15:30,807,6
2025-09-05 14:55:43,2403,1
2025-09-05 14:55:45,2403,0
2025-09-05 14:56:36,26,1
2025-09-05 14:56:45,2403,6
2025-09-05 14:56:45,26,3
2025-09-05 14:57:22,26,2
2025-09-05 15:17:49,26,1
2025-09-05 15:18:33,26,0
2025-09-05 15:18:39,26,6
2025-09-05 15:26:31,1,1
2025-09-05 15:34:29,1,0
2025-09-05 15:34:30,26,1
2025-09-05 15:34:37,1,6
2025-09-05 15:34:37,26,3
2025-09-05 15:34:50,26,2
2025-09-05 15:43:28,26,1
2025-09-05 15:44:33,26,0
2025-09-05 15:45:06,1,1
2025-09-05 15:45:22,26,6
2025-09-05 15:45:22,1,3
2025-09-05 15:48:03,1,2
2025-09-05 15:48:24,1,1
2025-09-05 15:51:45,1,0
2025-09-05 15:52:01,1,1
2025-09-05 16:00:59,1,0
2025-09-05 16:01:14,1,1
2025-09-05 16:01:16,1,0
2025-09-05 16:01:18,1,1
2025-09-05 16:06:18,1,0
2025-09-05 16:06:28,1,6
2025-09-05 16:09:23,1,1
2025-09-05 16:11:43,1,0
2025-09-05 16:28:57,1,6
2025-09-06 05:04:05,67,1
2025-09-06 05:04:05,1653,1
2025-09-06 05:04:12,807,1
2025-09-06 05:05:11,1204,1
2025-09-06 05:05:11,1224,1
2025-09-06 05:05:13,1224,0
2025-09-06 05:05:17,1204,0
2025-09-06 05:05:31,67,0
2025-09-06 05:05:32,67,6
2025-09-06 05:05:32,1204,6
2025-09-06 05:05:32,1224,6
2025-09-06 05:05:32,807,3
2025-09-06 05:05:32,1653,3
2025-09-06 05:05:35,1653,2
2025-09-06 05:05:41,807,2
2025-09-06 06:13:42,2661,1
2025-09-06 06:20:18,2661,0
2025-09-06 06:21:05,2661,6
2025-09-06 06:43:49,67,1
2025-09-06 06:43:56,807,1
2025-09-06 06:48:32,67,3
2025-09-06 06:48:32,807,3
2025-09-06 06:51:24,67,2
2025-09-06 06:51:33,807,2
2025-09-06 07:07:02,67,1
2025-09-06 07:07:09,807,1
2025-09-06 07:07:31,67,3
2025-09-06 07:07:31,807,3
2025-09-06 07:07:33,67,2
2025-09-06 07:07:41,807,2
2025-09-06 07:09:10,67,1
2025-09-06 07:09:10,1204,1
2025-09-06 07:09:10,1224,1
2025-09-06 07:09:17,807,1
2025-09-06 07:09:18,1224,0
2025-09-06 07:09:18,1204,0
2025-09-06 07:10:16,67,0
2025-09-06 07:10:19,67,6
2025-09-06 07:10:19,1204,6
2025-09-06 07:10:19,1224,6
2025-09-06 07:10:19,807,3
2025-09-06 07:10:26,807,2
2025-09-06 11:12:35,67,1
2025-09-06 11:12:42,807,1
2025-09-06 11:13:25,1204,1
2025-09-06 11:13:25,1224,1
2025-09-06 11:13:31,1224,0
2025-09-06 11:13:32,1204,0
2025-09-06 11:15:02,67,3
2025-09-06 11:15:02,1204,6
2025-09-06 11:15:02,1224,6
2025-09-06 11:15:02,807,3
2025-09-06 11:15:04,67,2
2025-09-06 11:15:13,807,2
2025-09-08 18:02:23,67,1
2025-09-08 18:02:30,807,1
2025-09-08 18:04:23,67,3
2025-09-08 18:04:23,807,3
2025-09-08 18:04:25,67,2
2025-09-08 18:04:34,807,2
2025-09-08 19:04:32,1606,1
2025-09-08 19:05:03,1606,0
2025-09-08 19:30:00,1606,6
2025-09-08 19:38:37,2661,1
2025-09-08 19:38:52,2661,0
2025-09-08 19:39:22,2661,6
2025-09-08 20:30:24,67,1
2025-09-08 20:30:24,1204,1
2025-09-08 20:30:24,1224,1
2025-09-08 20:30:31,807,1
2025-09-08 20:33:18,67,3
2025-09-08 20:33:18,1204,3
2025-09-08 20:33:18,1224,3
2025-09-08 20:33:18,807,3
2025-09-08 20:57:23,1224,2
2025-09-08 20:57:24,1224,1
2025-09-08 20:58:41,1224,3
2025-09-08 20:59:36,1224,2
2025-09-08 20:59:36,1204,2
2025-09-08 20:59:56,67,2
2025-09-08 21:00:06,807,2
2025-09-08 22:06:13,67,1
2025-09-08 22:06:13,1204,1
2025-09-08 22:06:13,1224,1
2025-09-08 22:06:19,807,1
2025-09-08 22:23:31,1224,0
2025-09-08 22:23:32,1204,0
2025-09-08 22:24:49,67,0
2025-09-08 22:24:52,67,6
2025-09-08 22:24:52,1204,6
2025-09-08 22:24:52,1224,6
2025-09-08 22:24:52,807,3
2025-09-08 22:24:59,807,2
2025-09-08 23:16:42,67,1
2025-09-08 23:16:42,1204,1
2025-09-08 23:16:42,1224,1
2025-09-08 23:16:49,807,1
2025-09-08 23:16:50,67,3
2025-09-08 23:16:50,1204,3
2025-09-08 23:16:50,1224,3
2025-09-08 23:16:51,807,3
2025-09-08 23:17:51,1224,2
2025-09-08 23:17:51,1204,2
2025-09-08 23:19:17,67,2
2025-09-08 23:19:27,807,2
2025-09-10 19:58:12,805,1
2025-09-10 19:58:31,805,0
2025-09-11 01:03:41,1606,1
2025-09-11 01:05:07,1606,0
2025-09-11 05:56:01,1204,1
2025-09-11 05:56:04,1204,0
2025-09-11 05:59:50,1204,1
2025-09-11 06:00:04,1204,0
2025-09-11 11:17:31,805,1
2025-09-11 12:02:48,1204,6
2025-09-11 12:02:48,805,3
2025-09-11 12:02:48,1606,6
2025-09-11 12:51:20,805,2
2025-09-11 12:51:43,805,1
2025-09-11 12:52:04,805,0
2025-09-11 12:52:51,805,1
2025-09-11 12:52:55,805,0
2025-09-11 12:53:33,805,1
2025-09-11 12:53:50,805,0
2025-09-11 19:19:48,805,1
2025-09-11 19:20:59,67,1
2025-09-11 19:20:59,805,0
2025-09-11 19:20:59,1204,1
2025-09-11 19:20:59,1224,1
2025-09-11 19:21:02,1224,0
2025-09-11 19:21:02,1204,0
2025-09-11 19:21:06,807,1
2025-09-11 19:21:50,67,0
2025-09-11 19:21:51,67,6
2025-09-11 19:21:51,1204,6
2025-09-11 19:21:51,1224,6
2025-09-11 19:21:51,805,6
2025-09-11 19:21:51,807,3
2025-09-11 19:22:00,807,2
2025-09-11 19:22:04,805,1
2025-09-11 19:29:34,805,0
2025-09-11 20:12:41,67,1
2025-09-11 20:12:41,1204,1
2025-09-11 20:12:41,1224,1
2025-09-11 20:12:43,1204,0
2025-09-11 20:12:43,1224,0
2025-09-11 20:12:48,807,1
2025-09-11 20:12:50,67,0
2025-09-11 20:12:51,67,6
2025-09-11 20:12:51,1204,6
2025-09-11 20:12:51,1224,6
2025-09-11 20:12:51,805,6
2025-09-11 20:12:51,807,3
2025-09-11 20:13:00,807,2
2025-09-11 20:23:06,805,1
2025-09-11 20:23:44,805,0
2025-09-11 21:33:44,805,1
2025-09-11 21:44:04,805,0
2025-09-11 21:44:12,805,1
2025-09-11 21:55:19,805,0
2025-09-11 21:55:36,805,1
2025-09-11 21:57:45,805,0
2025-09-11 21:57:58,805,6
2025-09-11 23:55:37,1608,1
2025-09-11 23:55:40,1608,0
2025-09-12 00:11:09,805,1
2025-09-12 00:11:34,805,0
2025-09-13 12:57:44,1608,6
2025-09-13 12:57:44,805,6
2025-09-13 13:18:55,1,1
2025-09-13 13:24:09,1,3
2025-09-13 13:24:25,1,2
2025-09-13 13:42:13,1855,1
2025-09-13 13:42:45,1855,3
2025-09-13 13:42:47,1855,2
2025-09-15 11:54:51,805,1
2025-09-15 12:08:15,805,0
2025-09-15 12:54:44,805,6
2025-09-18 14:32:13,66,1
2025-09-18 14:32:13,67,1
2025-09-18 14:32:13,1203,1
2025-09-18 14:32:13,1204,1
2025-09-18 14:32:13,1223,1
2025-09-18 14:32:13,1224,1
2025-09-18 14:32:20,807,1
2025-09-18 14:33:16,1203,0
2025-09-18 14:33:16,1204,0
2025-09-18 14:33:16,1223,0
2025-09-18 14:33:16,1224,0
2025-09-18 14:33:17,1203,1
2025-09-18 14:33:17,1204,1
2025-09-18 14:33:17,1223,1
2025-09-18 14:33:17,1224,1
2025-09-18 14:35:03,1203,0
2025-09-18 14:35:03,1223,0
2025-09-18 14:35:04,1224,0
2025-09-18 14:35:04,1204,0
2025-09-18 14:36:39,66,3
2025-09-18 14:36:39,67,3
2025-09-18 14:36:39,1203,6
2025-09-18 14:36:39,1204,6
2025-09-18 14:36:39,1223,6
2025-09-18 14:36:39,1224,6
2025-09-18 14:36:39,807,3
2025-09-18 14:37:29,66,2
2025-09-18 14:37:29,67,2
2025-09-18 14:37:37,807,2
2025-09-19 14:52:00,66,1
2025-09-19 14:52:00,67,1
2025-09-19 14:52:00,1203,1
2025-09-19 14:52:00,1204,1
2025-09-19 14:52:00,1223,1
2025-09-19 14:52:00,1224,1
2025-09-19 14:52:07,807,1
2025-09-19 14:52:52,1223,3
2025-09-19 14:52:53,1224,3
2025-09-19 14:53:00,807,3
2025-09-19 14:53:07,66,3
2025-09-19 14:54:28,1224,2
2025-09-19 14:54:28,1204,0
2025-09-19 14:54:37,1203,0
2025-09-19 14:54:37,1223,2
2025-09-19 14:58:12,66,2
2025-09-19 14:58:12,67,0
2025-09-19 14:58:13,67,6
2025-09-19 14:58:13,1203,6
2025-09-19 14:58:13,1204,6
2025-09-19 14:58:22,807,2
2025-09-20 02:02:05,67,1
2025-09-20 02:02:05,1204,1
2025-09-20 02:02:05,1224,1
2025-09-20 02:02:11,807,1
2025-09-20 02:02:14,1224,0
2025-09-20 02:02:14,1204,0
2025-09-20 02:02:25,1204,1
2025-09-20 02:02:25,1224,1
2025-09-20 02:02:30,1224,0
2025-09-20 02:02:30,1204,0
2025-09-20 02:04:20,67,3
2025-09-20 02:04:20,1204,6
2025-09-20 02:04:20,1224,6
2025-09-20 02:04:20,807,3
2025-09-20 02:04:45,67,2
2025-09-20 02:04:54,807,2
2025-09-20 04:39:45,71,1
2025-09-20 04:39:45,72,1
2025-09-20 04:39:45,73,1
2025-09-20 04:39:45,74,1
2025-09-20 04:39:47,71,0
2025-09-20 04:39:47,72,0
2025-09-20 04:39:47,73,0
2025-09-20 04:39:47,74,0
2025-09-20 04:39:51,71,6
2025-09-20 04:39:51,72,6
2025-09-20 04:39:51,73,6
2025-09-20 04:39:51,74,6
2025-09-20 04:39:52,807,3
2025-09-20 04:39:57,807,2
2025-09-20 08:13:57,1606,1
2025-09-20 08:15:20,1606,0
2025-09-20 08:45:04,1606,6
2025-09-20 17:22:18,71,1
2025-09-20 17:22:18,72,1
2025-09-20 17:22:18,73,1
2025-09-20 17:22:18,74,1
2025-09-20 17:22:25,807,1
2025-09-20 17:22:38,71,3
2025-09-20 17:22:38,72,3
2025-09-20 17:22:38,73,3
2025-09-20 17:22:38,74,3
2025-09-20 17:22:38,807,3
2025-09-20 17:26:21,66,1
2025-09-20 17:26:21,1203,1
2025-09-20 17:26:21,1223,1
2025-09-20 17:26:29,1223,0
2025-09-20 17:26:29,1203,0
2025-09-20 17:28:11,73,2
2025-09-20 17:28:11,74,2
2025-09-20 17:30:35,66,3
2025-09-20 17:30:35,1203,6
2025-09-20 17:30:35,1223,6
2025-09-20 17:30:37,66,2
2025-09-20 17:30:37,71,2
2025-09-20 17:30:37,72,2
2025-09-20 17:30:45,807,2
2025-09-20 17:31:46,71,1
2025-09-20 17:31:46,72,1
2025-09-20 17:31:46,73,1
2025-09-20 17:31:46,74,1
2025-09-20 17:31:48,71,3
2025-09-20 17:31:48,72,3
2025-09-20 17:31:48,73,3
2025-09-20 17:31:48,74,3
2025-09-20 17:31:53,807,1
2025-09-20 17:32:43,807,3
2025-09-20 17:34:40,73,2
2025-09-20 17:34:40,74,2
2025-09-20 17:35:21,71,2
2025-09-20 17:35:21,72,2
2025-09-20 17:35:30,807,2
2025-09-20 17:38:07,66,1
2025-09-20 17:38:13,807,1
2025-09-20 17:38:22,66,3
2025-09-20 17:38:22,807,3
2025-09-20 17:38:24,66,2
2025-09-20 17:38:31,807,2
2025-09-20 18:07:10,805,1
2025-09-20 18:38:20,805,0
2025-09-20 19:05:20,805,1
2025-09-20 19:09:36,805,0
2025-09-20 19:10:05,805,1
2025-09-20 19:13:19,805,0
2025-09-20 19:44:22,805,1
2025-09-20 19:44:46,805,0
2025-09-20 19:45:32,805,1
2025-09-20 19:45:49,805,0
2025-09-20 19:45:56,805,1
2025-09-20 19:53:53,805,3
2025-09-20 20:04:48,805,2
2025-09-20 21:06:40,71,1
2025-09-20 21:06:40,72,1
2025-09-20 21:06:40,73,1
2025-09-20 21:06:40,74,1
2025-09-20 21:06:42,73,0
2025-09-20 21:06:42,74,0
2025-09-20 21:06:47,807,1
2025-09-20 21:06:58,71,0
2025-09-20 21:06:58,72,0
2025-09-20 21:07:06,71,1
2025-09-20 21:07:06,72,1
2025-09-20 21:07:06,73,1
2025-09-20 21:07:06,74,1
2025-09-20 21:07:08,73,0
2025-09-20 21:07:08,74,0
2025-09-20 21:07:09,71,3
2025-09-20 21:07:09,72,3
2025-09-20 21:07:09,73,6
2025-09-20 21:07:09,74,6
2025-09-20 21:07:09,807,3
2025-09-20 21:07:11,71,2
2025-09-20 21:07:11,72,2
2025-09-20 21:07:20,807,2
2025-09-20 21:07:51,66,1
2025-09-20 21:07:57,807,1
2025-09-20 21:07:59,1203,1
2025-09-20 21:07:59,1223,1
2025-09-20 21:08:03,1223,0
2025-09-20 21:08:03,1203,0
2025-09-20 21:12:53,71,1
2025-09-20 21:12:53,72,1
2025-09-20 21:12:53,73,1
2025-09-20 21:12:53,74,1
2025-09-20 21:13:07,1203,1
2025-09-20 21:13:07,1223,1
2025-09-20 21:13:14,1223,0
2025-09-20 21:13:15,1203,0
2025-09-20 21:13:34,73,0
2025-09-20 21:13:34,74,0
2025-09-20 21:13:59,73,1
2025-09-20 21:13:59,74,1
2025-09-20 21:14:57,66,3
2025-09-20 21:14:57,71,3
2025-09-20 21:14:57,72,3
2025-09-20 21:14:57,73,3
2025-09-20 21:14:57,74,3
2025-09-20 21:14:57,1203,6
2025-09-20 21:14:57,1223,6
2025-09-20 21:14:57,807,3
2025-09-20 21:15:33,73,2
2025-09-20 21:15:33,74,2
2025-09-20 21:17:43,66,2
2025-09-20 21:17:43,71,2
2025-09-20 21:17:43,72,2
2025-09-20 21:17:50,807,2
2025-09-20 21:42:28,26,1
2025-09-20 21:42:38,26,0
2025-09-20 21:44:53,1804,1
2025-09-20 21:44:56,1804,0
2025-09-20 21:45:13,1855,1
2025-09-20 21:45:14,26,6
2025-09-20 21:45:14,1804,6
2025-09-20 21:45:16,1855,3
2025-09-20 21:45:25,26,1
2025-09-20 21:45:25,1855,2
2025-09-20 21:45:57,26,0
2025-09-20 21:46:17,1855,1
2025-09-20 21:46:21,26,6
2025-09-20 21:46:22,1855,3
2025-09-20 21:46:30,26,1
2025-09-20 21:46:30,1855,2
2025-09-20 21:46:40,26,0
2025-09-20 21:46:59,26,1
2025-09-20 21:47:01,26,0
2025-09-24 10:53:20,66,1
2025-09-24 10:53:20,67,1
2025-09-24 10:53:20,1203,1
2025-09-24 10:53:20,1204,1
2025-09-24 10:53:20,1223,1
2025-09-24 10:53:20,1224,1
2025-09-24 10:53:24,1203,0
2025-09-24 10:53:24,1204,0
2025-09-24 10:53:24,1223,0
2025-09-24 10:53:24,1224,0
2025-09-24 10:53:25,66,0
2025-09-24 10:53:25,67,0
2025-09-24 10:53:28,26,6
2025-09-24 10:53:29,66,6
2025-09-24 10:53:29,67,6
2025-09-24 10:53:29,1203,6
2025-09-24 10:53:29,1204,6
2025-09-24 10:53:30,1223,6
2025-09-24 10:53:30,1224,6
2025-09-24 17:52:36,1203,1
2025-09-24 17:52:39,66,1
2025-09-24 17:52:39,1223,1
2025-09-24 17:52:41,1223,0
2025-09-24 17:52:46,807,1
2025-09-24 17:52:53,1203,0
2025-09-24 17:52:56,1203,1
2025-09-24 17:52:58,1203,0
2025-09-24 17:53:33,1203,1
2025-09-24 17:53:39,1203,0
2025-09-24 17:53:45,1203,1
2025-09-24 17:53:45,1223,1
2025-09-24 17:53:47,1223,0
2025-09-24 17:53:48,1203,0
2025-09-24 17:54:07,66,3
2025-09-24 17:54:07,1203,6
2025-09-24 17:54:07,1223,6
2025-09-24 17:54:07,807,3
2025-09-24 17:54:09,66,2
2025-09-24 17:54:16,807,2
2025-09-24 18:37:31,71,1
2025-09-24 18:37:31,72,1
2025-09-24 18:37:31,73,1
2025-09-24 18:37:31,74,1
2025-09-24 18:37:31,1653,1
2025-09-24 18:37:38,807,1
2025-09-24 18:37:39,73,0
2025-09-24 18:37:39,74,0
2025-09-24 18:37:43,71,0
2025-09-24 18:37:43,72,0
2025-09-24 18:37:44,71,6
2025-09-24 18:37:44,72,6
2025-09-24 18:37:44,73,6
2025-09-24 18:37:44,74,6
2025-09-24 18:37:44,807,3
2025-09-24 18:37:44,1653,3
2025-09-24 18:37:47,1653,2
2025-09-24 18:37:53,807,2
2025-09-24 18:38:02,71,1
2025-09-24 18:38:02,72,1
2025-09-24 18:38:02,73,1
2025-09-24 18:38:02,74,1
2025-09-24 18:38:09,71,3
2025-09-24 18:38:09,72,3
2025-09-24 18:38:09,73,3
2025-09-24 18:38:09,74,3
2025-09-24 18:38:09,807,3
2025-09-24 18:42:18,67,1
2025-09-24 18:42:58,67,3
2025-09-24 18:44:08,67,2
2025-09-24 18:44:23,71,2
2025-09-24 18:44:23,72,2
2025-09-24 18:44:23,73,2
2025-09-24 18:44:23,74,2
2025-09-24 18:44:25,807,2
2025-09-24 18:44:53,71,1
2025-09-24 18:44:53,72,1
2025-09-24 18:44:53,73,1
2025-09-24 18:44:53,74,1
2025-09-24 18:45:00,807,1
2025-09-24 18:45:25,71,3
2025-09-24 18:45:25,72,3
2025-09-24 18:45:25,73,3
2025-09-24 18:45:25,74,3
2025-09-24 18:45:25,807,3
2025-09-24 18:45:49,73,2
2025-09-24 18:45:49,74,2
2025-09-24 18:47:00,73,1
2025-09-24 18:47:00,74,1
2025-09-24 18:50:26,73,3
2025-09-24 18:50:26,74,3
2025-09-24 18:53:47,73,2
2025-09-24 18:53:47,74,2
2025-09-24 18:55:25,71,2
2025-09-24 18:55:25,72,2
2025-09-24 18:55:35,807,2
2025-09-24 18:59:48,71,1
2025-09-24 18:59:48,72,1
2025-09-24 18:59:48,73,1
2025-09-24 18:59:48,74,1
2025-09-24 18:59:54,807,1
2025-09-24 19:01:43,73,0
2025-09-24 19:01:43,74,0
2025-09-24 19:02:14,73,1
2025-09-24 19:02:14,74,1
2025-09-24 19:04:29,73,0
2025-09-24 19:04:29,74,0
2025-09-24 19:06:46,71,0
2025-09-24 19:06:46,72,0
2025-09-24 19:07:30,71,6
2025-09-24 19:07:30,72,6
2025-09-24 19:07:30,73,6
2025-09-24 19:07:30,74,6
2025-09-24 19:07:30,807,3
2025-09-24 19:07:33,807,2
2025-09-24 21:05:58,66,1
2025-09-24 21:06:05,1203,1
2025-09-24 21:06:05,1223,1
2025-09-24 21:06:05,807,1
2025-09-24 21:07:08,66,3
2025-09-24 21:07:08,1203,3
2025-09-24 21:07:08,1223,3
2025-09-24 21:07:08,807,3
2025-09-24 21:07:38,1203,2
2025-09-24 21:07:38,1223,2
2025-09-24 21:09:17,66,2
2025-09-24 21:09:25,807,2
2025-09-24 21:55:47,67,1
2025-09-24 21:55:54,807,1
2025-09-24 21:56:06,1204,1
2025-09-24 21:56:06,1224,1
2025-09-24 21:56:12,1224,0
2025-09-24 21:56:12,1204,0
2025-09-24 21:58:06,67,3
2025-09-24 21:58:06,1204,6
2025-09-24 21:58:06,1224,6
2025-09-24 21:58:06,807,3
2025-09-24 21:58:08,67,2
2025-09-24 21:58:18,807,2
2025-09-28 14:28:19,69,1
2025-09-28 14:34:52,807,1
2025-09-28 14:35:54,69,0
2025-09-28 14:36:53,807,3
2025-09-28 14:36:53,69,6
2025-09-28 14:36:55,807,2
2025-09-28 15:31:17,2608,1
2025-09-28 15:31:17,2652,1
2025-09-28 15:31:19,2608,0
2025-09-28 15:31:19,2652,0
2025-09-28 15:32:01,2608,6
2025-09-28 15:32:01,2652,6
2025-09-28 15:32:18,2607,1
2025-09-28 15:32:18,2651,1
2025-09-28 15:32:20,2607,0
2025-09-28 15:32:20,2651,0
2025-09-28 15:32:34,2605,1
2025-09-28 15:32:37,2605,0
2025-09-28 15:32:38,2605,1
2025-09-28 15:32:40,2605,0
2025-09-28 15:32:41,2605,1
2025-09-28 15:32:46,2605,3
2025-09-28 15:32:46,2607,6
2025-09-28 15:32:46,2651,6
2025-09-28 15:32:49,2605,2
2025-09-28 15:32:50,2605,1
2025-09-28 15:33:01,2605,0
2025-09-28 15:33:02,2605,1
2025-09-28 15:33:10,2605,0
2025-09-28 15:33:11,2605,1
2025-09-28 15:33:14,2605,0
2025-09-28 15:33:17,2605,1
2025-09-28 15:33:37,2605,0
2025-09-28 15:33:40,2605,1
2025-09-28 15:33:41,2607,1
2025-09-28 15:33:41,2651,1
2025-09-28 15:33:43,2607,0
2025-09-28 15:33:43,2651,0
2025-09-28 15:33:46,2605,3
2025-09-28 15:33:46,2607,6
2025-09-28 15:33:46,2651,6
2025-09-28 15:34:53,2605,2
2025-09-28 15:34:55,2605,1
2025-09-28 15:34:57,2605,0
2025-09-28 16:45:05,66,1
2025-09-28 16:45:05,1203,1
2025-09-28 16:45:05,1223,1
2025-09-28 16:45:12,807,1
2025-09-28 16:45:17,1223,0
2025-09-28 16:45:21,1223,1
2025-09-28 16:50:23,1223,0
2025-09-28 16:50:23,1203,0
2025-09-28 16:54:31,66,3
2025-09-28 16:54:31,2605,6
2025-09-28 16:54:31,1203,6
2025-09-28 16:54:31,1223,6
2025-09-28 16:54:31,807,3
2025-09-28 16:54:33,66,2
2025-09-28 16:54:42,807,2
2025-09-28 21:20:02,2630,1
2025-09-28 21:20:04,2630,0
2025-09-28 21:20:27,2630,6
2025-09-28 21:20:41,2630,1
2025-09-28 21:20:43,2630,0
2025-09-28 21:21:01,2630,6
2025-09-28 21:33:25,66,1
2025-09-28 21:33:32,1203,1
2025-09-28 21:33:32,1223,1
2025-09-28 21:33:32,807,1
2025-09-28 21:33:52,1223,0
2025-09-28 21:33:52,1203,0
2025-09-28 21:34:55,807,0
2025-09-28 21:35:06,66,0
2025-09-28 21:36:00,1855,1
2025-09-28 21:38:40,1855,0
2025-09-28 21:39:05,1855,1
2025-09-28 21:39:34,1855,3
2025-09-28 21:39:34,807,6
2025-09-28 21:39:35,1223,6
2025-09-28 21:39:36,1203,6
2025-09-28 21:39:36,66,6
2025-09-28 21:41:51,1855,2
2025-09-28 21:42:46,1804,1
2025-09-28 21:42:49,1804,0
2025-09-28 21:44:29,1804,6
2025-09-30 11:20:16,805,1
2025-09-30 11:20:20,805,0
2025-09-30 11:20:23,805,1
2025-09-30 11:20:26,805,0
2025-09-30 11:20:28,805,1
2025-09-30 11:20:32,805,0
2025-09-30 11:20:49,805,1
2025-09-30 12:14:20,2607,1
2025-09-30 12:14:20,2651,1
2025-09-30 12:14:22,2607,0
2025-09-30 12:14:22,2651,0
2025-09-30 12:14:44,2607,6
2025-09-30 12:14:44,2651,6
2025-09-30 12:14:44,805,3
2025-09-30 12:14:53,2607,1
2025-09-30 12:14:53,2651,1
2025-09-30 12:14:55,2607,0
2025-09-30 12:14:55,2651,0
2025-09-30 12:15:17,2607,6
2025-09-30 12:15:17,2651,6
2025-09-30 12:15:27,2607,1
2025-09-30 12:15:27,2651,1
2025-09-30 12:15:29,2607,0
2025-09-30 12:15:29,2651,0
2025-09-30 12:15:39,2607,6
2025-09-30 12:15:39,2651,6
2025-09-30 12:15:49,2607,1
2025-09-30 12:15:49,2651,1
2025-09-30 12:15:51,2607,0
2025-09-30 12:15:51,2651,0
2025-09-30 12:15:52,2607,6
2025-09-30 12:15:52,2651,6
2025-09-30 15:12:47,1204,1
2025-09-30 15:12:49,1204,0
2025-09-30 15:13:10,67,1
2025-09-30 15:13:10,1204,1
2025-09-30 15:13:10,1224,1
2025-09-30 15:13:10,805,2
2025-09-30 15:13:12,1224,0
2025-09-30 15:13:13,1204,0
2025-09-30 15:13:17,807,1
2025-09-30 15:13:57,1204,1
2025-09-30 15:13:57,1224,1
2025-09-30 15:13:59,1224,0
2025-09-30 15:14:03,1204,0
2025-09-30 15:14:23,1204,1
2025-09-30 15:14:24,67,0
2025-09-30 15:14:25,1204,0
2025-09-30 15:14:26,67,6
2025-09-30 15:14:26,1204,6
2025-09-30 15:14:26,1224,6
2025-09-30 15:14:26,807,3
2025-09-30 15:14:34,807,2
2025-09-30 15:14:38,805,1
2025-09-30 15:19:16,67,1
2025-09-30 15:19:16,1204,1
2025-09-30 15:19:16,1224,1
2025-09-30 15:19:16,805,0
2025-09-30 15:19:18,1224,0
2025-09-30 15:19:21,1204,0
2025-09-30 15:19:22,807,1
2025-09-30 15:20:04,1204,1
2025-09-30 15:20:10,1204,0
2025-09-30 15:20:47,67,0
2025-09-30 15:20:48,67,6
2025-09-30 15:20:48,1204,6
2025-09-30 15:20:48,1224,6
2025-09-30 15:20:48,805,6
2025-09-30 15:20:48,807,3
2025-09-30 15:20:57,807,2
2025-09-30 15:21:01,805,1
