datetime,EventName, EventType
2025-09-30 15:30:23.592,"DI_Clamps"".DI.ClampRear.AtTower                  """,O
2025-09-30 15:30:23.603,"DI_Clamps"".DI.ClampRear.AtTower                  """,O
2025-09-30 15:30:23.615,"DI_Clamps"".DI.ClampRear.AtTower                  """,O
2025-09-30 15:30:23.626,"DI_Clamps"".DI.ClampRear.AtTower                  """,O
2025-09-30 15:30:23.640,"DI_Clamps"".DI.ClampRear.AtTower                  """,O
2025-09-30 15:30:23.655,"DI_Clamps"".DI.ClampRear.AtTower                  """,O
2025-09-30 15:30:23.666,"DI_Clamps"".DI.ClampRear.AtTower                  """,O
2025-09-30 15:30:23.677,"DI_Clamps"".DI.ClampRear.AtTower                  """,O
2025-09-30 15:30:23.687,"DI_Clamps"".DI.ClampRear.AtTower                  """,O
2025-09-30 15:30:23.698,"DI_Clamps"".DI.ClampRear.AtTower                  """,O
2025-09-30 15:30:23.710,"DI_Clamps"".DI.ClampRear.AtTower                  """,O
2025-09-30 15:30:23.721,"DI_Clamps"".DI.ClampRear.AtTower                  """,O
2025-09-30 15:30:23.797,"DI_Clamps"".DI.ClampRear.AtTower                  """,O
2025-09-30 15:30:23.809,"DI_Clamps"".DI.ClampRear.AtTower                  """,O
2025-09-30 15:30:23.820,"DI_Clamps"".DI.ClampRear.AtTower                  """,O
2025-09-30 15:30:23.831,"DI_Clamps"".DI.ClampRear.AtTower                  """,O
2025-09-30 15:30:23.841,"DI_Clamps"".DI.ClampRear.AtTower                  """,O
2025-09-30 15:30:23.853,"DI_Clamps"".DI.ClampRear.AtTower                  """,O
2025-09-30 15:30:23.864,"DI_Clamps"".DI.ClampRear.AtTower                  """,O
2025-09-30 15:30:23.875,"DI_Clamps"".DI.ClampRear.AtTower                  """,O
2025-09-30 15:30:23.886,"DI_Clamps"".DI.ClampRear.AtTower                  """,O
2025-09-30 15:30:23.897,"DI_Clamps"".DI.ClampRear.AtTower                  """,O
2025-09-30 15:30:23.909,"DI_Clamps"".DI.ClampRear.AtTower                  """,O
2025-09-30 15:30:23.920,"DI_Clamps"".DI.ClampRear.AtTower                  """,O
2025-09-30 15:30:23.931,"DI_Clamps"".DI.ClampRear.AtTower                  """,O
2025-09-30 15:30:23.941,"DI_Clamps"".DI.ClampRear.AtTower                  """,O
2025-09-30 15:30:23.953,"DI_Clamps"".DI.ClampRear.AtTower                  """,O
2025-09-30 15:30:23.964,"DI_Clamps"".DI.ClampRear.AtTower                  """,O
2025-09-30 15:30:23.974,"DI_Clamps"".DI.ClampRear.AtTower                  """,O
2025-09-30 15:30:23.985,"DI_Clamps"".DI.ClampRear.AtTower                  """,O
2025-09-30 15:30:23.996,"DI_Clamps"".DI.ClampRear.AtTower                  """,O
2025-09-30 15:30:24.008,"DI_Clamps"".DI.ClampRear.AtTower                  """,O
2025-09-30 15:30:24.019,"DI_Clamps"".DI.ClampRear.AtTower                  """,O
2025-09-30 15:30:24.030,"DI_Clamps"".DI.ClampRear.AtTower                  """,O
2025-09-30 15:30:24.041,"DI_Clamps"".DI.ClampRear.AtTower                  """,O
2025-09-30 15:30:24.052,"DI_Clamps"".DI.ClampRear.AtTower                  """,O
2025-09-30 15:30:24.063,"DI_Clamps"".DI.ClampRear.AtTower                  """,O
2025-09-30 15:30:24.074,"DI_Clamps"".DI.ClampRear.AtTower                  """,O
2025-09-30 15:30:24.084,"DI_Clamps"".DI.ClampRear.AtTower                  """,O
2025-09-30 15:30:24.095,"DI_Clamps"".DI.ClampRear.AtTower                  """,O
2025-09-30 15:30:24.108,"DI_Clamps"".DI.ClampRear.AtTower                  """,O
2025-09-30 15:30:24.118,"DI_Clamps"".DI.ClampRear.AtTower                  """,O
2025-09-30 15:30:24.129,"DI_Clamps"".DI.ClampRear.AtTower                  """,O
2025-09-30 15:30:24.140,"DI_Clamps"".DI.ClampRear.AtTower                  """,O
2025-09-30 15:30:24.155,"DI_Clamps"".DI.ClampRear.AtTower                  """,O
2025-09-30 15:30:24.167,"DI_Clamps"".DI.ClampRear.AtTower                  """,O
2025-09-30 15:30:24.177,"DI_Clamps"".DI.ClampRear.AtTower                  """,O
2025-09-30 15:30:24.188,"DI_Clamps"".DI.ClampRear.AtTower                  """,O
2025-09-30 15:30:24.199,"DI_Clamps"".DI.ClampRear.AtTower                  """,O
2025-09-30 15:30:24.211,"DI_Clamps"".DI.ClampRear.AtTower                  """,O
2025-09-30 15:30:24.222,"DI_Clamps"".DI.ClampRear.AtTower                  """,O
2025-09-30 15:30:24.232,"DI_Clamps"".DI.ClampRear.AtTower                  """,O
2025-09-30 15:30:24.243,"DI_Clamps"".DI.ClampRear.AtTower                  """,O
2025-09-30 15:30:24.255,"DI_Clamps"".DI.ClampRear.AtTower                  """,O
2025-09-30 15:30:24.266,"DI_Clamps"".DI.ClampRear.AtTower                  """,O
2025-09-30 15:30:24.277,"DI_Clamps"".DI.ClampRear.AtTower                  """,O
2025-09-30 15:30:24.287,"DI_Clamps"".DI.ClampRear.AtTower                  """,O
2025-09-30 15:30:24.298,"DI_Clamps"".DI.ClampRear.AtTower                  """,O
2025-09-30 15:30:24.310,"DI_Clamps"".DI.ClampRear.AtTower                  """,O
2025-09-30 15:30:24.321,"DI_Clamps"".DI.ClampRear.AtTower                  """,O
2025-09-30 15:30:24.332,"DI_Clamps"".DI.ClampRear.AtTower                  """,O
2025-09-30 15:30:24.342,"DI_Clamps"".DI.ClampRear.AtTower                  """,O
2025-09-30 15:30:24.354,"DI_Clamps"".DI.ClampRear.AtTower                  """,O
2025-09-30 15:30:24.365,"DI_Clamps"".DI.ClampRear.AtTower                  """,O
2025-09-30 15:30:24.383,"DI_Clamps"".DI.ClampRear.AtTower                  """,O
2025-09-30 15:30:24.428,"DI_Clamps"".DI.ClampRear.AtTower                  """,O
2025-09-30 15:30:24.439,"DI_Clamps"".DI.ClampRear.AtTower                  """,O
2025-09-30 15:30:24.450,"DI_Clamps"".DI.ClampRear.AtTower                  """,O
2025-09-30 15:30:24.461,"DI_Clamps"".DI.ClampRear.AtTower                  """,O
2025-09-30 15:30:24.472,"DI_Clamps"".DI.ClampRear.AtTower                  """,O
2025-09-30 15:30:24.483,"DI_Clamps"".DI.ClampRear.AtTower                  """,O
2025-09-30 15:30:24.494,"DI_Clamps"".DI.ClampRear.AtTower                  """,O
2025-09-30 15:30:24.506,"DI_Clamps"".DI.ClampRear.AtTower                  """,O
2025-09-30 15:30:24.517,"DI_Clamps"".DI.ClampRear.AtTower                  """,O
2025-09-30 15:30:24.532,"DI_Clamps"".DI.ClampRear.AtTower                  """,O
2025-09-30 15:30:24.542,"DI_Clamps"".DI.ClampRear.AtTower                  """,O
2025-09-30 15:30:24.554,"DI_Clamps"".DI.ClampRear.AtTower                  """,O
2025-09-30 15:30:24.565,"DI_Clamps"".DI.ClampRear.AtTower                  """,O
2025-09-30 15:30:24.576,"DI_Clamps"".DI.ClampRear.AtTower                  """,O
2025-09-30 15:30:24.586,"DI_Clamps"".DI.ClampRear.AtTower                  """,O
2025-09-30 15:30:24.597,"DI_Clamps"".DI.ClampRear.AtTower                  """,O
2025-09-30 15:30:24.609,"DI_Clamps"".DI.ClampRear.AtTower                  """,O
2025-09-30 15:30:24.620,"DI_Clamps"".DI.ClampRear.AtTower                  """,O
2025-09-30 15:30:24.631,"DI_Clamps"".DI.ClampRear.AtTower                  """,O
2025-09-30 15:30:24.642,"DI_Clamps"".DI.ClampRear.AtTower                  """,O
2025-09-30 15:30:24.653,"DI_Clamps"".DI.ClampRear.AtTower                  """,O
2025-09-30 15:30:24.668,"DI_Clamps"".DI.ClampRear.AtTower                  """,O
2025-09-30 15:30:24.678,"DI_Clamps"".DI.ClampRear.AtTower                  """,O
2025-09-30 15:30:24.689,"DI_Clamps"".DI.ClampRear.AtTower                  """,O
2025-09-30 15:30:24.700,"DI_Clamps"".DI.ClampRear.AtTower                  """,O
2025-09-30 15:30:24.712,"DI_Clamps"".DI.ClampRear.AtTower                  """,O
2025-09-30 15:30:24.723,"DI_Clamps"".DI.ClampRear.AtTower                  """,O
2025-09-30 15:30:24.734,"DI_Clamps"".DI.ClampRear.AtTower                  """,O
2025-09-30 15:30:24.746,"DI_Clamps"".DI.ClampRear.AtTower                  """,O
2025-09-30 15:30:24.757,"DI_Clamps"".DI.ClampRear.AtTower                  """,O
2025-09-30 15:30:24.836,"DI_Clamps"".DI.ClampRear.AtTower                  """,O
2025-09-30 15:30:24.847,"DI_Clamps"".DI.ClampRear.AtTower                  """,O
2025-09-30 15:30:24.858,"DI_Clamps"".DI.ClampRear.AtTower                  """,O
2025-09-30 15:30:24.869,"DI_Clamps"".DI.ClampRear.AtTower                  """,O
2025-09-30 15:30:24.879,"DI_Clamps"".DI.ClampRear.AtTower                  """,O
2025-09-30 15:30:24.890,"DI_Clamps"".DI.ClampRear.AtTower                  """,O
2025-09-30 15:30:24.901,"DI_Clamps"".DI.ClampRear.AtTower                  """,O
2025-09-30 15:30:24.913,"DI_Clamps"".DI.ClampRear.AtTower                  """,O
2025-09-30 15:30:24.924,"DI_Clamps"".DI.ClampRear.AtTower                  """,O
2025-09-30 15:30:24.935,"DI_Clamps"".DI.ClampRear.AtTower                  """,O
2025-09-30 15:30:24.946,"DI_Clamps"".DI.ClampRear.AtTower                  """,O
2025-09-30 15:30:24.957,"DI_Clamps"".DI.ClampRear.AtTower                  """,O
2025-09-30 15:30:24.968,"DI_Clamps"".DI.ClampRear.AtTower                  """,O
2025-09-30 15:30:24.979,"DI_Clamps"".DI.ClampRear.AtTower                  """,O
2025-09-30 15:30:24.989,"DI_Clamps"".DI.ClampRear.AtTower                  """,O
2025-09-30 15:30:25.000,"DI_Clamps"".DI.ClampRear.AtTower                  """,O
2025-09-30 15:30:25.012,"DI_Clamps"".DI.ClampRear.AtTower                  """,O
2025-09-30 15:30:25.023,"DI_Clamps"".DI.ClampRear.AtTower                  """,O
2025-09-30 15:30:25.034,"DI_Clamps"".DI.ClampRear.AtTower                  """,O
2025-09-30 15:30:25.045,"DI_Clamps"".DI.ClampRear.AtTower                  """,O
2025-09-30 15:30:25.057,"DI_Clamps"".DI.ClampRear.AtTower                  """,O
2025-09-30 15:30:25.068,"DI_Clamps"".DI.ClampRear.AtTower                  """,O
2025-09-30 15:30:25.079,"DI_Clamps"".DI.ClampRear.AtTower                  """,O
2025-09-30 15:30:25.089,"DI_Clamps"".DI.ClampRear.AtTower                  """,O
2025-09-30 15:30:25.100,"DI_Clamps"".DI.ClampRear.AtTower                  """,O
2025-09-30 15:30:25.112,"DI_Clamps"".DI.ClampRear.AtTower                  """,O
2025-09-30 15:30:25.123,"DI_Clamps"".DI.ClampRear.AtTower                  """,O
2025-09-30 15:30:25.134,"DI_Clamps"".DI.ClampRear.AtTower                  """,O
2025-09-30 15:30:25.145,"DI_Clamps"".DI.ClampRear.AtTower                  """,O
2025-09-30 15:30:25.156,"DI_Clamps"".DI.ClampRear.AtTower                  """,O
2025-09-30 15:30:25.167,"DI_Clamps"".DI.ClampRear.AtTower                  """,O
2025-09-30 15:30:25.181,"DI_Clamps"".DI.ClampRear.AtTower                  """,O
2025-09-30 15:30:25.192,"DI_Clamps"".DI.ClampRear.AtTower                  """,O
2025-09-30 15:30:25.203,"DI_Clamps"".DI.ClampRear.AtTower                  """,O
2025-09-30 15:30:25.215,"DI_Clamps"".DI.ClampRear.AtTower                  """,O
2025-09-30 15:30:25.227,"DI_Clamps"".DI.ClampRear.AtTower                  """,O
2025-09-30 15:30:25.237,"DI_Clamps"".DI.ClampRear.AtTower                  """,O
2025-09-30 15:30:25.249,"DI_Clamps"".DI.ClampRear.AtTower                  """,O
2025-09-30 15:30:25.260,"DI_Clamps"".DI.ClampRear.AtTower                  """,O
2025-09-30 15:30:25.270,"DI_Clamps"".DI.ClampRear.AtTower                  """,O
2025-09-30 15:30:25.281,"DI_Clamps"".DI.ClampRear.AtTower                  """,O
2025-09-30 15:30:25.292,"DI_Clamps"".DI.ClampRear.AtTower                  """,O
2025-09-30 15:30:25.302,"DI_Clamps"".DI.ClampRear.AtTower                  """,O
2025-09-30 15:30:25.315,"DI_Clamps"".DI.ClampRear.AtTower                  """,O
2025-09-30 15:30:25.326,"DI_Clamps"".DI.ClampRear.AtTower                  """,O
2025-09-30 15:30:25.336,"DI_Clamps"".DI.ClampRear.AtTower                  """,O
2025-09-30 15:30:25.348,"DI_Clamps"".DI.ClampRear.AtTower                  """,O
2025-09-30 15:30:25.360,"DI_Clamps"".DI.ClampRear.AtTower                  """,O
2025-09-30 15:30:25.371,"DI_Clamps"".DI.ClampRear.AtTower                  """,O
2025-09-30 15:30:25.382,"DI_Clamps"".DI.ClampRear.AtTower                  """,O
2025-09-30 15:30:25.392,"DI_Clamps"".DI.ClampRear.AtTower                  """,O
2025-09-30 15:30:25.403,"DI_Clamps"".DI.ClampRear.AtTower                  """,O
2025-09-30 15:30:25.416,"DI_Clamps"".DI.ClampRear.AtTower                  """,O
2025-09-30 15:30:25.426,"DI_Clamps"".DI.ClampRear.AtTower                  """,O
2025-09-30 15:30:25.437,"DI_Clamps"".DI.ClampRear.AtTower                  """,O
2025-09-30 15:30:25.449,"DI_Clamps"".DI.ClampRear.AtTower                  """,O
2025-09-30 15:30:25.459,"DI_Clamps"".DI.ClampRear.AtTower                  """,O
2025-09-30 15:30:25.470,"DI_Clamps"".DI.ClampRear.AtTower                  """,O
2025-09-30 15:30:25.481,"DI_Clamps"".DI.ClampRear.AtTower                  """,O
2025-09-30 15:30:25.492,"DI_Clamps"".DI.ClampRear.AtTower                  """,O
2025-09-30 15:30:25.502,"DI_Clamps"".DI.ClampRear.AtTower                  """,O
2025-09-30 15:30:25.514,"DI_Clamps"".DI.ClampRear.AtTower                  """,O
2025-09-30 15:30:25.526,"DI_Clamps"".DI.ClampRear.AtTower                  """,O
2025-09-30 15:30:25.536,"DI_Clamps"".DI.ClampRear.AtTower                  """,O
2025-09-30 15:30:25.548,"DI_Clamps"".DI.ClampRear.AtTower                  """,O
2025-09-30 15:30:25.625,"DI_Clamps"".DI.ClampRear.AtTower                  """,O
2025-09-30 15:30:25.636,"DI_Clamps"".DI.ClampRear.AtTower                  """,O
2025-09-30 15:30:25.648,"DI_Clamps"".DI.ClampRear.AtTower                  """,O
2025-09-30 15:30:25.658,"DI_Clamps"".DI.ClampRear.AtTower                  """,O
2025-09-30 15:30:25.669,"DI_Clamps"".DI.ClampRear.AtTower                  """,O
2025-09-30 15:30:25.680,"DI_Clamps"".DI.ClampRear.AtTower                  """,O
2025-09-30 15:30:25.695,"DI_Clamps"".DI.ClampRear.AtTower                  """,O
2025-09-30 15:30:25.707,"DI_Clamps"".DI.ClampRear.AtTower                  """,O
2025-09-30 15:30:25.718,"DI_Clamps"".DI.ClampRear.AtTower                  """,O
2025-09-30 15:30:25.729,"DI_Clamps"".DI.ClampRear.AtTower                  """,O
2025-09-30 15:30:25.740,"DI_Clamps"".DI.ClampRear.AtTower                  """,O
2025-09-30 15:30:25.751,"DI_Clamps"".DI.ClampRear.AtTower                  """,O
2025-09-30 15:30:25.762,"DI_Clamps"".DI.ClampRear.AtTower                  """,O
2025-09-30 15:30:25.773,"DI_Clamps"".DI.ClampRear.AtTower                  """,O
2025-09-30 15:30:25.784,"DI_Clamps"".DI.ClampRear.AtTower                  """,O
2025-09-30 15:30:25.794,"DI_Clamps"".DI.ClampRear.AtTower                  """,O
2025-09-30 15:30:25.807,"DI_Clamps"".DI.ClampRear.AtTower                  """,O
2025-09-30 15:30:25.818,"DI_Clamps"".DI.ClampRear.AtTower                  """,O
2025-09-30 15:30:25.828,"DI_Clamps"".DI.ClampRear.AtTower                  """,O
2025-09-30 15:30:25.839,"DI_Clamps"".DI.ClampRear.AtTower                  """,O
2025-09-30 15:30:25.850,"DI_Clamps"".DI.ClampRear.AtTower                  """,O
2025-09-30 15:30:25.861,"DI_Clamps"".DI.ClampRear.AtTower                  """,O
2025-09-30 15:30:25.872,"DI_Clamps"".DI.ClampRear.AtTower                  """,O
2025-09-30 15:30:25.883,"DI_Clamps"".DI.ClampRear.AtTower                  """,O
2025-09-30 15:30:25.893,"DI_Clamps"".DI.ClampRear.AtTower                  """,O
2025-09-30 15:30:25.904,"DI_Clamps"".DI.ClampRear.AtTower                  """,O
2025-09-30 15:30:25.917,"DI_Clamps"".DI.ClampRear.AtTower                  """,O
2025-09-30 15:30:25.927,"DI_Clamps"".DI.ClampRear.AtTower                  """,O
2025-09-30 15:30:25.938,"DI_Clamps"".DI.ClampRear.AtTower                  """,O
2025-09-30 15:30:25.950,"DI_Clamps"".DI.ClampRear.AtTower                  """,O
2025-09-30 15:30:25.961,"DI_Clamps"".DI.ClampRear.AtTower                  """,O
2025-09-30 15:30:25.972,"DI_Clamps"".DI.ClampRear.AtTower                  """,O
2025-09-30 15:30:25.982,"DI_Clamps"".DI.ClampRear.AtTower                  """,O
2025-09-30 15:30:25.993,"DI_Clamps"".DI.ClampRear.AtTower                  """,O
2025-09-30 15:30:26.004,"DI_Clamps"".DI.ClampRear.AtTower                  """,O
2025-09-30 15:30:26.017,"DI_Clamps"".DI.ClampRear.AtTower                  """,O
2025-09-30 15:30:26.028,"DI_Clamps"".DI.ClampRear.AtTower                  """,O
2025-09-30 15:30:26.039,"DI_Clamps"".DI.ClampRear.AtTower                  """,O
2025-09-30 15:30:26.050,"DI_Clamps"".DI.ClampRear.AtTower                  """,O
2025-09-30 15:30:26.061,"DI_Clamps"".DI.ClampRear.AtTower                  """,O
2025-09-30 15:30:26.072,"DI_Clamps"".DI.ClampRear.AtTower                  """,O
2025-09-30 15:30:26.082,"DI_Clamps"".DI.ClampRear.AtTower                  """,O
2025-09-30 15:30:26.093,"DI_Clamps"".DI.ClampRear.AtTower                  """,O
2025-09-30 15:30:26.104,"DI_Clamps"".DI.ClampRear.AtTower                  """,O
2025-09-30 15:30:26.116,"DI_Clamps"".DI.ClampRear.AtTower                  """,O
2025-09-30 15:30:26.128,"DI_Clamps"".DI.ClampRear.AtTower                  """,O
2025-09-30 15:30:26.138,"DI_Clamps"".DI.ClampRear.AtTower                  """,O
2025-09-30 15:30:26.150,"DI_Clamps"".DI.ClampRear.AtTower                  """,O
2025-09-30 15:30:26.161,"DI_Clamps"".DI.ClampRear.AtTower                  """,O
2025-09-30 15:30:26.171,"DI_Clamps"".DI.ClampRear.AtTower                  """,O
2025-09-30 15:30:26.182,"DI_Clamps"".DI.ClampRear.AtTower                  """,O
2025-09-30 15:30:26.193,"DI_Clamps"".DI.ClampRear.AtTower                  """,O
2025-09-30 15:30:26.203,"DI_Clamps"".DI.ClampRear.AtTower                  """,O
2025-09-30 15:30:26.220,"DI_Clamps"".DI.ClampRear.AtTower                  """,O
2025-09-30 15:30:26.234,"DI_Clamps"".DI.ClampRear.AtTower                  """,O
2025-09-30 15:30:26.246,"DI_Clamps"".DI.ClampRear.AtTower                  """,O
2025-09-30 15:30:26.257,"DI_Clamps"".DI.ClampRear.AtTower                  """,O
2025-09-30 15:30:26.269,"DI_Clamps"".DI.ClampRear.AtTower                  """,O
2025-09-30 15:30:26.280,"DI_Clamps"".DI.ClampRear.AtTower                  """,O
2025-09-30 15:30:26.290,"DI_Clamps"".DI.ClampRear.AtTower                  """,O
2025-09-30 15:30:26.301,"DI_Clamps"".DI.ClampRear.AtTower                  """,O
2025-09-30 15:30:26.313,"DI_Clamps"".DI.ClampRear.AtTower                  """,O
2025-09-30 15:30:26.324,"DI_Clamps"".DI.ClampRear.AtTower                  """,O
2025-09-30 15:30:26.402,"DI_Clamps"".DI.ClampRear.AtTower                  """,O
2025-09-30 15:30:26.414,"DI_Clamps"".DI.ClampRear.AtTower                  """,O
2025-09-30 15:30:26.426,"DI_Clamps"".DI.ClampRear.AtTower                  """,O
2025-09-30 15:30:26.436,"DI_Clamps"".DI.ClampRear.AtTower                  """,O
2025-09-30 15:30:26.448,"DI_Clamps"".DI.ClampRear.AtTower                  """,O
2025-09-30 15:30:26.459,"DI_Clamps"".DI.ClampRear.AtTower                  """,O
2025-09-30 15:30:26.470,"DI_Clamps"".DI.ClampRear.AtTower                  """,O
2025-09-30 15:30:26.480,"DI_Clamps"".DI.ClampRear.AtTower                  """,O
2025-09-30 15:30:26.491,"DI_Clamps"".DI.ClampRear.AtTower                  """,O
2025-09-30 15:30:26.502,"DI_Clamps"".DI.ClampRear.AtTower                  """,O
2025-09-30 15:30:26.514,"DI_Clamps"".DI.ClampRear.AtTower                  """,O
2025-09-30 15:30:26.526,"DI_Clamps"".DI.ClampRear.AtTower                  """,O
2025-09-30 15:30:26.537,"DI_Clamps"".DI.ClampRear.AtTower                  """,O
2025-09-30 15:30:26.548,"DI_Clamps"".DI.ClampRear.AtTower                  """,O
2025-09-30 15:30:26.559,"DI_Clamps"".DI.ClampRear.AtTower                  """,O
2025-09-30 15:30:26.570,"DI_Clamps"".DI.ClampRear.AtTower                  """,O
2025-09-30 15:30:26.581,"DI_Clamps"".DI.ClampRear.AtTower                  """,O
2025-09-30 15:30:26.592,"DI_Clamps"".DI.ClampRear.AtTower                  """,O
2025-09-30 15:30:26.602,"DI_Clamps"".DI.ClampRear.AtTower                  """,O
2025-09-30 15:30:26.614,"DI_Clamps"".DI.ClampRear.AtTower                  """,O
2025-09-30 15:30:26.626,"DI_Clamps"".DI.ClampRear.AtTower                  """,O
2025-09-30 15:30:26.636,"DI_Clamps"".DI.ClampRear.AtTower                  """,O
2025-09-30 15:30:26.648,"DI_Clamps"".DI.ClampRear.AtTower                  """,O
2025-09-30 15:30:26.659,"DI_Clamps"".DI.ClampRear.AtTower                  """,O
2025-09-30 15:30:26.669,"DI_Clamps"".DI.ClampRear.AtTower                  """,O
2025-09-30 15:30:26.680,"DI_Clamps"".DI.ClampRear.AtTower                  """,O
2025-09-30 15:30:26.691,"DI_Clamps"".DI.ClampRear.AtTower                  """,O
2025-09-30 15:30:26.702,"DI_Clamps"".DI.ClampRear.AtTower                  """,O
2025-09-30 15:30:26.714,"DI_Clamps"".DI.ClampRear.AtTower                  """,O
2025-09-30 15:30:26.724,"DI_Clamps"".DI.ClampRear.AtTower                  """,O
2025-09-30 15:30:26.739,"DI_Clamps"".DI.ClampRear.AtTower                  """,O
2025-09-30 15:30:26.751,"DI_Clamps"".DI.ClampRear.AtTower                  """,O
2025-09-30 15:30:26.762,"DI_Clamps"".DI.ClampRear.AtTower                  """,O
2025-09-30 15:30:26.772,"DI_Clamps"".DI.ClampRear.AtTower                  """,O
2025-09-30 15:30:26.783,"DI_Clamps"".DI.ClampRear.AtTower                  """,O
2025-09-30 15:30:26.794,"DI_Clamps"".DI.ClampRear.AtTower                  """,O
2025-09-30 15:30:26.806,"DI_Clamps"".DI.ClampRear.AtTower                  """,O
2025-09-30 15:30:26.817,"DI_Clamps"".DI.ClampRear.AtTower                  """,O
2025-09-30 15:30:26.828,"DI_Clamps"".DI.ClampRear.AtTower                  """,O
2025-09-30 15:30:26.839,"DI_Clamps"".DI.ClampRear.AtTower                  """,O
2025-09-30 15:30:26.850,"DI_Clamps"".DI.ClampRear.AtTower                  """,O
2025-09-30 15:30:26.861,"DI_Clamps"".DI.ClampRear.AtTower                  """,O
2025-09-30 15:30:26.872,"DI_Clamps"".DI.ClampRear.AtTower                  """,O
2025-09-30 15:30:26.883,"DI_Clamps"".DI.ClampRear.AtTower                  """,O
2025-09-30 15:30:26.894,"DI_Clamps"".DI.ClampRear.AtTower                  """,O
2025-09-30 15:30:26.904,"DI_Clamps"".DI.ClampRear.AtTower                  """,O
2025-09-30 15:30:26.917,"DI_Clamps"".DI.ClampRear.AtTower                  """,O
2025-09-30 15:30:26.928,"DI_Clamps"".DI.ClampRear.AtTower                  """,O
2025-09-30 15:30:26.938,"DI_Clamps"".DI.ClampRear.AtTower                  """,O
2025-09-30 15:30:26.950,"DI_Clamps"".DI.ClampRear.AtTower                  """,O
2025-09-30 15:30:26.961,"DI_Clamps"".DI.ClampRear.AtTower                  """,O
2025-09-30 15:30:26.971,"DI_Clamps"".DI.ClampRear.AtTower                  """,O
2025-09-30 15:30:26.982,"DI_Clamps"".DI.ClampRear.AtTower                  """,O
2025-09-30 15:30:26.996,"DI_Clamps"".DI.ClampRear.AtTower                  """,O
2025-09-30 15:30:27.009,"DI_Clamps"".DI.ClampRear.AtTower                  """,O
2025-09-30 15:30:27.019,"DI_Clamps"".DI.ClampRear.AtTower                  """,O
2025-09-30 15:30:27.030,"DI_Clamps"".DI.ClampRear.AtTower                  """,O
2025-09-30 15:30:27.041,"DI_Clamps"".DI.ClampRear.AtTower                  """,O
2025-09-30 15:30:27.052,"DI_Clamps"".DI.ClampRear.AtTower                  """,O
2025-09-30 15:30:27.063,"DI_Clamps"".DI.ClampRear.AtTower                  """,O
2025-09-30 15:30:27.074,"DI_Clamps"".DI.ClampRear.AtTower                  """,O
2025-09-30 15:30:27.085,"DI_Clamps"".DI.ClampRear.AtTower                  """,O
2025-09-30 15:30:27.163,"DI_Clamps"".DI.ClampRear.AtTower                  """,O
2025-09-30 15:30:27.174,"DI_Clamps"".DI.ClampRear.AtTower                  """,O
2025-09-30 15:30:27.185,"DI_Clamps"".DI.ClampRear.AtTower                  """,O
2025-09-30 15:30:27.196,"DI_Clamps"".DI.ClampRear.AtTower                  """,O
2025-09-30 15:30:27.208,"DI_Clamps"".DI.ClampRear.AtTower                  """,O
2025-09-30 15:30:27.219,"DI_Clamps"".DI.ClampRear.AtTower                  """,O
2025-09-30 15:30:27.230,"DI_Clamps"".DI.ClampRear.AtTower                  """,O
2025-09-30 15:30:27.241,"DI_Clamps"".DI.ClampRear.AtTower                  """,O
2025-09-30 15:30:27.256,"DI_Clamps"".DI.ClampRear.AtTower                  """,O
2025-09-30 15:30:27.267,"DI_Clamps"".DI.ClampRear.AtTower                  """,O
2025-09-30 15:30:27.277,"DI_Clamps"".DI.ClampRear.AtTower                  """,O
2025-09-30 15:30:27.288,"DI_Clamps"".DI.ClampRear.AtTower                  """,O
2025-09-30 15:30:27.299,"DI_Clamps"".DI.ClampRear.AtTower                  """,O
2025-09-30 15:30:27.311,"DI_Clamps"".DI.ClampRear.AtTower                  """,O
2025-09-30 15:30:27.322,"DI_Clamps"".DI.ClampRear.AtTower                  """,O
2025-09-30 15:30:27.332,"DI_Clamps"".DI.ClampRear.AtTower                  """,O
2025-09-30 15:30:27.343,"DI_Clamps"".DI.ClampRear.AtTower                  """,O
2025-09-30 15:30:27.355,"DI_Clamps"".DI.ClampRear.AtTower                  """,O
2025-09-30 15:30:27.366,"DI_Clamps"".DI.ClampRear.AtTower                  """,O
2025-09-30 15:30:27.377,"DI_Clamps"".DI.ClampRear.AtTower                  """,O
2025-09-30 15:30:27.387,"DI_Clamps"".DI.ClampRear.AtTower                  """,O
2025-09-30 15:30:27.398,"DI_Clamps"".DI.ClampRear.AtTower                  """,O
2025-09-30 15:30:27.410,"DI_Clamps"".DI.ClampRear.AtTower                  """,O
2025-09-30 15:30:27.421,"DI_Clamps"".DI.ClampRear.AtTower                  """,O
2025-09-30 15:30:27.432,"DI_Clamps"".DI.ClampRear.AtTower                  """,O
2025-09-30 15:30:27.442,"DI_Clamps"".DI.ClampRear.AtTower                  """,O
2025-09-30 15:30:27.454,"DI_Clamps"".DI.ClampRear.AtTower                  """,O
2025-09-30 15:30:27.465,"DI_Clamps"".DI.ClampRear.AtTower                  """,O
2025-09-30 15:30:27.476,"DI_Clamps"".DI.ClampRear.AtTower                  """,O
2025-09-30 15:30:27.487,"DI_Clamps"".DI.ClampRear.AtTower                  """,O
2025-09-30 15:30:27.497,"DI_Clamps"".DI.ClampRear.AtTower                  """,O
2025-09-30 15:30:27.509,"DI_Clamps"".DI.ClampRear.AtTower                  """,O
2025-09-30 15:30:27.520,"DI_Clamps"".DI.ClampRear.AtTower                  """,O
2025-09-30 15:30:27.531,"DI_Clamps"".DI.ClampRear.AtTower                  """,O
2025-09-30 15:30:27.542,"DI_Clamps"".DI.ClampRear.AtTower                  """,O
2025-09-30 15:30:27.553,"DI_Clamps"".DI.ClampRear.AtTower                  """,O
2025-09-30 15:30:27.564,"DI_Clamps"".DI.ClampRear.AtTower                  """,O
2025-09-30 15:30:27.575,"DI_Clamps"".DI.ClampRear.AtTower                  """,O
2025-09-30 15:30:27.586,"DI_Clamps"".DI.ClampRear.AtTower                  """,O
2025-09-30 15:30:27.596,"DI_Clamps"".DI.ClampRear.AtTower                  """,O
2025-09-30 15:30:27.609,"DI_Clamps"".DI.ClampRear.AtTower                  """,O
2025-09-30 15:30:27.619,"DI_Clamps"".DI.ClampRear.AtTower                  """,O
2025-09-30 15:30:27.630,"DI_Clamps"".DI.ClampRear.AtTower                  """,O
2025-09-30 15:30:27.641,"DI_Clamps"".DI.ClampRear.AtTower                  """,O
2025-09-30 15:30:27.652,"DI_Clamps"".DI.ClampRear.AtTower                  """,O
2025-09-30 15:30:27.662,"DI_Clamps"".DI.ClampRear.AtTower                  """,O
2025-09-30 15:30:27.673,"DI_Clamps"".DI.ClampRear.AtTower                  """,O
2025-09-30 15:30:27.684,"DI_Clamps"".DI.ClampRear.AtTower                  """,O
2025-09-30 15:30:27.696,"DI_Clamps"".DI.ClampRear.AtTower                  """,O
2025-09-30 15:30:27.708,"DI_Clamps"".DI.ClampRear.AtTower                  """,O
2025-09-30 15:30:27.719,"DI_Clamps"".DI.ClampRear.AtTower                  """,O
2025-09-30 15:30:27.729,"DI_Clamps"".DI.ClampRear.AtTower                  """,O
2025-09-30 15:30:27.741,"DI_Clamps"".DI.ClampRear.AtTower                  """,O
2025-09-30 15:30:27.752,"DI_Clamps"".DI.ClampRear.AtTower                  """,O
2025-09-30 15:30:27.766,"DI_Clamps"".DI.ClampRear.AtTower                  """,O
2025-09-30 15:30:27.777,"DI_Clamps"".DI.ClampRear.AtTower                  """,O
2025-09-30 15:30:27.787,"DI_Clamps"".DI.ClampRear.AtTower                  """,O
2025-09-30 15:30:27.798,"DI_Clamps"".DI.ClampRear.AtTower                  """,O
2025-09-30 15:30:27.812,"DI_Clamps"".DI.ClampRear.AtTower                  """,O
2025-09-30 15:30:27.822,"DI_Clamps"".DI.ClampRear.AtTower                  """,O
2025-09-30 15:30:27.833,"DI_Clamps"".DI.ClampRear.AtTower                  """,O
2025-09-30 15:30:27.844,"DI_Clamps"".DI.ClampRear.AtTower                  """,O
2025-09-30 15:30:27.856,"DI_Clamps"".DI.ClampRear.AtTower                  """,O
2025-09-30 15:30:27.937,"DI_Clamps"".DI.ClampRear.AtTower                  """,O
2025-09-30 15:30:27.948,"DI_Clamps"".DI.ClampRear.AtTower                  """,O
2025-09-30 15:30:27.959,"DI_Clamps"".DI.ClampRear.AtTower                  """,O
2025-09-30 15:30:27.970,"DI_Clamps"".DI.ClampRear.AtTower                  """,O
2025-09-30 15:30:27.980,"DI_Clamps"".DI.ClampRear.AtTower                  """,O
2025-09-30 15:30:27.991,"DI_Clamps"".DI.ClampRear.AtTower                  """,O
2025-09-30 15:30:28.002,"DI_Clamps"".DI.ClampRear.AtTower                  """,O
2025-09-30 15:30:28.014,"DI_Clamps"".DI.ClampRear.AtTower                  """,O
2025-09-30 15:30:28.026,"DI_Clamps"".DI.ClampRear.AtTower                  """,O
2025-09-30 15:30:28.037,"DI_Clamps"".DI.ClampRear.AtTower                  """,O
2025-09-30 15:30:28.047,"DI_Clamps"".DI.ClampRear.AtTower                  """,O
2025-09-30 15:30:28.058,"DI_Clamps"".DI.ClampRear.AtTower                  """,O
2025-09-30 15:30:28.069,"DI_Clamps"".DI.ClampRear.AtTower                  """,O
2025-09-30 15:30:28.080,"DI_Clamps"".DI.ClampRear.AtTower                  """,O
2025-09-30 15:30:28.090,"DI_Clamps"".DI.ClampRear.AtTower                  """,O
2025-09-30 15:30:28.101,"DI_Clamps"".DI.ClampRear.AtTower                  """,O
2025-09-30 15:30:28.113,"DI_Clamps"".DI.ClampRear.AtTower                  """,O
2025-09-30 15:30:28.124,"DI_Clamps"".DI.ClampRear.AtTower                  """,O
2025-09-30 15:30:28.135,"DI_Clamps"".DI.ClampRear.AtTower                  """,O
2025-09-30 15:30:28.146,"DI_Clamps"".DI.ClampRear.AtTower                  """,O
2025-09-30 15:30:28.157,"DI_Clamps"".DI.ClampRear.AtTower                  """,O
2025-09-30 15:30:28.167,"DI_Clamps"".DI.ClampRear.AtTower                  """,O
2025-09-30 15:30:28.178,"DI_Clamps"".DI.ClampRear.AtTower                  """,O
2025-09-30 15:30:28.189,"DI_Clamps"".DI.ClampRear.AtTower                  """,O
2025-09-30 15:30:28.200,"DI_Clamps"".DI.ClampRear.AtTower                  """,O
2025-09-30 15:30:28.212,"DI_Clamps"".DI.ClampRear.AtTower                  """,O
2025-09-30 15:30:28.223,"DI_Clamps"".DI.ClampRear.AtTower                  """,O
2025-09-30 15:30:28.234,"DI_Clamps"".DI.ClampRear.AtTower                  """,O
2025-09-30 15:30:28.245,"DI_Clamps"".DI.ClampRear.AtTower                  """,O
2025-09-30 15:30:28.256,"DI_Clamps"".DI.ClampRear.AtTower                  """,O
2025-09-30 15:30:28.267,"DI_Clamps"".DI.ClampRear.AtTower                  """,O
2025-09-30 15:30:28.281,"DI_Clamps"".DI.ClampRear.AtTower                  """,O
2025-09-30 15:30:28.291,"DI_Clamps"".DI.ClampRear.AtTower                  """,O
2025-09-30 15:30:28.302,"DI_Clamps"".DI.ClampRear.AtTower                  """,O
2025-09-30 15:30:28.314,"DI_Clamps"".DI.ClampRear.AtTower                  """,O
2025-09-30 15:30:28.326,"DI_Clamps"".DI.ClampRear.AtTower                  """,O
2025-09-30 15:30:28.337,"DI_Clamps"".DI.ClampRear.AtTower                  """,O
2025-09-30 15:30:28.348,"DI_Clamps"".DI.ClampRear.AtTower                  """,O
2025-09-30 15:30:28.359,"DI_Clamps"".DI.ClampRear.AtTower                  """,O
2025-09-30 15:30:28.369,"DI_Clamps"".DI.ClampRear.AtTower                  """,O
2025-09-30 15:30:28.380,"DI_Clamps"".DI.ClampRear.AtTower                  """,O
2025-09-30 15:30:28.391,"DI_Clamps"".DI.ClampRear.AtTower                  """,O
2025-09-30 15:30:28.402,"DI_Clamps"".DI.ClampRear.AtTower                  """,O
2025-09-30 15:30:28.414,"DI_Clamps"".DI.ClampRear.AtTower                  """,O
2025-09-30 15:30:28.424,"DI_Clamps"".DI.ClampRear.AtTower                  """,O
2025-09-30 15:30:28.436,"DI_Clamps"".DI.ClampRear.AtTower                  """,O
2025-09-30 15:30:28.446,"DI_Clamps"".DI.ClampRear.AtTower                  """,O
2025-09-30 15:30:28.457,"DI_Clamps"".DI.ClampRear.AtTower                  """,O
2025-09-30 15:30:28.468,"DI_Clamps"".DI.ClampRear.AtTower                  """,O
2025-09-30 15:30:28.479,"DI_Clamps"".DI.ClampRear.AtTower                  """,O
2025-09-30 15:30:28.489,"DI_Clamps"".DI.ClampRear.AtTower                  """,O
2025-09-30 15:30:28.500,"DI_Clamps"".DI.ClampRear.AtTower                  """,O
2025-09-30 15:30:28.512,"DI_Clamps"".DI.ClampRear.AtTower                  """,O
2025-09-30 15:30:28.523,"DI_Clamps"".DI.ClampRear.AtTower                  """,O
2025-09-30 15:30:28.534,"DI_Clamps"".DI.ClampRear.AtTower                  """,O
2025-09-30 15:30:28.545,"DI_Clamps"".DI.ClampRear.AtTower                  """,O
2025-09-30 15:30:28.556,"DI_Clamps"".DI.ClampRear.AtTower                  """,O
2025-09-30 15:30:28.566,"DI_Clamps"".DI.ClampRear.AtTower                  """,O
2025-09-30 15:30:28.577,"DI_Clamps"".DI.ClampRear.AtTower                  """,O
2025-09-30 15:30:28.588,"DI_Clamps"".DI.ClampRear.AtTower                  """,O
2025-09-30 15:30:28.599,"DI_Clamps"".DI.ClampRear.AtTower                  """,O
2025-09-30 15:30:28.611,"DI_Clamps"".DI.ClampRear.AtTower                  """,O
2025-09-30 15:30:28.623,"DI_Clamps"".DI.ClampRear.AtTower                  """,O
2025-09-30 15:30:28.733,"DI_Clamps"".DI.ClampRear.AtTower                  """,O
2025-09-30 15:30:28.744,"DI_Clamps"".DI.ClampRear.AtTower                  """,O
2025-09-30 15:30:28.755,"DI_Clamps"".DI.ClampRear.AtTower                  """,O
2025-09-30 15:30:28.766,"DI_Clamps"".DI.ClampRear.AtTower                  """,O
2025-09-30 15:30:28.777,"DI_Clamps"".DI.ClampRear.AtTower                  """,O
2025-09-30 15:30:28.791,"DI_Clamps"".DI.ClampRear.AtTower                  """,O
2025-09-30 15:30:28.802,"DI_Clamps"".DI.ClampRear.AtTower                  """,O
2025-09-30 15:30:28.814,"DI_Clamps"".DI.ClampRear.AtTower                  """,O
2025-09-30 15:30:28.824,"DI_Clamps"".DI.ClampRear.AtTower                  """,O
2025-09-30 15:30:28.836,"DI_Clamps"".DI.ClampRear.AtTower                  """,O
2025-09-30 15:30:28.848,"DI_Clamps"".DI.ClampRear.AtTower                  """,O
2025-09-30 15:30:28.859,"DI_Clamps"".DI.ClampRear.AtTower                  """,O
2025-09-30 15:30:28.870,"DI_Clamps"".DI.ClampRear.AtTower                  """,O
2025-09-30 15:30:28.881,"DI_Clamps"".DI.ClampRear.AtTower                  """,O
2025-09-30 15:30:28.891,"DI_Clamps"".DI.ClampRear.AtTower                  """,O
2025-09-30 15:30:28.902,"DI_Clamps"".DI.ClampRear.AtTower                  """,O
2025-09-30 15:30:28.914,"DI_Clamps"".DI.ClampRear.AtTower                  """,O
2025-09-30 15:30:28.925,"DI_Clamps"".DI.ClampRear.AtTower                  """,O
2025-09-30 15:30:28.936,"DI_Clamps"".DI.ClampRear.AtTower                  """,O
2025-09-30 15:30:28.948,"DI_Clamps"".DI.ClampRear.AtTower                  """,O
2025-09-30 15:30:28.958,"DI_Clamps"".DI.ClampRear.AtTower                  """,O
2025-09-30 15:30:28.969,"DI_Clamps"".DI.ClampRear.AtTower                  """,O
2025-09-30 15:30:28.980,"DI_Clamps"".DI.ClampRear.AtTower                  """,O
2025-09-30 15:30:28.991,"DI_Clamps"".DI.ClampRear.AtTower                  """,O
2025-09-30 15:30:29.001,"DI_Clamps"".DI.ClampRear.AtTower                  """,O
2025-09-30 15:30:29.013,"DI_Clamps"".DI.ClampRear.AtTower                  """,O
2025-09-30 15:30:29.024,"DI_Clamps"".DI.ClampRear.AtTower                  """,O
2025-09-30 15:30:29.035,"DI_Clamps"".DI.ClampRear.AtTower                  """,O
2025-09-30 15:30:29.046,"DI_Clamps"".DI.ClampRear.AtTower                  """,O
2025-09-30 15:30:29.057,"DI_Clamps"".DI.ClampRear.AtTower                  """,O
2025-09-30 15:30:29.068,"DI_Clamps"".DI.ClampRear.AtTower                  """,O
2025-09-30 15:30:29.078,"DI_Clamps"".DI.ClampRear.AtTower                  """,O
2025-09-30 15:30:29.089,"DI_Clamps"".DI.ClampRear.AtTower                  """,O
2025-09-30 15:30:29.100,"DI_Clamps"".DI.ClampRear.AtTower                  """,O
2025-09-30 15:30:29.112,"DI_Clamps"".DI.ClampRear.AtTower                  """,O
2025-09-30 15:30:29.123,"DI_Clamps"".DI.ClampRear.AtTower                  """,O
2025-09-30 15:30:29.134,"DI_Clamps"".DI.ClampRear.AtTower                  """,O
2025-09-30 15:30:29.144,"DI_Clamps"".DI.ClampRear.AtTower                  """,O
2025-09-30 15:30:29.156,"DI_Clamps"".DI.ClampRear.AtTower                  """,O
2025-09-30 15:30:29.166,"DI_Clamps"".DI.ClampRear.AtTower                  """,O
2025-09-30 15:30:29.180,"DI_Clamps"".DI.ClampRear.AtTower                  """,O
2025-09-30 15:30:29.191,"DI_Clamps"".DI.ClampRear.AtTower                  """,O
2025-09-30 15:30:29.202,"DI_Clamps"".DI.ClampRear.AtTower                  """,O
2025-09-30 15:30:29.214,"DI_Clamps"".DI.ClampRear.AtTower                  """,O
2025-09-30 15:30:29.224,"DI_Clamps"".DI.ClampRear.AtTower                  """,O
2025-09-30 15:30:29.236,"DI_Clamps"".DI.ClampRear.AtTower                  """,O
2025-09-30 15:30:29.246,"DI_Clamps"".DI.ClampRear.AtTower                  """,O
2025-09-30 15:30:29.257,"DI_Clamps"".DI.ClampRear.AtTower                  """,O
2025-09-30 15:30:29.268,"DI_Clamps"".DI.ClampRear.AtTower                  """,O
2025-09-30 15:30:29.278,"DI_Clamps"".DI.ClampRear.AtTower                  """,O
2025-09-30 15:30:29.289,"DI_Clamps"".DI.ClampRear.AtTower                  """,O
2025-09-30 15:30:29.304,"DI_Clamps"".DI.ClampRear.AtTower                  """,O
2025-09-30 15:30:29.317,"DI_Clamps"".DI.ClampRear.AtTower                  """,O
2025-09-30 15:30:29.328,"DI_Clamps"".DI.ClampRear.AtTower                  """,O
2025-09-30 15:30:29.339,"DI_Clamps"".DI.ClampRear.AtTower                  """,O
2025-09-30 15:30:29.350,"DI_Clamps"".DI.ClampRear.AtTower                  """,O
2025-09-30 15:30:29.361,"DI_Clamps"".DI.ClampRear.AtTower                  """,O
2025-09-30 15:30:29.372,"DI_Clamps"".DI.ClampRear.AtTower                  """,O
2025-09-30 15:30:29.382,"DI_Clamps"".DI.ClampRear.AtTower                  """,O
2025-09-30 15:30:29.393,"DI_Clamps"".DI.ClampRear.AtTower                  """,O
2025-09-30 15:30:29.404,"DI_Clamps"".DI.ClampRear.AtTower                  """,O
2025-09-30 15:30:29.416,"DI_Clamps"".DI.ClampRear.AtTower                  """,O
2025-09-30 15:30:29.497,"DI_Clamps"".DI.ClampRear.AtTower                  """,O
2025-09-30 15:30:29.509,"DI_Clamps"".DI.ClampRear.AtTower                  """,O
2025-09-30 15:30:29.520,"DI_Clamps"".DI.ClampRear.AtTower                  """,O
2025-09-30 15:30:29.531,"DI_Clamps"".DI.ClampRear.AtTower                  """,O
2025-09-30 15:30:29.542,"DI_Clamps"".DI.ClampRear.AtTower                  """,O
2025-09-30 15:30:29.553,"DI_Clamps"".DI.ClampRear.AtTower                  """,O
2025-09-30 15:30:29.563,"DI_Clamps"".DI.ClampRear.AtTower                  """,O
2025-09-30 15:30:29.574,"DI_Clamps"".DI.ClampRear.AtTower                  """,O
2025-09-30 15:30:29.585,"DI_Clamps"".DI.ClampRear.AtTower                  """,O
2025-09-30 15:30:29.596,"DI_Clamps"".DI.ClampRear.AtTower                  """,O
2025-09-30 15:30:29.608,"DI_Clamps"".DI.ClampRear.AtTower                  """,O
2025-09-30 15:30:29.619,"DI_Clamps"".DI.ClampRear.AtTower                  """,O
2025-09-30 15:30:29.630,"DI_Clamps"".DI.ClampRear.AtTower                  """,O
2025-09-30 15:30:29.642,"DI_Clamps"".DI.ClampRear.AtTower                  """,O
2025-09-30 15:30:29.653,"DI_Clamps"".DI.ClampRear.AtTower                  """,O
2025-09-30 15:30:29.664,"DI_Clamps"".DI.ClampRear.AtTower                  """,O
2025-09-30 15:30:29.675,"DI_Clamps"".DI.ClampRear.AtTower                  """,O
2025-09-30 15:30:29.686,"DI_Clamps"".DI.ClampRear.AtTower                  """,O
2025-09-30 15:30:29.697,"DI_Clamps"".DI.ClampRear.AtTower                  """,O
2025-09-30 15:30:29.709,"DI_Clamps"".DI.ClampRear.AtTower                  """,O
2025-09-30 15:30:29.719,"DI_Clamps"".DI.ClampRear.AtTower                  """,O
2025-09-30 15:30:29.730,"DI_Clamps"".DI.ClampRear.AtTower                  """,O
2025-09-30 15:30:29.741,"DI_Clamps"".DI.ClampRear.AtTower                  """,O
2025-09-30 15:30:29.753,"DI_Clamps"".DI.ClampRear.AtTower                  """,O
2025-09-30 15:30:29.764,"DI_Clamps"".DI.ClampRear.AtTower                  """,O
2025-09-30 15:30:29.775,"DI_Clamps"".DI.ClampRear.AtTower                  """,O
2025-09-30 15:30:29.786,"DI_Clamps"".DI.ClampRear.AtTower                  """,O
2025-09-30 15:30:29.797,"DI_Clamps"".DI.ClampRear.AtTower                  """,O
2025-09-30 15:30:29.809,"DI_Clamps"".DI.ClampRear.AtTower                  """,O
2025-09-30 15:30:29.823,"DI_Clamps"".DI.ClampRear.AtTower                  """,O
2025-09-30 15:30:29.835,"DI_Clamps"".DI.ClampRear.AtTower                  """,O
2025-09-30 15:30:29.846,"DI_Clamps"".DI.ClampRear.AtTower                  """,O
2025-09-30 15:30:29.857,"DI_Clamps"".DI.ClampRear.AtTower                  """,O
2025-09-30 15:30:29.868,"DI_Clamps"".DI.ClampRear.AtTower                  """,O
2025-09-30 15:30:29.879,"DI_Clamps"".DI.ClampRear.AtTower                  """,O
2025-09-30 15:30:29.889,"DI_Clamps"".DI.ClampRear.AtTower                  """,O
2025-09-30 15:30:29.900,"DI_Clamps"".DI.ClampRear.AtTower                  """,O
2025-09-30 15:30:29.912,"DI_Clamps"".DI.ClampRear.AtTower                  """,O
2025-09-30 15:30:29.923,"DI_Clamps"".DI.ClampRear.AtTower                  """,O
2025-09-30 15:30:29.934,"DI_Clamps"".DI.ClampRear.AtTower                  """,O
2025-09-30 15:30:29.945,"DI_Clamps"".DI.ClampRear.AtTower                  """,O
2025-09-30 15:30:29.960,"DI_Clamps"".DI.ClampRear.AtTower                  """,O
2025-09-30 15:30:29.971,"DI_Clamps"".DI.ClampRear.AtTower                  """,O
2025-09-30 15:30:29.982,"DI_Clamps"".DI.ClampRear.AtTower                  """,O
2025-09-30 15:30:29.992,"DI_Clamps"".DI.ClampRear.AtTower                  """,O
2025-09-30 15:30:30.003,"DI_Clamps"".DI.ClampRear.AtTower                  """,O
2025-09-30 15:30:30.016,"DI_Clamps"".DI.ClampRear.AtTower                  """,O
2025-09-30 15:30:30.026,"DI_Clamps"".DI.ClampRear.AtTower                  """,O
2025-09-30 15:30:30.037,"DI_Clamps"".DI.ClampRear.AtTower                  """,O
2025-09-30 15:30:30.049,"DI_Clamps"".DI.ClampRear.AtTower                  """,O
2025-09-30 15:30:30.059,"DI_Clamps"".DI.ClampRear.AtTower                  """,O
2025-09-30 15:30:30.070,"DI_Clamps"".DI.ClampRear.AtTower                  """,O
2025-09-30 15:30:30.081,"DI_Clamps"".DI.ClampRear.AtTower                  """,O
2025-09-30 15:30:30.092,"DI_Clamps"".DI.ClampRear.AtTower                  """,O
2025-09-30 15:30:30.102,"DI_Clamps"".DI.ClampRear.AtTower                  """,O
2025-09-30 15:30:30.114,"DI_Clamps"".DI.ClampRear.AtTower                  """,O
2025-09-30 15:30:30.126,"DI_Clamps"".DI.ClampRear.AtTower                  """,O
2025-09-30 15:30:30.136,"DI_Clamps"".DI.ClampRear.AtTower                  """,O
2025-09-30 15:30:30.148,"DI_Clamps"".DI.ClampRear.AtTower                  """,O
2025-09-30 15:30:30.159,"DI_Clamps"".DI.ClampRear.AtTower                  """,O
2025-09-30 15:30:30.169,"DI_Clamps"".DI.ClampRear.AtTower                  """,O
2025-09-30 15:30:30.180,"DI_Clamps"".DI.ClampRear.AtTower                  """,O
2025-09-30 15:30:30.191,"DI_Clamps"".DI.ClampRear.AtTower                  """,O
2025-09-30 15:30:30.270,"DI_Clamps"".DI.ClampRear.AtTower                  """,O
2025-09-30 15:30:30.281,"DI_Clamps"".DI.ClampRear.AtTower                  """,O
2025-09-30 15:30:30.291,"DI_Clamps"".DI.ClampRear.AtTower                  """,O
2025-09-30 15:30:30.302,"DI_Clamps"".DI.ClampRear.AtTower                  """,O
2025-09-30 15:30:30.314,"DI_Clamps"".DI.ClampRear.AtTower                  """,O
2025-09-30 15:30:30.325,"DI_Clamps"".DI.ClampRear.AtTower                  """,O
2025-09-30 15:30:30.340,"DI_Clamps"".DI.ClampRear.AtTower                  """,O
2025-09-30 15:30:30.351,"DI_Clamps"".DI.ClampRear.AtTower                  """,O
2025-09-30 15:30:30.362,"DI_Clamps"".DI.ClampRear.AtTower                  """,O
2025-09-30 15:30:30.372,"DI_Clamps"".DI.ClampRear.AtTower                  """,O
2025-09-30 15:30:30.383,"DI_Clamps"".DI.ClampRear.AtTower                  """,O
2025-09-30 15:30:30.394,"DI_Clamps"".DI.ClampRear.AtTower                  """,O
2025-09-30 15:30:30.406,"DI_Clamps"".DI.ClampRear.AtTower                  """,O
2025-09-30 15:30:30.417,"DI_Clamps"".DI.ClampRear.AtTower                  """,O
2025-09-30 15:30:30.432,"DI_Clamps"".DI.ClampRear.AtTower                  """,O
2025-09-30 15:30:30.442,"DI_Clamps"".DI.ClampRear.AtTower                  """,O
2025-09-30 15:30:30.454,"DI_Clamps"".DI.ClampRear.AtTower                  """,O
2025-09-30 15:30:30.465,"DI_Clamps"".DI.ClampRear.AtTower                  """,O
2025-09-30 15:30:30.477,"DI_Clamps"".DI.ClampRear.AtTower                  """,O
2025-09-30 15:30:30.488,"DI_Clamps"".DI.ClampRear.AtTower                  """,O
2025-09-30 15:30:30.498,"DI_Clamps"".DI.ClampRear.AtTower                  """,O
2025-09-30 15:30:30.511,"DI_Clamps"".DI.ClampRear.AtTower                  """,O
2025-09-30 15:30:30.521,"DI_Clamps"".DI.ClampRear.AtTower                  """,O
2025-09-30 15:30:30.532,"DI_Clamps"".DI.ClampRear.AtTower                  """,O
2025-09-30 15:30:30.543,"DI_Clamps"".DI.ClampRear.AtTower                  """,O
2025-09-30 15:30:30.554,"DI_Clamps"".DI.ClampRear.AtTower                  """,O
2025-09-30 15:30:30.566,"DI_Clamps"".DI.ClampRear.AtTower                  """,O
2025-09-30 15:30:30.577,"DI_Clamps"".DI.ClampRear.AtTower                  """,O
2025-09-30 15:30:30.588,"DI_Clamps"".DI.ClampRear.AtTower                  """,O
2025-09-30 15:30:30.598,"DI_Clamps"".DI.ClampRear.AtTower                  """,O
2025-09-30 15:30:30.611,"DI_Clamps"".DI.ClampRear.AtTower                  """,O
2025-09-30 15:30:30.621,"DI_Clamps"".DI.ClampRear.AtTower                  """,O
2025-09-30 15:30:30.632,"DI_Clamps"".DI.ClampRear.AtTower                  """,O
2025-09-30 15:30:30.643,"DI_Clamps"".DI.ClampRear.AtTower                  """,O
2025-09-30 15:30:30.654,"DI_Clamps"".DI.ClampRear.AtTower                  """,O
2025-09-30 15:30:30.665,"DI_Clamps"".DI.ClampRear.AtTower                  """,O
2025-09-30 15:30:30.676,"DI_Clamps"".DI.ClampRear.AtTower                  """,O
2025-09-30 15:30:30.687,"DI_Clamps"".DI.ClampRear.AtTower                  """,O
2025-09-30 15:30:30.698,"DI_Clamps"".DI.ClampRear.AtTower                  """,O
2025-09-30 15:30:30.710,"DI_Clamps"".DI.ClampRear.AtTower                  """,O
2025-09-30 15:30:30.721,"DI_Clamps"".DI.ClampRear.AtTower                  """,O
2025-09-30 15:30:30.731,"DI_Clamps"".DI.ClampRear.AtTower                  """,O
2025-09-30 15:30:30.743,"DI_Clamps"".DI.ClampRear.AtTower                  """,O
2025-09-30 15:30:30.755,"DI_Clamps"".DI.ClampRear.AtTower                  """,O
2025-09-30 15:30:30.766,"DI_Clamps"".DI.ClampRear.AtTower                  """,O
2025-09-30 15:30:30.777,"DI_Clamps"".DI.ClampRear.AtTower                  """,O
2025-09-30 15:30:30.787,"DI_Clamps"".DI.ClampRear.AtTower                  """,O
2025-09-30 15:30:30.798,"DI_Clamps"".DI.ClampRear.AtTower                  """,O
2025-09-30 15:30:30.810,"DI_Clamps"".DI.ClampRear.AtTower                  """,O
2025-09-30 15:30:30.821,"DI_Clamps"".DI.ClampRear.AtTower                  """,O
2025-09-30 15:30:30.832,"DI_Clamps"".DI.ClampRear.AtTower                  """,O
2025-09-30 15:30:30.842,"DI_Clamps"".DI.ClampRear.AtTower                  """,O
2025-09-30 15:30:30.858,"DI_Clamps"".DI.ClampRear.AtTower                  """,O
2025-09-30 15:30:30.869,"DI_Clamps"".DI.ClampRear.AtTower                  """,O
2025-09-30 15:30:30.880,"DI_Clamps"".DI.ClampRear.AtTower                  """,O
2025-09-30 15:30:30.890,"DI_Clamps"".DI.ClampRear.AtTower                  """,O
2025-09-30 15:30:30.901,"DI_Clamps"".DI.ClampRear.AtTower                  """,O
2025-09-30 15:30:30.913,"DI_Clamps"".DI.ClampRear.AtTower                  """,O
2025-09-30 15:30:30.925,"DI_Clamps"".DI.ClampRear.AtTower                  """,O
2025-09-30 15:30:30.936,"DI_Clamps"".DI.ClampRear.AtTower                  """,O
2025-09-30 15:30:30.947,"DI_Clamps"".DI.ClampRear.AtTower                  """,O
2025-09-30 15:30:30.958,"DI_Clamps"".DI.ClampRear.AtTower                  """,O
2025-09-30 15:30:30.969,"DI_Clamps"".DI.ClampRear.AtTower                  """,O
2025-09-30 15:30:31.051,"DI_Clamps"".DI.ClampRear.AtTower                  """,O
2025-09-30 15:30:31.062,"DI_Clamps"".DI.ClampRear.AtTower                  """,O
2025-09-30 15:30:31.072,"DI_Clamps"".DI.ClampRear.AtTower                  """,O
2025-09-30 15:30:31.083,"DI_Clamps"".DI.ClampRear.AtTower                  """,O
2025-09-30 15:30:31.094,"DI_Clamps"".DI.ClampRear.AtTower                  """,O
2025-09-30 15:30:31.106,"DI_Clamps"".DI.ClampRear.AtTower                  """,O
2025-09-30 15:30:31.117,"DI_Clamps"".DI.ClampRear.AtTower                  """,O
2025-09-30 15:30:31.128,"DI_Clamps"".DI.ClampRear.AtTower                  """,O
2025-09-30 15:30:31.139,"DI_Clamps"".DI.ClampRear.AtTower                  """,O
2025-09-30 15:30:31.150,"DI_Clamps"".DI.ClampRear.AtTower                  """,O
2025-09-30 15:30:31.161,"DI_Clamps"".DI.ClampRear.AtTower                  """,O
2025-09-30 15:30:31.172,"DI_Clamps"".DI.ClampRear.AtTower                  """,O
2025-09-30 15:30:31.183,"DI_Clamps"".DI.ClampRear.AtTower                  """,O
2025-09-30 15:30:31.194,"DI_Clamps"".DI.ClampRear.AtTower                  """,O
2025-09-30 15:30:31.204,"DI_Clamps"".DI.ClampRear.AtTower                  """,O
2025-09-30 15:30:31.217,"DI_Clamps"".DI.ClampRear.AtTower                  """,O
2025-09-30 15:30:31.228,"DI_Clamps"".DI.ClampRear.AtTower                  """,O
2025-09-30 15:30:31.238,"DI_Clamps"".DI.ClampRear.AtTower                  """,O
2025-09-30 15:30:31.250,"DI_Clamps"".DI.ClampRear.AtTower                  """,O
2025-09-30 15:30:31.261,"DI_Clamps"".DI.ClampRear.AtTower                  """,O
2025-09-30 15:30:31.271,"DI_Clamps"".DI.ClampRear.AtTower                  """,O
2025-09-30 15:30:31.282,"DI_Clamps"".DI.ClampRear.AtTower                  """,O
2025-09-30 15:30:31.293,"DI_Clamps"".DI.ClampRear.AtTower                  """,O
2025-09-30 15:30:31.304,"DI_Clamps"".DI.ClampRear.AtTower                  """,O
2025-09-30 15:30:31.316,"DI_Clamps"".DI.ClampRear.AtTower                  """,O
2025-09-30 15:30:31.327,"DI_Clamps"".DI.ClampRear.AtTower                  """,O
2025-09-30 15:30:31.341,"DI_Clamps"".DI.ClampRear.AtTower                  """,O
2025-09-30 15:30:31.352,"DI_Clamps"".DI.ClampRear.AtTower                  """,O
2025-09-30 15:30:31.363,"DI_Clamps"".DI.ClampRear.AtTower                  """,O
2025-09-30 15:30:31.378,"DI_Clamps"".DI.ClampRear.AtTower                  """,O
2025-09-30 15:30:31.388,"DI_Clamps"".DI.ClampRear.AtTower                  """,O
2025-09-30 15:30:31.399,"DI_Clamps"".DI.ClampRear.AtTower                  """,O
2025-09-30 15:30:31.411,"DI_Clamps"".DI.ClampRear.AtTower                  """,O
2025-09-30 15:30:31.422,"DI_Clamps"".DI.ClampRear.AtTower                  """,O
2025-09-30 15:30:31.433,"DI_Clamps"".DI.ClampRear.AtTower                  """,O
2025-09-30 15:30:31.443,"DI_Clamps"".DI.ClampRear.AtTower                  """,O
2025-09-30 15:30:31.455,"DI_Clamps"".DI.ClampRear.AtTower                  """,O
2025-09-30 15:30:31.466,"DI_Clamps"".DI.ClampRear.AtTower                  """,O
2025-09-30 15:30:31.477,"DI_Clamps"".DI.ClampRear.AtTower                  """,O
2025-09-30 15:30:31.488,"DI_Clamps"".DI.ClampRear.AtTower                  """,O
2025-09-30 15:30:31.498,"DI_Clamps"".DI.ClampRear.AtTower                  """,O
2025-09-30 15:30:31.510,"DI_Clamps"".DI.ClampRear.AtTower                  """,O
2025-09-30 15:30:31.521,"DI_Clamps"".DI.ClampRear.AtTower                  """,O
2025-09-30 15:30:31.532,"DI_Clamps"".DI.ClampRear.AtTower                  """,O
2025-09-30 15:30:31.543,"DI_Clamps"".DI.ClampRear.AtTower                  """,O
2025-09-30 15:30:31.554,"DI_Clamps"".DI.ClampRear.AtTower                  """,O
2025-09-30 15:30:31.565,"DI_Clamps"".DI.ClampRear.AtTower                  """,O
2025-09-30 15:30:31.576,"DI_Clamps"".DI.ClampRear.AtTower                  """,O
2025-09-30 15:30:31.587,"DI_Clamps"".DI.ClampRear.AtTower                  """,O
2025-09-30 15:30:31.597,"DI_Clamps"".DI.ClampRear.AtTower                  """,O
2025-09-30 15:30:31.610,"DI_Clamps"".DI.ClampRear.AtTower                  """,O
2025-09-30 15:30:31.620,"DI_Clamps"".DI.ClampRear.AtTower                  """,O
2025-09-30 15:30:31.631,"DI_Clamps"".DI.ClampRear.AtTower                  """,O
2025-09-30 15:30:31.642,"DI_Clamps"".DI.ClampRear.AtTower                  """,O
2025-09-30 15:30:31.653,"DI_Clamps"".DI.ClampRear.AtTower                  """,O
2025-09-30 15:30:31.663,"DI_Clamps"".DI.ClampRear.AtTower                  """,O
2025-09-30 15:30:31.674,"DI_Clamps"".DI.ClampRear.AtTower                  """,O
2025-09-30 15:30:31.685,"DI_Clamps"".DI.ClampRear.AtTower                  """,O
2025-09-30 15:30:31.696,"DI_Clamps"".DI.ClampRear.AtTower                  """,O
2025-09-30 15:30:31.708,"DI_Clamps"".DI.ClampRear.AtTower                  """,O
2025-09-30 15:30:31.719,"DI_Clamps"".DI.ClampRear.AtTower                  """,O
2025-09-30 15:30:31.729,"DI_Clamps"".DI.ClampRear.AtTower                  """,O
2025-09-30 15:30:31.741,"DI_Clamps"".DI.ClampRear.AtTower                  """,O
2025-09-30 15:30:31.819,"DI_Clamps"".DI.ClampRear.AtTower                  """,O
2025-09-30 15:30:31.830,"DI_Clamps"".DI.ClampRear.AtTower                  """,O
2025-09-30 15:30:31.841,"DI_Clamps"".DI.ClampRear.AtTower                  """,O
2025-09-30 15:30:31.852,"DI_Clamps"".DI.ClampRear.AtTower                  """,O
2025-09-30 15:30:31.862,"DI_Clamps"".DI.ClampRear.AtTower                  """,O
2025-09-30 15:30:31.873,"DI_Clamps"".DI.ClampRear.AtTower                  """,O
2025-09-30 15:30:31.883,"DI_Clamps"".DI.ClampRear.AtTower                  """,O
2025-09-30 15:30:31.898,"DI_Clamps"".DI.ClampRear.AtTower                  """,O
2025-09-30 15:30:31.911,"DI_Clamps"".DI.ClampRear.AtTower                  """,O
2025-09-30 15:30:31.921,"DI_Clamps"".DI.ClampRear.AtTower                  """,O
2025-09-30 15:30:31.932,"DI_Clamps"".DI.ClampRear.AtTower                  """,O
2025-09-30 15:30:31.943,"DI_Clamps"".DI.ClampRear.AtTower                  """,O
2025-09-30 15:30:31.954,"DI_Clamps"".DI.ClampRear.AtTower                  """,O
2025-09-30 15:30:31.964,"DI_Clamps"".DI.ClampRear.AtTower                  """,O
2025-09-30 15:30:31.975,"DI_Clamps"".DI.ClampRear.AtTower                  """,O
2025-09-30 15:30:31.986,"DI_Clamps"".DI.ClampRear.AtTower                  """,O
2025-09-30 15:30:31.997,"DI_Clamps"".DI.ClampRear.AtTower                  """,O
2025-09-30 15:30:32.009,"DI_Clamps"".DI.ClampRear.AtTower                  """,O
2025-09-30 15:30:32.020,"DI_Clamps"".DI.ClampRear.AtTower                  """,O
2025-09-30 15:30:32.030,"DI_Clamps"".DI.ClampRear.AtTower                  """,O
2025-09-30 15:30:32.041,"DI_Clamps"".DI.ClampRear.AtTower                  """,O
2025-09-30 15:30:32.052,"DI_Clamps"".DI.ClampRear.AtTower                  """,O
2025-09-30 15:30:32.063,"DI_Clamps"".DI.ClampRear.AtTower                  """,O
2025-09-30 15:30:32.075,"DI_Clamps"".DI.ClampRear.AtTower                  """,O
2025-09-30 15:30:32.086,"DI_Clamps"".DI.ClampRear.AtTower                  """,O
2025-09-30 15:30:32.097,"DI_Clamps"".DI.ClampRear.AtTower                  """,O
2025-09-30 15:30:32.109,"DI_Clamps"".DI.ClampRear.AtTower                  """,O
2025-09-30 15:30:32.119,"DI_Clamps"".DI.ClampRear.AtTower                  """,O
2025-09-30 15:30:32.130,"DI_Clamps"".DI.ClampRear.AtTower                  """,O
2025-09-30 15:30:32.141,"DI_Clamps"".DI.ClampRear.AtTower                  """,O
2025-09-30 15:30:32.152,"DI_Clamps"".DI.ClampRear.AtTower                  """,O
2025-09-30 15:30:32.163,"DI_Clamps"".DI.ClampRear.AtTower                  """,O
2025-09-30 15:30:32.174,"DI_Clamps"".DI.ClampRear.AtTower                  """,O
2025-09-30 15:30:32.185,"DI_Clamps"".DI.ClampRear.AtTower                  """,O
2025-09-30 15:30:32.196,"DI_Clamps"".DI.ClampRear.AtTower                  """,O
2025-09-30 15:30:32.208,"DI_Clamps"".DI.ClampRear.AtTower                  """,O
2025-09-30 15:30:32.219,"DI_Clamps"".DI.ClampRear.AtTower                  """,O
2025-09-30 15:30:32.230,"DI_Clamps"".DI.ClampRear.AtTower                  """,O
2025-09-30 15:30:32.240,"DI_Clamps"".DI.ClampRear.AtTower                  """,O
2025-09-30 15:30:32.252,"DI_Clamps"".DI.ClampRear.AtTower                  """,O
2025-09-30 15:30:32.262,"DI_Clamps"".DI.ClampRear.AtTower                  """,O
2025-09-30 15:30:32.273,"DI_Clamps"".DI.ClampRear.AtTower                  """,O
2025-09-30 15:30:32.284,"DI_Clamps"".DI.ClampRear.AtTower                  """,O
2025-09-30 15:30:32.295,"DI_Clamps"".DI.ClampRear.AtTower                  """,O
2025-09-30 15:30:32.307,"DI_Clamps"".DI.ClampRear.AtTower                  """,O
2025-09-30 15:30:32.318,"DI_Clamps"".DI.ClampRear.AtTower                  """,O
2025-09-30 15:30:32.329,"DI_Clamps"".DI.ClampRear.AtTower                  """,O
2025-09-30 15:30:32.339,"DI_Clamps"".DI.ClampRear.AtTower                  """,O
2025-09-30 15:30:32.350,"DI_Clamps"".DI.ClampRear.AtTower                  """,O
2025-09-30 15:30:32.361,"DI_Clamps"".DI.ClampRear.AtTower                  """,O
2025-09-30 15:30:32.372,"DI_Clamps"".DI.ClampRear.AtTower                  """,O
2025-09-30 15:30:32.382,"DI_Clamps"".DI.ClampRear.AtTower                  """,O
2025-09-30 15:30:32.393,"DI_Clamps"".DI.ClampRear.AtTower                  """,O
2025-09-30 15:30:32.404,"DI_Clamps"".DI.ClampRear.AtTower                  """,O
2025-09-30 15:30:32.417,"DI_Clamps"".DI.ClampRear.AtTower                  """,O
2025-09-30 15:30:32.427,"DI_Clamps"".DI.ClampRear.AtTower                  """,O
2025-09-30 15:30:32.438,"DI_Clamps"".DI.ClampRear.AtTower                  """,O
2025-09-30 15:30:32.449,"DI_Clamps"".DI.ClampRear.AtTower                  """,O
2025-09-30 15:30:32.460,"DI_Clamps"".DI.ClampRear.AtTower                  """,O
2025-09-30 15:30:32.471,"DI_Clamps"".DI.ClampRear.AtTower                  """,O
2025-09-30 15:30:32.481,"DI_Clamps"".DI.ClampRear.AtTower                  """,O
2025-09-30 15:30:32.492,"DI_Clamps"".DI.ClampRear.AtTower                  """,O
2025-09-30 15:30:32.570,"DI_Clamps"".DI.ClampRear.AtTower                  """,O
2025-09-30 15:30:32.580,"DI_Clamps"".DI.ClampRear.AtTower                  """,O
2025-09-30 15:30:32.591,"DI_Clamps"".DI.ClampRear.AtTower                  """,O
2025-09-30 15:30:32.602,"DI_Clamps"".DI.ClampRear.AtTower                  """,O
2025-09-30 15:30:32.614,"DI_Clamps"".DI.ClampRear.AtTower                  """,O
2025-09-30 15:30:32.625,"DI_Clamps"".DI.ClampRear.AtTower                  """,O
2025-09-30 15:30:32.636,"DI_Clamps"".DI.ClampRear.AtTower                  """,O
2025-09-30 15:30:32.647,"DI_Clamps"".DI.ClampRear.AtTower                  """,O
2025-09-30 15:30:32.657,"DI_Clamps"".DI.ClampRear.AtTower                  """,O
2025-09-30 15:30:32.668,"DI_Clamps"".DI.ClampRear.AtTower                  """,O
2025-09-30 15:30:32.679,"DI_Clamps"".DI.ClampRear.AtTower                  """,O
2025-09-30 15:30:32.690,"DI_Clamps"".DI.ClampRear.AtTower                  """,O
2025-09-30 15:30:32.700,"DI_Clamps"".DI.ClampRear.AtTower                  """,O
2025-09-30 15:30:32.713,"DI_Clamps"".DI.ClampRear.AtTower                  """,O
2025-09-30 15:30:32.724,"DI_Clamps"".DI.ClampRear.AtTower                  """,O
2025-09-30 15:30:32.736,"DI_Clamps"".DI.ClampRear.AtTower                  """,O
2025-09-30 15:30:32.748,"DI_Clamps"".DI.ClampRear.AtTower                  """,O
2025-09-30 15:30:32.759,"DI_Clamps"".DI.ClampRear.AtTower                  """,O
2025-09-30 15:30:32.769,"DI_Clamps"".DI.ClampRear.AtTower                  """,O
2025-09-30 15:30:32.780,"DI_Clamps"".DI.ClampRear.AtTower                  """,O
2025-09-30 15:30:32.791,"DI_Clamps"".DI.ClampRear.AtTower                  """,O
2025-09-30 15:30:32.802,"DI_Clamps"".DI.ClampRear.AtTower                  """,O
2025-09-30 15:30:32.814,"DI_Clamps"".DI.ClampRear.AtTower                  """,O
2025-09-30 15:30:32.826,"DI_Clamps"".DI.ClampRear.AtTower                  """,O
2025-09-30 15:30:32.836,"DI_Clamps"".DI.ClampRear.AtTower                  """,O
2025-09-30 15:30:32.848,"DI_Clamps"".DI.ClampRear.AtTower                  """,O
2025-09-30 15:30:32.859,"DI_Clamps"".DI.ClampRear.AtTower                  """,O
2025-09-30 15:30:32.869,"DI_Clamps"".DI.ClampRear.AtTower                  """,O
2025-09-30 15:30:32.880,"DI_Clamps"".DI.ClampRear.AtTower                  """,O
2025-09-30 15:30:32.891,"DI_Clamps"".DI.ClampRear.AtTower                  """,O
2025-09-30 15:30:32.902,"DI_Clamps"".DI.ClampRear.AtTower                  """,O
2025-09-30 15:30:32.914,"DI_Clamps"".DI.ClampRear.AtTower                  """,O
2025-09-30 15:30:32.925,"DI_Clamps"".DI.ClampRear.AtTower                  """,O
2025-09-30 15:30:32.940,"DI_Clamps"".DI.ClampRear.AtTower                  """,O
2025-09-30 15:30:32.951,"DI_Clamps"".DI.ClampRear.AtTower                  """,O
2025-09-30 15:30:32.961,"DI_Clamps"".DI.ClampRear.AtTower                  """,O
2025-09-30 15:30:32.972,"DI_Clamps"".DI.ClampRear.AtTower                  """,O
2025-09-30 15:30:32.983,"DI_Clamps"".DI.ClampRear.AtTower                  """,O
2025-09-30 15:30:32.993,"DI_Clamps"".DI.ClampRear.AtTower                  """,O
2025-09-30 15:30:33.004,"DI_Clamps"".DI.ClampRear.AtTower                  """,O
2025-09-30 15:30:33.017,"DI_Clamps"".DI.ClampRear.AtTower                  """,O
2025-09-30 15:30:33.027,"DI_Clamps"".DI.ClampRear.AtTower                  """,O
2025-09-30 15:30:33.038,"DI_Clamps"".DI.ClampRear.AtTower                  """,O
2025-09-30 15:30:33.049,"DI_Clamps"".DI.ClampRear.AtTower                  """,O
2025-09-30 15:30:33.060,"DI_Clamps"".DI.ClampRear.AtTower                  """,O
2025-09-30 15:30:33.070,"DI_Clamps"".DI.ClampRear.AtTower                  """,O
2025-09-30 15:30:33.081,"DI_Clamps"".DI.ClampRear.AtTower                  """,O
2025-09-30 15:30:33.092,"DI_Clamps"".DI.ClampRear.AtTower                  """,O
2025-09-30 15:30:33.103,"DI_Clamps"".DI.ClampRear.AtTower                  """,O
2025-09-30 15:30:33.115,"DI_Clamps"".DI.ClampRear.AtTower                  """,O
2025-09-30 15:30:33.127,"DI_Clamps"".DI.ClampRear.AtTower                  """,O
2025-09-30 15:30:33.137,"DI_Clamps"".DI.ClampRear.AtTower                  """,O
2025-09-30 15:30:33.149,"DI_Clamps"".DI.ClampRear.AtTower                  """,O
2025-09-30 15:30:33.160,"DI_Clamps"".DI.ClampRear.AtTower                  """,O
2025-09-30 15:30:33.171,"DI_Clamps"".DI.ClampRear.AtTower                  """,O
2025-09-30 15:30:33.182,"DI_Clamps"".DI.ClampRear.AtTower                  """,O
2025-09-30 15:30:33.192,"DI_Clamps"".DI.ClampRear.AtTower                  """,O
2025-09-30 15:30:33.203,"DI_Clamps"".DI.ClampRear.AtTower                  """,O
2025-09-30 15:30:33.216,"DI_Clamps"".DI.ClampRear.AtTower                  """,O
2025-09-30 15:30:33.227,"DI_Clamps"".DI.ClampRear.AtTower                  """,O
2025-09-30 15:30:33.237,"DI_Clamps"".DI.ClampRear.AtTower                  """,O
2025-09-30 15:30:33.249,"DI_Clamps"".DI.ClampRear.AtTower                  """,O
2025-09-30 15:30:33.259,"DI_Clamps"".DI.ClampRear.AtTower                  """,O
2025-09-30 15:30:33.337,"DI_Clamps"".DI.ClampRear.AtTower                  """,O
2025-09-30 15:30:33.349,"DI_Clamps"".DI.ClampRear.AtTower                  """,O
2025-09-30 15:30:33.359,"DI_Clamps"".DI.ClampRear.AtTower                  """,O
2025-09-30 15:30:33.370,"DI_Clamps"".DI.ClampRear.AtTower                  """,O
2025-09-30 15:30:33.381,"DI_Clamps"".DI.ClampRear.AtTower                  """,O
2025-09-30 15:30:33.392,"DI_Clamps"".DI.ClampRear.AtTower                  """,O
2025-09-30 15:30:33.402,"DI_Clamps"".DI.ClampRear.AtTower                  """,O
2025-09-30 15:30:33.414,"DI_Clamps"".DI.ClampRear.AtTower                  """,O
2025-09-30 15:30:33.426,"DI_Clamps"".DI.ClampRear.AtTower                  """,O
2025-09-30 15:30:33.436,"DI_Clamps"".DI.ClampRear.AtTower                  """,O
2025-09-30 15:30:33.488,"DI_Clamps"".DI.ClampRear.AtTower                  """,O
2025-09-30 15:30:33.499,"DI_Clamps"".DI.ClampRear.AtTower                  """,O
2025-09-30 15:30:33.514,"DI_Clamps"".DI.ClampRear.AtTower                  """,O
2025-09-30 15:30:33.526,"DI_Clamps"".DI.ClampRear.AtTower                  """,O
2025-09-30 15:30:33.537,"DI_Clamps"".DI.ClampRear.AtTower                  """,O
2025-09-30 15:30:33.548,"DI_Clamps"".DI.ClampRear.AtTower                  """,O
2025-09-30 15:30:33.559,"DI_Clamps"".DI.ClampRear.AtTower                  """,O
2025-09-30 15:30:33.570,"DI_Clamps"".DI.ClampRear.AtTower                  """,O
2025-09-30 15:30:33.580,"DI_Clamps"".DI.ClampRear.AtTower                  """,O
2025-09-30 15:30:33.592,"DI_Clamps"".DI.ClampRear.AtTower                  """,O
2025-09-30 15:30:33.603,"DI_Clamps"".DI.ClampRear.AtTower                  """,O
2025-09-30 15:30:33.615,"DI_Clamps"".DI.ClampRear.AtTower                  """,O
2025-09-30 15:30:33.626,"DI_Clamps"".DI.ClampRear.AtTower                  """,O
2025-09-30 15:30:33.637,"DI_Clamps"".DI.ClampRear.AtTower                  """,O
2025-09-30 15:30:33.648,"DI_Clamps"".DI.ClampRear.AtTower                  """,O
2025-09-30 15:30:33.659,"DI_Clamps"".DI.ClampRear.AtTower                  """,O
2025-09-30 15:30:33.670,"DI_Clamps"".DI.ClampRear.AtTower                  """,O
2025-09-30 15:30:33.681,"DI_Clamps"".DI.ClampRear.AtTower                  """,O
2025-09-30 15:30:33.692,"DI_Clamps"".DI.ClampRear.AtTower                  """,O
2025-09-30 15:30:33.703,"DI_Clamps"".DI.ClampRear.AtTower                  """,O
2025-09-30 15:30:33.715,"DI_Clamps"".DI.ClampRear.AtTower                  """,O
2025-09-30 15:30:33.726,"DI_Clamps"".DI.ClampRear.AtTower                  """,O
2025-09-30 15:30:33.737,"DI_Clamps"".DI.ClampRear.AtTower                  """,O
2025-09-30 15:30:33.749,"DI_Clamps"".DI.ClampRear.AtTower                  """,O
2025-09-30 15:30:33.760,"DI_Clamps"".DI.ClampRear.AtTower                  """,O
2025-09-30 15:30:33.770,"DI_Clamps"".DI.ClampRear.AtTower                  """,O
2025-09-30 15:30:33.781,"DI_Clamps"".DI.ClampRear.AtTower                  """,O
2025-09-30 15:30:33.792,"DI_Clamps"".DI.ClampRear.AtTower                  """,O
2025-09-30 15:30:33.803,"DI_Clamps"".DI.ClampRear.AtTower                  """,O
2025-09-30 15:30:33.816,"DI_Clamps"".DI.ClampRear.AtTower                  """,O
2025-09-30 15:30:33.826,"DI_Clamps"".DI.ClampRear.AtTower                  """,O
2025-09-30 15:30:33.837,"DI_Clamps"".DI.ClampRear.AtTower                  """,O
2025-09-30 15:30:33.849,"DI_Clamps"".DI.ClampRear.AtTower                  """,O
2025-09-30 15:30:33.860,"DI_Clamps"".DI.ClampRear.AtTower                  """,O
2025-09-30 15:30:33.871,"DI_Clamps"".DI.ClampRear.AtTower                  """,O
2025-09-30 15:30:33.882,"DI_Clamps"".DI.ClampRear.AtTower                  """,O
2025-09-30 15:30:33.892,"DI_Clamps"".DI.ClampRear.AtTower                  """,O
2025-09-30 15:30:33.903,"DI_Clamps"".DI.ClampRear.AtTower                  """,O
2025-09-30 15:30:33.916,"DI_Clamps"".DI.ClampRear.AtTower                  """,O
2025-09-30 15:30:33.926,"DI_Clamps"".DI.ClampRear.AtTower                  """,O
2025-09-30 15:30:33.937,"DI_Clamps"".DI.ClampRear.AtTower                  """,O
2025-09-30 15:30:33.949,"DI_Clamps"".DI.ClampRear.AtTower                  """,O
2025-09-30 15:30:33.959,"DI_Clamps"".DI.ClampRear.AtTower                  """,O
2025-09-30 15:30:33.970,"DI_Clamps"".DI.ClampRear.AtTower                  """,O
2025-09-30 15:30:33.981,"DI_Clamps"".DI.ClampRear.AtTower                  """,O
2025-09-30 15:30:33.991,"DI_Clamps"".DI.ClampRear.AtTower                  """,O
2025-09-30 15:30:34.007,"DI_Clamps"".DI.ClampRear.AtTower                  """,O
2025-09-30 15:30:34.018,"DI_Clamps"".DI.ClampRear.AtTower                  """,O
2025-09-30 15:30:34.029,"DI_Clamps"".DI.ClampRear.AtTower                  """,O
2025-09-30 15:30:34.040,"DI_Clamps"".DI.ClampRear.AtTower                  """,O
2025-09-30 15:30:34.051,"DI_Clamps"".DI.ClampRear.AtTower                  """,O
2025-09-30 15:30:34.062,"DI_Clamps"".DI.ClampRear.AtTower                  """,O
2025-09-30 15:30:34.073,"DI_Clamps"".DI.ClampRear.AtTower                  """,O
2025-09-30 15:30:34.084,"DI_Clamps"".DI.ClampRear.AtTower                  """,O
2025-09-30 15:30:34.094,"DI_Clamps"".DI.ClampRear.AtTower                  """,O
2025-09-30 15:30:34.107,"DI_Clamps"".DI.ClampRear.AtTower                  """,O
2025-09-30 15:30:34.118,"DI_Clamps"".DI.ClampRear.AtTower                  """,O
2025-09-30 15:30:34.132,"DI_Clamps"".DI.ClampRear.AtTower                  """,O
2025-09-30 15:30:34.143,"DI_Clamps"".DI.ClampRear.AtTower                  """,O
2025-09-30 15:30:34.154,"DI_Clamps"".DI.ClampRear.AtTower                  """,O
2025-09-30 15:30:34.165,"DI_Clamps"".DI.ClampRear.AtTower                  """,O
2025-09-30 15:30:34.176,"DI_Clamps"".DI.ClampRear.AtTower                  """,O
2025-09-30 15:30:34.187,"DI_Clamps"".DI.ClampRear.AtTower                  """,O
2025-09-30 15:30:34.198,"DI_Clamps"".DI.ClampRear.AtTower                  """,O
2025-09-30 15:30:34.210,"DI_Clamps"".DI.ClampRear.AtTower                  """,O
2025-09-30 15:30:34.221,"DI_Clamps"".DI.ClampRear.AtTower                  """,O
2025-09-30 15:30:34.231,"DI_Clamps"".DI.ClampRear.AtTower                  """,O
2025-09-30 15:30:34.242,"DI_Clamps"".DI.ClampRear.AtTower                  """,O
2025-09-30 15:30:34.253,"DI_Clamps"".DI.ClampRear.AtTower                  """,O
2025-09-30 15:30:34.333,"DI_Clamps"".DI.ClampRear.AtTower                  """,O
2025-09-30 15:30:34.343,"DI_Clamps"".DI.ClampRear.AtTower                  """,O
2025-09-30 15:30:34.354,"DI_Clamps"".DI.ClampRear.AtTower                  """,O
2025-09-30 15:30:34.365,"DI_Clamps"".DI.ClampRear.AtTower                  """,O
2025-09-30 15:30:34.376,"DI_Clamps"".DI.ClampRear.AtTower                  """,O
2025-09-30 15:30:34.387,"DI_Clamps"".DI.ClampRear.AtTower                  """,O
2025-09-30 15:30:34.398,"DI_Clamps"".DI.ClampRear.AtTower                  """,O
2025-09-30 15:30:34.410,"DI_Clamps"".DI.ClampRear.AtTower                  """,O
2025-09-30 15:30:34.422,"DI_Clamps"".DI.ClampRear.AtTower                  """,O
2025-09-30 15:30:34.433,"DI_Clamps"".DI.ClampRear.AtTower                  """,O
2025-09-30 15:30:34.443,"DI_Clamps"".DI.ClampRear.AtTower                  """,O
2025-09-30 15:30:34.455,"DI_Clamps"".DI.ClampRear.AtTower                  """,O
2025-09-30 15:30:34.466,"DI_Clamps"".DI.ClampRear.AtTower                  """,O
2025-09-30 15:30:34.477,"DI_Clamps"".DI.ClampRear.AtTower                  """,O
2025-09-30 15:30:34.488,"DI_Clamps"".DI.ClampRear.AtTower                  """,O
2025-09-30 15:30:34.498,"DI_Clamps"".DI.ClampRear.AtTower                  """,O
2025-09-30 15:30:34.510,"DI_Clamps"".DI.ClampRear.AtTower                  """,O
2025-09-30 15:30:34.521,"DI_Clamps"".DI.ClampRear.AtTower                  """,O
2025-09-30 15:30:34.532,"DI_Clamps"".DI.ClampRear.AtTower                  """,O
2025-09-30 15:30:34.543,"DI_Clamps"".DI.ClampRear.AtTower                  """,O
2025-09-30 15:30:34.554,"DI_Clamps"".DI.ClampRear.AtTower                  """,O
2025-09-30 15:30:34.566,"DI_Clamps"".DI.ClampRear.AtTower                  """,O
2025-09-30 15:30:34.576,"DI_Clamps"".DI.ClampRear.AtTower                  """,O
2025-09-30 15:30:34.587,"DI_Clamps"".DI.ClampRear.AtTower                  """,O
2025-09-30 15:30:34.598,"DI_Clamps"".DI.ClampRear.AtTower                  """,O
2025-09-30 15:30:34.610,"DI_Clamps"".DI.ClampRear.AtTower                  """,O
2025-09-30 15:30:34.621,"DI_Clamps"".DI.ClampRear.AtTower                  """,O
2025-09-30 15:30:34.632,"DI_Clamps"".DI.ClampRear.AtTower                  """,O
2025-09-30 15:30:34.643,"DI_Clamps"".DI.ClampRear.AtTower                  """,O
2025-09-30 15:30:34.654,"DI_Clamps"".DI.ClampRear.AtTower                  """,O
2025-09-30 15:30:34.665,"DI_Clamps"".DI.ClampRear.AtTower                  """,O
2025-09-30 15:30:34.676,"DI_Clamps"".DI.ClampRear.AtTower                  """,O
2025-09-30 15:30:34.687,"DI_Clamps"".DI.ClampRear.AtTower                  """,O
2025-09-30 15:30:34.697,"DI_Clamps"".DI.ClampRear.AtTower                  """,O
2025-09-30 15:30:34.709,"DI_Clamps"".DI.ClampRear.AtTower                  """,O
2025-09-30 15:30:34.720,"DI_Clamps"".DI.ClampRear.AtTower                  """,O
2025-09-30 15:30:34.731,"DI_Clamps"".DI.ClampRear.AtTower                  """,O
2025-09-30 15:30:34.742,"DI_Clamps"".DI.ClampRear.AtTower                  """,O
2025-09-30 15:30:34.753,"DI_Clamps"".DI.ClampRear.AtTower                  """,O
2025-09-30 15:30:34.764,"DI_Clamps"".DI.ClampRear.AtTower                  """,O
2025-09-30 15:30:34.774,"DI_Clamps"".DI.ClampRear.AtTower                  """,O
2025-09-30 15:30:34.785,"DI_Clamps"".DI.ClampRear.AtTower                  """,O
2025-09-30 15:30:34.796,"DI_Clamps"".DI.ClampRear.AtTower                  """,O
2025-09-30 15:30:34.808,"DI_Clamps"".DI.ClampRear.AtTower                  """,O
2025-09-30 15:30:34.819,"DI_Clamps"".DI.ClampRear.AtTower                  """,O
2025-09-30 15:30:34.830,"DI_Clamps"".DI.ClampRear.AtTower                  """,O
2025-09-30 15:30:34.841,"DI_Clamps"".DI.ClampRear.AtTower                  """,O
2025-09-30 15:30:34.851,"DI_Clamps"".DI.ClampRear.AtTower                  """,O
2025-09-30 15:30:34.862,"DI_Clamps"".DI.ClampRear.AtTower                  """,O
2025-09-30 15:30:34.873,"DI_Clamps"".DI.ClampRear.AtTower                  """,O
2025-09-30 15:30:34.883,"DI_Clamps"".DI.ClampRear.AtTower                  """,O
2025-09-30 15:30:34.894,"DI_Clamps"".DI.ClampRear.AtTower                  """,O
2025-09-30 15:30:34.907,"DI_Clamps"".DI.ClampRear.AtTower                  """,O
2025-09-30 15:30:34.918,"DI_Clamps"".DI.ClampRear.AtTower                  """,O
2025-09-30 15:30:34.932,"DI_Clamps"".DI.ClampRear.AtTower                  """,O
2025-09-30 15:30:34.943,"DI_Clamps"".DI.ClampRear.AtTower                  """,O
2025-09-30 15:30:34.954,"DI_Clamps"".DI.ClampRear.AtTower                  """,O
2025-09-30 15:30:34.964,"DI_Clamps"".DI.ClampRear.AtTower                  """,O
2025-09-30 15:30:34.976,"DI_Clamps"".DI.ClampRear.AtTower                  """,O
2025-09-30 15:30:34.986,"DI_Clamps"".DI.ClampRear.AtTower                  """,O
2025-09-30 15:30:34.997,"DI_Clamps"".DI.ClampRear.AtTower                  """,O
2025-09-30 15:30:35.009,"DI_Clamps"".DI.ClampRear.AtTower                  """,O
2025-09-30 15:30:35.020,"DI_Clamps"".DI.ClampRear.AtTower                  """,O
2025-09-30 15:30:35.034,"DI_Clamps"".DI.ClampRear.AtTower                  """,O
2025-09-30 15:30:35.045,"DI_Clamps"".DI.ClampRear.AtTower                  """,O
2025-09-30 15:30:35.056,"DI_Clamps"".DI.ClampRear.AtTower                  """,O
2025-09-30 15:30:35.067,"DI_Clamps"".DI.ClampRear.AtTower                  """,O
2025-09-30 15:30:35.077,"DI_Clamps"".DI.ClampRear.AtTower                  """,O
2025-09-30 15:30:35.088,"DI_Clamps"".DI.ClampRear.AtTower                  """,O
2025-09-30 15:30:35.099,"DI_Clamps"".DI.ClampRear.AtTower                  """,O
2025-09-30 15:30:35.111,"DI_Clamps"".DI.ClampRear.AtTower                  """,O
2025-09-30 15:30:35.122,"DI_Clamps"".DI.ClampRear.AtTower                  """,O
2025-09-30 15:30:35.132,"DI_Clamps"".DI.ClampRear.AtTower                  """,O
2025-09-30 15:30:35.144,"DI_Clamps"".DI.ClampRear.AtTower                  """,O
2025-09-30 15:30:35.156,"DI_Clamps"".DI.ClampRear.AtTower                  """,O
2025-09-30 15:30:35.166,"DI_Clamps"".DI.ClampRear.AtTower                  """,O
2025-09-30 15:30:35.177,"DI_Clamps"".DI.ClampRear.AtTower                  """,O
2025-09-30 15:30:35.188,"DI_Clamps"".DI.ClampRear.AtTower                  """,O
2025-09-30 15:30:35.199,"DI_Clamps"".DI.ClampRear.AtTower                  """,O
2025-09-30 15:30:35.211,"DI_Clamps"".DI.ClampRear.AtTower                  """,O
2025-09-30 15:30:35.222,"DI_Clamps"".DI.ClampRear.AtTower                  """,O
2025-09-30 15:30:35.232,"DI_Clamps"".DI.ClampRear.AtTower                  """,O
2025-09-30 15:30:35.243,"DI_Clamps"".DI.ClampRear.AtTower                  """,O
2025-09-30 15:30:35.254,"DI_Clamps"".DI.ClampRear.AtTower                  """,O
2025-09-30 15:30:35.331,"DI_Clamps"".DI.ClampRear.AtTower                  """,O
2025-09-30 15:30:35.342,"DI_Clamps"".DI.ClampRear.AtTower                  """,O
2025-09-30 15:30:35.353,"DI_Clamps"".DI.ClampRear.AtTower                  """,O
2025-09-30 15:30:35.364,"DI_Clamps"".DI.ClampRear.AtTower                  """,O
2025-09-30 15:30:35.374,"DI_Clamps"".DI.ClampRear.AtTower                  """,O
2025-09-30 15:30:35.385,"DI_Clamps"".DI.ClampRear.AtTower                  """,O
2025-09-30 15:30:35.396,"DI_Clamps"".DI.ClampRear.AtTower                  """,O
2025-09-30 15:30:35.408,"DI_Clamps"".DI.ClampRear.AtTower                  """,O
2025-09-30 15:30:35.419,"DI_Clamps"".DI.ClampRear.AtTower                  """,O
2025-09-30 15:30:35.430,"DI_Clamps"".DI.ClampRear.AtTower                  """,O
2025-09-30 15:30:35.441,"DI_Clamps"".DI.ClampRear.AtTower                  """,O
2025-09-30 15:30:35.451,"DI_Clamps"".DI.ClampRear.AtTower                  """,O
2025-09-30 15:30:35.462,"DI_Clamps"".DI.ClampRear.AtTower                  """,O
2025-09-30 15:30:35.473,"DI_Clamps"".DI.ClampRear.AtTower                  """,O
2025-09-30 15:30:35.484,"DI_Clamps"".DI.ClampRear.AtTower                  """,O
2025-09-30 15:30:35.494,"DI_Clamps"".DI.ClampRear.AtTower                  """,O
2025-09-30 15:30:35.507,"DI_Clamps"".DI.ClampRear.AtTower                  """,O
2025-09-30 15:30:35.518,"DI_Clamps"".DI.ClampRear.AtTower                  """,O
2025-09-30 15:30:35.532,"DI_Clamps"".DI.ClampRear.AtTower                  """,O
2025-09-30 15:30:35.629,"DI_Clamps"".DI.ClampRear.AtTower                  """,O
2025-09-30 15:30:35.640,"DI_Clamps"".DI.ClampRear.AtTower                  """,O
2025-09-30 15:30:35.652,"DI_Clamps"".DI.ClampRear.AtTower                  """,O
2025-09-30 15:30:35.663,"DI_Clamps"".DI.ClampRear.AtTower                  """,O
2025-09-30 15:30:35.675,"DI_Clamps"".DI.ClampRear.AtTower                  """,O
2025-09-30 15:30:35.689,"DI_Clamps"".DI.ClampRear.AtTower                  """,O
2025-09-30 15:30:35.700,"DI_Clamps"".DI.ClampRear.AtTower                  """,O
2025-09-30 15:30:35.712,"DI_Clamps"".DI.ClampRear.AtTower                  """,O
2025-09-30 15:30:35.723,"DI_Clamps"".DI.ClampRear.AtTower                  """,O
2025-09-30 15:30:35.734,"DI_Clamps"".DI.ClampRear.AtTower                  """,O
2025-09-30 15:30:35.746,"DI_Clamps"".DI.ClampRear.AtTower                  """,O
2025-09-30 15:30:35.757,"DI_Clamps"".DI.ClampRear.AtTower                  """,O
2025-09-30 15:30:35.767,"DI_Clamps"".DI.ClampRear.AtTower                  """,O
2025-09-30 15:30:35.778,"DI_Clamps"".DI.ClampRear.AtTower                  """,O
2025-09-30 15:30:35.789,"DI_Clamps"".DI.ClampRear.AtTower                  """,O
2025-09-30 15:30:35.799,"DI_Clamps"".DI.ClampRear.AtTower                  """,O
2025-09-30 15:30:35.812,"DI_Clamps"".DI.ClampRear.AtTower                  """,O
2025-09-30 15:30:35.822,"DI_Clamps"".DI.ClampRear.AtTower                  """,O
2025-09-30 15:30:35.833,"DI_Clamps"".DI.ClampRear.AtTower                  """,O
2025-09-30 15:30:35.844,"DI_Clamps"".DI.ClampRear.AtTower                  """,O
2025-09-30 15:30:35.855,"DI_Clamps"".DI.ClampRear.AtTower                  """,O
2025-09-30 15:30:35.866,"DI_Clamps"".DI.ClampRear.AtTower                  """,O
2025-09-30 15:30:35.876,"DI_Clamps"".DI.ClampRear.AtTower                  """,O
2025-09-30 15:30:35.887,"DI_Clamps"".DI.ClampRear.AtTower                  """,O
2025-09-30 15:30:35.898,"DI_Clamps"".DI.ClampRear.AtTower                  """,O
2025-09-30 15:30:35.910,"DI_Clamps"".DI.ClampRear.AtTower                  """,O
2025-09-30 15:30:35.921,"DI_Clamps"".DI.ClampRear.AtTower                  """,O
2025-09-30 15:30:35.932,"DI_Clamps"".DI.ClampRear.AtTower                  """,O
2025-09-30 15:30:35.942,"DI_Clamps"".DI.ClampRear.AtTower                  """,O
2025-09-30 15:30:35.953,"DI_Clamps"".DI.ClampRear.AtTower                  """,O
2025-09-30 15:30:35.964,"DI_Clamps"".DI.ClampRear.AtTower                  """,O
2025-09-30 15:30:35.975,"DI_Clamps"".DI.ClampRear.AtTower                  """,O
2025-09-30 15:30:35.986,"DI_Clamps"".DI.ClampRear.AtTower                  """,O
2025-09-30 15:30:35.996,"DI_Clamps"".DI.ClampRear.AtTower                  """,O
2025-09-30 15:30:36.008,"DI_Clamps"".DI.ClampRear.AtTower                  """,O
2025-09-30 15:30:36.019,"DI_Clamps"".DI.ClampRear.AtTower                  """,O
2025-09-30 15:30:36.030,"DI_Clamps"".DI.ClampRear.AtTower                  """,O
2025-09-30 15:30:36.041,"DI_Clamps"".DI.ClampRear.AtTower                  """,O
2025-09-30 15:30:36.051,"DI_Clamps"".DI.ClampRear.AtTower                  """,O
2025-09-30 15:30:36.066,"DI_Clamps"".DI.ClampRear.AtTower                  """,O
2025-09-30 15:30:36.077,"DI_Clamps"".DI.ClampRear.AtTower                  """,O
2025-09-30 15:30:36.088,"DI_Clamps"".DI.ClampRear.AtTower                  """,O
2025-09-30 15:30:36.099,"DI_Clamps"".DI.ClampRear.AtTower                  """,O
2025-09-30 15:30:36.112,"DI_Clamps"".DI.ClampRear.AtTower                  """,O
2025-09-30 15:30:36.123,"DI_Clamps"".DI.ClampRear.AtTower                  """,O
2025-09-30 15:30:36.133,"DI_Clamps"".DI.ClampRear.AtTower                  """,O
2025-09-30 15:30:36.144,"DI_Clamps"".DI.ClampRear.AtTower                  """,O
2025-09-30 15:30:36.155,"DI_Clamps"".DI.ClampRear.AtTower                  """,O
2025-09-30 15:30:36.166,"DI_Clamps"".DI.ClampRear.AtTower                  """,O
2025-09-30 15:30:36.177,"DI_Clamps"".DI.ClampRear.AtTower                  """,O
2025-09-30 15:30:36.187,"DI_Clamps"".DI.ClampRear.AtTower                  """,O
2025-09-30 15:30:36.198,"DI_Clamps"".DI.ClampRear.AtTower                  """,O
2025-09-30 15:30:36.210,"DI_Clamps"".DI.ClampRear.AtTower                  """,O
2025-09-30 15:30:36.221,"DI_Clamps"".DI.ClampRear.AtTower                  """,O
2025-09-30 15:30:36.232,"DI_Clamps"".DI.ClampRear.AtTower                  """,O
2025-09-30 15:30:36.242,"DI_Clamps"".DI.ClampRear.AtTower                  """,O
2025-09-30 15:30:36.253,"DI_Clamps"".DI.ClampRear.AtTower                  """,O
2025-09-30 15:30:36.264,"DI_Clamps"".DI.ClampRear.AtTower                  """,O
2025-09-30 15:30:36.275,"DI_Clamps"".DI.ClampRear.AtTower                  """,O
2025-09-30 15:30:36.286,"DI_Clamps"".DI.ClampRear.AtTower                  """,O
2025-09-30 15:30:36.297,"DI_Clamps"".DI.ClampRear.AtTower                  """,O
2025-09-30 15:30:36.309,"DI_Clamps"".DI.ClampRear.AtTower                  """,O
2025-09-30 15:30:36.319,"DI_Clamps"".DI.ClampRear.AtTower                  """,O
2025-09-30 15:30:36.330,"DI_Clamps"".DI.ClampRear.AtTower                  """,O
2025-09-30 15:30:36.414,"DI_Clamps"".DI.ClampRear.AtTower                  """,O
2025-09-30 15:30:36.532,"DI_Clamps"".DI.ClampRear.AtTower                  """,O
2025-09-30 15:30:36.543,"DI_Clamps"".DI.ClampRear.AtTower                  """,O
2025-09-30 15:30:36.554,"DI_Clamps"".DI.ClampRear.AtTower                  """,O
2025-09-30 15:30:36.565,"DI_Clamps"".DI.ClampRear.AtTower                  """,O
2025-09-30 15:30:36.579,"DI_Clamps"".DI.ClampRear.AtTower                  """,O
2025-09-30 15:30:36.590,"DI_Clamps"".DI.ClampRear.AtTower                  """,O
2025-09-30 15:30:36.601,"DI_Clamps"".DI.ClampRear.AtTower                  """,O
2025-09-30 15:30:36.613,"DI_Clamps"".DI.ClampRear.AtTower                  """,O
2025-09-30 15:30:36.624,"DI_Clamps"".DI.ClampRear.AtTower                  """,O
2025-09-30 15:30:36.636,"DI_Clamps"".DI.ClampRear.AtTower                  """,O
2025-09-30 15:30:36.646,"DI_Clamps"".DI.ClampRear.AtTower                  """,O
2025-09-30 15:30:36.657,"DI_Clamps"".DI.ClampRear.AtTower                  """,O
2025-09-30 15:30:36.668,"DI_Clamps"".DI.ClampRear.AtTower                  """,O
2025-09-30 15:30:36.679,"DI_Clamps"".DI.ClampRear.AtTower                  """,O
2025-09-30 15:30:36.690,"DI_Clamps"".DI.ClampRear.AtTower                  """,O
2025-09-30 15:30:36.700,"DI_Clamps"".DI.ClampRear.AtTower                  """,O
2025-09-30 15:30:36.713,"DI_Clamps"".DI.ClampRear.AtTower                  """,O
2025-09-30 15:30:36.724,"DI_Clamps"".DI.ClampRear.AtTower                  """,O
2025-09-30 15:30:36.735,"DI_Clamps"".DI.ClampRear.AtTower                  """,O
2025-09-30 15:30:36.746,"DI_Clamps"".DI.ClampRear.AtTower                  """,O
2025-09-30 15:30:36.757,"DI_Clamps"".DI.ClampRear.AtTower                  """,O
2025-09-30 15:30:36.768,"DI_Clamps"".DI.ClampRear.AtTower                  """,O
2025-09-30 15:30:36.779,"DI_Clamps"".DI.ClampRear.AtTower                  """,O
2025-09-30 15:30:36.789,"DI_Clamps"".DI.ClampRear.AtTower                  """,O
2025-09-30 15:30:36.800,"DI_Clamps"".DI.ClampRear.AtTower                  """,O
2025-09-30 15:30:36.813,"DI_Clamps"".DI.ClampRear.AtTower                  """,O
2025-09-30 15:30:36.824,"DI_Clamps"".DI.ClampRear.AtTower                  """,O
2025-09-30 15:30:36.835,"DI_Clamps"".DI.ClampRear.AtTower                  """,O
2025-09-30 15:30:36.846,"DI_Clamps"".DI.ClampRear.AtTower                  """,O
2025-09-30 15:30:36.858,"DI_Clamps"".DI.ClampRear.AtTower                  """,O
2025-09-30 15:30:36.872,"DI_Clamps"".DI.ClampRear.AtTower                  """,O
2025-09-30 15:30:36.887,"DI_Clamps"".DI.ClampRear.AtTower                  """,O
2025-09-30 15:30:36.902,"DI_Clamps"".DI.ClampRear.AtTower                  """,O
2025-09-30 15:30:36.914,"DI_Clamps"".DI.ClampRear.AtTower                  """,O
2025-09-30 15:30:36.925,"DI_Clamps"".DI.ClampRear.AtTower                  """,O
2025-09-30 15:30:36.936,"DI_Clamps"".DI.ClampRear.AtTower                  """,O
2025-09-30 15:30:36.947,"DI_Clamps"".DI.ClampRear.AtTower                  """,O
2025-09-30 15:30:36.958,"DI_Clamps"".DI.ClampRear.AtTower                  """,O
2025-09-30 15:30:36.968,"DI_Clamps"".DI.ClampRear.AtTower                  """,O
2025-09-30 15:30:36.979,"DI_Clamps"".DI.ClampRear.AtTower                  """,O
2025-09-30 15:30:36.990,"DI_Clamps"".DI.ClampRear.AtTower                  """,O
2025-09-30 15:30:37.001,"DI_Clamps"".DI.ClampRear.AtTower                  """,O
2025-09-30 15:30:37.013,"DI_Clamps"".DI.ClampRear.AtTower                  """,O
2025-09-30 15:30:37.024,"DI_Clamps"".DI.ClampRear.AtTower                  """,O
2025-09-30 15:30:37.035,"DI_Clamps"".DI.ClampRear.AtTower                  """,O
2025-09-30 15:30:37.046,"DI_Clamps"".DI.ClampRear.AtTower                  """,O
2025-09-30 15:30:37.057,"DI_Clamps"".DI.ClampRear.AtTower                  """,O
2025-09-30 15:30:37.068,"DI_Clamps"".DI.ClampRear.AtTower                  """,O
2025-09-30 15:30:37.078,"DI_Clamps"".DI.ClampRear.AtTower                  """,O
2025-09-30 15:30:37.092,"DI_Clamps"".DI.ClampRear.AtTower                  """,O
2025-09-30 15:30:37.103,"DI_Clamps"".DI.ClampRear.AtTower                  """,O
2025-09-30 15:30:37.116,"DI_Clamps"".DI.ClampRear.AtTower                  """,O
2025-09-30 15:30:37.126,"DI_Clamps"".DI.ClampRear.AtTower                  """,O
2025-09-30 15:30:37.137,"DI_Clamps"".DI.ClampRear.AtTower                  """,O
2025-09-30 15:30:37.148,"DI_Clamps"".DI.ClampRear.AtTower                  """,O
2025-09-30 15:30:37.159,"DI_Clamps"".DI.ClampRear.AtTower                  """,O
2025-09-30 15:30:37.169,"DI_Clamps"".DI.ClampRear.AtTower                  """,O
2025-09-30 15:30:37.180,"DI_Clamps"".DI.ClampRear.AtTower                  """,O
2025-09-30 15:30:37.191,"DI_Clamps"".DI.ClampRear.AtTower                  """,O
2025-09-30 15:30:37.202,"DI_Clamps"".DI.ClampRear.AtTower                  """,O
2025-09-30 15:30:37.214,"DI_Clamps"".DI.ClampRear.AtTower                  """,O
2025-09-30 15:30:37.225,"DI_Clamps"".DI.ClampRear.AtTower                  """,O
2025-09-30 15:30:37.236,"DI_Clamps"".DI.ClampRear.AtTower                  """,O
2025-09-30 15:30:37.247,"DI_Clamps"".DI.ClampRear.AtTower                  """,O
2025-09-30 15:30:37.257,"DI_Clamps"".DI.ClampRear.AtTower                  """,O
2025-09-30 15:30:37.268,"DI_Clamps"".DI.ClampRear.AtTower                  """,O
2025-09-30 15:30:37.279,"DI_Clamps"".DI.ClampRear.AtTower                  """,O
2025-09-30 15:30:37.289,"DI_Clamps"".DI.ClampRear.AtTower                  """,O
2025-09-30 15:30:37.300,"DI_Clamps"".DI.ClampRear.AtTower                  """,O
2025-09-30 15:30:37.313,"DI_Clamps"".DI.ClampRear.AtTower                  """,O
2025-09-30 15:30:37.324,"DI_Clamps"".DI.ClampRear.AtTower                  """,O
2025-09-30 15:30:37.335,"DI_Clamps"".DI.ClampRear.AtTower                  """,O
2025-09-30 15:30:37.346,"DI_Clamps"".DI.ClampRear.AtTower                  """,O
2025-09-30 15:30:37.356,"DI_Clamps"".DI.ClampRear.AtTower                  """,O
2025-09-30 15:30:37.367,"DI_Clamps"".DI.ClampRear.AtTower                  """,O
2025-09-30 15:30:37.378,"DI_Clamps"".DI.ClampRear.AtTower                  """,O
2025-09-30 15:30:37.389,"DI_Clamps"".DI.ClampRear.AtTower                  """,O
2025-09-30 15:30:37.399,"DI_Clamps"".DI.ClampRear.AtTower                  """,O
2025-09-30 15:30:37.412,"DI_Clamps"".DI.ClampRear.AtTower                  """,O
2025-09-30 15:30:37.423,"DI_Clamps"".DI.ClampRear.AtTower                  """,O
2025-09-30 15:30:37.434,"DI_Clamps"".DI.ClampRear.AtTower                  """,O
2025-09-30 15:30:37.446,"DI_Clamps"".DI.ClampRear.AtTower                  """,O
2025-09-30 15:30:37.523,"DI_Clamps"".DI.ClampRear.AtTower                  """,O
2025-09-30 15:30:37.534,"DI_Clamps"".DI.ClampRear.AtTower                  """,O
2025-09-30 15:30:37.546,"DI_Clamps"".DI.ClampRear.AtTower                  """,O
2025-09-30 15:30:37.557,"DI_Clamps"".DI.ClampRear.AtTower                  """,O
2025-09-30 15:30:37.567,"DI_Clamps"".DI.ClampRear.AtTower                  """,O
2025-09-30 15:30:37.578,"DI_Clamps"".DI.ClampRear.AtTower                  """,O
2025-09-30 15:30:37.589,"DI_Clamps"".DI.ClampRear.AtTower                  """,O
2025-09-30 15:30:37.603,"DI_Clamps"".DI.ClampRear.AtTower                  """,O
2025-09-30 15:30:37.616,"DI_Clamps"".DI.ClampRear.AtTower                  """,O
2025-09-30 15:30:37.626,"DI_Clamps"".DI.ClampRear.AtTower                  """,O
2025-09-30 15:30:37.638,"DI_Clamps"".DI.ClampRear.AtTower                  """,O
2025-09-30 15:30:37.649,"DI_Clamps"".DI.ClampRear.AtTower                  """,O
2025-09-30 15:30:37.659,"DI_Clamps"".DI.ClampRear.AtTower                  """,O
2025-09-30 15:30:37.670,"DI_Clamps"".DI.ClampRear.AtTower                  """,O
2025-09-30 15:30:37.681,"DI_Clamps"".DI.ClampRear.AtTower                  """,O
2025-09-30 15:30:37.692,"DI_Clamps"".DI.ClampRear.AtTower                  """,O
2025-09-30 15:30:37.703,"DI_Clamps"".DI.ClampRear.AtTower                  """,O
2025-09-30 15:30:37.715,"DI_Clamps"".DI.ClampRear.AtTower                  """,O
2025-09-30 15:30:37.726,"DI_Clamps"".DI.ClampRear.AtTower                  """,O
2025-09-30 15:30:37.737,"DI_Clamps"".DI.ClampRear.AtTower                  """,O
2025-09-30 15:30:37.748,"DI_Clamps"".DI.ClampRear.AtTower                  """,O
2025-09-30 15:30:37.759,"DI_Clamps"".DI.ClampRear.AtTower                  """,O
2025-09-30 15:30:37.770,"DI_Clamps"".DI.ClampRear.AtTower                  """,O
2025-09-30 15:30:37.781,"DI_Clamps"".DI.ClampRear.AtTower                  """,O
2025-09-30 15:30:37.791,"DI_Clamps"".DI.ClampRear.AtTower                  """,O
2025-09-30 15:30:37.802,"DI_Clamps"".DI.ClampRear.AtTower                  """,O
2025-09-30 15:30:37.814,"DI_Clamps"".DI.ClampRear.AtTower                  """,O
2025-09-30 15:30:37.894,"DI_Clamps"".DI.ClampRear.AtTower                  """,O
2025-09-30 15:30:37.904,"DI_Clamps"".DI.ClampRear.AtTower                  """,O
2025-09-30 15:30:37.917,"DI_Clamps"".DI.ClampRear.AtTower                  """,O
2025-09-30 15:30:37.932,"DI_Clamps"".DI.ClampRear.AtTower                  """,O
2025-09-30 15:30:37.943,"DI_Clamps"".DI.ClampRear.AtTower                  """,O
2025-09-30 15:30:37.957,"DI_Clamps"".DI.ClampRear.AtTower                  """,O
2025-09-30 15:30:37.969,"DI_Clamps"".DI.ClampRear.AtTower                  """,O
2025-09-30 15:30:37.980,"DI_Clamps"".DI.ClampRear.AtTower                  """,O
2025-09-30 15:30:37.991,"DI_Clamps"".DI.ClampRear.AtTower                  """,O
2025-09-30 15:30:38.002,"DI_Clamps"".DI.ClampRear.AtTower                  """,O
2025-09-30 15:30:38.014,"DI_Clamps"".DI.ClampRear.AtTower                  """,O
2025-09-30 15:30:38.024,"DI_Clamps"".DI.ClampRear.AtTower                  """,O
2025-09-30 15:30:38.035,"DI_Clamps"".DI.ClampRear.AtTower                  """,O
2025-09-30 15:30:38.046,"DI_Clamps"".DI.ClampRear.AtTower                  """,O
2025-09-30 15:30:38.057,"DI_Clamps"".DI.ClampRear.AtTower                  """,O
2025-09-30 15:30:38.068,"DI_Clamps"".DI.ClampRear.AtTower                  """,O
2025-09-30 15:30:38.079,"DI_Clamps"".DI.ClampRear.AtTower                  """,O
2025-09-30 15:30:38.090,"DI_Clamps"".DI.ClampRear.AtTower                  """,O
2025-09-30 15:30:38.101,"DI_Clamps"".DI.ClampRear.AtTower                  """,O
2025-09-30 15:30:38.113,"DI_Clamps"".DI.ClampRear.AtTower                  """,O
2025-09-30 15:30:38.124,"DI_Clamps"".DI.ClampRear.AtTower                  """,O
2025-09-30 15:30:38.134,"DI_Clamps"".DI.ClampRear.AtTower                  """,O
2025-09-30 15:30:38.146,"DI_Clamps"".DI.ClampRear.AtTower                  """,O
2025-09-30 15:30:38.156,"DI_Clamps"".DI.ClampRear.AtTower                  """,O
2025-09-30 15:30:38.167,"DI_Clamps"".DI.ClampRear.AtTower                  """,O
2025-09-30 15:30:38.178,"DI_Clamps"".DI.ClampRear.AtTower                  """,O
2025-09-30 15:30:38.188,"DI_Clamps"".DI.ClampRear.AtTower                  """,O
2025-09-30 15:30:38.199,"DI_Clamps"".DI.ClampRear.AtTower                  """,O
2025-09-30 15:30:38.212,"DI_Clamps"".DI.ClampRear.AtTower                  """,O
2025-09-30 15:30:38.226,"DI_Clamps"".DI.ClampRear.AtTower                  """,O
2025-09-30 15:30:38.237,"DI_Clamps"".DI.ClampRear.AtTower                  """,O
2025-09-30 15:30:38.248,"DI_Clamps"".DI.ClampRear.AtTower                  """,O
2025-09-30 15:30:38.259,"DI_Clamps"".DI.ClampRear.AtTower                  """,O
2025-09-30 15:30:38.269,"DI_Clamps"".DI.ClampRear.AtTower                  """,O
2025-09-30 15:30:38.280,"DI_Clamps"".DI.ClampRear.AtTower                  """,O
2025-09-30 15:30:38.291,"DI_Clamps"".DI.ClampRear.AtTower                  """,O
2025-09-30 15:30:38.302,"DI_Clamps"".DI.ClampRear.AtTower                  """,O
2025-09-30 15:30:38.314,"DI_Clamps"".DI.ClampRear.AtTower                  """,O
2025-09-30 15:30:38.329,"DI_Clamps"".DI.ClampRear.AtTower                  """,O
2025-09-30 15:30:38.339,"DI_Clamps"".DI.ClampRear.AtTower                  """,O
2025-09-30 15:30:38.350,"DI_Clamps"".DI.ClampRear.AtTower                  """,O
2025-09-30 15:30:38.361,"DI_Clamps"".DI.ClampRear.AtTower                  """,O
2025-09-30 15:30:38.373,"DI_Clamps"".DI.ClampRear.AtTower                  """,O
2025-09-30 15:30:38.383,"DI_Clamps"".DI.ClampRear.AtTower                  """,O
2025-09-30 15:30:38.394,"DI_Clamps"".DI.ClampRear.AtTower                  """,O
2025-09-30 15:30:38.407,"DI_Clamps"".DI.ClampRear.AtTower                  """,O
2025-09-30 15:30:38.417,"DI_Clamps"".DI.ClampRear.AtTower                  """,O
2025-09-30 15:30:38.428,"DI_Clamps"".DI.ClampRear.AtTower                  """,O
2025-09-30 15:30:38.439,"DI_Clamps"".DI.ClampRear.AtTower                  """,O
2025-09-30 15:30:38.450,"DI_Clamps"".DI.ClampRear.AtTower                  """,O
2025-09-30 15:30:38.460,"DI_Clamps"".DI.ClampRear.AtTower                  """,O
2025-09-30 15:30:38.471,"DI_Clamps"".DI.ClampRear.AtTower                  """,O
2025-09-30 15:30:38.483,"DI_Clamps"".DI.ClampRear.AtTower                  """,O
2025-09-30 15:30:38.494,"DI_Clamps"".DI.ClampRear.AtTower                  """,O
2025-09-30 15:30:38.505,"DI_Clamps"".DI.ClampRear.AtTower                  """,O
2025-09-30 15:30:38.517,"DI_Clamps"".DI.ClampRear.AtTower                  """,O
2025-09-30 15:30:38.532,"DI_Clamps"".DI.ClampRear.AtTower                  """,O
2025-09-30 15:30:38.613,"DI_Clamps"".DI.ClampRear.AtTower                  """,O
2025-09-30 15:30:38.628,"DI_Clamps"".DI.ClampRear.AtTower                  """,O
2025-09-30 15:30:38.639,"DI_Clamps"".DI.ClampRear.AtTower                  """,O
2025-09-30 15:30:38.650,"DI_Clamps"".DI.ClampRear.AtTower                  """,O
2025-09-30 15:30:38.660,"DI_Clamps"".DI.ClampRear.AtTower                  """,O
2025-09-30 15:30:38.671,"DI_Clamps"".DI.ClampRear.AtTower                  """,O
2025-09-30 15:30:38.682,"DI_Clamps"".DI.ClampRear.AtTower                  """,O
2025-09-30 15:30:38.694,"DI_Clamps"".DI.ClampRear.AtTower                  """,O
2025-09-30 15:30:38.704,"DI_Clamps"".DI.ClampRear.AtTower                  """,O
2025-09-30 15:30:38.717,"DI_Clamps"".DI.ClampRear.AtTower                  """,O
2025-09-30 15:30:38.731,"DI_Clamps"".DI.ClampRear.AtTower                  """,O
2025-09-30 15:30:38.743,"DI_Clamps"".DI.ClampRear.AtTower                  """,O
2025-09-30 15:30:38.753,"DI_Clamps"".DI.ClampRear.AtTower                  """,O
2025-09-30 15:30:38.764,"DI_Clamps"".DI.ClampRear.AtTower                  """,O
2025-09-30 15:30:38.775,"DI_Clamps"".DI.ClampRear.AtTower                  """,O
2025-09-30 15:30:38.786,"DI_Clamps"".DI.ClampRear.AtTower                  """,O
2025-09-30 15:30:38.797,"DI_Clamps"".DI.ClampRear.AtTower                  """,O
2025-09-30 15:30:38.809,"DI_Clamps"".DI.ClampRear.AtTower                  """,O
2025-09-30 15:30:38.820,"DI_Clamps"".DI.ClampRear.AtTower                  """,O
2025-09-30 15:30:38.830,"DI_Clamps"".DI.ClampRear.AtTower                  """,O
2025-09-30 15:30:38.841,"DI_Clamps"".DI.ClampRear.AtTower                  """,O
2025-09-30 15:30:38.852,"DI_Clamps"".DI.ClampRear.AtTower                  """,O
2025-09-30 15:30:38.863,"DI_Clamps"".DI.ClampRear.AtTower                  """,O
2025-09-30 15:30:38.873,"DI_Clamps"".DI.ClampRear.AtTower                  """,O
2025-09-30 15:30:38.884,"DI_Clamps"".DI.ClampRear.AtTower                  """,O
2025-09-30 15:30:38.895,"DI_Clamps"".DI.ClampRear.AtTower                  """,O
2025-09-30 15:30:38.907,"DI_Clamps"".DI.ClampRear.AtTower                  """,O
2025-09-30 15:30:38.918,"DI_Clamps"".DI.ClampRear.AtTower                  """,O
2025-09-30 15:30:38.929,"DI_Clamps"".DI.ClampRear.AtTower                  """,O
2025-09-30 15:30:38.940,"DI_Clamps"".DI.ClampRear.AtTower                  """,O
2025-09-30 15:30:38.950,"DI_Clamps"".DI.ClampRear.AtTower                  """,O
2025-09-30 15:30:38.961,"DI_Clamps"".DI.ClampRear.AtTower                  """,O
2025-09-30 15:30:38.972,"DI_Clamps"".DI.ClampRear.AtTower                  """,O
2025-09-30 15:30:38.983,"DI_Clamps"".DI.ClampRear.AtTower                  """,O
2025-09-30 15:30:38.993,"DI_Clamps"".DI.ClampRear.AtTower                  """,O
2025-09-30 15:30:39.007,"DI_Clamps"".DI.ClampRear.AtTower                  """,O
2025-09-30 15:30:39.018,"DI_Clamps"".DI.ClampRear.AtTower                  """,O
2025-09-30 15:30:39.029,"DI_Clamps"".DI.ClampRear.AtTower                  """,O
2025-09-30 15:30:39.040,"DI_Clamps"".DI.ClampRear.AtTower                  """,O
2025-09-30 15:30:39.050,"DI_Clamps"".DI.ClampRear.AtTower                  """,O
2025-09-30 15:30:39.061,"DI_Clamps"".DI.ClampRear.AtTower                  """,O
2025-09-30 15:30:39.072,"DI_Clamps"".DI.ClampRear.AtTower                  """,O
2025-09-30 15:30:39.083,"DI_Clamps"".DI.ClampRear.AtTower                  """,O
2025-09-30 15:30:39.093,"DI_Clamps"".DI.ClampRear.AtTower                  """,O
2025-09-30 15:30:39.106,"DI_Clamps"".DI.ClampRear.AtTower                  """,O
2025-09-30 15:30:39.117,"DI_Clamps"".DI.ClampRear.AtTower                  """,O
2025-09-30 15:30:39.128,"DI_Clamps"".DI.ClampRear.AtTower                  """,O
2025-09-30 15:30:39.142,"DI_Clamps"".DI.ClampRear.AtTower                  """,O
2025-09-30 15:30:39.153,"DI_Clamps"".DI.ClampRear.AtTower                  """,O
2025-09-30 15:30:39.163,"DI_Clamps"".DI.ClampRear.AtTower                  """,O
2025-09-30 15:30:39.174,"DI_Clamps"".DI.ClampRear.AtTower                  """,O
2025-09-30 15:30:39.185,"DI_Clamps"".DI.ClampRear.AtTower                  """,O
2025-09-30 15:30:39.196,"DI_Clamps"".DI.ClampRear.AtTower                  """,O
2025-09-30 15:30:39.208,"DI_Clamps"".DI.ClampRear.AtTower                  """,O
2025-09-30 15:30:39.219,"DI_Clamps"".DI.ClampRear.AtTower                  """,O
2025-09-30 15:30:39.230,"DI_Clamps"".DI.ClampRear.AtTower                  """,O
2025-09-30 15:30:39.241,"DI_Clamps"".DI.ClampRear.AtTower                  """,O
2025-09-30 15:30:39.251,"DI_Clamps"".DI.ClampRear.AtTower                  """,O
2025-09-30 15:30:39.262,"DI_Clamps"".DI.ClampRear.AtTower                  """,O
2025-09-30 15:30:39.273,"DI_Clamps"".DI.ClampRear.AtTower                  """,O
2025-09-30 15:30:39.284,"DI_Clamps"".DI.ClampRear.AtTower                  """,O
2025-09-30 15:30:39.294,"DI_Clamps"".DI.ClampRear.AtTower                  """,O
2025-09-30 15:30:39.307,"DI_Clamps"".DI.ClampRear.AtTower                  """,O
2025-09-30 15:30:39.318,"DI_Clamps"".DI.ClampRear.AtTower                  """,O
2025-09-30 15:30:39.328,"DI_Clamps"".DI.ClampRear.AtTower                  """,O
2025-09-30 15:30:39.339,"DI_Clamps"".DI.ClampRear.AtTower                  """,O
2025-09-30 15:30:39.350,"DI_Clamps"".DI.ClampRear.AtTower                  """,O
2025-09-30 15:30:39.361,"DI_Clamps"".DI.ClampRear.AtTower                  """,O
2025-09-30 15:30:39.371,"DI_Clamps"".DI.ClampRear.AtTower                  """,O
2025-09-30 15:30:39.382,"DI_Clamps"".DI.ClampRear.AtTower                  """,O
2025-09-30 15:30:39.393,"DI_Clamps"".DI.ClampRear.AtTower                  """,O
2025-09-30 15:30:39.403,"DI_Clamps"".DI.ClampRear.AtTower                  """,O
2025-09-30 15:30:39.416,"DI_Clamps"".DI.ClampRear.AtTower                  """,O
2025-09-30 15:30:39.427,"DI_Clamps"".DI.ClampRear.AtTower                  """,O
2025-09-30 15:30:39.438,"DI_Clamps"".DI.ClampRear.AtTower                  """,O
2025-09-30 15:30:39.449,"DI_Clamps"".DI.ClampRear.AtTower                  """,O
2025-09-30 15:30:39.460,"DI_Clamps"".DI.ClampRear.AtTower                  """,O
2025-09-30 15:30:39.470,"DI_Clamps"".DI.ClampRear.AtTower                  """,O
2025-09-30 15:30:39.481,"DI_Clamps"".DI.ClampRear.AtTower                  """,O
2025-09-30 15:30:39.493,"DI_Clamps"".DI.ClampRear.AtTower                  """,O
2025-09-30 15:30:39.504,"DI_Clamps"".DI.ClampRear.AtTower                  """,O
2025-09-30 15:30:39.517,"DI_Clamps"".DI.ClampRear.AtTower                  """,O
2025-09-30 15:30:39.527,"DI_Clamps"".DI.ClampRear.AtTower                  """,O
2025-09-30 15:30:39.604,"DI_Clamps"".DI.ClampRear.AtTower                  """,O
2025-09-30 15:30:39.617,"DI_Clamps"".DI.ClampRear.AtTower                  """,O
2025-09-30 15:30:39.627,"DI_Clamps"".DI.ClampRear.AtTower                  """,O
2025-09-30 15:30:39.638,"DI_Clamps"".DI.ClampRear.AtTower                  """,O
2025-09-30 15:30:39.649,"DI_Clamps"".DI.ClampRear.AtTower                  """,O
2025-09-30 15:30:39.663,"DI_Clamps"".DI.ClampRear.AtTower                  """,O
2025-09-30 15:30:39.674,"DI_Clamps"".DI.ClampRear.AtTower                  """,O
2025-09-30 15:30:39.684,"DI_Clamps"".DI.ClampRear.AtTower                  """,O
2025-09-30 15:30:39.696,"DI_Clamps"".DI.ClampRear.AtTower                  """,O
2025-09-30 15:30:39.708,"DI_Clamps"".DI.ClampRear.AtTower                  """,O
2025-09-30 15:30:39.718,"DI_Clamps"".DI.ClampRear.AtTower                  """,O
2025-09-30 15:30:39.729,"DI_Clamps"".DI.ClampRear.AtTower                  """,O
2025-09-30 15:30:39.740,"DI_Clamps"".DI.ClampRear.AtTower                  """,O
2025-09-30 15:30:39.751,"DI_Clamps"".DI.ClampRear.AtTower                  """,O
2025-09-30 15:30:39.762,"DI_Clamps"".DI.ClampRear.AtTower                  """,O
2025-09-30 15:30:39.773,"DI_Clamps"".DI.ClampRear.AtTower                  """,O
2025-09-30 15:30:39.783,"DI_Clamps"".DI.ClampRear.AtTower                  """,O
2025-09-30 15:30:39.794,"DI_Clamps"".DI.ClampRear.AtTower                  """,O
2025-09-30 15:30:39.807,"DI_Clamps"".DI.ClampRear.AtTower                  """,O
2025-09-30 15:30:39.817,"DI_Clamps"".DI.ClampRear.AtTower                  """,O
2025-09-30 15:30:39.828,"DI_Clamps"".DI.ClampRear.AtTower                  """,O
2025-09-30 15:30:39.839,"DI_Clamps"".DI.ClampRear.AtTower                  """,O
2025-09-30 15:30:39.850,"DI_Clamps"".DI.ClampRear.AtTower                  """,O
2025-09-30 15:30:39.860,"DI_Clamps"".DI.ClampRear.AtTower                  """,O
2025-09-30 15:30:39.871,"DI_Clamps"".DI.ClampRear.AtTower                  """,O
2025-09-30 15:30:39.882,"DI_Clamps"".DI.ClampRear.AtTower                  """,O
2025-09-30 15:30:39.893,"DI_Clamps"".DI.ClampRear.AtTower                  """,O
2025-09-30 15:30:39.903,"DI_Clamps"".DI.ClampRear.AtTower                  """,O
2025-09-30 15:30:39.916,"DI_Clamps"".DI.ClampRear.AtTower                  """,O
2025-09-30 15:30:39.927,"DI_Clamps"".DI.ClampRear.AtTower                  """,O
2025-09-30 15:30:39.938,"DI_Clamps"".DI.ClampRear.AtTower                  """,O
2025-09-30 15:30:39.949,"DI_Clamps"".DI.ClampRear.AtTower                  """,O
2025-09-30 15:30:39.960,"DI_Clamps"".DI.ClampRear.AtTower                  """,O
2025-09-30 15:30:39.970,"DI_Clamps"".DI.ClampRear.AtTower                  """,O
2025-09-30 15:30:39.981,"DI_Clamps"".DI.ClampRear.AtTower                  """,O
2025-09-30 15:30:40.062,"DI_Clamps"".DI.ClampRear.AtTower                  """,O
2025-09-30 15:30:40.072,"DI_Clamps"".DI.ClampRear.AtTower                  """,O
2025-09-30 15:30:40.083,"DI_Clamps"".DI.ClampRear.AtTower                  """,O
2025-09-30 15:30:40.094,"DI_Clamps"".DI.ClampRear.AtTower                  """,O
2025-09-30 15:30:40.111,"DI_Clamps"".DI.ClampRear.AtTower                  """,O
2025-09-30 15:30:40.122,"DI_Clamps"".DI.ClampRear.AtTower                  """,O
2025-09-30 15:30:40.132,"DI_Clamps"".DI.ClampRear.AtTower                  """,O
2025-09-30 15:30:40.143,"DI_Clamps"".DI.ClampRear.AtTower                  """,O
2025-09-30 15:30:40.154,"DI_Clamps"".DI.ClampRear.AtTower                  """,O
2025-09-30 15:30:40.165,"DI_Clamps"".DI.ClampRear.AtTower                  """,O
2025-09-30 15:30:40.179,"DI_Clamps"".DI.ClampRear.AtTower                  """,O
2025-09-30 15:30:40.190,"DI_Clamps"".DI.ClampRear.AtTower                  """,O
2025-09-30 15:30:40.201,"DI_Clamps"".DI.ClampRear.AtTower                  """,O
2025-09-30 15:30:40.214,"DI_Clamps"".DI.ClampRear.AtTower                  """,O
2025-09-30 15:30:40.225,"DI_Clamps"".DI.ClampRear.AtTower                  """,O
2025-09-30 15:30:40.236,"DI_Clamps"".DI.ClampRear.AtTower                  """,O
2025-09-30 15:30:40.247,"DI_Clamps"".DI.ClampRear.AtTower                  """,O
2025-09-30 15:30:40.257,"DI_Clamps"".DI.ClampRear.AtTower                  """,O
2025-09-30 15:30:40.268,"DI_Clamps"".DI.ClampRear.AtTower                  """,O
2025-09-30 15:30:40.279,"DI_Clamps"".DI.ClampRear.AtTower                  """,O
2025-09-30 15:30:40.290,"DI_Clamps"".DI.ClampRear.AtTower                  """,O
2025-09-30 15:30:40.300,"DI_Clamps"".DI.ClampRear.AtTower                  """,O
2025-09-30 15:30:40.313,"DI_Clamps"".DI.ClampRear.AtTower                  """,O
2025-09-30 15:30:40.324,"DI_Clamps"".DI.ClampRear.AtTower                  """,O
2025-09-30 15:30:40.335,"DI_Clamps"".DI.ClampRear.AtTower                  """,O
2025-09-30 15:30:40.346,"DI_Clamps"".DI.ClampRear.AtTower                  """,O
2025-09-30 15:30:40.357,"DI_Clamps"".DI.ClampRear.AtTower                  """,O
2025-09-30 15:30:40.367,"DI_Clamps"".DI.ClampRear.AtTower                  """,O
2025-09-30 15:30:40.378,"DI_Clamps"".DI.ClampRear.AtTower                  """,O
2025-09-30 15:30:40.389,"DI_Clamps"".DI.ClampRear.AtTower                  """,O
2025-09-30 15:30:40.400,"DI_Clamps"".DI.ClampRear.AtTower                  """,O
2025-09-30 15:30:40.412,"DI_Clamps"".DI.ClampRear.AtTower                  """,O
2025-09-30 15:30:40.422,"DI_Clamps"".DI.ClampRear.AtTower                  """,O
2025-09-30 15:30:40.433,"DI_Clamps"".DI.ClampRear.AtTower                  """,O
2025-09-30 15:30:40.444,"DI_Clamps"".DI.ClampRear.AtTower                  """,O
2025-09-30 15:30:40.455,"DI_Clamps"".DI.ClampRear.AtTower                  """,O
2025-09-30 15:30:40.466,"DI_Clamps"".DI.ClampRear.AtTower                  """,O
2025-09-30 15:30:40.477,"DI_Clamps"".DI.ClampRear.AtTower                  """,O
2025-09-30 15:30:40.487,"DI_Clamps"".DI.ClampRear.AtTower                  """,O
2025-09-30 15:30:40.498,"DI_Clamps"".DI.ClampRear.AtTower                  """,O
2025-09-30 15:30:40.510,"DI_Clamps"".DI.ClampRear.AtTower                  """,O
2025-09-30 15:30:40.522,"DI_Clamps"".DI.ClampRear.AtTower                  """,O
2025-09-30 15:30:40.533,"DI_Clamps"".DI.ClampRear.AtTower                  """,O
2025-09-30 15:30:40.543,"DI_Clamps"".DI.ClampRear.AtTower                  """,O
2025-09-30 15:30:40.554,"DI_Clamps"".DI.ClampRear.AtTower                  """,O
2025-09-30 15:30:40.565,"DI_Clamps"".DI.ClampRear.AtTower                  """,O
2025-09-30 15:30:40.576,"DI_Clamps"".DI.ClampRear.AtTower                  """,O
2025-09-30 15:30:40.587,"DI_Clamps"".DI.ClampRear.AtTower                  """,O
2025-09-30 15:30:40.666,"DI_Clamps"".DI.ClampRear.AtTower                  """,O
2025-09-30 15:30:40.680,"DI_Clamps"".DI.ClampRear.AtTower                  """,O
2025-09-30 15:30:40.695,"DI_Clamps"".DI.ClampRear.AtTower                  """,O
2025-09-30 15:30:40.707,"DI_Clamps"".DI.ClampRear.AtTower                  """,O
2025-09-30 15:30:40.718,"DI_Clamps"".DI.ClampRear.AtTower                  """,O
2025-09-30 15:30:40.729,"DI_Clamps"".DI.ClampRear.AtTower                  """,O
2025-09-30 15:30:40.740,"DI_Clamps"".DI.ClampRear.AtTower                  """,O
2025-09-30 15:30:40.751,"DI_Clamps"".DI.ClampRear.AtTower                  """,O
2025-09-30 15:30:40.762,"DI_Clamps"".DI.ClampRear.AtTower                  """,O
2025-09-30 15:30:40.772,"DI_Clamps"".DI.ClampRear.AtTower                  """,O
2025-09-30 15:30:40.783,"DI_Clamps"".DI.ClampRear.AtTower                  """,O
2025-09-30 15:30:40.794,"DI_Clamps"".DI.ClampRear.AtTower                  """,O
2025-09-30 15:30:40.806,"DI_Clamps"".DI.ClampRear.AtTower                  """,O
2025-09-30 15:30:40.817,"DI_Clamps"".DI.ClampRear.AtTower                  """,O
2025-09-30 15:30:40.828,"DI_Clamps"".DI.ClampRear.AtTower                  """,O
2025-09-30 15:30:40.839,"DI_Clamps"".DI.ClampRear.AtTower                  """,O
2025-09-30 15:30:40.849,"DI_Clamps"".DI.ClampRear.AtTower                  """,O
2025-09-30 15:30:40.860,"DI_Clamps"".DI.ClampRear.AtTower                  """,O
2025-09-30 15:30:40.871,"DI_Clamps"".DI.ClampRear.AtTower                  """,O
2025-09-30 15:30:40.882,"DI_Clamps"".DI.ClampRear.AtTower                  """,O
2025-09-30 15:30:40.892,"DI_Clamps"".DI.ClampRear.AtTower                  """,O
2025-09-30 15:30:40.903,"DI_Clamps"".DI.ClampRear.AtTower                  """,O
2025-09-30 15:30:40.916,"DI_Clamps"".DI.ClampRear.AtTower                  """,O
2025-09-30 15:30:40.926,"DI_Clamps"".DI.ClampRear.AtTower                  """,O
2025-09-30 15:30:40.937,"DI_Clamps"".DI.ClampRear.AtTower                  """,O
2025-09-30 15:30:40.948,"DI_Clamps"".DI.ClampRear.AtTower                  """,O
2025-09-30 15:30:40.959,"DI_Clamps"".DI.ClampRear.AtTower                  """,O
2025-09-30 15:30:40.969,"DI_Clamps"".DI.ClampRear.AtTower                  """,O
2025-09-30 15:30:40.980,"DI_Clamps"".DI.ClampRear.AtTower                  """,O
2025-09-30 15:30:40.991,"DI_Clamps"".DI.ClampRear.AtTower                  """,O
2025-09-30 15:30:41.002,"DI_Clamps"".DI.ClampRear.AtTower                  """,O
2025-09-30 15:30:41.014,"DI_Clamps"".DI.ClampRear.AtTower                  """,O
2025-09-30 15:30:41.025,"DI_Clamps"".DI.ClampRear.AtTower                  """,O
2025-09-30 15:30:41.036,"DI_Clamps"".DI.ClampRear.AtTower                  """,O
2025-09-30 15:30:41.046,"DI_Clamps"".DI.ClampRear.AtTower                  """,O
2025-09-30 15:30:41.057,"DI_Clamps"".DI.ClampRear.AtTower                  """,O
2025-09-30 15:30:41.068,"DI_Clamps"".DI.ClampRear.AtTower                  """,O
2025-09-30 15:30:41.079,"DI_Clamps"".DI.ClampRear.AtTower                  """,O
2025-09-30 15:30:41.089,"DI_Clamps"".DI.ClampRear.AtTower                  """,O
2025-09-30 15:30:41.101,"DI_Clamps"".DI.ClampRear.AtTower                  """,O
2025-09-30 15:30:41.114,"DI_Clamps"".DI.ClampRear.AtTower                  """,O
2025-09-30 15:30:41.125,"DI_Clamps"".DI.ClampRear.AtTower                  """,O
2025-09-30 15:30:41.136,"DI_Clamps"".DI.ClampRear.AtTower                  """,O
2025-09-30 15:30:41.147,"DI_Clamps"".DI.ClampRear.AtTower                  """,O
2025-09-30 15:30:41.157,"DI_Clamps"".DI.ClampRear.AtTower                  """,O
2025-09-30 15:30:41.168,"DI_Clamps"".DI.ClampRear.AtTower                  """,O
2025-09-30 15:30:41.179,"DI_Clamps"".DI.ClampRear.AtTower                  """,O
2025-09-30 15:30:41.190,"DI_Clamps"".DI.ClampRear.AtTower                  """,O
2025-09-30 15:30:41.200,"DI_Clamps"".DI.ClampRear.AtTower                  """,O
2025-09-30 15:30:41.212,"DI_Clamps"".DI.ClampRear.AtTower                  """,O
2025-09-30 15:30:41.223,"DI_Clamps"".DI.ClampRear.AtTower                  """,O
2025-09-30 15:30:41.234,"DI_Clamps"".DI.ClampRear.AtTower                  """,O
2025-09-30 15:30:41.245,"DI_Clamps"".DI.ClampRear.AtTower                  """,O
2025-09-30 15:30:41.256,"DI_Clamps"".DI.ClampRear.AtTower                  """,O
2025-09-30 15:30:41.267,"DI_Clamps"".DI.ClampRear.AtTower                  """,O
2025-09-30 15:30:41.278,"DI_Clamps"".DI.ClampRear.AtTower                  """,O
2025-09-30 15:30:41.288,"DI_Clamps"".DI.ClampRear.AtTower                  """,O
2025-09-30 15:30:41.299,"DI_Clamps"".DI.ClampRear.AtTower                  """,O
2025-09-30 15:30:41.311,"DI_Clamps"".DI.ClampRear.AtTower                  """,O
2025-09-30 15:30:41.322,"DI_Clamps"".DI.ClampRear.AtTower                  """,O
2025-09-30 15:30:41.333,"DI_Clamps"".DI.ClampRear.AtTower                  """,O
2025-09-30 15:30:41.343,"DI_Clamps"".DI.ClampRear.AtTower                  """,O
2025-09-30 15:30:41.354,"DI_Clamps"".DI.ClampRear.AtTower                  """,O
2025-09-30 15:30:41.365,"DI_Clamps"".DI.ClampRear.AtTower                  """,O
2025-09-30 15:30:41.376,"DI_Clamps"".DI.ClampRear.AtTower                  """,O
2025-09-30 15:30:41.387,"DI_Clamps"".DI.ClampRear.AtTower                  """,O
2025-09-30 15:30:41.397,"DI_Clamps"".DI.ClampRear.AtTower                  """,O
2025-09-30 15:30:41.409,"DI_Clamps"".DI.ClampRear.AtTower                  """,O
2025-09-30 15:30:41.420,"DI_Clamps"".DI.ClampRear.AtTower                  """,O
2025-09-30 15:30:41.431,"DI_Clamps"".DI.ClampRear.AtTower                  """,O
2025-09-30 15:30:41.442,"DI_Clamps"".DI.ClampRear.AtTower                  """,O
2025-09-30 15:30:41.452,"DI_Clamps"".DI.ClampRear.AtTower                  """,O
2025-09-30 15:30:41.463,"DI_Clamps"".DI.ClampRear.AtTower                  """,O
2025-09-30 15:30:41.474,"DI_Clamps"".DI.ClampRear.AtTower                  """,O
2025-09-30 15:30:41.485,"DI_Clamps"".DI.ClampRear.AtTower                  """,O
2025-09-30 15:30:41.496,"DI_Clamps"".DI.ClampRear.AtTower                  """,O
2025-09-30 15:30:41.508,"DI_Clamps"".DI.ClampRear.AtTower                  """,O
2025-09-30 15:30:41.519,"DI_Clamps"".DI.ClampRear.AtTower                  """,O
2025-09-30 15:30:41.530,"DI_Clamps"".DI.ClampRear.AtTower                  """,O
2025-09-30 15:30:41.541,"DI_Clamps"".DI.ClampRear.AtTower                  """,O
2025-09-30 15:30:41.552,"DI_Clamps"".DI.ClampRear.AtTower                  """,O
2025-09-30 15:30:41.563,"DI_Clamps"".DI.ClampRear.AtTower                  """,O
2025-09-30 15:30:41.573,"DI_Clamps"".DI.ClampRear.AtTower                  """,O
2025-09-30 15:30:41.584,"DI_Clamps"".DI.ClampRear.AtTower                  """,O
2025-09-30 15:30:41.660,"DI_Clamps"".DI.ClampRear.AtTower                  """,O
2025-09-30 15:30:41.671,"DI_Clamps"".DI.ClampRear.AtTower                  """,O
2025-09-30 15:30:41.681,"DI_Clamps"".DI.ClampRear.AtTower                  """,O
2025-09-30 15:30:41.692,"DI_Clamps"".DI.ClampRear.AtTower                  """,O
2025-09-30 15:30:41.703,"DI_Clamps"".DI.ClampRear.AtTower                  """,O
2025-09-30 15:30:41.715,"DI_Clamps"".DI.ClampRear.AtTower                  """,O
2025-09-30 15:30:41.729,"DI_Clamps"".DI.ClampRear.AtTower                  """,O
2025-09-30 15:30:41.741,"DI_Clamps"".DI.ClampRear.AtTower                  """,O
2025-09-30 15:30:41.751,"DI_Clamps"".DI.ClampRear.AtTower                  """,O
2025-09-30 15:30:41.762,"DI_Clamps"".DI.ClampRear.AtTower                  """,O
2025-09-30 15:30:41.773,"DI_Clamps"".DI.ClampRear.AtTower                  """,O
2025-09-30 15:30:41.784,"DI_Clamps"".DI.ClampRear.AtTower                  """,O
2025-09-30 15:30:41.794,"DI_Clamps"".DI.ClampRear.AtTower                  """,O
2025-09-30 15:30:41.807,"DI_Clamps"".DI.ClampRear.AtTower                  """,O
2025-09-30 15:30:41.818,"DI_Clamps"".DI.ClampRear.AtTower                  """,O
2025-09-30 15:30:41.832,"DI_Clamps"".DI.ClampRear.AtTower                  """,O
2025-09-30 15:30:41.843,"DI_Clamps"".DI.ClampRear.AtTower                  """,O
2025-09-30 15:30:41.854,"DI_Clamps"".DI.ClampRear.AtTower                  """,O
2025-09-30 15:30:41.864,"DI_Clamps"".DI.ClampRear.AtTower                  """,O
2025-09-30 15:30:41.876,"DI_Clamps"".DI.ClampRear.AtTower                  """,O
2025-09-30 15:30:41.886,"DI_Clamps"".DI.ClampRear.AtTower                  """,O
2025-09-30 15:30:41.897,"DI_Clamps"".DI.ClampRear.AtTower                  """,O
2025-09-30 15:30:41.909,"DI_Clamps"".DI.ClampRear.AtTower                  """,O
2025-09-30 15:30:41.920,"DI_Clamps"".DI.ClampRear.AtTower                  """,O
2025-09-30 15:30:41.931,"DI_Clamps"".DI.ClampRear.AtTower                  """,O
2025-09-30 15:30:41.941,"DI_Clamps"".DI.ClampRear.AtTower                  """,O
2025-09-30 15:30:41.952,"DI_Clamps"".DI.ClampRear.AtTower                  """,O
2025-09-30 15:30:41.963,"DI_Clamps"".DI.ClampRear.AtTower                  """,O
2025-09-30 15:30:41.974,"DI_Clamps"".DI.ClampRear.AtTower                  """,O
2025-09-30 15:30:41.984,"DI_Clamps"".DI.ClampRear.AtTower                  """,O
2025-09-30 15:30:41.995,"DI_Clamps"".DI.ClampRear.AtTower                  """,O
2025-09-30 15:30:42.007,"DI_Clamps"".DI.ClampRear.AtTower                  """,O
2025-09-30 15:30:42.018,"DI_Clamps"".DI.ClampRear.AtTower                  """,O
2025-09-30 15:30:42.029,"DI_Clamps"".DI.ClampRear.AtTower                  """,O
2025-09-30 15:30:42.040,"DI_Clamps"".DI.ClampRear.AtTower                  """,O
2025-09-30 15:30:42.051,"DI_Clamps"".DI.ClampRear.AtTower                  """,O
2025-09-30 15:30:42.061,"DI_Clamps"".DI.ClampRear.AtTower                  """,O
2025-09-30 15:30:42.072,"DI_Clamps"".DI.ClampRear.AtTower                  """,O
2025-09-30 15:30:42.083,"DI_Clamps"".DI.ClampRear.AtTower                  """,O
2025-09-30 15:30:42.093,"DI_Clamps"".DI.ClampRear.AtTower                  """,O
2025-09-30 15:30:42.107,"DI_Clamps"".DI.ClampRear.AtTower                  """,O
2025-09-30 15:30:42.122,"DI_Clamps"".DI.ClampRear.AtTower                  """,O
2025-09-30 15:30:42.201,"DI_Clamps"".DI.ClampRear.AtTower                  """,O
2025-09-30 15:30:42.213,"DI_Clamps"".DI.ClampRear.AtTower                  """,O
2025-09-30 15:30:42.224,"DI_Clamps"".DI.ClampRear.AtTower                  """,O
2025-09-30 15:30:42.234,"DI_Clamps"".DI.ClampRear.AtTower                  """,O
2025-09-30 15:30:42.253,"DI_Clamps"".DI.ClampRear.AtTower                  """,O
2025-09-30 15:30:42.264,"DI_Clamps"".DI.ClampRear.AtTower                  """,O
2025-09-30 15:30:42.275,"DI_Clamps"".DI.ClampRear.AtTower                  """,O
2025-09-30 15:30:42.286,"DI_Clamps"".DI.ClampRear.AtTower                  """,O
2025-09-30 15:30:42.296,"DI_Clamps"".DI.ClampRear.AtTower                  """,O
2025-09-30 15:30:42.309,"DI_Clamps"".DI.ClampRear.AtTower                  """,O
2025-09-30 15:30:42.319,"DI_Clamps"".DI.ClampRear.AtTower                  """,O
2025-09-30 15:30:42.330,"DI_Clamps"".DI.ClampRear.AtTower                  """,O
2025-09-30 15:30:42.341,"DI_Clamps"".DI.ClampRear.AtTower                  """,O
2025-09-30 15:30:42.352,"DI_Clamps"".DI.ClampRear.AtTower                  """,O
2025-09-30 15:30:42.362,"DI_Clamps"".DI.ClampRear.AtTower                  """,O
2025-09-30 15:30:42.373,"DI_Clamps"".DI.ClampRear.AtTower                  """,O
2025-09-30 15:30:42.384,"DI_Clamps"".DI.ClampRear.AtTower                  """,O
2025-09-30 15:30:42.394,"DI_Clamps"".DI.ClampRear.AtTower                  """,O
2025-09-30 15:30:42.407,"DI_Clamps"".DI.ClampRear.AtTower                  """,O
2025-09-30 15:30:42.418,"DI_Clamps"".DI.ClampRear.AtTower                  """,O
2025-09-30 15:30:42.428,"DI_Clamps"".DI.ClampRear.AtTower                  """,O
2025-09-30 15:30:42.439,"DI_Clamps"".DI.ClampRear.AtTower                  """,O
2025-09-30 15:30:42.450,"DI_Clamps"".DI.ClampRear.AtTower                  """,O
2025-09-30 15:30:42.461,"DI_Clamps"".DI.ClampRear.AtTower                  """,O
2025-09-30 15:30:42.471,"DI_Clamps"".DI.ClampRear.AtTower                  """,O
2025-09-30 15:30:42.482,"DI_Clamps"".DI.ClampRear.AtTower                  """,O
2025-09-30 15:30:42.493,"DI_Clamps"".DI.ClampRear.AtTower                  """,O
2025-09-30 15:30:42.503,"DI_Clamps"".DI.ClampRear.AtTower                  """,O
2025-09-30 15:30:42.516,"DI_Clamps"".DI.ClampRear.AtTower                  """,O
2025-09-30 15:30:42.527,"DI_Clamps"".DI.ClampRear.AtTower                  """,O
2025-09-30 15:30:42.538,"DI_Clamps"".DI.ClampRear.AtTower                  """,O
2025-09-30 15:30:42.548,"DI_Clamps"".DI.ClampRear.AtTower                  """,O
2025-09-30 15:30:42.559,"DI_Clamps"".DI.ClampRear.AtTower                  """,O
2025-09-30 15:30:42.570,"DI_Clamps"".DI.ClampRear.AtTower                  """,O
2025-09-30 15:30:42.581,"DI_Clamps"".DI.ClampRear.AtTower                  """,O
2025-09-30 15:30:42.591,"DI_Clamps"".DI.ClampRear.AtTower                  """,O
2025-09-30 15:30:42.637,"DI_Clamps"".DI.ClampRear.AtTower                  """,O
2025-09-30 15:30:42.648,"DI_Clamps"".DI.ClampRear.AtTower                  """,O
2025-09-30 15:30:42.659,"DI_Clamps"".DI.ClampRear.AtTower                  """,O
2025-09-30 15:30:42.670,"DI_Clamps"".DI.ClampRear.AtTower                  """,O
2025-09-30 15:30:42.682,"DI_Clamps"".DI.ClampRear.AtTower                  """,O
2025-09-30 15:30:42.760,"DI_Clamps"".DI.ClampRear.AtTower                  """,O
2025-09-30 15:30:42.774,"DI_Clamps"".DI.ClampRear.AtTower                  """,O
2025-09-30 15:30:42.785,"DI_Clamps"".DI.ClampRear.AtTower                  """,O
2025-09-30 15:30:42.796,"DI_Clamps"".DI.ClampRear.AtTower                  """,O
2025-09-30 15:30:42.808,"DI_Clamps"".DI.ClampRear.AtTower                  """,O
2025-09-30 15:30:42.819,"DI_Clamps"".DI.ClampRear.AtTower                  """,O
2025-09-30 15:30:42.829,"DI_Clamps"".DI.ClampRear.AtTower                  """,O
2025-09-30 15:30:42.840,"DI_Clamps"".DI.ClampRear.AtTower                  """,O
2025-09-30 15:30:42.851,"DI_Clamps"".DI.ClampRear.AtTower                  """,O
2025-09-30 15:30:42.862,"DI_Clamps"".DI.ClampRear.AtTower                  """,O
2025-09-30 15:30:42.872,"DI_Clamps"".DI.ClampRear.AtTower                  """,O
2025-09-30 15:30:42.883,"DI_Clamps"".DI.ClampRear.AtTower                  """,O
2025-09-30 15:30:42.894,"DI_Clamps"".DI.ClampRear.AtTower                  """,O
2025-09-30 15:30:42.906,"DI_Clamps"".DI.ClampRear.AtTower                  """,O
2025-09-30 15:30:42.917,"DI_Clamps"".DI.ClampRear.AtTower                  """,O
2025-09-30 15:30:42.932,"DI_Clamps"".DI.ClampRear.AtTower                  """,O
2025-09-30 15:30:42.942,"DI_Clamps"".DI.ClampRear.AtTower                  """,O
2025-09-30 15:30:42.953,"DI_Clamps"".DI.ClampRear.AtTower                  """,O
2025-09-30 15:30:42.964,"DI_Clamps"".DI.ClampRear.AtTower                  """,O
2025-09-30 15:30:42.975,"DI_Clamps"".DI.ClampRear.AtTower                  """,O
2025-09-30 15:30:42.986,"DI_Clamps"".DI.ClampRear.AtTower                  """,O
2025-09-30 15:30:42.997,"DI_Clamps"".DI.ClampRear.AtTower                  """,O
2025-09-30 15:30:43.009,"DI_Clamps"".DI.ClampRear.AtTower                  """,O
2025-09-30 15:30:43.019,"DI_Clamps"".DI.ClampRear.AtTower                  """,O
2025-09-30 15:30:43.030,"DI_Clamps"".DI.ClampRear.AtTower                  """,O
2025-09-30 15:30:43.041,"DI_Clamps"".DI.ClampRear.AtTower                  """,O
2025-09-30 15:30:43.052,"DI_Clamps"".DI.ClampRear.AtTower                  """,O
2025-09-30 15:30:43.062,"DI_Clamps"".DI.ClampRear.AtTower                  """,O
2025-09-30 15:30:43.073,"DI_Clamps"".DI.ClampRear.AtTower                  """,O
2025-09-30 15:30:43.086,"DI_Clamps"".DI.ClampRear.AtTower                  """,O
2025-09-30 15:30:43.097,"DI_Clamps"".DI.ClampRear.AtTower                  """,O
2025-09-30 15:30:43.109,"DI_Clamps"".DI.ClampRear.AtTower                  """,O
2025-09-30 15:30:43.120,"DI_Clamps"".DI.ClampRear.AtTower                  """,O
2025-09-30 15:30:43.131,"DI_Clamps"".DI.ClampRear.AtTower                  """,O
2025-09-30 15:30:43.141,"DI_Clamps"".DI.ClampRear.AtTower                  """,O
2025-09-30 15:30:43.152,"DI_Clamps"".DI.ClampRear.AtTower                  """,O
2025-09-30 15:30:43.163,"DI_Clamps"".DI.ClampRear.AtTower                  """,O
2025-09-30 15:30:43.173,"DI_Clamps"".DI.ClampRear.AtTower                  """,O
2025-09-30 15:30:43.184,"DI_Clamps"".DI.ClampRear.AtTower                  """,O
2025-09-30 15:30:43.195,"DI_Clamps"".DI.ClampRear.AtTower                  """,O
2025-09-30 15:30:43.207,"DI_Clamps"".DI.ClampRear.AtTower                  """,O
2025-09-30 15:30:43.218,"DI_Clamps"".DI.ClampRear.AtTower                  """,O
2025-09-30 15:30:43.229,"DI_Clamps"".DI.ClampRear.AtTower                  """,O
2025-09-30 15:30:43.240,"DI_Clamps"".DI.ClampRear.AtTower                  """,O
2025-09-30 15:30:43.250,"DI_Clamps"".DI.ClampRear.AtTower                  """,O
2025-09-30 15:30:43.261,"DI_Clamps"".DI.ClampRear.AtTower                  """,O
2025-09-30 15:30:43.272,"DI_Clamps"".DI.ClampRear.AtTower                  """,O
2025-09-30 15:30:43.286,"DI_Clamps"".DI.ClampRear.AtTower                  """,O
2025-09-30 15:30:43.297,"DI_Clamps"".DI.ClampRear.AtTower                  """,O
2025-09-30 15:30:43.309,"DI_Clamps"".DI.ClampRear.AtTower                  """,O
2025-09-30 15:30:43.320,"DI_Clamps"".DI.ClampRear.AtTower                  """,O
2025-09-30 15:30:43.331,"DI_Clamps"".DI.ClampRear.AtTower                  """,O
2025-09-30 15:30:43.342,"DI_Clamps"".DI.ClampRear.AtTower                  """,O
2025-09-30 15:30:43.352,"DI_Clamps"".DI.ClampRear.AtTower                  """,O
2025-09-30 15:30:43.363,"DI_Clamps"".DI.ClampRear.AtTower                  """,O
2025-09-30 15:30:43.374,"DI_Clamps"".DI.ClampRear.AtTower                  """,O
2025-09-30 15:30:43.384,"DI_Clamps"".DI.ClampRear.AtTower                  """,O
2025-09-30 15:30:43.396,"DI_Clamps"".DI.ClampRear.AtTower                  """,O
2025-09-30 15:30:43.408,"DI_Clamps"".DI.ClampRear.AtTower                  """,O
2025-09-30 15:30:43.418,"DI_Clamps"".DI.ClampRear.AtTower                  """,O
2025-09-30 15:30:43.429,"DI_Clamps"".DI.ClampRear.AtTower                  """,O
2025-09-30 15:30:43.440,"DI_Clamps"".DI.ClampRear.AtTower                  """,O
2025-09-30 15:30:43.451,"DI_Clamps"".DI.ClampRear.AtTower                  """,O
2025-09-30 15:30:43.462,"DI_Clamps"".DI.ClampRear.AtTower                  """,O
2025-09-30 15:30:43.472,"DI_Clamps"".DI.ClampRear.AtTower                  """,O
2025-09-30 15:30:43.488,"DI_Clamps"".DI.ClampRear.AtTower                  """,O
2025-09-30 15:30:43.499,"DI_Clamps"".DI.ClampRear.AtTower                  """,O
2025-09-30 15:30:43.511,"DI_Clamps"".DI.ClampRear.AtTower                  """,O
2025-09-30 15:30:43.521,"DI_Clamps"".DI.ClampRear.AtTower                  """,O
2025-09-30 15:30:43.532,"DI_Clamps"".DI.ClampRear.AtTower                  """,O
2025-09-30 15:30:43.543,"DI_Clamps"".DI.ClampRear.AtTower                  """,O
2025-09-30 15:30:43.554,"DI_Clamps"".DI.ClampRear.AtTower                  """,O
2025-09-30 15:30:43.564,"DI_Clamps"".DI.ClampRear.AtTower                  """,O
2025-09-30 15:30:43.577,"DI_Clamps"".DI.ClampRear.AtTower                  """,O
2025-09-30 15:30:43.587,"DI_Clamps"".DI.ClampRear.AtTower                  """,O
2025-09-30 15:30:43.598,"DI_Clamps"".DI.ClampRear.AtTower                  """,O
2025-09-30 15:30:43.610,"DI_Clamps"".DI.ClampRear.AtTower                  """,O
2025-09-30 15:30:43.621,"DI_Clamps"".DI.ClampRear.AtTower                  """,O
2025-09-30 15:30:43.632,"DI_Clamps"".DI.ClampRear.AtTower                  """,O
2025-09-30 15:30:43.642,"DI_Clamps"".DI.ClampRear.AtTower                  """,O
2025-09-30 15:30:43.653,"DI_Clamps"".DI.ClampRear.AtTower                  """,O
2025-09-30 15:30:43.664,"DI_Clamps"".DI.ClampRear.AtTower                  """,O
2025-09-30 15:30:43.675,"DI_Clamps"".DI.ClampRear.AtTower                  """,O
2025-09-30 15:30:43.782,"DI_Clamps"".DI.ClampRear.AtTower                  """,O
2025-09-30 15:30:43.793,"DI_Clamps"".DI.ClampRear.AtTower                  """,O
2025-09-30 15:30:43.809,"DI_Clamps"".DI.ClampRear.AtTower                  """,O
2025-09-30 15:30:43.820,"DI_Clamps"".DI.ClampRear.AtTower                  """,O
2025-09-30 15:30:43.830,"DI_Clamps"".DI.ClampRear.AtTower                  """,O
2025-09-30 15:30:43.841,"DI_Clamps"".DI.ClampRear.AtTower                  """,O
2025-09-30 15:30:43.852,"DI_Clamps"".DI.ClampRear.AtTower                  """,O
2025-09-30 15:30:43.863,"DI_Clamps"".DI.ClampRear.AtTower                  """,O
2025-09-30 15:30:43.873,"DI_Clamps"".DI.ClampRear.AtTower                  """,O
2025-09-30 15:30:43.890,"DI_Clamps"".DI.ClampRear.AtTower                  """,O
2025-09-30 15:30:43.900,"DI_Clamps"".DI.ClampRear.AtTower                  """,O
2025-09-30 15:30:43.912,"DI_Clamps"".DI.ClampRear.AtTower                  """,O
2025-09-30 15:30:43.923,"DI_Clamps"".DI.ClampRear.AtTower                  """,O
2025-09-30 15:30:43.934,"DI_Clamps"".DI.ClampRear.AtTower                  """,O
2025-09-30 15:30:43.945,"DI_Clamps"".DI.ClampRear.AtTower                  """,O
2025-09-30 15:30:43.956,"DI_Clamps"".DI.ClampRear.AtTower                  """,O
2025-09-30 15:30:43.967,"DI_Clamps"".DI.ClampRear.AtTower                  """,O
2025-09-30 15:30:43.977,"DI_Clamps"".DI.ClampRear.AtTower                  """,O
2025-09-30 15:30:43.988,"DI_Clamps"".DI.ClampRear.AtTower                  """,O
2025-09-30 15:30:43.999,"DI_Clamps"".DI.ClampRear.AtTower                  """,O
2025-09-30 15:30:44.011,"DI_Clamps"".DI.ClampRear.AtTower                  """,O
2025-09-30 15:30:44.022,"DI_Clamps"".DI.ClampRear.AtTower                  """,O
2025-09-30 15:30:44.032,"DI_Clamps"".DI.ClampRear.AtTower                  """,O
2025-09-30 15:30:44.043,"DI_Clamps"".DI.ClampRear.AtTower                  """,O
2025-09-30 15:30:44.054,"DI_Clamps"".DI.ClampRear.AtTower                  """,O
2025-09-30 15:30:44.065,"DI_Clamps"".DI.ClampRear.AtTower                  """,O
2025-09-30 15:30:44.076,"DI_Clamps"".DI.ClampRear.AtTower                  """,O
2025-09-30 15:30:44.087,"DI_Clamps"".DI.ClampRear.AtTower                  """,O
2025-09-30 15:30:44.097,"DI_Clamps"".DI.ClampRear.AtTower                  """,O
2025-09-30 15:30:44.110,"DI_Clamps"".DI.ClampRear.AtTower                  """,O
2025-09-30 15:30:44.120,"DI_Clamps"".DI.ClampRear.AtTower                  """,O
2025-09-30 15:30:44.131,"DI_Clamps"".DI.ClampRear.AtTower                  """,O
2025-09-30 15:30:44.142,"DI_Clamps"".DI.ClampRear.AtTower                  """,O
2025-09-30 15:30:44.153,"DI_Clamps"".DI.ClampRear.AtTower                  """,O
2025-09-30 15:30:44.163,"DI_Clamps"".DI.ClampRear.AtTower                  """,O
2025-09-30 15:30:44.174,"DI_Clamps"".DI.ClampRear.AtTower                  """,O
2025-09-30 15:30:44.185,"DI_Clamps"".DI.ClampRear.AtTower                  """,O
2025-09-30 15:30:44.196,"DI_Clamps"".DI.ClampRear.AtTower                  """,O
2025-09-30 15:30:44.208,"DI_Clamps"".DI.ClampRear.AtTower                  """,O
2025-09-30 15:30:44.219,"DI_Clamps"".DI.ClampRear.AtTower                  """,O
2025-09-30 15:30:44.230,"DI_Clamps"".DI.ClampRear.AtTower                  """,O
2025-09-30 15:30:44.240,"DI_Clamps"".DI.ClampRear.AtTower                  """,O
2025-09-30 15:30:44.251,"DI_Clamps"".DI.ClampRear.AtTower                  """,O
2025-09-30 15:30:44.262,"DI_Clamps"".DI.ClampRear.AtTower                  """,O
2025-09-30 15:30:44.273,"DI_Clamps"".DI.ClampRear.AtTower                  """,O
2025-09-30 15:30:44.284,"DI_Clamps"".DI.ClampRear.AtTower                  """,O
2025-09-30 15:30:44.299,"DI_Clamps"".DI.ClampRear.AtTower                  """,O
2025-09-30 15:30:44.311,"DI_Clamps"".DI.ClampRear.AtTower                  """,O
2025-09-30 15:30:44.326,"DI_Clamps"".DI.ClampRear.AtTower                  """,O
2025-09-30 15:30:44.337,"DI_Clamps"".DI.ClampRear.AtTower                  """,O
2025-09-30 15:30:44.418,"DI_Clamps"".DI.ClampRear.AtTower                  """,O
2025-09-30 15:30:44.429,"DI_Clamps"".DI.ClampRear.AtTower                  """,O
2025-09-30 15:30:44.439,"DI_Clamps"".DI.ClampRear.AtTower                  """,O
2025-09-30 15:30:44.450,"DI_Clamps"".DI.ClampRear.AtTower                  """,O
2025-09-30 15:30:44.461,"DI_Clamps"".DI.ClampRear.AtTower                  """,O
2025-09-30 15:30:44.475,"DI_Clamps"".DI.ClampRear.AtTower                  """,O
2025-09-30 15:30:44.486,"DI_Clamps"".DI.ClampRear.AtTower                  """,O
2025-09-30 15:30:44.497,"DI_Clamps"".DI.ClampRear.AtTower                  """,O
2025-09-30 15:30:44.509,"DI_Clamps"".DI.ClampRear.AtTower                  """,O
2025-09-30 15:30:44.520,"DI_Clamps"".DI.ClampRear.AtTower                  """,O
2025-09-30 15:30:44.530,"DI_Clamps"".DI.ClampRear.AtTower                  """,O
2025-09-30 15:30:44.541,"DI_Clamps"".DI.ClampRear.AtTower                  """,O
2025-09-30 15:30:44.552,"DI_Clamps"".DI.ClampRear.AtTower                  """,O
2025-09-30 15:30:44.563,"DI_Clamps"".DI.ClampRear.AtTower                  """,O
2025-09-30 15:30:44.573,"DI_Clamps"".DI.ClampRear.AtTower                  """,O
2025-09-30 15:30:44.584,"DI_Clamps"".DI.ClampRear.AtTower                  """,O
2025-09-30 15:30:44.595,"DI_Clamps"".DI.ClampRear.AtTower                  """,O
2025-09-30 15:30:44.607,"DI_Clamps"".DI.ClampRear.AtTower                  """,O
2025-09-30 15:30:44.618,"DI_Clamps"".DI.ClampRear.AtTower                  """,O
2025-09-30 15:30:44.629,"DI_Clamps"".DI.ClampRear.AtTower                  """,O
2025-09-30 15:30:44.641,"DI_Clamps"".DI.ClampRear.AtTower                  """,O
2025-09-30 15:30:44.651,"DI_Clamps"".DI.ClampRear.AtTower                  """,O
2025-09-30 15:30:44.662,"DI_Clamps"".DI.ClampRear.AtTower                  """,O
2025-09-30 15:30:44.673,"DI_Clamps"".DI.ClampRear.AtTower                  """,O
2025-09-30 15:30:44.684,"DI_Clamps"".DI.ClampRear.AtTower                  """,O
2025-09-30 15:30:44.699,"DI_Clamps"".DI.ClampRear.AtTower                  """,O
2025-09-30 15:30:44.711,"DI_Clamps"".DI.ClampRear.AtTower                  """,O
2025-09-30 15:30:44.722,"DI_Clamps"".DI.ClampRear.AtTower                  """,O
2025-09-30 15:30:44.733,"DI_Clamps"".DI.ClampRear.AtTower                  """,O
2025-09-30 15:30:44.744,"DI_Clamps"".DI.ClampRear.AtTower                  """,O
2025-09-30 15:30:44.755,"DI_Clamps"".DI.ClampRear.AtTower                  """,O
2025-09-30 15:30:44.766,"DI_Clamps"".DI.ClampRear.AtTower                  """,O
2025-09-30 15:30:44.777,"DI_Clamps"".DI.ClampRear.AtTower                  """,O
2025-09-30 15:30:44.787,"DI_Clamps"".DI.ClampRear.AtTower                  """,O
2025-09-30 15:30:44.865,"DI_Clamps"".DI.ClampRear.AtTower                  """,O
2025-09-30 15:30:44.879,"DI_Clamps"".DI.ClampRear.AtTower                  """,O
2025-09-30 15:30:44.890,"DI_Clamps"".DI.ClampRear.AtTower                  """,O
2025-09-30 15:30:44.901,"DI_Clamps"".DI.ClampRear.AtTower                  """,O
2025-09-30 15:30:44.913,"DI_Clamps"".DI.ClampRear.AtTower                  """,O
2025-09-30 15:30:44.924,"DI_Clamps"".DI.ClampRear.AtTower                  """,O
2025-09-30 15:30:44.934,"DI_Clamps"".DI.ClampRear.AtTower                  """,O
2025-09-30 15:30:44.945,"DI_Clamps"".DI.ClampRear.AtTower                  """,O
2025-09-30 15:30:44.956,"DI_Clamps"".DI.ClampRear.AtTower                  """,O
2025-09-30 15:30:44.967,"DI_Clamps"".DI.ClampRear.AtTower                  """,O
2025-09-30 15:30:44.978,"DI_Clamps"".DI.ClampRear.AtTower                  """,O
2025-09-30 15:30:44.988,"DI_Clamps"".DI.ClampRear.AtTower                  """,O
2025-09-30 15:30:44.999,"DI_Clamps"".DI.ClampRear.AtTower                  """,O
2025-09-30 15:30:45.011,"DI_Clamps"".DI.ClampRear.AtTower                  """,O
2025-09-30 15:30:45.023,"DI_Clamps"".DI.ClampRear.AtTower                  """,O
2025-09-30 15:30:45.039,"DI_Clamps"".DI.ClampRear.AtTower                  """,O
2025-09-30 15:30:45.054,"DI_Clamps"".DI.ClampRear.AtTower                  """,O
2025-09-30 15:30:45.064,"DI_Clamps"".DI.ClampRear.AtTower                  """,O
2025-09-30 15:30:45.076,"DI_Clamps"".DI.ClampRear.AtTower                  """,O
2025-09-30 15:30:45.086,"DI_Clamps"".DI.ClampRear.AtTower                  """,O
2025-09-30 15:30:45.097,"DI_Clamps"".DI.ClampRear.AtTower                  """,O
2025-09-30 15:30:45.109,"DI_Clamps"".DI.ClampRear.AtTower                  """,O
2025-09-30 15:30:45.120,"DI_Clamps"".DI.ClampRear.AtTower                  """,O
2025-09-30 15:30:45.131,"DI_Clamps"".DI.ClampRear.AtTower                  """,O
2025-09-30 15:30:45.141,"DI_Clamps"".DI.ClampRear.AtTower                  """,O
2025-09-30 15:30:45.152,"DI_Clamps"".DI.ClampRear.AtTower                  """,O
2025-09-30 15:30:45.163,"DI_Clamps"".DI.ClampRear.AtTower                  """,O
2025-09-30 15:30:45.174,"DI_Clamps"".DI.ClampRear.AtTower                  """,O
2025-09-30 15:30:45.184,"DI_Clamps"".DI.ClampRear.AtTower                  """,O
2025-09-30 15:30:45.196,"DI_Clamps"".DI.ClampRear.AtTower                  """,O
2025-09-30 15:30:45.208,"DI_Clamps"".DI.ClampRear.AtTower                  """,O
2025-09-30 15:30:45.218,"DI_Clamps"".DI.ClampRear.AtTower                  """,O
2025-09-30 15:30:45.229,"DI_Clamps"".DI.ClampRear.AtTower                  """,O
2025-09-30 15:30:45.240,"DI_Clamps"".DI.ClampRear.AtTower                  """,O
2025-09-30 15:30:45.251,"DI_Clamps"".DI.ClampRear.AtTower                  """,O
2025-09-30 15:30:45.261,"DI_Clamps"".DI.ClampRear.AtTower                  """,O
2025-09-30 15:30:45.272,"DI_Clamps"".DI.ClampRear.AtTower                  """,O
2025-09-30 15:30:45.283,"DI_Clamps"".DI.ClampRear.AtTower                  """,O
2025-09-30 15:30:45.294,"DI_Clamps"".DI.ClampRear.AtTower                  """,O
2025-09-30 15:30:45.304,"DI_Clamps"".DI.ClampRear.AtTower                  """,O
2025-09-30 15:30:45.318,"DI_Clamps"".DI.ClampRear.AtTower                  """,O
2025-09-30 15:30:45.332,"DI_Clamps"".DI.ClampRear.AtTower                  """,O
2025-09-30 15:30:45.343,"DI_Clamps"".DI.ClampRear.AtTower                  """,O
2025-09-30 15:30:45.354,"DI_Clamps"".DI.ClampRear.AtTower                  """,O
2025-09-30 15:30:45.364,"DI_Clamps"".DI.ClampRear.AtTower                  """,O
2025-09-30 15:30:45.376,"DI_Clamps"".DI.ClampRear.AtTower                  """,O
2025-09-30 15:30:45.386,"DI_Clamps"".DI.ClampRear.AtTower                  """,O
2025-09-30 15:30:45.401,"DI_Clamps"".DI.ClampRear.AtTower                  """,O
2025-09-30 15:30:45.413,"DI_Clamps"".DI.ClampRear.AtTower                  """,O
2025-09-30 15:30:45.424,"DI_Clamps"".DI.ClampRear.AtTower                  """,O
2025-09-30 15:30:45.435,"DI_Clamps"".DI.ClampRear.AtTower                  """,O
2025-09-30 15:30:45.446,"DI_Clamps"".DI.ClampRear.AtTower                  """,O
2025-09-30 15:30:45.457,"DI_Clamps"".DI.ClampRear.AtTower                  """,O
2025-09-30 15:30:45.467,"DI_Clamps"".DI.ClampRear.AtTower                  """,O
2025-09-30 15:30:45.478,"DI_Clamps"".DI.ClampRear.AtTower                  """,O
2025-09-30 15:30:45.489,"DI_Clamps"".DI.ClampRear.AtTower                  """,O
2025-09-30 15:30:45.500,"DI_Clamps"".DI.ClampRear.AtTower                  """,O
2025-09-30 15:30:45.512,"DI_Clamps"".DI.ClampRear.AtTower                  """,O
2025-09-30 15:30:45.523,"DI_Clamps"".DI.ClampRear.AtTower                  """,O
2025-09-30 15:30:45.534,"DI_Clamps"".DI.ClampRear.AtTower                  """,O
2025-09-30 15:30:45.545,"DI_Clamps"".DI.ClampRear.AtTower                  """,O
2025-09-30 15:30:45.556,"DI_Clamps"".DI.ClampRear.AtTower                  """,O
2025-09-30 15:30:45.567,"DI_Clamps"".DI.ClampRear.AtTower                  """,O
2025-09-30 15:30:45.577,"DI_Clamps"".DI.ClampRear.AtTower                  """,O
2025-09-30 15:30:45.588,"DI_Clamps"".DI.ClampRear.AtTower                  """,O
2025-09-30 15:30:45.599,"DI_Clamps"".DI.ClampRear.AtTower                  """,O
2025-09-30 15:30:45.612,"DI_Clamps"".DI.ClampRear.AtTower                  """,O
2025-09-30 15:30:45.624,"DI_Clamps"".DI.ClampRear.AtTower                  """,O
2025-09-30 15:30:45.635,"DI_Clamps"".DI.ClampRear.AtTower                  """,O
2025-09-30 15:30:45.646,"DI_Clamps"".DI.ClampRear.AtTower                  """,O
2025-09-30 15:30:45.657,"DI_Clamps"".DI.ClampRear.AtTower                  """,O
2025-09-30 15:30:45.667,"DI_Clamps"".DI.ClampRear.AtTower                  """,O
2025-09-30 15:30:45.678,"DI_Clamps"".DI.ClampRear.AtTower                  """,O
2025-09-30 15:30:45.689,"DI_Clamps"".DI.ClampRear.AtTower                  """,O
2025-09-30 15:30:45.699,"DI_Clamps"".DI.ClampRear.AtTower                  """,O
2025-09-30 15:30:45.712,"DI_Clamps"".DI.ClampRear.AtTower                  """,O
2025-09-30 15:30:45.722,"DI_Clamps"".DI.ClampRear.AtTower                  """,O
2025-09-30 15:30:45.733,"DI_Clamps"".DI.ClampRear.AtTower                  """,O
2025-09-30 15:30:45.744,"DI_Clamps"".DI.ClampRear.AtTower                  """,O
2025-09-30 15:30:45.756,"DI_Clamps"".DI.ClampRear.AtTower                  """,O
2025-09-30 15:30:45.766,"DI_Clamps"".DI.ClampRear.AtTower                  """,O
2025-09-30 15:30:45.777,"DI_Clamps"".DI.ClampRear.AtTower                  """,O
2025-09-30 15:30:45.788,"DI_Clamps"".DI.ClampRear.AtTower                  """,O
2025-09-30 15:30:45.865,"DI_Clamps"".DI.ClampRear.AtTower                  """,O
2025-09-30 15:30:45.876,"DI_Clamps"".DI.ClampRear.AtTower                  """,O
2025-09-30 15:30:45.887,"DI_Clamps"".DI.ClampRear.AtTower                  """,O
2025-09-30 15:30:45.898,"DI_Clamps"".DI.ClampRear.AtTower                  """,O
2025-09-30 15:30:45.913,"DI_Clamps"".DI.ClampRear.AtTower                  """,O
2025-09-30 15:30:45.925,"DI_Clamps"".DI.ClampRear.AtTower                  """,O
2025-09-30 15:30:45.940,"DI_Clamps"".DI.ClampRear.AtTower                  """,O
2025-09-30 15:30:45.951,"DI_Clamps"".DI.ClampRear.AtTower                  """,O
2025-09-30 15:30:45.962,"DI_Clamps"".DI.ClampRear.AtTower                  """,O
2025-09-30 15:30:45.972,"DI_Clamps"".DI.ClampRear.AtTower                  """,O
2025-09-30 15:30:45.983,"DI_Clamps"".DI.ClampRear.AtTower                  """,O
2025-09-30 15:30:45.994,"DI_Clamps"".DI.ClampRear.AtTower                  """,O
2025-09-30 15:30:46.004,"DI_Clamps"".DI.ClampRear.AtTower                  """,O
2025-09-30 15:30:46.017,"DI_Clamps"".DI.ClampRear.AtTower                  """,O
2025-09-30 15:30:46.028,"DI_Clamps"".DI.ClampRear.AtTower                  """,O
2025-09-30 15:30:46.038,"DI_Clamps"".DI.ClampRear.AtTower                  """,O
2025-09-30 15:30:46.049,"DI_Clamps"".DI.ClampRear.AtTower                  """,O
2025-09-30 15:30:46.060,"DI_Clamps"".DI.ClampRear.AtTower                  """,O
2025-09-30 15:30:46.071,"DI_Clamps"".DI.ClampRear.AtTower                  """,O
2025-09-30 15:30:46.081,"DI_Clamps"".DI.ClampRear.AtTower                  """,O
2025-09-30 15:30:46.092,"DI_Clamps"".DI.ClampRear.AtTower                  """,O
2025-09-30 15:30:46.103,"DI_Clamps"".DI.ClampRear.AtTower                  """,O
2025-09-30 15:30:46.115,"DI_Clamps"".DI.ClampRear.AtTower                  """,O
2025-09-30 15:30:46.126,"DI_Clamps"".DI.ClampRear.AtTower                  """,O
2025-09-30 15:30:46.137,"DI_Clamps"".DI.ClampRear.AtTower                  """,O
2025-09-30 15:30:46.148,"DI_Clamps"".DI.ClampRear.AtTower                  """,O
2025-09-30 15:30:46.158,"DI_Clamps"".DI.ClampRear.AtTower                  """,O
2025-09-30 15:30:46.169,"DI_Clamps"".DI.ClampRear.AtTower                  """,O
2025-09-30 15:30:46.180,"DI_Clamps"".DI.ClampRear.AtTower                  """,O
2025-09-30 15:30:46.191,"DI_Clamps"".DI.ClampRear.AtTower                  """,O
2025-09-30 15:30:46.201,"DI_Clamps"".DI.ClampRear.AtTower                  """,O
2025-09-30 15:30:46.214,"DI_Clamps"".DI.ClampRear.AtTower                  """,O
2025-09-30 15:30:46.230,"DI_Clamps"".DI.ClampRear.AtTower                  """,O
2025-09-30 15:30:46.241,"DI_Clamps"".DI.ClampRear.AtTower                  """,O
2025-09-30 15:30:46.251,"DI_Clamps"".DI.ClampRear.AtTower                  """,O
2025-09-30 15:30:46.262,"DI_Clamps"".DI.ClampRear.AtTower                  """,O
2025-09-30 15:30:46.273,"DI_Clamps"".DI.ClampRear.AtTower                  """,O
2025-09-30 15:30:46.284,"DI_Clamps"".DI.ClampRear.AtTower                  """,O
2025-09-30 15:30:46.294,"DI_Clamps"".DI.ClampRear.AtTower                  """,O
2025-09-30 15:30:46.307,"DI_Clamps"".DI.ClampRear.AtTower                  """,O
2025-09-30 15:30:46.318,"DI_Clamps"".DI.ClampRear.AtTower                  """,O
2025-09-30 15:30:46.328,"DI_Clamps"".DI.ClampRear.AtTower                  """,O
2025-09-30 15:30:46.339,"DI_Clamps"".DI.ClampRear.AtTower                  """,O
2025-09-30 15:30:46.350,"DI_Clamps"".DI.ClampRear.AtTower                  """,O
2025-09-30 15:30:46.361,"DI_Clamps"".DI.ClampRear.AtTower                  """,O
2025-09-30 15:30:46.371,"DI_Clamps"".DI.ClampRear.AtTower                  """,O
2025-09-30 15:30:46.382,"DI_Clamps"".DI.ClampRear.AtTower                  """,O
2025-09-30 15:30:46.393,"DI_Clamps"".DI.ClampRear.AtTower                  """,O
2025-09-30 15:30:46.403,"DI_Clamps"".DI.ClampRear.AtTower                  """,O
2025-09-30 15:30:46.416,"DI_Clamps"".DI.ClampRear.AtTower                  """,O
2025-09-30 15:30:46.431,"DI_Clamps"".DI.ClampRear.AtTower                  """,O
2025-09-30 15:30:46.441,"DI_Clamps"".DI.ClampRear.AtTower                  """,O
2025-09-30 15:30:46.452,"DI_Clamps"".DI.ClampRear.AtTower                  """,O
2025-09-30 15:30:46.463,"DI_Clamps"".DI.ClampRear.AtTower                  """,O
2025-09-30 15:30:46.474,"DI_Clamps"".DI.ClampRear.AtTower                  """,O
2025-09-30 15:30:46.484,"DI_Clamps"".DI.ClampRear.AtTower                  """,O
2025-09-30 15:30:46.495,"DI_Clamps"".DI.ClampRear.AtTower                  """,O
2025-09-30 15:30:46.508,"DI_Clamps"".DI.ClampRear.AtTower                  """,O
2025-09-30 15:30:46.588,"DI_Clamps"".DI.ClampRear.AtTower                  """,O
2025-09-30 15:30:46.599,"DI_Clamps"".DI.ClampRear.AtTower                  """,O
2025-09-30 15:30:46.611,"DI_Clamps"".DI.ClampRear.AtTower                  """,O
2025-09-30 15:30:46.623,"DI_Clamps"".DI.ClampRear.AtTower                  """,O
2025-09-30 15:30:46.637,"DI_Clamps"".DI.ClampRear.AtTower                  """,O
2025-09-30 15:30:46.648,"DI_Clamps"".DI.ClampRear.AtTower                  """,O
2025-09-30 15:30:46.659,"DI_Clamps"".DI.ClampRear.AtTower                  """,O
2025-09-30 15:30:46.669,"DI_Clamps"".DI.ClampRear.AtTower                  """,O
2025-09-30 15:30:46.680,"DI_Clamps"".DI.ClampRear.AtTower                  """,O
2025-09-30 15:30:46.691,"DI_Clamps"".DI.ClampRear.AtTower                  """,O
2025-09-30 15:30:46.702,"DI_Clamps"".DI.ClampRear.AtTower                  """,O
2025-09-30 15:30:46.714,"DI_Clamps"".DI.ClampRear.AtTower                  """,O
2025-09-30 15:30:46.726,"DI_Clamps"".DI.ClampRear.AtTower                  """,O
2025-09-30 15:30:46.736,"DI_Clamps"".DI.ClampRear.AtTower                  """,O
2025-09-30 15:30:46.748,"DI_Clamps"".DI.ClampRear.AtTower                  """,O
2025-09-30 15:30:46.758,"DI_Clamps"".DI.ClampRear.AtTower                  """,O
2025-09-30 15:30:46.769,"DI_Clamps"".DI.ClampRear.AtTower                  """,O
2025-09-30 15:30:46.781,"DI_Clamps"".DI.ClampRear.AtTower                  """,O
2025-09-30 15:30:46.792,"DI_Clamps"".DI.ClampRear.AtTower                  """,O
2025-09-30 15:30:46.803,"DI_Clamps"".DI.ClampRear.AtTower                  """,O
2025-09-30 15:30:46.815,"DI_Clamps"".DI.ClampRear.AtTower                  """,O
2025-09-30 15:30:46.827,"DI_Clamps"".DI.ClampRear.AtTower                  """,O
2025-09-30 15:30:46.837,"DI_Clamps"".DI.ClampRear.AtTower                  """,O
2025-09-30 15:30:46.848,"DI_Clamps"".DI.ClampRear.AtTower                  """,O
2025-09-30 15:30:46.859,"DI_Clamps"".DI.ClampRear.AtTower                  """,O
2025-09-30 15:30:46.936,"DI_Clamps"".DI.ClampRear.AtTower                  """,O
2025-09-30 15:30:46.951,"DI_Clamps"".DI.ClampRear.AtTower                  """,O
2025-09-30 15:30:46.961,"DI_Clamps"".DI.ClampRear.AtTower                  """,O
2025-09-30 15:30:46.972,"DI_Clamps"".DI.ClampRear.AtTower                  """,O
2025-09-30 15:30:46.985,"DI_Clamps"".DI.ClampRear.AtTower                  """,O
2025-09-30 15:30:46.996,"DI_Clamps"".DI.ClampRear.AtTower                  """,O
2025-09-30 15:30:47.008,"DI_Clamps"".DI.ClampRear.AtTower                  """,O
2025-09-30 15:30:47.019,"DI_Clamps"".DI.ClampRear.AtTower                  """,O
2025-09-30 15:30:47.030,"DI_Clamps"".DI.ClampRear.AtTower                  """,O
2025-09-30 15:30:47.040,"DI_Clamps"".DI.ClampRear.AtTower                  """,O
2025-09-30 15:30:47.051,"DI_Clamps"".DI.ClampRear.AtTower                  """,O
2025-09-30 15:30:47.062,"DI_Clamps"".DI.ClampRear.AtTower                  """,O
2025-09-30 15:30:47.073,"DI_Clamps"".DI.ClampRear.AtTower                  """,O
2025-09-30 15:30:47.083,"DI_Clamps"".DI.ClampRear.AtTower                  """,O
2025-09-30 15:30:47.094,"DI_Clamps"".DI.ClampRear.AtTower                  """,O
2025-09-30 15:30:47.107,"DI_Clamps"".DI.ClampRear.AtTower                  """,O
2025-09-30 15:30:47.117,"DI_Clamps"".DI.ClampRear.AtTower                  """,O
2025-09-30 15:30:47.128,"DI_Clamps"".DI.ClampRear.AtTower                  """,O
2025-09-30 15:30:47.139,"DI_Clamps"".DI.ClampRear.AtTower                  """,O
2025-09-30 15:30:47.150,"DI_Clamps"".DI.ClampRear.AtTower                  """,O
2025-09-30 15:30:47.160,"DI_Clamps"".DI.ClampRear.AtTower                  """,O
2025-09-30 15:30:47.171,"DI_Clamps"".DI.ClampRear.AtTower                  """,O
2025-09-30 15:30:47.183,"DI_Clamps"".DI.ClampRear.AtTower                  """,O
2025-09-30 15:30:47.194,"DI_Clamps"".DI.ClampRear.AtTower                  """,O
2025-09-30 15:30:47.206,"DI_Clamps"".DI.ClampRear.AtTower                  """,O
2025-09-30 15:30:47.217,"DI_Clamps"".DI.ClampRear.AtTower                  """,O
2025-09-30 15:30:47.232,"DI_Clamps"".DI.ClampRear.AtTower                  """,O
2025-09-30 15:30:47.243,"DI_Clamps"".DI.ClampRear.AtTower                  """,O
2025-09-30 15:30:47.254,"DI_Clamps"".DI.ClampRear.AtTower                  """,O
2025-09-30 15:30:47.265,"DI_Clamps"".DI.ClampRear.AtTower                  """,O
2025-09-30 15:30:47.276,"DI_Clamps"".DI.ClampRear.AtTower                  """,O
2025-09-30 15:30:47.287,"DI_Clamps"".DI.ClampRear.AtTower                  """,O
2025-09-30 15:30:47.297,"DI_Clamps"".DI.ClampRear.AtTower                  """,O
2025-09-30 15:30:47.309,"DI_Clamps"".DI.ClampRear.AtTower                  """,O
2025-09-30 15:30:47.320,"DI_Clamps"".DI.ClampRear.AtTower                  """,O
2025-09-30 15:30:47.331,"DI_Clamps"".DI.ClampRear.AtTower                  """,O
2025-09-30 15:30:47.342,"DI_Clamps"".DI.ClampRear.AtTower                  """,O
2025-09-30 15:30:47.352,"DI_Clamps"".DI.ClampRear.AtTower                  """,O
2025-09-30 15:30:47.363,"DI_Clamps"".DI.ClampRear.AtTower                  """,O
2025-09-30 15:30:47.374,"DI_Clamps"".DI.ClampRear.AtTower                  """,O
2025-09-30 15:30:47.386,"DI_Clamps"".DI.ClampRear.AtTower                  """,O
2025-09-30 15:30:47.397,"DI_Clamps"".DI.ClampRear.AtTower                  """,O
2025-09-30 15:30:47.409,"DI_Clamps"".DI.ClampRear.AtTower                  """,O
2025-09-30 15:30:47.420,"DI_Clamps"".DI.ClampRear.AtTower                  """,O
2025-09-30 15:30:47.431,"DI_Clamps"".DI.ClampRear.AtTower                  """,O
2025-09-30 15:30:47.442,"DI_Clamps"".DI.ClampRear.AtTower                  """,O
2025-09-30 15:30:47.452,"DI_Clamps"".DI.ClampRear.AtTower                  """,O
2025-09-30 15:30:47.467,"DI_Clamps"".DI.ClampRear.AtTower                  """,O
2025-09-30 15:30:47.478,"DI_Clamps"".DI.ClampRear.AtTower                  """,O
2025-09-30 15:30:47.488,"DI_Clamps"".DI.ClampRear.AtTower                  """,O
2025-09-30 15:30:47.499,"DI_Clamps"".DI.ClampRear.AtTower                  """,O
2025-09-30 15:30:47.511,"DI_Clamps"".DI.ClampRear.AtTower                  """,O
2025-09-30 15:30:47.522,"DI_Clamps"".DI.ClampRear.AtTower                  """,O
2025-09-30 15:30:47.533,"DI_Clamps"".DI.ClampRear.AtTower                  """,O
2025-09-30 15:30:47.543,"DI_Clamps"".DI.ClampRear.AtTower                  """,O
2025-09-30 15:30:47.554,"DI_Clamps"".DI.ClampRear.AtTower                  """,O
2025-09-30 15:30:47.565,"DI_Clamps"".DI.ClampRear.AtTower                  """,O
2025-09-30 15:30:47.576,"DI_Clamps"".DI.ClampRear.AtTower                  """,O
2025-09-30 15:30:47.592,"DI_Clamps"".DI.ClampRear.AtTower                  """,O
2025-09-30 15:30:47.603,"DI_Clamps"".DI.ClampRear.AtTower                  """,O
2025-09-30 15:30:47.616,"DI_Clamps"".DI.ClampRear.AtTower                  """,O
2025-09-30 15:30:47.626,"DI_Clamps"".DI.ClampRear.AtTower                  """,O
2025-09-30 15:30:47.637,"DI_Clamps"".DI.ClampRear.AtTower                  """,O
2025-09-30 15:30:47.648,"DI_Clamps"".DI.ClampRear.AtTower                  """,O
2025-09-30 15:30:47.659,"DI_Clamps"".DI.ClampRear.AtTower                  """,O
2025-09-30 15:30:47.669,"DI_Clamps"".DI.ClampRear.AtTower                  """,O
2025-09-30 15:30:47.680,"DI_Clamps"".DI.ClampRear.AtTower                  """,O
2025-09-30 15:30:47.691,"DI_Clamps"".DI.ClampRear.AtTower                  """,O
2025-09-30 15:30:47.702,"DI_Clamps"".DI.ClampRear.AtTower                  """,O
2025-09-30 15:30:47.714,"DI_Clamps"".DI.ClampRear.AtTower                  """,O
2025-09-30 15:30:47.726,"DI_Clamps"".DI.ClampRear.AtTower                  """,O
2025-09-30 15:30:47.736,"DI_Clamps"".DI.ClampRear.AtTower                  """,O
2025-09-30 15:30:47.748,"DI_Clamps"".DI.ClampRear.AtTower                  """,O
2025-09-30 15:30:47.758,"DI_Clamps"".DI.ClampRear.AtTower                  """,O
2025-09-30 15:30:47.769,"DI_Clamps"".DI.ClampRear.AtTower                  """,O
2025-09-30 15:30:47.781,"DI_Clamps"".DI.ClampRear.AtTower                  """,O
2025-09-30 15:30:47.796,"DI_Clamps"".DI.ClampRear.AtTower                  """,O
2025-09-30 15:30:47.808,"DI_Clamps"".DI.ClampRear.AtTower                  """,O
2025-09-30 15:30:47.819,"DI_Clamps"".DI.ClampRear.AtTower                  """,O
2025-09-30 15:30:47.830,"DI_Clamps"".DI.ClampRear.AtTower                  """,O
2025-09-30 15:30:47.840,"DI_Clamps"".DI.ClampRear.AtTower                  """,O
2025-09-30 15:30:47.851,"DI_Clamps"".DI.ClampRear.AtTower                  """,O
2025-09-30 15:30:47.862,"DI_Clamps"".DI.ClampRear.AtTower                  """,O
2025-09-30 15:30:47.873,"DI_Clamps"".DI.ClampRear.AtTower                  """,O
2025-09-30 15:30:47.950,"DI_Clamps"".DI.ClampRear.AtTower                  """,O
2025-09-30 15:30:47.961,"DI_Clamps"".DI.ClampRear.AtTower                  """,O
2025-09-30 15:30:47.971,"DI_Clamps"".DI.ClampRear.AtTower                  """,O
2025-09-30 15:30:47.988,"DI_Clamps"".DI.ClampRear.AtTower                  """,O
2025-09-30 15:30:47.998,"DI_Clamps"".DI.ClampRear.AtTower                  """,O
2025-09-30 15:30:48.010,"DI_Clamps"".DI.ClampRear.AtTower                  """,O
2025-09-30 15:30:48.021,"DI_Clamps"".DI.ClampRear.AtTower                  """,O
2025-09-30 15:30:48.032,"DI_Clamps"".DI.ClampRear.AtTower                  """,O
2025-09-30 15:30:48.043,"DI_Clamps"".DI.ClampRear.AtTower                  """,O
2025-09-30 15:30:48.053,"DI_Clamps"".DI.ClampRear.AtTower                  """,O
2025-09-30 15:30:48.064,"DI_Clamps"".DI.ClampRear.AtTower                  """,O
2025-09-30 15:30:48.075,"DI_Clamps"".DI.ClampRear.AtTower                  """,O
2025-09-30 15:30:48.086,"DI_Clamps"".DI.ClampRear.AtTower                  """,O
2025-09-30 15:30:48.097,"DI_Clamps"".DI.ClampRear.AtTower                  """,O
2025-09-30 15:30:48.109,"DI_Clamps"".DI.ClampRear.AtTower                  """,O
2025-09-30 15:30:48.120,"DI_Clamps"".DI.ClampRear.AtTower                  """,O
2025-09-30 15:30:48.130,"DI_Clamps"".DI.ClampRear.AtTower                  """,O
2025-09-30 15:30:48.141,"DI_Clamps"".DI.ClampRear.AtTower                  """,O
2025-09-30 15:30:48.152,"DI_Clamps"".DI.ClampRear.AtTower                  """,O
2025-09-30 15:30:48.163,"DI_Clamps"".DI.ClampRear.AtTower                  """,O
2025-09-30 15:30:48.173,"DI_Clamps"".DI.ClampRear.AtTower                  """,O
2025-09-30 15:30:48.186,"DI_Clamps"".DI.ClampRear.AtTower                  """,O
2025-09-30 15:30:48.200,"DI_Clamps"".DI.ClampRear.AtTower                  """,O
2025-09-30 15:30:48.213,"DI_Clamps"".DI.ClampRear.AtTower                  """,O
2025-09-30 15:30:48.223,"DI_Clamps"".DI.ClampRear.AtTower                  """,O
2025-09-30 15:30:48.234,"DI_Clamps"".DI.ClampRear.AtTower                  """,O
2025-09-30 15:30:48.245,"DI_Clamps"".DI.ClampRear.AtTower                  """,O
2025-09-30 15:30:48.256,"DI_Clamps"".DI.ClampRear.AtTower                  """,O
2025-09-30 15:30:48.267,"DI_Clamps"".DI.ClampRear.AtTower                  """,O
2025-09-30 15:30:48.278,"DI_Clamps"".DI.ClampRear.AtTower                  """,O
2025-09-30 15:30:48.288,"DI_Clamps"".DI.ClampRear.AtTower                  """,O
2025-09-30 15:30:48.299,"DI_Clamps"".DI.ClampRear.AtTower                  """,O
2025-09-30 15:30:48.311,"DI_Clamps"".DI.ClampRear.AtTower                  """,O
2025-09-30 15:30:48.322,"DI_Clamps"".DI.ClampRear.AtTower                  """,O
2025-09-30 15:30:48.333,"DI_Clamps"".DI.ClampRear.AtTower                  """,O
2025-09-30 15:30:48.344,"DI_Clamps"".DI.ClampRear.AtTower                  """,O
2025-09-30 15:30:48.354,"DI_Clamps"".DI.ClampRear.AtTower                  """,O
2025-09-30 15:30:48.365,"DI_Clamps"".DI.ClampRear.AtTower                  """,O
2025-09-30 15:30:48.376,"DI_Clamps"".DI.ClampRear.AtTower                  """,O
2025-09-30 15:30:48.388,"DI_Clamps"".DI.ClampRear.AtTower                  """,O
2025-09-30 15:30:48.399,"DI_Clamps"".DI.ClampRear.AtTower                  """,O
2025-09-30 15:30:48.411,"DI_Clamps"".DI.ClampRear.AtTower                  """,O
2025-09-30 15:30:48.422,"DI_Clamps"".DI.ClampRear.AtTower                  """,O
2025-09-30 15:30:48.433,"DI_Clamps"".DI.ClampRear.AtTower                  """,O
2025-09-30 15:30:48.444,"DI_Clamps"".DI.ClampRear.AtTower                  """,O
2025-09-30 15:30:48.454,"DI_Clamps"".DI.ClampRear.AtTower                  """,O
2025-09-30 15:30:48.465,"DI_Clamps"".DI.ClampRear.AtTower                  """,O
2025-09-30 15:30:48.476,"DI_Clamps"".DI.ClampRear.AtTower                  """,O
2025-09-30 15:30:48.487,"DI_Clamps"".DI.ClampRear.AtTower                  """,O
2025-09-30 15:30:48.501,"DI_Clamps"".DI.ClampRear.AtTower                  """,O
2025-09-30 15:30:48.513,"DI_Clamps"".DI.ClampRear.AtTower                  """,O
2025-09-30 15:30:48.524,"DI_Clamps"".DI.ClampRear.AtTower                  """,O
2025-09-30 15:30:48.535,"DI_Clamps"".DI.ClampRear.AtTower                  """,O
2025-09-30 15:30:48.546,"DI_Clamps"".DI.ClampRear.AtTower                  """,O
2025-09-30 15:30:48.557,"DI_Clamps"".DI.ClampRear.AtTower                  """,O
2025-09-30 15:30:48.567,"DI_Clamps"".DI.ClampRear.AtTower                  """,O
2025-09-30 15:30:48.578,"DI_Clamps"".DI.ClampRear.AtTower                  """,O
2025-09-30 15:30:48.594,"DI_Clamps"".DI.ClampRear.AtTower                  """,O
2025-09-30 15:30:48.605,"DI_Clamps"".DI.ClampRear.AtTower                  """,O
2025-09-30 15:30:48.617,"DI_Clamps"".DI.ClampRear.AtTower                  """,O
2025-09-30 15:30:48.632,"DI_Clamps"".DI.ClampRear.AtTower                  """,O
2025-09-30 15:30:48.642,"DI_Clamps"".DI.ClampRear.AtTower                  """,O
2025-09-30 15:30:48.655,"DI_Clamps"".DI.ClampRear.AtTower                  """,O
2025-09-30 15:30:48.667,"DI_Clamps"".DI.ClampRear.AtTower                  """,O
2025-09-30 15:30:48.677,"DI_Clamps"".DI.ClampRear.AtTower                  """,O
2025-09-30 15:30:48.759,"DI_Clamps"".DI.ClampRear.AtTower                  """,O
2025-09-30 15:30:48.770,"DI_Clamps"".DI.ClampRear.AtTower                  """,O
2025-09-30 15:30:48.781,"DI_Clamps"".DI.ClampRear.AtTower                  """,O
2025-09-30 15:30:48.791,"DI_Clamps"".DI.ClampRear.AtTower                  """,O
2025-09-30 15:30:48.807,"DI_Clamps"".DI.ClampRear.AtTower                  """,O
2025-09-30 15:30:48.818,"DI_Clamps"".DI.ClampRear.AtTower                  """,O
2025-09-30 15:30:48.829,"DI_Clamps"".DI.ClampRear.AtTower                  """,O
2025-09-30 15:30:48.839,"DI_Clamps"".DI.ClampRear.AtTower                  """,O
2025-09-30 15:30:48.851,"DI_Clamps"".DI.ClampRear.AtTower                  """,O
2025-09-30 15:30:48.862,"DI_Clamps"".DI.ClampRear.AtTower                  """,O
2025-09-30 15:30:48.872,"DI_Clamps"".DI.ClampRear.AtTower                  """,O
2025-09-30 15:30:48.883,"DI_Clamps"".DI.ClampRear.AtTower                  """,O
2025-09-30 15:30:48.894,"DI_Clamps"".DI.ClampRear.AtTower                  """,O
2025-09-30 15:30:48.906,"DI_Clamps"".DI.ClampRear.AtTower                  """,O
2025-09-30 15:30:48.917,"DI_Clamps"".DI.ClampRear.AtTower                  """,O
2025-09-30 15:30:48.932,"DI_Clamps"".DI.ClampRear.AtTower                  """,O
2025-09-30 15:30:48.943,"DI_Clamps"".DI.ClampRear.AtTower                  """,O
2025-09-30 15:30:48.955,"DI_Clamps"".DI.ClampRear.AtTower                  """,O
2025-09-30 15:30:49.033,"DI_Clamps"".DI.ClampRear.AtTower                  """,O
2025-09-30 15:30:49.049,"DI_Clamps"".DI.ClampRear.AtTower                  """,O
2025-09-30 15:30:49.063,"DI_Clamps"".DI.ClampRear.AtTower                  """,O
2025-09-30 15:30:49.074,"DI_Clamps"".DI.ClampRear.AtTower                  """,O
2025-09-30 15:30:49.086,"DI_Clamps"".DI.ClampRear.AtTower                  """,O
2025-09-30 15:30:49.096,"DI_Clamps"".DI.ClampRear.AtTower                  """,O
2025-09-30 15:30:49.108,"DI_Clamps"".DI.ClampRear.AtTower                  """,O
2025-09-30 15:30:49.119,"DI_Clamps"".DI.ClampRear.AtTower                  """,O
2025-09-30 15:30:49.130,"DI_Clamps"".DI.ClampRear.AtTower                  """,O
2025-09-30 15:30:49.141,"DI_Clamps"".DI.ClampRear.AtTower                  """,O
2025-09-30 15:30:49.152,"DI_Clamps"".DI.ClampRear.AtTower                  """,O
2025-09-30 15:30:49.163,"DI_Clamps"".DI.ClampRear.AtTower                  """,O
2025-09-30 15:30:49.174,"DI_Clamps"".DI.ClampRear.AtTower                  """,O
2025-09-30 15:30:49.184,"DI_Clamps"".DI.ClampRear.AtTower                  """,O
2025-09-30 15:30:49.196,"DI_Clamps"".DI.ClampRear.AtTower                  """,O
2025-09-30 15:30:49.208,"DI_Clamps"".DI.ClampRear.AtTower                  """,O
2025-09-30 15:30:49.219,"DI_Clamps"".DI.ClampRear.AtTower                  """,O
2025-09-30 15:30:49.229,"DI_Clamps"".DI.ClampRear.AtTower                  """,O
2025-09-30 15:30:49.240,"DI_Clamps"".DI.ClampRear.AtTower                  """,O
2025-09-30 15:30:49.252,"DI_Clamps"".DI.ClampRear.AtTower                  """,O
2025-09-30 15:30:49.263,"DI_Clamps"".DI.ClampRear.AtTower                  """,O
2025-09-30 15:30:49.274,"DI_Clamps"".DI.ClampRear.AtTower                  """,O
2025-09-30 15:30:49.284,"DI_Clamps"".DI.ClampRear.AtTower                  """,O
2025-09-30 15:30:49.296,"DI_Clamps"".DI.ClampRear.AtTower                  """,O
2025-09-30 15:30:49.308,"DI_Clamps"".DI.ClampRear.AtTower                  """,O
2025-09-30 15:30:49.318,"DI_Clamps"".DI.ClampRear.AtTower                  """,O
2025-09-30 15:30:49.329,"DI_Clamps"".DI.ClampRear.AtTower                  """,O
2025-09-30 15:30:49.340,"DI_Clamps"".DI.ClampRear.AtTower                  """,O
2025-09-30 15:30:49.351,"DI_Clamps"".DI.ClampRear.AtTower                  """,O
2025-09-30 15:30:49.362,"DI_Clamps"".DI.ClampRear.AtTower                  """,O
2025-09-30 15:30:49.373,"DI_Clamps"".DI.ClampRear.AtTower                  """,O
2025-09-30 15:30:49.384,"DI_Clamps"".DI.ClampRear.AtTower                  """,O
2025-09-30 15:30:49.394,"DI_Clamps"".DI.ClampRear.AtTower                  """,O
2025-09-30 15:30:49.407,"DI_Clamps"".DI.ClampRear.AtTower                  """,O
2025-09-30 15:30:49.418,"DI_Clamps"".DI.ClampRear.AtTower                  """,O
2025-09-30 15:30:49.428,"DI_Clamps"".DI.ClampRear.AtTower                  """,O
2025-09-30 15:30:49.439,"DI_Clamps"".DI.ClampRear.AtTower                  """,O
2025-09-30 15:30:49.451,"DI_Clamps"".DI.ClampRear.AtTower                  """,O
2025-09-30 15:30:49.461,"DI_Clamps"".DI.ClampRear.AtTower                  """,O
2025-09-30 15:30:49.472,"DI_Clamps"".DI.ClampRear.AtTower                  """,O
2025-09-30 15:30:49.483,"DI_Clamps"".DI.ClampRear.AtTower                  """,O
2025-09-30 15:30:49.493,"DI_Clamps"".DI.ClampRear.AtTower                  """,O
2025-09-30 15:30:49.504,"DI_Clamps"".DI.ClampRear.AtTower                  """,O
2025-09-30 15:30:49.517,"DI_Clamps"".DI.ClampRear.AtTower                  """,O
2025-09-30 15:30:49.527,"DI_Clamps"".DI.ClampRear.AtTower                  """,O
2025-09-30 15:30:49.538,"DI_Clamps"".DI.ClampRear.AtTower                  """,O
2025-09-30 15:30:49.550,"DI_Clamps"".DI.ClampRear.AtTower                  """,O
2025-09-30 15:30:49.564,"DI_Clamps"".DI.ClampRear.AtTower                  """,O
2025-09-30 15:30:49.576,"DI_Clamps"".DI.ClampRear.AtTower                  """,O
2025-09-30 15:30:49.586,"DI_Clamps"".DI.ClampRear.AtTower                  """,O
2025-09-30 15:30:49.597,"DI_Clamps"".DI.ClampRear.AtTower                  """,O
2025-09-30 15:30:49.609,"DI_Clamps"".DI.ClampRear.AtTower                  """,O
2025-09-30 15:30:49.621,"DI_Clamps"".DI.ClampRear.AtTower                  """,O
2025-09-30 15:30:49.632,"DI_Clamps"".DI.ClampRear.AtTower                  """,O
2025-09-30 15:30:49.642,"DI_Clamps"".DI.ClampRear.AtTower                  """,O
2025-09-30 15:30:49.654,"DI_Clamps"".DI.ClampRear.AtTower                  """,O
2025-09-30 15:30:49.665,"DI_Clamps"".DI.ClampRear.AtTower                  """,O
2025-09-30 15:30:49.676,"DI_Clamps"".DI.ClampRear.AtTower                  """,O
2025-09-30 15:30:49.687,"DI_Clamps"".DI.ClampRear.AtTower                  """,O
2025-09-30 15:30:49.697,"DI_Clamps"".DI.ClampRear.AtTower                  """,O
2025-09-30 15:30:49.710,"DI_Clamps"".DI.ClampRear.AtTower                  """,O
2025-09-30 15:30:49.720,"DI_Clamps"".DI.ClampRear.AtTower                  """,O
2025-09-30 15:30:49.731,"DI_Clamps"".DI.ClampRear.AtTower                  """,O
2025-09-30 15:30:49.742,"DI_Clamps"".DI.ClampRear.AtTower                  """,O
2025-09-30 15:30:49.754,"DI_Clamps"".DI.ClampRear.AtTower                  """,O
2025-09-30 15:30:49.765,"DI_Clamps"".DI.ClampRear.AtTower                  """,O
2025-09-30 15:30:49.776,"DI_Clamps"".DI.ClampRear.AtTower                  """,O
2025-09-30 15:30:49.786,"DI_Clamps"".DI.ClampRear.AtTower                  """,O
2025-09-30 15:30:49.797,"DI_Clamps"".DI.ClampRear.AtTower                  """,O
2025-09-30 15:30:49.809,"DI_Clamps"".DI.ClampRear.AtTower                  """,O
2025-09-30 15:30:49.820,"DI_Clamps"".DI.ClampRear.AtTower                  """,O
2025-09-30 15:30:49.831,"DI_Clamps"".DI.ClampRear.AtTower                  """,O
2025-09-30 15:30:49.842,"DI_Clamps"".DI.ClampRear.AtTower                  """,O
2025-09-30 15:30:49.853,"DI_Clamps"".DI.ClampRear.AtTower                  """,O
2025-09-30 15:30:49.864,"DI_Clamps"".DI.ClampRear.AtTower                  """,O
2025-09-30 15:30:49.876,"DI_Clamps"".DI.ClampRear.AtTower                  """,O
2025-09-30 15:30:49.886,"DI_Clamps"".DI.ClampRear.AtTower                  """,O
2025-09-30 15:30:49.897,"DI_Clamps"".DI.ClampRear.AtTower                  """,O
2025-09-30 15:30:49.909,"DI_Clamps"".DI.ClampRear.AtTower                  """,O
2025-09-30 15:30:49.920,"DI_Clamps"".DI.ClampRear.AtTower                  """,O
2025-09-30 15:30:49.931,"DI_Clamps"".DI.ClampRear.AtTower                  """,O
2025-09-30 15:30:49.941,"DI_Clamps"".DI.ClampRear.AtTower                  """,O
2025-09-30 15:30:49.953,"DI_Clamps"".DI.ClampRear.AtTower                  """,O
2025-09-30 15:30:50.031,"DI_Clamps"".DI.ClampRear.AtTower                  """,O
2025-09-30 15:30:50.041,"DI_Clamps"".DI.ClampRear.AtTower                  """,O
2025-09-30 15:30:50.053,"DI_Clamps"".DI.ClampRear.AtTower                  """,O
2025-09-30 15:30:50.064,"DI_Clamps"".DI.ClampRear.AtTower                  """,O
2025-09-30 15:30:50.078,"DI_Clamps"".DI.ClampRear.AtTower                  """,O
2025-09-30 15:30:50.089,"DI_Clamps"".DI.ClampRear.AtTower                  """,O
2025-09-30 15:30:50.100,"DI_Clamps"".DI.ClampRear.AtTower                  """,O
2025-09-30 15:30:50.112,"DI_Clamps"".DI.ClampRear.AtTower                  """,O
2025-09-30 15:30:50.122,"DI_Clamps"".DI.ClampRear.AtTower                  """,O
2025-09-30 15:30:50.133,"DI_Clamps"".DI.ClampRear.AtTower                  """,O
2025-09-30 15:30:50.144,"DI_Clamps"".DI.ClampRear.AtTower                  """,O
2025-09-30 15:30:50.156,"DI_Clamps"".DI.ClampRear.AtTower                  """,O
2025-09-30 15:30:50.167,"DI_Clamps"".DI.ClampRear.AtTower                  """,O
2025-09-30 15:30:50.178,"DI_Clamps"".DI.ClampRear.AtTower                  """,O
2025-09-30 15:30:50.189,"DI_Clamps"".DI.ClampRear.AtTower                  """,O
2025-09-30 15:30:50.199,"DI_Clamps"".DI.ClampRear.AtTower                  """,O
2025-09-30 15:30:50.212,"DI_Clamps"".DI.ClampRear.AtTower                  """,O
2025-09-30 15:30:50.222,"DI_Clamps"".DI.ClampRear.AtTower                  """,O
2025-09-30 15:30:50.233,"DI_Clamps"".DI.ClampRear.AtTower                  """,O
2025-09-30 15:30:50.244,"DI_Clamps"".DI.ClampRear.AtTower                  """,O
2025-09-30 15:30:50.256,"DI_Clamps"".DI.ClampRear.AtTower                  """,O
2025-09-30 15:30:50.266,"DI_Clamps"".DI.ClampRear.AtTower                  """,O
2025-09-30 15:30:50.277,"DI_Clamps"".DI.ClampRear.AtTower                  """,O
2025-09-30 15:30:50.288,"DI_Clamps"".DI.ClampRear.AtTower                  """,O
2025-09-30 15:30:50.299,"DI_Clamps"".DI.ClampRear.AtTower                  """,O
2025-09-30 15:30:50.311,"DI_Clamps"".DI.ClampRear.AtTower                  """,O
2025-09-30 15:30:50.321,"DI_Clamps"".DI.ClampRear.AtTower                  """,O
2025-09-30 15:30:50.332,"DI_Clamps"".DI.ClampRear.AtTower                  """,O
2025-09-30 15:30:50.343,"DI_Clamps"".DI.ClampRear.AtTower                  """,O
2025-09-30 15:30:50.354,"DI_Clamps"".DI.ClampRear.AtTower                  """,O
2025-09-30 15:30:50.366,"DI_Clamps"".DI.ClampRear.AtTower                  """,O
2025-09-30 15:30:50.376,"DI_Clamps"".DI.ClampRear.AtTower                  """,O
2025-09-30 15:30:50.387,"DI_Clamps"".DI.ClampRear.AtTower                  """,O
2025-09-30 15:30:50.398,"DI_Clamps"".DI.ClampRear.AtTower                  """,O
2025-09-30 15:30:50.410,"DI_Clamps"".DI.ClampRear.AtTower                  """,O
2025-09-30 15:30:50.421,"DI_Clamps"".DI.ClampRear.AtTower                  """,O
2025-09-30 15:30:50.432,"DI_Clamps"".DI.ClampRear.AtTower                  """,O
2025-09-30 15:30:50.442,"DI_Clamps"".DI.ClampRear.AtTower                  """,O
2025-09-30 15:30:50.454,"DI_Clamps"".DI.ClampRear.AtTower                  """,O
2025-09-30 15:30:50.466,"DI_Clamps"".DI.ClampRear.AtTower                  """,O
2025-09-30 15:30:50.476,"DI_Clamps"".DI.ClampRear.AtTower                  """,O
2025-09-30 15:30:50.487,"DI_Clamps"".DI.ClampRear.AtTower                  """,O
2025-09-30 15:30:50.498,"DI_Clamps"".DI.ClampRear.AtTower                  """,O
2025-09-30 15:30:50.510,"DI_Clamps"".DI.ClampRear.AtTower                  """,O
2025-09-30 15:30:50.521,"DI_Clamps"".DI.ClampRear.AtTower                  """,O
2025-09-30 15:30:50.531,"DI_Clamps"".DI.ClampRear.AtTower                  """,O
2025-09-30 15:30:50.542,"DI_Clamps"".DI.ClampRear.AtTower                  """,O
2025-09-30 15:30:50.554,"DI_Clamps"".DI.ClampRear.AtTower                  """,O
2025-09-30 15:30:50.564,"DI_Clamps"".DI.ClampRear.AtTower                  """,O
2025-09-30 15:30:50.576,"DI_Clamps"".DI.ClampRear.AtTower                  """,O
2025-09-30 15:30:50.586,"DI_Clamps"".DI.ClampRear.AtTower                  """,O
2025-09-30 15:30:50.601,"DI_Clamps"".DI.ClampRear.AtTower                  """,O
2025-09-30 15:30:50.613,"DI_Clamps"".DI.ClampRear.AtTower                  """,O
2025-09-30 15:30:50.623,"DI_Clamps"".DI.ClampRear.AtTower                  """,O
2025-09-30 15:30:50.634,"DI_Clamps"".DI.ClampRear.AtTower                  """,O
2025-09-30 15:30:50.646,"DI_Clamps"".DI.ClampRear.AtTower                  """,O
2025-09-30 15:30:50.660,"DI_Clamps"".DI.ClampRear.AtTower                  """,O
2025-09-30 15:30:50.675,"DI_Clamps"".DI.ClampRear.AtTower                  """,O
2025-09-30 15:30:50.686,"DI_Clamps"".DI.ClampRear.AtTower                  """,O
2025-09-30 15:30:50.697,"DI_Clamps"".DI.ClampRear.AtTower                  """,O
2025-09-30 15:30:50.710,"DI_Clamps"".DI.ClampRear.AtTower                  """,O
2025-09-30 15:30:50.721,"DI_Clamps"".DI.ClampRear.AtTower                  """,O
2025-09-30 15:30:50.732,"DI_Clamps"".DI.ClampRear.AtTower                  """,O
2025-09-30 15:30:50.743,"DI_Clamps"".DI.ClampRear.AtTower                  """,O
2025-09-30 15:30:50.755,"DI_Clamps"".DI.ClampRear.AtTower                  """,O
2025-09-30 15:30:50.767,"DI_Clamps"".DI.ClampRear.AtTower                  """,O
2025-09-30 15:30:50.777,"DI_Clamps"".DI.ClampRear.AtTower                  """,O
2025-09-30 15:30:50.788,"DI_Clamps"".DI.ClampRear.AtTower                  """,O
2025-09-30 15:30:50.799,"DI_Clamps"".DI.ClampRear.AtTower                  """,O
2025-09-30 15:30:50.811,"DI_Clamps"".DI.ClampRear.AtTower                  """,O
2025-09-30 15:30:50.822,"DI_Clamps"".DI.ClampRear.AtTower                  """,O
2025-09-30 15:30:50.832,"DI_Clamps"".DI.ClampRear.AtTower                  """,O
2025-09-30 15:30:50.843,"DI_Clamps"".DI.ClampRear.AtTower                  """,O
2025-09-30 15:30:50.922,"DI_Clamps"".DI.ClampRear.AtTower                  """,O
2025-09-30 15:30:50.932,"DI_Clamps"".DI.ClampRear.AtTower                  """,O
2025-09-30 15:30:50.943,"DI_Clamps"".DI.ClampRear.AtTower                  """,O
2025-09-30 15:30:50.955,"DI_Clamps"".DI.ClampRear.AtTower                  """,O
2025-09-30 15:30:50.966,"DI_Clamps"".DI.ClampRear.AtTower                  """,O
2025-09-30 15:30:50.980,"DI_Clamps"".DI.ClampRear.AtTower                  """,O
2025-09-30 15:30:50.991,"DI_Clamps"".DI.ClampRear.AtTower                  """,O
2025-09-30 15:30:51.001,"DI_Clamps"".DI.ClampRear.AtTower                  """,O
2025-09-30 15:30:51.014,"DI_Clamps"".DI.ClampRear.AtTower                  """,O
2025-09-30 15:30:51.024,"DI_Clamps"".DI.ClampRear.AtTower                  """,O
2025-09-30 15:30:51.035,"DI_Clamps"".DI.ClampRear.AtTower                  """,O
2025-09-30 15:30:51.114,"DI_Clamps"".DI.ClampRear.AtTower                  """,O
2025-09-30 15:30:51.128,"DI_Clamps"".DI.ClampRear.AtTower                  """,O
2025-09-30 15:30:51.139,"DI_Clamps"".DI.ClampRear.AtTower                  """,O
2025-09-30 15:30:51.150,"DI_Clamps"".DI.ClampRear.AtTower                  """,O
2025-09-30 15:30:51.161,"DI_Clamps"".DI.ClampRear.AtTower                  """,O
2025-09-30 15:30:51.172,"DI_Clamps"".DI.ClampRear.AtTower                  """,O
2025-09-30 15:30:51.182,"DI_Clamps"".DI.ClampRear.AtTower                  """,O
2025-09-30 15:30:51.193,"DI_Clamps"".DI.ClampRear.AtTower                  """,O
2025-09-30 15:30:51.204,"DI_Clamps"".DI.ClampRear.AtTower                  """,O
2025-09-30 15:30:51.216,"DI_Clamps"".DI.ClampRear.AtTower                  """,O
2025-09-30 15:30:51.227,"DI_Clamps"".DI.ClampRear.AtTower                  """,O
2025-09-30 15:30:51.238,"DI_Clamps"".DI.ClampRear.AtTower                  """,O
2025-09-30 15:30:51.249,"DI_Clamps"".DI.ClampRear.AtTower                  """,O
2025-09-30 15:30:51.261,"DI_Clamps"".DI.ClampRear.AtTower                  """,O
2025-09-30 15:30:51.272,"DI_Clamps"".DI.ClampRear.AtTower                  """,O
2025-09-30 15:30:51.282,"DI_Clamps"".DI.ClampRear.AtTower                  """,O
2025-09-30 15:30:51.293,"DI_Clamps"".DI.ClampRear.AtTower                  """,O
2025-09-30 15:30:51.304,"DI_Clamps"".DI.ClampRear.AtTower                  """,O
2025-09-30 15:30:51.316,"DI_Clamps"".DI.ClampRear.AtTower                  """,O
2025-09-30 15:30:51.327,"DI_Clamps"".DI.ClampRear.AtTower                  """,O
2025-09-30 15:30:51.338,"DI_Clamps"".DI.ClampRear.AtTower                  """,O
2025-09-30 15:30:51.349,"DI_Clamps"".DI.ClampRear.AtTower                  """,O
2025-09-30 15:30:51.360,"DI_Clamps"".DI.ClampRear.AtTower                  """,O
2025-09-30 15:30:51.371,"DI_Clamps"".DI.ClampRear.AtTower                  """,O
2025-09-30 15:30:51.382,"DI_Clamps"".DI.ClampRear.AtTower                  """,O
2025-09-30 15:30:51.392,"DI_Clamps"".DI.ClampRear.AtTower                  """,O
2025-09-30 15:30:51.403,"DI_Clamps"".DI.ClampRear.AtTower                  """,O
2025-09-30 15:30:51.416,"DI_Clamps"".DI.ClampRear.AtTower                  """,O
2025-09-30 15:30:51.426,"DI_Clamps"".DI.ClampRear.AtTower                  """,O
2025-09-30 15:30:51.438,"DI_Clamps"".DI.ClampRear.AtTower                  """,O
2025-09-30 15:30:51.449,"DI_Clamps"".DI.ClampRear.AtTower                  """,O
2025-09-30 15:30:51.460,"DI_Clamps"".DI.ClampRear.AtTower                  """,O
2025-09-30 15:30:51.471,"DI_Clamps"".DI.ClampRear.AtTower                  """,O
2025-09-30 15:30:51.481,"DI_Clamps"".DI.ClampRear.AtTower                  """,O
2025-09-30 15:30:51.492,"DI_Clamps"".DI.ClampRear.AtTower                  """,O
2025-09-30 15:30:51.503,"DI_Clamps"".DI.ClampRear.AtTower                  """,O
2025-09-30 15:30:51.516,"DI_Clamps"".DI.ClampRear.AtTower                  """,O
2025-09-30 15:30:51.527,"DI_Clamps"".DI.ClampRear.AtTower                  """,O
2025-09-30 15:30:51.538,"DI_Clamps"".DI.ClampRear.AtTower                  """,O
2025-09-30 15:30:51.549,"DI_Clamps"".DI.ClampRear.AtTower                  """,O
2025-09-30 15:30:51.560,"DI_Clamps"".DI.ClampRear.AtTower                  """,O
2025-09-30 15:30:51.571,"DI_Clamps"".DI.ClampRear.AtTower                  """,O
2025-09-30 15:30:51.581,"DI_Clamps"".DI.ClampRear.AtTower                  """,O
2025-09-30 15:30:51.592,"DI_Clamps"".DI.ClampRear.AtTower                  """,O
2025-09-30 15:30:51.603,"DI_Clamps"".DI.ClampRear.AtTower                  """,O
2025-09-30 15:30:51.615,"DI_Clamps"".DI.ClampRear.AtTower                  """,O
2025-09-30 15:30:51.627,"DI_Clamps"".DI.ClampRear.AtTower                  """,O
2025-09-30 15:30:51.712,"DI_Clamps"".DI.ClampRear.AtTower                  """,O
2025-09-30 15:30:51.727,"DI_Clamps"".DI.ClampRear.AtTower                  """,O
2025-09-30 15:30:51.738,"DI_Clamps"".DI.ClampRear.AtTower                  """,O
2025-09-30 15:30:51.750,"DI_Clamps"".DI.ClampRear.AtTower                  """,O
2025-09-30 15:30:51.760,"DI_Clamps"".DI.ClampRear.AtTower                  """,O
2025-09-30 15:30:51.771,"DI_Clamps"".DI.ClampRear.AtTower                  """,O
2025-09-30 15:30:51.782,"DI_Clamps"".DI.ClampRear.AtTower                  """,O
2025-09-30 15:30:51.793,"DI_Clamps"".DI.ClampRear.AtTower                  """,O
2025-09-30 15:30:51.803,"DI_Clamps"".DI.ClampRear.AtTower                  """,O
2025-09-30 15:30:51.816,"DI_Clamps"".DI.ClampRear.AtTower                  """,O
2025-09-30 15:30:51.827,"DI_Clamps"".DI.ClampRear.AtTower                  """,O
2025-09-30 15:30:51.838,"DI_Clamps"".DI.ClampRear.AtTower                  """,O
2025-09-30 15:30:51.848,"DI_Clamps"".DI.ClampRear.AtTower                  """,O
2025-09-30 15:30:51.891,"DI_Clamps"".DI.ClampRear.AtTower                  """,O
2025-09-30 15:30:51.903,"DI_Clamps"".DI.ClampRear.AtTower                  """,O
2025-09-30 15:30:51.916,"DI_Clamps"".DI.ClampRear.AtTower                  """,O
2025-09-30 15:30:51.926,"DI_Clamps"".DI.ClampRear.AtTower                  """,O
2025-09-30 15:30:51.937,"DI_Clamps"".DI.ClampRear.AtTower                  """,O
2025-09-30 15:30:51.948,"DI_Clamps"".DI.ClampRear.AtTower                  """,O
2025-09-30 15:30:51.959,"DI_Clamps"".DI.ClampRear.AtTower                  """,O
2025-09-30 15:30:51.969,"DI_Clamps"".DI.ClampRear.AtTower                  """,O
2025-09-30 15:30:51.980,"DI_Clamps"".DI.ClampRear.AtTower                  """,O
2025-09-30 15:30:51.991,"DI_Clamps"".DI.ClampRear.AtTower                  """,O
2025-09-30 15:30:52.002,"DI_Clamps"".DI.ClampRear.AtTower                  """,O
2025-09-30 15:30:52.014,"DI_Clamps"".DI.ClampRear.AtTower                  """,O
2025-09-30 15:30:52.026,"DI_Clamps"".DI.ClampRear.AtTower                  """,O
2025-09-30 15:30:52.037,"DI_Clamps"".DI.ClampRear.AtTower                  """,O
2025-09-30 15:30:52.047,"DI_Clamps"".DI.ClampRear.AtTower                  """,O
2025-09-30 15:30:52.058,"DI_Clamps"".DI.ClampRear.AtTower                  """,O
2025-09-30 15:30:52.069,"DI_Clamps"".DI.ClampRear.AtTower                  """,O
2025-09-30 15:30:52.080,"DI_Clamps"".DI.ClampRear.AtTower                  """,O
2025-09-30 15:30:52.090,"DI_Clamps"".DI.ClampRear.AtTower                  """,O
2025-09-30 15:30:52.101,"DI_Clamps"".DI.ClampRear.AtTower                  """,O
2025-09-30 15:30:52.115,"DI_Clamps"".DI.ClampRear.AtTower                  """,O
2025-09-30 15:30:52.126,"DI_Clamps"".DI.ClampRear.AtTower                  """,O
2025-09-30 15:30:52.136,"DI_Clamps"".DI.ClampRear.AtTower                  """,O
2025-09-30 15:30:52.215,"DI_Clamps"".DI.ClampRear.AtTower                  """,O
2025-09-30 15:30:52.232,"DI_Clamps"".DI.ClampRear.AtTower                  """,O
2025-09-30 15:30:52.243,"DI_Clamps"".DI.ClampRear.AtTower                  """,O
2025-09-30 15:30:52.255,"DI_Clamps"".DI.ClampRear.AtTower                  """,O
2025-09-30 15:30:52.266,"DI_Clamps"".DI.ClampRear.AtTower                  """,O
2025-09-30 15:30:52.276,"DI_Clamps"".DI.ClampRear.AtTower                  """,O
2025-09-30 15:30:52.288,"DI_Clamps"".DI.ClampRear.AtTower                  """,O
2025-09-30 15:30:52.298,"DI_Clamps"".DI.ClampRear.AtTower                  """,O
2025-09-30 15:30:52.311,"DI_Clamps"".DI.ClampRear.AtTower                  """,O
2025-09-30 15:30:52.321,"DI_Clamps"".DI.ClampRear.AtTower                  """,O
2025-09-30 15:30:52.332,"DI_Clamps"".DI.ClampRear.AtTower                  """,O
2025-09-30 15:30:52.343,"DI_Clamps"".DI.ClampRear.AtTower                  """,O
2025-09-30 15:30:52.354,"DI_Clamps"".DI.ClampRear.AtTower                  """,O
2025-09-30 15:30:52.365,"DI_Clamps"".DI.ClampRear.AtTower                  """,O
2025-09-30 15:30:52.376,"DI_Clamps"".DI.ClampRear.AtTower                  """,O
2025-09-30 15:30:52.387,"DI_Clamps"".DI.ClampRear.AtTower                  """,O
2025-09-30 15:30:52.398,"DI_Clamps"".DI.ClampRear.AtTower                  """,O
2025-09-30 15:30:52.410,"DI_Clamps"".DI.ClampRear.AtTower                  """,O
2025-09-30 15:30:52.420,"DI_Clamps"".DI.ClampRear.AtTower                  """,O
2025-09-30 15:30:52.431,"DI_Clamps"".DI.ClampRear.AtTower                  """,O
2025-09-30 15:30:52.442,"DI_Clamps"".DI.ClampRear.AtTower                  """,O
2025-09-30 15:30:52.453,"DI_Clamps"".DI.ClampRear.AtTower                  """,O
2025-09-30 15:30:52.464,"DI_Clamps"".DI.ClampRear.AtTower                  """,O
2025-09-30 15:30:52.475,"DI_Clamps"".DI.ClampRear.AtTower                  """,O
2025-09-30 15:30:52.486,"DI_Clamps"".DI.ClampRear.AtTower                  """,O
2025-09-30 15:30:52.497,"DI_Clamps"".DI.ClampRear.AtTower                  """,O
2025-09-30 15:30:52.509,"DI_Clamps"".DI.ClampRear.AtTower                  """,O
2025-09-30 15:30:52.520,"DI_Clamps"".DI.ClampRear.AtTower                  """,O
2025-09-30 15:30:52.531,"DI_Clamps"".DI.ClampRear.AtTower                  """,O
2025-09-30 15:30:52.541,"DI_Clamps"".DI.ClampRear.AtTower                  """,O
2025-09-30 15:30:52.553,"DI_Clamps"".DI.ClampRear.AtTower                  """,O
2025-09-30 15:30:52.564,"DI_Clamps"".DI.ClampRear.AtTower                  """,O
2025-09-30 15:30:52.574,"DI_Clamps"".DI.ClampRear.AtTower                  """,O
2025-09-30 15:30:52.585,"DI_Clamps"".DI.ClampRear.AtTower                  """,O
2025-09-30 15:30:52.596,"DI_Clamps"".DI.ClampRear.AtTower                  """,O
2025-09-30 15:30:52.608,"DI_Clamps"".DI.ClampRear.AtTower                  """,O
2025-09-30 15:30:52.620,"DI_Clamps"".DI.ClampRear.AtTower                  """,O
2025-09-30 15:30:52.630,"DI_Clamps"".DI.ClampRear.AtTower                  """,O
2025-09-30 15:30:52.641,"DI_Clamps"".DI.ClampRear.AtTower                  """,O
2025-09-30 15:30:52.653,"DI_Clamps"".DI.ClampRear.AtTower                  """,O
2025-09-30 15:30:52.663,"DI_Clamps"".DI.ClampRear.AtTower                  """,O
2025-09-30 15:30:52.674,"DI_Clamps"".DI.ClampRear.AtTower                  """,O
2025-09-30 15:30:52.685,"DI_Clamps"".DI.ClampRear.AtTower                  """,O
2025-09-30 15:30:52.696,"DI_Clamps"".DI.ClampRear.AtTower                  """,O
2025-09-30 15:30:52.708,"DI_Clamps"".DI.ClampRear.AtTower                  """,O
2025-09-30 15:30:52.719,"DI_Clamps"".DI.ClampRear.AtTower                  """,O
2025-09-30 15:30:52.730,"DI_Clamps"".DI.ClampRear.AtTower                  """,O
2025-09-30 15:30:52.744,"DI_Clamps"".DI.ClampRear.AtTower                  """,O
2025-09-30 15:30:52.756,"DI_Clamps"".DI.ClampRear.AtTower                  """,O
2025-09-30 15:30:52.767,"DI_Clamps"".DI.ClampRear.AtTower                  """,O
2025-09-30 15:30:52.778,"DI_Clamps"".DI.ClampRear.AtTower                  """,O
2025-09-30 15:30:52.788,"DI_Clamps"".DI.ClampRear.AtTower                  """,O
2025-09-30 15:30:52.799,"DI_Clamps"".DI.ClampRear.AtTower                  """,O
2025-09-30 15:30:52.811,"DI_Clamps"".DI.ClampRear.AtTower                  """,O
2025-09-30 15:30:52.822,"DI_Clamps"".DI.ClampRear.AtTower                  """,O
2025-09-30 15:30:52.834,"DI_Clamps"".DI.ClampRear.AtTower                  """,O
2025-09-30 15:30:52.844,"DI_Clamps"".DI.ClampRear.AtTower                  """,O
2025-09-30 15:30:52.856,"DI_Clamps"".DI.ClampRear.AtTower                  """,O
2025-09-30 15:30:52.867,"DI_Clamps"".DI.ClampRear.AtTower                  """,O
2025-09-30 15:30:52.878,"DI_Clamps"".DI.ClampRear.AtTower                  """,O
2025-09-30 15:30:52.888,"DI_Clamps"".DI.ClampRear.AtTower                  """,O
2025-09-30 15:30:52.899,"DI_Clamps"".DI.ClampRear.AtTower                  """,O
2025-09-30 15:30:52.911,"DI_Clamps"".DI.ClampRear.AtTower                  """,O
2025-09-30 15:30:52.922,"DI_Clamps"".DI.ClampRear.AtTower                  """,O
2025-09-30 15:30:52.933,"DI_Clamps"".DI.ClampRear.AtTower                  """,O
2025-09-30 15:30:52.944,"DI_Clamps"".DI.ClampRear.AtTower                  """,O
2025-09-30 15:30:52.954,"DI_Clamps"".DI.ClampRear.AtTower                  """,O
2025-09-30 15:30:52.966,"DI_Clamps"".DI.ClampRear.AtTower                  """,O
2025-09-30 15:30:52.977,"DI_Clamps"".DI.ClampRear.AtTower                  """,O
2025-09-30 15:30:52.988,"DI_Clamps"".DI.ClampRear.AtTower                  """,O
2025-09-30 15:30:52.999,"DI_Clamps"".DI.ClampRear.AtTower                  """,O
2025-09-30 15:30:53.011,"DI_Clamps"".DI.ClampRear.AtTower                  """,O
2025-09-30 15:30:53.022,"DI_Clamps"".DI.ClampRear.AtTower                  """,O
2025-09-30 15:30:53.033,"DI_Clamps"".DI.ClampRear.AtTower                  """,O
2025-09-30 15:30:53.043,"DI_Clamps"".DI.ClampRear.AtTower                  """,O
2025-09-30 15:30:53.055,"DI_Clamps"".DI.ClampRear.AtTower                  """,O
2025-09-30 15:30:53.066,"DI_Clamps"".DI.ClampRear.AtTower                  """,O
2025-09-30 15:30:53.077,"DI_Clamps"".DI.ClampRear.AtTower                  """,O
2025-09-30 15:30:53.088,"DI_Clamps"".DI.ClampRear.AtTower                  """,O
2025-09-30 15:30:53.098,"DI_Clamps"".DI.ClampRear.AtTower                  """,O
2025-09-30 15:30:53.178,"DI_Clamps"".DI.ClampRear.AtTower                  """,O
2025-09-30 15:30:53.188,"DI_Clamps"".DI.ClampRear.AtTower                  """,O
2025-09-30 15:30:53.199,"DI_Clamps"".DI.ClampRear.AtTower                  """,O
2025-09-30 15:30:53.278,"DI_Clamps"".DI.ClampRear.AtTower                  """,O
2025-09-30 15:30:53.292,"DI_Clamps"".DI.ClampRear.AtTower                  """,O
2025-09-30 15:30:53.308,"DI_Clamps"".DI.ClampRear.AtTower                  """,O
2025-09-30 15:30:53.319,"DI_Clamps"".DI.ClampRear.AtTower                  """,O
2025-09-30 15:30:53.330,"DI_Clamps"".DI.ClampRear.AtTower                  """,O
2025-09-30 15:30:53.340,"DI_Clamps"".DI.ClampRear.AtTower                  """,O
2025-09-30 15:30:53.352,"DI_Clamps"".DI.ClampRear.AtTower                  """,O
2025-09-30 15:30:53.363,"DI_Clamps"".DI.ClampRear.AtTower                  """,O
2025-09-30 15:30:53.374,"DI_Clamps"".DI.ClampRear.AtTower                  """,O
2025-09-30 15:30:53.385,"DI_Clamps"".DI.ClampRear.AtTower                  """,O
2025-09-30 15:30:53.396,"DI_Clamps"".DI.ClampRear.AtTower                  """,O
2025-09-30 15:30:53.408,"DI_Clamps"".DI.ClampRear.AtTower                  """,O
2025-09-30 15:30:53.419,"DI_Clamps"".DI.ClampRear.AtTower                  """,O
2025-09-30 15:30:53.430,"DI_Clamps"".DI.ClampRear.AtTower                  """,O
2025-09-30 15:30:53.440,"DI_Clamps"".DI.ClampRear.AtTower                  """,O
2025-09-30 15:30:53.452,"DI_Clamps"".DI.ClampRear.AtTower                  """,O
2025-09-30 15:30:53.463,"DI_Clamps"".DI.ClampRear.AtTower                  """,O
2025-09-30 15:30:53.473,"DI_Clamps"".DI.ClampRear.AtTower                  """,O
2025-09-30 15:30:53.484,"DI_Clamps"".DI.ClampRear.AtTower                  """,O
2025-09-30 15:30:53.495,"DI_Clamps"".DI.ClampRear.AtTower                  """,O
2025-09-30 15:30:53.507,"DI_Clamps"".DI.ClampRear.AtTower                  """,O
2025-09-30 15:30:53.518,"DI_Clamps"".DI.ClampRear.AtTower                  """,O
2025-09-30 15:30:53.529,"DI_Clamps"".DI.ClampRear.AtTower                  """,O
2025-09-30 15:30:53.540,"DI_Clamps"".DI.ClampRear.AtTower                  """,O
2025-09-30 15:30:53.551,"DI_Clamps"".DI.ClampRear.AtTower                  """,O
2025-09-30 15:30:53.562,"DI_Clamps"".DI.ClampRear.AtTower                  """,O
2025-09-30 15:30:53.573,"DI_Clamps"".DI.ClampRear.AtTower                  """,O
2025-09-30 15:30:53.583,"DI_Clamps"".DI.ClampRear.AtTower                  """,O
2025-09-30 15:30:53.594,"DI_Clamps"".DI.ClampRear.AtTower                  """,O
2025-09-30 15:30:53.607,"DI_Clamps"".DI.ClampRear.AtTower                  """,O
2025-09-30 15:30:53.618,"DI_Clamps"".DI.ClampRear.AtTower                  """,O
2025-09-30 15:30:53.632,"DI_Clamps"".DI.ClampRear.AtTower                  """,O
2025-09-30 15:30:53.643,"DI_Clamps"".DI.ClampRear.AtTower                  """,O
2025-09-30 15:30:53.655,"DI_Clamps"".DI.ClampRear.AtTower                  """,O
2025-09-30 15:30:53.668,"DI_Clamps"".DI.ClampRear.AtTower                  """,O
2025-09-30 15:30:53.678,"DI_Clamps"".DI.ClampRear.AtTower                  """,O
2025-09-30 15:30:53.689,"DI_Clamps"".DI.ClampRear.AtTower                  """,O
2025-09-30 15:30:53.700,"DI_Clamps"".DI.ClampRear.AtTower                  """,O
2025-09-30 15:30:53.712,"DI_Clamps"".DI.ClampRear.AtTower                  """,O
2025-09-30 15:30:53.723,"DI_Clamps"".DI.ClampRear.AtTower                  """,O
2025-09-30 15:30:53.734,"DI_Clamps"".DI.ClampRear.AtTower                  """,O
2025-09-30 15:30:53.746,"DI_Clamps"".DI.ClampRear.AtTower                  """,O
2025-09-30 15:30:53.758,"DI_Clamps"".DI.ClampRear.AtTower                  """,O
2025-09-30 15:30:53.769,"DI_Clamps"".DI.ClampRear.AtTower                  """,O
2025-09-30 15:30:53.779,"DI_Clamps"".DI.ClampRear.AtTower                  """,O
2025-09-30 15:30:53.790,"DI_Clamps"".DI.ClampRear.AtTower                  """,O
2025-09-30 15:30:53.804,"DI_Clamps"".DI.ClampRear.AtTower                  """,O
2025-09-30 15:30:53.817,"DI_Clamps"".DI.ClampRear.AtTower                  """,O
2025-09-30 15:30:53.827,"DI_Clamps"".DI.ClampRear.AtTower                  """,O
2025-09-30 15:30:53.838,"DI_Clamps"".DI.ClampRear.AtTower                  """,O
2025-09-30 15:30:53.850,"DI_Clamps"".DI.ClampRear.AtTower                  """,O
2025-09-30 15:30:53.861,"DI_Clamps"".DI.ClampRear.AtTower                  """,O
2025-09-30 15:30:53.871,"DI_Clamps"".DI.ClampRear.AtTower                  """,O
2025-09-30 15:30:53.882,"DI_Clamps"".DI.ClampRear.AtTower                  """,O
2025-09-30 15:30:53.893,"DI_Clamps"".DI.ClampRear.AtTower                  """,O
2025-09-30 15:30:53.904,"DI_Clamps"".DI.ClampRear.AtTower                  """,O
2025-09-30 15:30:53.916,"DI_Clamps"".DI.ClampRear.AtTower                  """,O
2025-09-30 15:30:53.927,"DI_Clamps"".DI.ClampRear.AtTower                  """,O
2025-09-30 15:30:53.938,"DI_Clamps"".DI.ClampRear.AtTower                  """,O
2025-09-30 15:30:53.949,"DI_Clamps"".DI.ClampRear.AtTower                  """,O
2025-09-30 15:30:53.960,"DI_Clamps"".DI.ClampRear.AtTower                  """,O
2025-09-30 15:30:53.971,"DI_Clamps"".DI.ClampRear.AtTower                  """,O
2025-09-30 15:30:53.982,"DI_Clamps"".DI.ClampRear.AtTower                  """,O
2025-09-30 15:30:53.992,"DI_Clamps"".DI.ClampRear.AtTower                  """,O
2025-09-30 15:30:54.003,"DI_Clamps"".DI.ClampRear.AtTower                  """,O
2025-09-30 15:30:54.016,"DI_Clamps"".DI.ClampRear.AtTower                  """,O
2025-09-30 15:30:54.026,"DI_Clamps"".DI.ClampRear.AtTower                  """,O
2025-09-30 15:30:54.037,"DI_Clamps"".DI.ClampRear.AtTower                  """,O
2025-09-30 15:30:54.049,"DI_Clamps"".DI.ClampRear.AtTower                  """,O
2025-09-30 15:30:54.059,"DI_Clamps"".DI.ClampRear.AtTower                  """,O
2025-09-30 15:30:54.070,"DI_Clamps"".DI.ClampRear.AtTower                  """,O
2025-09-30 15:30:54.081,"DI_Clamps"".DI.ClampRear.AtTower                  """,O
2025-09-30 15:30:54.092,"DI_Clamps"".DI.ClampRear.AtTower                  """,O
2025-09-30 15:30:54.102,"DI_Clamps"".DI.ClampRear.AtTower                  """,O
2025-09-30 15:30:54.115,"DI_Clamps"".DI.ClampRear.AtTower                  """,O
2025-09-30 15:30:54.126,"DI_Clamps"".DI.ClampRear.AtTower                  """,O
2025-09-30 15:30:54.137,"DI_Clamps"".DI.ClampRear.AtTower                  """,O
2025-09-30 15:30:54.148,"DI_Clamps"".DI.ClampRear.AtTower                  """,O
2025-09-30 15:30:54.159,"DI_Clamps"".DI.ClampRear.AtTower                  """,O
2025-09-30 15:30:54.170,"DI_Clamps"".DI.ClampRear.AtTower                  """,O
2025-09-30 15:30:54.180,"DI_Clamps"".DI.ClampRear.AtTower                  """,O
2025-09-30 15:30:54.191,"DI_Clamps"".DI.ClampRear.AtTower                  """,O
2025-09-30 15:30:54.202,"DI_Clamps"".DI.ClampRear.AtTower                  """,O
2025-09-30 15:30:54.214,"DI_Clamps"".DI.ClampRear.AtTower                  """,O
2025-09-30 15:30:54.292,"DI_Clamps"".DI.ClampRear.AtTower                  """,O
2025-09-30 15:30:54.303,"DI_Clamps"".DI.ClampRear.AtTower                  """,O
2025-09-30 15:30:54.319,"DI_Clamps"".DI.ClampRear.AtTower                  """,O
2025-09-30 15:30:54.329,"DI_Clamps"".DI.ClampRear.AtTower                  """,O
2025-09-30 15:30:54.340,"DI_Clamps"".DI.ClampRear.AtTower                  """,O
2025-09-30 15:30:54.352,"DI_Clamps"".DI.ClampRear.AtTower                  """,O
2025-09-30 15:30:54.363,"DI_Clamps"".DI.ClampRear.AtTower                  """,O
2025-09-30 15:30:54.373,"DI_Clamps"".DI.ClampRear.AtTower                  """,O
2025-09-30 15:30:54.384,"DI_Clamps"".DI.ClampRear.AtTower                  """,O
2025-09-30 15:30:54.395,"DI_Clamps"".DI.ClampRear.AtTower                  """,O
2025-09-30 15:30:54.407,"DI_Clamps"".DI.ClampRear.AtTower                  """,O
2025-09-30 15:30:54.418,"DI_Clamps"".DI.ClampRear.AtTower                  """,O
2025-09-30 15:30:54.429,"DI_Clamps"".DI.ClampRear.AtTower                  """,O
2025-09-30 15:30:54.439,"DI_Clamps"".DI.ClampRear.AtTower                  """,O
2025-09-30 15:30:54.451,"DI_Clamps"".DI.ClampRear.AtTower                  """,O
2025-09-30 15:30:54.462,"DI_Clamps"".DI.ClampRear.AtTower                  """,O
2025-09-30 15:30:54.472,"DI_Clamps"".DI.ClampRear.AtTower                  """,O
2025-09-30 15:30:54.483,"DI_Clamps"".DI.ClampRear.AtTower                  """,O
2025-09-30 15:30:54.494,"DI_Clamps"".DI.ClampRear.AtTower                  """,O
2025-09-30 15:30:54.506,"DI_Clamps"".DI.ClampRear.AtTower                  """,O
2025-09-30 15:30:54.517,"DI_Clamps"".DI.ClampRear.AtTower                  """,O
2025-09-30 15:30:54.532,"DI_Clamps"".DI.ClampRear.AtTower                  """,O
2025-09-30 15:30:54.542,"DI_Clamps"".DI.ClampRear.AtTower                  """,O
2025-09-30 15:30:54.554,"DI_Clamps"".DI.ClampRear.AtTower                  """,O
2025-09-30 15:30:54.566,"DI_Clamps"".DI.ClampRear.AtTower                  """,O
2025-09-30 15:30:54.576,"DI_Clamps"".DI.ClampRear.AtTower                  """,O
2025-09-30 15:30:54.587,"DI_Clamps"".DI.ClampRear.AtTower                  """,O
2025-09-30 15:30:54.598,"DI_Clamps"".DI.ClampRear.AtTower                  """,O
2025-09-30 15:30:54.610,"DI_Clamps"".DI.ClampRear.AtTower                  """,O
2025-09-30 15:30:54.621,"DI_Clamps"".DI.ClampRear.AtTower                  """,O
2025-09-30 15:30:54.632,"DI_Clamps"".DI.ClampRear.AtTower                  """,O
2025-09-30 15:30:54.642,"DI_Clamps"".DI.ClampRear.AtTower                  """,O
2025-09-30 15:30:54.654,"DI_Clamps"".DI.ClampRear.AtTower                  """,O
2025-09-30 15:30:54.665,"DI_Clamps"".DI.ClampRear.AtTower                  """,O
2025-09-30 15:30:54.676,"DI_Clamps"".DI.ClampRear.AtTower                  """,O
2025-09-30 15:30:54.686,"DI_Clamps"".DI.ClampRear.AtTower                  """,O
2025-09-30 15:30:54.697,"DI_Clamps"".DI.ClampRear.AtTower                  """,O
2025-09-30 15:30:54.709,"DI_Clamps"".DI.ClampRear.AtTower                  """,O
2025-09-30 15:30:54.720,"DI_Clamps"".DI.ClampRear.AtTower                  """,O
2025-09-30 15:30:54.731,"DI_Clamps"".DI.ClampRear.AtTower                  """,O
2025-09-30 15:30:54.743,"DI_Clamps"".DI.ClampRear.AtTower                  """,O
2025-09-30 15:30:54.755,"DI_Clamps"".DI.ClampRear.AtTower                  """,O
2025-09-30 15:30:54.766,"DI_Clamps"".DI.ClampRear.AtTower                  """,O
2025-09-30 15:30:54.777,"DI_Clamps"".DI.ClampRear.AtTower                  """,O
2025-09-30 15:30:54.787,"DI_Clamps"".DI.ClampRear.AtTower                  """,O
2025-09-30 15:30:54.798,"DI_Clamps"".DI.ClampRear.AtTower                  """,O
2025-09-30 15:30:54.810,"DI_Clamps"".DI.ClampRear.AtTower                  """,O
2025-09-30 15:30:54.821,"DI_Clamps"".DI.ClampRear.AtTower                  """,O
2025-09-30 15:30:54.836,"DI_Clamps"".DI.ClampRear.AtTower                  """,O
2025-09-30 15:30:54.847,"DI_Clamps"".DI.ClampRear.AtTower                  """,O
2025-09-30 15:30:54.858,"DI_Clamps"".DI.ClampRear.AtTower                  """,O
2025-09-30 15:30:54.869,"DI_Clamps"".DI.ClampRear.AtTower                  """,O
2025-09-30 15:30:54.880,"DI_Clamps"".DI.ClampRear.AtTower                  """,O
2025-09-30 15:30:54.891,"DI_Clamps"".DI.ClampRear.AtTower                  """,O
2025-09-30 15:30:54.901,"DI_Clamps"".DI.ClampRear.AtTower                  """,O
2025-09-30 15:30:54.914,"DI_Clamps"".DI.ClampRear.AtTower                  """,O
2025-09-30 15:30:54.924,"DI_Clamps"".DI.ClampRear.AtTower                  """,O
2025-09-30 15:30:54.935,"DI_Clamps"".DI.ClampRear.AtTower                  """,O
2025-09-30 15:30:54.947,"DI_Clamps"".DI.ClampRear.AtTower                  """,O
2025-09-30 15:30:54.958,"DI_Clamps"".DI.ClampRear.AtTower                  """,O
2025-09-30 15:30:54.968,"DI_Clamps"".DI.ClampRear.AtTower                  """,O
2025-09-30 15:30:54.979,"DI_Clamps"".DI.ClampRear.AtTower                  """,O
2025-09-30 15:30:54.990,"DI_Clamps"".DI.ClampRear.AtTower                  """,O
2025-09-30 15:30:55.001,"DI_Clamps"".DI.ClampRear.AtTower                  """,O
2025-09-30 15:30:55.013,"DI_Clamps"".DI.ClampRear.AtTower                  """,O
2025-09-30 15:30:55.024,"DI_Clamps"".DI.ClampRear.AtTower                  """,O
2025-09-30 15:30:55.034,"DI_Clamps"".DI.ClampRear.AtTower                  """,O
2025-09-30 15:30:55.046,"DI_Clamps"".DI.ClampRear.AtTower                  """,O
2025-09-30 15:30:55.061,"DI_Clamps"".DI.ClampRear.AtTower                  """,O
2025-09-30 15:30:55.076,"DI_Clamps"".DI.ClampRear.AtTower                  """,O
2025-09-30 15:30:55.087,"DI_Clamps"".DI.ClampRear.AtTower                  """,O
2025-09-30 15:30:55.097,"DI_Clamps"".DI.ClampRear.AtTower                  """,O
2025-09-30 15:30:55.110,"DI_Clamps"".DI.ClampRear.AtTower                  """,O
2025-09-30 15:30:55.120,"DI_Clamps"".DI.ClampRear.AtTower                  """,O
2025-09-30 15:30:55.131,"DI_Clamps"".DI.ClampRear.AtTower                  """,O
2025-09-30 15:30:55.142,"DI_Clamps"".DI.ClampRear.AtTower                  """,O
2025-09-30 15:30:55.153,"DI_Clamps"".DI.ClampRear.AtTower                  """,O
2025-09-30 15:30:55.165,"DI_Clamps"".DI.ClampRear.AtTower                  """,O
2025-09-30 15:30:55.176,"DI_Clamps"".DI.ClampRear.AtTower                  """,O
2025-09-30 15:30:55.186,"DI_Clamps"".DI.ClampRear.AtTower                  """,O
2025-09-30 15:30:55.197,"DI_Clamps"".DI.ClampRear.AtTower                  """,O
2025-09-30 15:30:55.209,"DI_Clamps"".DI.ClampRear.AtTower                  """,O
2025-09-30 15:30:55.220,"DI_Clamps"".DI.ClampRear.AtTower                  """,O
2025-09-30 15:30:55.297,"DI_Clamps"".DI.ClampRear.AtTower                  """,O
2025-09-30 15:30:55.309,"DI_Clamps"".DI.ClampRear.AtTower                  """,O
2025-09-30 15:30:55.320,"DI_Clamps"".DI.ClampRear.AtTower                  """,O
2025-09-30 15:30:55.331,"DI_Clamps"".DI.ClampRear.AtTower                  """,O
2025-09-30 15:30:55.341,"DI_Clamps"".DI.ClampRear.AtTower                  """,O
2025-09-30 15:30:55.430,"DI_Clamps"".DI.ClampRear.AtTower                  """,O
2025-09-30 15:30:55.441,"DI_Clamps"".DI.ClampRear.AtTower                  """,O
2025-09-30 15:30:55.452,"DI_Clamps"".DI.ClampRear.AtTower                  """,O
2025-09-30 15:30:55.463,"DI_Clamps"".DI.ClampRear.AtTower                  """,O
2025-09-30 15:30:55.477,"DI_Clamps"".DI.ClampRear.AtTower                  """,O
2025-09-30 15:30:55.488,"DI_Clamps"".DI.ClampRear.AtTower                  """,O
2025-09-30 15:30:55.499,"DI_Clamps"".DI.ClampRear.AtTower                  """,O
2025-09-30 15:30:55.511,"DI_Clamps"".DI.ClampRear.AtTower                  """,O
2025-09-30 15:30:55.522,"DI_Clamps"".DI.ClampRear.AtTower                  """,O
2025-09-30 15:30:55.532,"DI_Clamps"".DI.ClampRear.AtTower                  """,O
2025-09-30 15:30:55.543,"DI_Clamps"".DI.ClampRear.AtTower                  """,O
2025-09-30 15:30:55.555,"DI_Clamps"".DI.ClampRear.AtTower                  """,O
2025-09-30 15:30:55.566,"DI_Clamps"".DI.ClampRear.AtTower                  """,O
2025-09-30 15:30:55.577,"DI_Clamps"".DI.ClampRear.AtTower                  """,O
2025-09-30 15:30:55.587,"DI_Clamps"".DI.ClampRear.AtTower                  """,O
2025-09-30 15:30:55.598,"DI_Clamps"".DI.ClampRear.AtTower                  """,O
2025-09-30 15:30:55.610,"DI_Clamps"".DI.ClampRear.AtTower                  """,O
2025-09-30 15:30:55.621,"DI_Clamps"".DI.ClampRear.AtTower                  """,O
2025-09-30 15:30:55.632,"DI_Clamps"".DI.ClampRear.AtTower                  """,O
2025-09-30 15:30:55.642,"DI_Clamps"".DI.ClampRear.AtTower                  """,O
2025-09-30 15:30:55.653,"DI_Clamps"".DI.ClampRear.AtTower                  """,O
2025-09-30 15:30:55.664,"DI_Clamps"".DI.ClampRear.AtTower                  """,O
2025-09-30 15:30:55.675,"DI_Clamps"".DI.ClampRear.AtTower                  """,O
2025-09-30 15:30:55.686,"DI_Clamps"".DI.ClampRear.AtTower                  """,O
2025-09-30 15:30:55.698,"DI_Clamps"".DI.ClampRear.AtTower                  """,O
2025-09-30 15:30:55.714,"DI_Clamps"".DI.ClampRear.AtTower                  """,O
2025-09-30 15:30:55.729,"DI_Clamps"".DI.ClampRear.AtTower                  """,O
2025-09-30 15:30:55.743,"DI_Clamps"".DI.ClampRear.AtTower                  """,O
2025-09-30 15:30:55.755,"DI_Clamps"".DI.ClampRear.AtTower                  """,O
2025-09-30 15:30:55.766,"DI_Clamps"".DI.ClampRear.AtTower                  """,O
2025-09-30 15:30:55.777,"DI_Clamps"".DI.ClampRear.AtTower                  """,O
2025-09-30 15:30:55.788,"DI_Clamps"".DI.ClampRear.AtTower                  """,O
2025-09-30 15:30:55.798,"DI_Clamps"".DI.ClampRear.AtTower                  """,O
2025-09-30 15:30:55.811,"DI_Clamps"".DI.ClampRear.AtTower                  """,O
2025-09-30 15:30:55.821,"DI_Clamps"".DI.ClampRear.AtTower                  """,O
2025-09-30 15:30:55.832,"DI_Clamps"".DI.ClampRear.AtTower                  """,O
2025-09-30 15:30:55.843,"DI_Clamps"".DI.ClampRear.AtTower                  """,O
2025-09-30 15:30:55.854,"DI_Clamps"".DI.ClampRear.AtTower                  """,O
2025-09-30 15:30:55.869,"DI_Clamps"".DI.ClampRear.AtTower                  """,O
2025-09-30 15:30:55.879,"DI_Clamps"".DI.ClampRear.AtTower                  """,O
2025-09-30 15:30:55.890,"DI_Clamps"".DI.ClampRear.AtTower                  """,O
2025-09-30 15:30:55.901,"DI_Clamps"".DI.ClampRear.AtTower                  """,O
2025-09-30 15:30:55.914,"DI_Clamps"".DI.ClampRear.AtTower                  """,O
2025-09-30 15:30:55.926,"DI_Clamps"".DI.ClampRear.AtTower                  """,O
2025-09-30 15:30:55.937,"DI_Clamps"".DI.ClampRear.AtTower                  """,O
2025-09-30 15:30:55.947,"DI_Clamps"".DI.ClampRear.AtTower                  """,O
2025-09-30 15:30:55.958,"DI_Clamps"".DI.ClampRear.AtTower                  """,O
2025-09-30 15:30:55.969,"DI_Clamps"".DI.ClampRear.AtTower                  """,O
2025-09-30 15:30:55.980,"DI_Clamps"".DI.ClampRear.AtTower                  """,O
2025-09-30 15:30:55.990,"DI_Clamps"".DI.ClampRear.AtTower                  """,O
2025-09-30 15:30:56.001,"DI_Clamps"".DI.ClampRear.AtTower                  """,O
2025-09-30 15:30:56.013,"DI_Clamps"".DI.ClampRear.AtTower                  """,O
2025-09-30 15:30:56.024,"DI_Clamps"".DI.ClampRear.AtTower                  """,O
2025-09-30 15:30:56.035,"DI_Clamps"".DI.ClampRear.AtTower                  """,O
2025-09-30 15:30:56.046,"DI_Clamps"".DI.ClampRear.AtTower                  """,O
2025-09-30 15:30:56.057,"DI_Clamps"".DI.ClampRear.AtTower                  """,O
2025-09-30 15:30:56.067,"DI_Clamps"".DI.ClampRear.AtTower                  """,O
2025-09-30 15:30:56.078,"DI_Clamps"".DI.ClampRear.AtTower                  """,O
2025-09-30 15:30:56.089,"DI_Clamps"".DI.ClampRear.AtTower                  """,O
2025-09-30 15:30:56.100,"DI_Clamps"".DI.ClampRear.AtTower                  """,O
2025-09-30 15:30:56.112,"DI_Clamps"".DI.ClampRear.AtTower                  """,O
2025-09-30 15:30:56.123,"DI_Clamps"".DI.ClampRear.AtTower                  """,O
2025-09-30 15:30:56.134,"DI_Clamps"".DI.ClampRear.AtTower                  """,O
2025-09-30 15:30:56.145,"DI_Clamps"".DI.ClampRear.AtTower                  """,O
2025-09-30 15:30:56.156,"DI_Clamps"".DI.ClampRear.AtTower                  """,O
2025-09-30 15:30:56.167,"DI_Clamps"".DI.ClampRear.AtTower                  """,O
2025-09-30 15:30:56.177,"DI_Clamps"".DI.ClampRear.AtTower                  """,O
2025-09-30 15:30:56.188,"DI_Clamps"".DI.ClampRear.AtTower                  """,O
2025-09-30 15:30:56.199,"DI_Clamps"".DI.ClampRear.AtTower                  """,O
2025-09-30 15:30:56.211,"DI_Clamps"".DI.ClampRear.AtTower                  """,O
2025-09-30 15:30:56.222,"DI_Clamps"".DI.ClampRear.AtTower                  """,O
2025-09-30 15:30:56.232,"DI_Clamps"".DI.ClampRear.AtTower                  """,O
2025-09-30 15:30:56.243,"DI_Clamps"".DI.ClampRear.AtTower                  """,O
2025-09-30 15:30:56.254,"DI_Clamps"".DI.ClampRear.AtTower                  """,O
2025-09-30 15:30:56.265,"DI_Clamps"".DI.ClampRear.AtTower                  """,O
2025-09-30 15:30:56.276,"DI_Clamps"".DI.ClampRear.AtTower                  """,O
2025-09-30 15:30:56.287,"DI_Clamps"".DI.ClampRear.AtTower                  """,O
2025-09-30 15:30:56.297,"DI_Clamps"".DI.ClampRear.AtTower                  """,O
2025-09-30 15:30:56.375,"DI_Clamps"".DI.ClampRear.AtTower                  """,O
2025-09-30 15:30:56.389,"DI_Clamps"".DI.ClampRear.AtTower                  """,O
2025-09-30 15:30:56.404,"DI_Clamps"".DI.ClampRear.AtTower                  """,O
2025-09-30 15:30:56.417,"DI_Clamps"".DI.ClampRear.AtTower                  """,O
2025-09-30 15:30:56.428,"DI_Clamps"".DI.ClampRear.AtTower                  """,O
2025-09-30 15:30:56.438,"DI_Clamps"".DI.ClampRear.AtTower                  """,O
2025-09-30 15:30:56.449,"DI_Clamps"".DI.ClampRear.AtTower                  """,O
2025-09-30 15:30:56.461,"DI_Clamps"".DI.ClampRear.AtTower                  """,O
2025-09-30 15:30:56.476,"DI_Clamps"".DI.ClampRear.AtTower                  """,O
2025-09-30 15:30:56.486,"DI_Clamps"".DI.ClampRear.AtTower                  """,O
2025-09-30 15:30:56.497,"DI_Clamps"".DI.ClampRear.AtTower                  """,O
2025-09-30 15:30:56.509,"DI_Clamps"".DI.ClampRear.AtTower                  """,O
2025-09-30 15:30:56.520,"DI_Clamps"".DI.ClampRear.AtTower                  """,O
2025-09-30 15:30:56.531,"DI_Clamps"".DI.ClampRear.AtTower                  """,O
2025-09-30 15:30:56.541,"DI_Clamps"".DI.ClampRear.AtTower                  """,O
2025-09-30 15:30:56.553,"DI_Clamps"".DI.ClampRear.AtTower                  """,O
2025-09-30 15:30:56.564,"DI_Clamps"".DI.ClampRear.AtTower                  """,O
2025-09-30 15:30:56.575,"DI_Clamps"".DI.ClampRear.AtTower                  """,O
2025-09-30 15:30:56.586,"DI_Clamps"".DI.ClampRear.AtTower                  """,O
2025-09-30 15:30:56.597,"DI_Clamps"".DI.ClampRear.AtTower                  """,O
2025-09-30 15:30:56.609,"DI_Clamps"".DI.ClampRear.AtTower                  """,O
2025-09-30 15:30:56.620,"DI_Clamps"".DI.ClampRear.AtTower                  """,O
2025-09-30 15:30:56.631,"DI_Clamps"".DI.ClampRear.AtTower                  """,O
2025-09-30 15:30:56.641,"DI_Clamps"".DI.ClampRear.AtTower                  """,O
2025-09-30 15:30:56.653,"DI_Clamps"".DI.ClampRear.AtTower                  """,O
2025-09-30 15:30:56.664,"DI_Clamps"".DI.ClampRear.AtTower                  """,O
2025-09-30 15:30:56.674,"DI_Clamps"".DI.ClampRear.AtTower                  """,O
2025-09-30 15:30:56.685,"DI_Clamps"".DI.ClampRear.AtTower                  """,O
2025-09-30 15:30:56.696,"DI_Clamps"".DI.ClampRear.AtTower                  """,O
2025-09-30 15:30:56.708,"DI_Clamps"".DI.ClampRear.AtTower                  """,O
2025-09-30 15:30:56.719,"DI_Clamps"".DI.ClampRear.AtTower                  """,O
2025-09-30 15:30:56.730,"DI_Clamps"".DI.ClampRear.AtTower                  """,O
2025-09-30 15:30:56.741,"DI_Clamps"".DI.ClampRear.AtTower                  """,O
2025-09-30 15:30:56.753,"DI_Clamps"".DI.ClampRear.AtTower                  """,O
2025-09-30 15:30:56.763,"DI_Clamps"".DI.ClampRear.AtTower                  """,O
2025-09-30 15:30:56.774,"DI_Clamps"".DI.ClampRear.AtTower                  """,O
2025-09-30 15:30:56.785,"DI_Clamps"".DI.ClampRear.AtTower                  """,O
2025-09-30 15:30:56.796,"DI_Clamps"".DI.ClampRear.AtTower                  """,O
2025-09-30 15:30:56.809,"DI_Clamps"".DI.ClampRear.AtTower                  """,O
2025-09-30 15:30:56.820,"DI_Clamps"".DI.ClampRear.AtTower                  """,O
2025-09-30 15:30:56.831,"DI_Clamps"".DI.ClampRear.AtTower                  """,O
2025-09-30 15:30:56.841,"DI_Clamps"".DI.ClampRear.AtTower                  """,O
2025-09-30 15:30:56.853,"DI_Clamps"".DI.ClampRear.AtTower                  """,O
2025-09-30 15:30:56.864,"DI_Clamps"".DI.ClampRear.AtTower                  """,O
2025-09-30 15:30:56.874,"DI_Clamps"".DI.ClampRear.AtTower                  """,O
2025-09-30 15:30:56.886,"DI_Clamps"".DI.ClampRear.AtTower                  """,O
2025-09-30 15:30:56.896,"DI_Clamps"".DI.ClampRear.AtTower                  """,O
2025-09-30 15:30:56.913,"DI_Clamps"".DI.ClampRear.AtTower                  """,O
2025-09-30 15:30:56.928,"DI_Clamps"".DI.ClampRear.AtTower                  """,O
2025-09-30 15:30:56.942,"DI_Clamps"".DI.ClampRear.AtTower                  """,O
2025-09-30 15:30:56.954,"DI_Clamps"".DI.ClampRear.AtTower                  """,O
2025-09-30 15:30:56.964,"DI_Clamps"".DI.ClampRear.AtTower                  """,O
2025-09-30 15:30:56.975,"DI_Clamps"".DI.ClampRear.AtTower                  """,O
2025-09-30 15:30:56.986,"DI_Clamps"".DI.ClampRear.AtTower                  """,O
2025-09-30 15:30:56.997,"DI_Clamps"".DI.ClampRear.AtTower                  """,O
2025-09-30 15:30:57.009,"DI_Clamps"".DI.ClampRear.AtTower                  """,O
2025-09-30 15:30:57.020,"DI_Clamps"".DI.ClampRear.AtTower                  """,O
2025-09-30 15:30:57.031,"DI_Clamps"".DI.ClampRear.AtTower                  """,O
2025-09-30 15:30:57.041,"DI_Clamps"".DI.ClampRear.AtTower                  """,O
2025-09-30 15:30:57.052,"DI_Clamps"".DI.ClampRear.AtTower                  """,O
2025-09-30 15:30:57.063,"DI_Clamps"".DI.ClampRear.AtTower                  """,O
2025-09-30 15:30:57.074,"DI_Clamps"".DI.ClampRear.AtTower                  """,O
2025-09-30 15:30:57.084,"DI_Clamps"".DI.ClampRear.AtTower                  """,O
2025-09-30 15:30:57.095,"DI_Clamps"".DI.ClampRear.AtTower                  """,O
2025-09-30 15:30:57.107,"DI_Clamps"".DI.ClampRear.AtTower                  """,O
2025-09-30 15:30:57.118,"DI_Clamps"".DI.ClampRear.AtTower                  """,O
2025-09-30 15:30:57.129,"DI_Clamps"".DI.ClampRear.AtTower                  """,O
2025-09-30 15:30:57.140,"DI_Clamps"".DI.ClampRear.AtTower                  """,O
2025-09-30 15:30:57.151,"DI_Clamps"".DI.ClampRear.AtTower                  """,O
2025-09-30 15:30:57.161,"DI_Clamps"".DI.ClampRear.AtTower                  """,O
2025-09-30 15:30:57.172,"DI_Clamps"".DI.ClampRear.AtTower                  """,O
2025-09-30 15:30:57.183,"DI_Clamps"".DI.ClampRear.AtTower                  """,O
2025-09-30 15:30:57.194,"DI_Clamps"".DI.ClampRear.AtTower                  """,O
2025-09-30 15:30:57.204,"DI_Clamps"".DI.ClampRear.AtTower                  """,O
2025-09-30 15:30:57.217,"DI_Clamps"".DI.ClampRear.AtTower                  """,O
2025-09-30 15:30:57.232,"DI_Clamps"".DI.ClampRear.AtTower                  """,O
2025-09-30 15:30:57.243,"DI_Clamps"".DI.ClampRear.AtTower                  """,O
2025-09-30 15:30:57.254,"DI_Clamps"".DI.ClampRear.AtTower                  """,O
2025-09-30 15:30:57.265,"DI_Clamps"".DI.ClampRear.AtTower                  """,O
2025-09-30 15:30:57.276,"DI_Clamps"".DI.ClampRear.AtTower                  """,O
2025-09-30 15:30:57.287,"DI_Clamps"".DI.ClampRear.AtTower                  """,O
2025-09-30 15:30:57.298,"DI_Clamps"".DI.ClampRear.AtTower                  """,O
2025-09-30 15:30:57.310,"DI_Clamps"".DI.ClampRear.AtTower                  """,O
2025-09-30 15:30:57.321,"DI_Clamps"".DI.ClampRear.AtTower                  """,O
2025-09-30 15:30:57.398,"DI_Clamps"".DI.ClampRear.AtTower                  """,O
2025-09-30 15:30:57.410,"DI_Clamps"".DI.ClampRear.AtTower                  """,O
2025-09-30 15:30:57.424,"DI_Clamps"".DI.ClampRear.AtTower                  """,O
2025-09-30 15:30:57.436,"DI_Clamps"".DI.ClampRear.AtTower                  """,O
2025-09-30 15:30:57.447,"DI_Clamps"".DI.ClampRear.AtTower                  """,O
2025-09-30 15:30:57.458,"DI_Clamps"".DI.ClampRear.AtTower                  """,O
2025-09-30 15:30:57.469,"DI_Clamps"".DI.ClampRear.AtTower                  """,O
2025-09-30 15:30:57.480,"DI_Clamps"".DI.ClampRear.AtTower                  """,O
2025-09-30 15:30:57.491,"DI_Clamps"".DI.ClampRear.AtTower                  """,O
2025-09-30 15:30:57.501,"DI_Clamps"".DI.ClampRear.AtTower                  """,O
2025-09-30 15:30:57.513,"DI_Clamps"".DI.ClampRear.AtTower                  """,O
2025-09-30 15:30:57.524,"DI_Clamps"".DI.ClampRear.AtTower                  """,O
2025-09-30 15:30:57.607,"DI_Clamps"".DI.ClampRear.AtTower                  """,O
2025-09-30 15:30:57.618,"DI_Clamps"".DI.ClampRear.AtTower                  """,O
2025-09-30 15:30:57.629,"DI_Clamps"".DI.ClampRear.AtTower                  """,O
2025-09-30 15:30:57.639,"DI_Clamps"".DI.ClampRear.AtTower                  """,O
2025-09-30 15:30:57.654,"DI_Clamps"".DI.ClampRear.AtTower                  """,O
2025-09-30 15:30:57.665,"DI_Clamps"".DI.ClampRear.AtTower                  """,O
2025-09-30 15:30:57.676,"DI_Clamps"".DI.ClampRear.AtTower                  """,O
2025-09-30 15:30:57.687,"DI_Clamps"".DI.ClampRear.AtTower                  """,O
2025-09-30 15:30:57.698,"DI_Clamps"".DI.ClampRear.AtTower                  """,O
2025-09-30 15:30:57.710,"DI_Clamps"".DI.ClampRear.AtTower                  """,O
2025-09-30 15:30:57.720,"DI_Clamps"".DI.ClampRear.AtTower                  """,O
2025-09-30 15:30:57.732,"DI_Clamps"".DI.ClampRear.AtTower                  """,O
2025-09-30 15:30:57.744,"DI_Clamps"".DI.ClampRear.AtTower                  """,O
2025-09-30 15:30:57.756,"DI_Clamps"".DI.ClampRear.AtTower                  """,O
2025-09-30 15:30:57.766,"DI_Clamps"".DI.ClampRear.AtTower                  """,O
2025-09-30 15:30:57.777,"DI_Clamps"".DI.ClampRear.AtTower                  """,O
2025-09-30 15:30:57.788,"DI_Clamps"".DI.ClampRear.AtTower                  """,O
2025-09-30 15:30:57.799,"DI_Clamps"".DI.ClampRear.AtTower                  """,O
2025-09-30 15:30:57.811,"DI_Clamps"".DI.ClampRear.AtTower                  """,O
2025-09-30 15:30:57.821,"DI_Clamps"".DI.ClampRear.AtTower                  """,O
2025-09-30 15:30:57.832,"DI_Clamps"".DI.ClampRear.AtTower                  """,O
2025-09-30 15:30:57.843,"DI_Clamps"".DI.ClampRear.AtTower                  """,O
2025-09-30 15:30:57.854,"DI_Clamps"".DI.ClampRear.AtTower                  """,O
2025-09-30 15:30:57.866,"DI_Clamps"".DI.ClampRear.AtTower                  """,O
2025-09-30 15:30:57.876,"DI_Clamps"".DI.ClampRear.AtTower                  """,O
2025-09-30 15:30:57.887,"DI_Clamps"".DI.ClampRear.AtTower                  """,O
2025-09-30 15:30:57.898,"DI_Clamps"".DI.ClampRear.AtTower                  """,O
2025-09-30 15:30:57.910,"DI_Clamps"".DI.ClampRear.AtTower                  """,O
2025-09-30 15:30:57.921,"DI_Clamps"".DI.ClampRear.AtTower                  """,O
2025-09-30 15:30:57.936,"DI_Clamps"".DI.ClampRear.AtTower                  """,O
2025-09-30 15:30:57.947,"DI_Clamps"".DI.ClampRear.AtTower                  """,O
2025-09-30 15:30:57.958,"DI_Clamps"".DI.ClampRear.AtTower                  """,O
2025-09-30 15:30:57.969,"DI_Clamps"".DI.ClampRear.AtTower                  """,O
2025-09-30 15:30:57.980,"DI_Clamps"".DI.ClampRear.AtTower                  """,O
2025-09-30 15:30:57.990,"DI_Clamps"".DI.ClampRear.AtTower                  """,O
2025-09-30 15:30:58.001,"DI_Clamps"".DI.ClampRear.AtTower                  """,O
2025-09-30 15:30:58.013,"DI_Clamps"".DI.ClampRear.AtTower                  """,O
2025-09-30 15:30:58.024,"DI_Clamps"".DI.ClampRear.AtTower                  """,O
2025-09-30 15:30:58.035,"DI_Clamps"".DI.ClampRear.AtTower                  """,O
2025-09-30 15:30:58.047,"DI_Clamps"".DI.ClampRear.AtTower                  """,O
2025-09-30 15:30:58.057,"DI_Clamps"".DI.ClampRear.AtTower                  """,O
2025-09-30 15:30:58.068,"DI_Clamps"".DI.ClampRear.AtTower                  """,O
2025-09-30 15:30:58.079,"DI_Clamps"".DI.ClampRear.AtTower                  """,O
2025-09-30 15:30:58.090,"DI_Clamps"".DI.ClampRear.AtTower                  """,O
2025-09-30 15:30:58.100,"DI_Clamps"".DI.ClampRear.AtTower                  """,O
2025-09-30 15:30:58.113,"DI_Clamps"".DI.ClampRear.AtTower                  """,O
2025-09-30 15:30:58.123,"DI_Clamps"".DI.ClampRear.AtTower                  """,O
2025-09-30 15:30:58.134,"DI_Clamps"".DI.ClampRear.AtTower                  """,O
2025-09-30 15:30:58.146,"DI_Clamps"".DI.ClampRear.AtTower                  """,O
2025-09-30 15:30:58.157,"DI_Clamps"".DI.ClampRear.AtTower                  """,O
2025-09-30 15:30:58.167,"DI_Clamps"".DI.ClampRear.AtTower                  """,O
2025-09-30 15:30:58.178,"DI_Clamps"".DI.ClampRear.AtTower                  """,O
2025-09-30 15:30:58.189,"DI_Clamps"".DI.ClampRear.AtTower                  """,O
2025-09-30 15:30:58.200,"DI_Clamps"".DI.ClampRear.AtTower                  """,O
2025-09-30 15:30:58.212,"DI_Clamps"".DI.ClampRear.AtTower                  """,O
2025-09-30 15:30:58.223,"DI_Clamps"".DI.ClampRear.AtTower                  """,O
2025-09-30 15:30:58.233,"DI_Clamps"".DI.ClampRear.AtTower                  """,O
2025-09-30 15:30:58.244,"DI_Clamps"".DI.ClampRear.AtTower                  """,O
2025-09-30 15:30:58.256,"DI_Clamps"".DI.ClampRear.AtTower                  """,O
2025-09-30 15:30:58.267,"DI_Clamps"".DI.ClampRear.AtTower                  """,O
2025-09-30 15:30:58.277,"DI_Clamps"".DI.ClampRear.AtTower                  """,O
2025-09-30 15:30:58.288,"DI_Clamps"".DI.ClampRear.AtTower                  """,O
2025-09-30 15:30:58.299,"DI_Clamps"".DI.ClampRear.AtTower                  """,O
2025-09-30 15:30:58.311,"DI_Clamps"".DI.ClampRear.AtTower                  """,O
2025-09-30 15:30:58.322,"DI_Clamps"".DI.ClampRear.AtTower                  """,O
2025-09-30 15:30:58.333,"DI_Clamps"".DI.ClampRear.AtTower                  """,O
2025-09-30 15:30:58.344,"DI_Clamps"".DI.ClampRear.AtTower                  """,O
2025-09-30 15:30:58.356,"DI_Clamps"".DI.ClampRear.AtTower                  """,O
2025-09-30 15:30:58.366,"DI_Clamps"".DI.ClampRear.AtTower                  """,O
2025-09-30 15:30:58.377,"DI_Clamps"".DI.ClampRear.AtTower                  """,O
2025-09-30 15:30:58.389,"DI_Clamps"".DI.ClampRear.AtTower                  """,O
2025-09-30 15:30:58.467,"DI_Clamps"".DI.ClampRear.AtTower                  """,O
2025-09-30 15:30:58.482,"DI_Clamps"".DI.ClampRear.AtTower                  """,O
2025-09-30 15:30:58.497,"DI_Clamps"".DI.ClampRear.AtTower                  """,O
2025-09-30 15:30:58.509,"DI_Clamps"".DI.ClampRear.AtTower                  """,O
2025-09-30 15:30:58.520,"DI_Clamps"".DI.ClampRear.AtTower                  """,O
2025-09-30 15:30:58.531,"DI_Clamps"".DI.ClampRear.AtTower                  """,O
2025-09-30 15:30:58.541,"DI_Clamps"".DI.ClampRear.AtTower                  """,O
2025-09-30 15:30:58.553,"DI_Clamps"".DI.ClampRear.AtTower                  """,O
2025-09-30 15:30:58.564,"DI_Clamps"".DI.ClampRear.AtTower                  """,O
2025-09-30 15:30:58.575,"DI_Clamps"".DI.ClampRear.AtTower                  """,O
2025-09-30 15:30:58.586,"DI_Clamps"".DI.ClampRear.AtTower                  """,O
2025-09-30 15:30:58.597,"DI_Clamps"".DI.ClampRear.AtTower                  """,O
2025-09-30 15:30:58.609,"DI_Clamps"".DI.ClampRear.AtTower                  """,O
2025-09-30 15:30:58.620,"DI_Clamps"".DI.ClampRear.AtTower                  """,O
2025-09-30 15:30:58.630,"DI_Clamps"".DI.ClampRear.AtTower                  """,O
2025-09-30 15:30:58.641,"DI_Clamps"".DI.ClampRear.AtTower                  """,O
2025-09-30 15:30:58.653,"DI_Clamps"".DI.ClampRear.AtTower                  """,O
2025-09-30 15:30:58.663,"DI_Clamps"".DI.ClampRear.AtTower                  """,O
2025-09-30 15:30:58.674,"DI_Clamps"".DI.ClampRear.AtTower                  """,O
2025-09-30 15:30:58.685,"DI_Clamps"".DI.ClampRear.AtTower                  """,O
2025-09-30 15:30:58.696,"DI_Clamps"".DI.ClampRear.AtTower                  """,O
2025-09-30 15:30:58.708,"DI_Clamps"".DI.ClampRear.AtTower                  """,O
2025-09-30 15:30:58.719,"DI_Clamps"".DI.ClampRear.AtTower                  """,O
2025-09-30 15:30:58.730,"DI_Clamps"".DI.ClampRear.AtTower                  """,O
2025-09-30 15:30:58.741,"DI_Clamps"".DI.ClampRear.AtTower                  """,O
2025-09-30 15:30:58.753,"DI_Clamps"".DI.ClampRear.AtTower                  """,O
2025-09-30 15:30:58.763,"DI_Clamps"".DI.ClampRear.AtTower                  """,O
2025-09-30 15:30:58.774,"DI_Clamps"".DI.ClampRear.AtTower                  """,O
2025-09-30 15:54:45.881,"DB_Inputs"".OCU1.TAKE_CONTROL                     """,I
2025-09-30 15:54:49.332,"DB_Inputs"".OCU1.JOYSTICK_RIGHT_UP                """,I
2025-09-30 15:55:18.907,"DB_Inputs"".OCU1.JOYSTICK_RIGHT_UP                """,O
2025-09-30 15:55:22.617,"DB_Inputs"".OCU1.RELEASE_CONTROL                  """,I
2025-09-30 15:55:37.018,"DB_Inputs"".OCU1.RELEASE_CONTROL                  """,I
2025-09-30 15:55:40.410,"DB_Inputs"".OCU1.RELEASE_CONTROL                  """,I
2025-09-30 15:57:56.228,"DB_Inputs"".OCU1.TAKE_CONTROL                     """,I
2025-09-30 15:57:58.653,"DB_Inputs"".OCU1.JOYSTICK_RIGHT_DOWN              """,I
2025-09-30 15:58:17.345,"DB_Inputs"".OCU1.JOYSTICK_RIGHT_DOWN              """,O
2025-09-30 16:04:06.779,"DB_Inputs"".OCU1.TAKE_CONTROL                     """,I
2025-09-30 16:04:07.613,"DB_Inputs"".OCU1.RELEASE_CONTROL                  """,I
2025-09-30 16:17:22.310,"DB_Inputs"".OCU2.TAKE_CONTROL                     """,I
2025-09-30 16:17:25.826,"DB_Inputs"".OCU2.JOYSTICK_RIGHT_DOWN              """,I
2025-09-30 16:17:50.598,"DB_Inputs"".OCU2.JOYSTICK_RIGHT_DOWN              """,O
2025-09-30 16:20:32.134,"DB_Inputs"".OCU2.JOYSTICK_RIGHT_UP                """,I
2025-09-30 16:21:07.213,"DB_Inputs"".OCU2.JOYSTICK_RIGHT_UP                """,O
2025-09-30 16:25:02.288,"DB_Inputs"".OCU2.JOYSTICK_RIGHT_DOWN              """,I
2025-09-30 16:25:04.660,"DB_Inputs"".OCU2.JOYSTICK_RIGHT_DOWN              """,O
2025-09-30 16:25:05.228,"DB_Inputs"".OCU2.JOYSTICK_RIGHT_DOWN              """,I
2025-09-30 16:25:16.369,"DB_Inputs"".OCU2.JOYSTICK_RIGHT_DOWN              """,O
2025-09-30 16:31:46.077,"DB_Inputs"".OCU2.RELEASE_CONTROL                  """,I
2025-09-30 16:35:43.522,"DB_Inputs"".LCC.REMOTE_ACCESS_CONNECTED           """,O
2025-09-30 16:36:21.041,"DB_Inputs"".LCC.REMOTE_ACCESS_CONNECTED           """,I
2025-09-30 16:36:22.959,"DB_Inputs"".LCC.REMOTE_ACCESS_CONNECTED           """,O
2025-09-30 16:37:36.099,"DB_Inputs"".LCC.REMOTE_ACCESS_CONNECTED           """,I
2025-09-30 15:29:56.884,"DI_Clamps"".DI.ClampRear.AtTower                  """,O
2025-09-30 15:29:56.894,"DI_Clamps"".DI.ClampRear.AtTower                  """,O
2025-09-30 15:29:56.907,"DI_Clamps"".DI.ClampRear.AtTower                  """,O
2025-09-30 15:29:56.918,"DI_Clamps"".DI.ClampRear.AtTower                  """,O
2025-09-30 15:29:56.928,"DI_Clamps"".DI.ClampRear.AtTower                  """,O
2025-09-30 15:29:56.939,"DI_Clamps"".DI.ClampRear.AtTower                  """,O
2025-09-30 15:29:56.951,"DI_Clamps"".DI.ClampRear.AtTower                  """,O
2025-09-30 15:29:56.961,"DI_Clamps"".DI.ClampRear.AtTower                  """,O
2025-09-30 15:29:56.972,"DI_Clamps"".DI.ClampRear.AtTower                  """,O
2025-09-30 15:29:57.084,"DI_Clamps"".DI.ClampRear.AtTower                  """,O
2025-09-30 15:29:57.099,"DI_Clamps"".DI.ClampRear.AtTower                  """,O
2025-09-30 15:29:57.111,"DI_Clamps"".DI.ClampRear.AtTower                  """,O
2025-09-30 15:29:57.122,"DI_Clamps"".DI.ClampRear.AtTower                  """,O
2025-09-30 15:29:57.132,"DI_Clamps"".DI.ClampRear.AtTower                  """,O
2025-09-30 15:29:57.143,"DI_Clamps"".DI.ClampRear.AtTower                  """,O
2025-09-30 15:29:57.155,"DI_Clamps"".DI.ClampRear.AtTower                  """,O
2025-09-30 15:29:57.166,"DI_Clamps"".DI.ClampRear.AtTower                  """,O
2025-09-30 15:29:57.177,"DI_Clamps"".DI.ClampRear.AtTower                  """,O
2025-09-30 15:29:57.188,"DI_Clamps"".DI.ClampRear.AtTower                  """,O
2025-09-30 15:29:57.199,"DI_Clamps"".DI.ClampRear.AtTower                  """,O
2025-09-30 15:29:57.211,"DI_Clamps"".DI.ClampRear.AtTower                  """,O
2025-09-30 15:29:57.221,"DI_Clamps"".DI.ClampRear.AtTower                  """,O
2025-09-30 15:29:57.232,"DI_Clamps"".DI.ClampRear.AtTower                  """,O
2025-09-30 15:29:57.243,"DI_Clamps"".DI.ClampRear.AtTower                  """,O
2025-09-30 15:29:57.254,"DI_Clamps"".DI.ClampRear.AtTower                  """,O
2025-09-30 15:29:57.266,"DI_Clamps"".DI.ClampRear.AtTower                  """,O
2025-09-30 15:29:57.276,"DI_Clamps"".DI.ClampRear.AtTower                  """,O
2025-09-30 15:29:57.287,"DI_Clamps"".DI.ClampRear.AtTower                  """,O
2025-09-30 15:29:57.298,"DI_Clamps"".DI.ClampRear.AtTower                  """,O
2025-09-30 15:29:57.310,"DI_Clamps"".DI.ClampRear.AtTower                  """,O
2025-09-30 15:29:57.321,"DI_Clamps"".DI.ClampRear.AtTower                  """,O
2025-09-30 15:29:57.331,"DI_Clamps"".DI.ClampRear.AtTower                  """,O
2025-09-30 15:29:57.342,"DI_Clamps"".DI.ClampRear.AtTower                  """,O
2025-09-30 15:29:57.354,"DI_Clamps"".DI.ClampRear.AtTower                  """,O
2025-09-30 15:29:57.397,"DI_Clamps"".DI.ClampRear.AtTower                  """,O
2025-09-30 15:29:57.409,"DI_Clamps"".DI.ClampRear.AtTower                  """,O
2025-09-30 15:29:57.420,"DI_Clamps"".DI.ClampRear.AtTower                  """,O
2025-09-30 15:29:57.431,"DI_Clamps"".DI.ClampRear.AtTower                  """,O
2025-09-30 15:29:57.442,"DI_Clamps"".DI.ClampRear.AtTower                  """,O
2025-09-30 15:29:57.453,"DI_Clamps"".DI.ClampRear.AtTower                  """,O
2025-09-30 15:29:57.464,"DI_Clamps"".DI.ClampRear.AtTower                  """,O
2025-09-30 15:29:57.476,"DI_Clamps"".DI.ClampRear.AtTower                  """,O
2025-09-30 15:29:57.486,"DI_Clamps"".DI.ClampRear.AtTower                  """,O
2025-09-30 15:29:57.497,"DI_Clamps"".DI.ClampRear.AtTower                  """,O
2025-09-30 15:29:57.509,"DI_Clamps"".DI.ClampRear.AtTower                  """,O
2025-09-30 15:29:57.520,"DI_Clamps"".DI.ClampRear.AtTower                  """,O
2025-09-30 15:29:57.531,"DI_Clamps"".DI.ClampRear.AtTower                  """,O
2025-09-30 15:29:57.541,"DI_Clamps"".DI.ClampRear.AtTower                  """,O
2025-09-30 15:29:57.553,"DI_Clamps"".DI.ClampRear.AtTower                  """,O
2025-09-30 15:29:57.564,"DI_Clamps"".DI.ClampRear.AtTower                  """,O
2025-09-30 15:29:57.645,"DI_Clamps"".DI.ClampRear.AtTower                  """,O
2025-09-30 15:29:57.660,"DI_Clamps"".DI.ClampRear.AtTower                  """,O
2025-09-30 15:29:57.671,"DI_Clamps"".DI.ClampRear.AtTower                  """,O
2025-09-30 15:29:57.681,"DI_Clamps"".DI.ClampRear.AtTower                  """,O
2025-09-30 15:29:57.692,"DI_Clamps"".DI.ClampRear.AtTower                  """,O
2025-09-30 15:29:57.708,"DI_Clamps"".DI.ClampRear.AtTower                  """,O
2025-09-30 15:29:57.719,"DI_Clamps"".DI.ClampRear.AtTower                  """,O
2025-09-30 15:29:57.729,"DI_Clamps"".DI.ClampRear.AtTower                  """,O
2025-09-30 15:29:57.741,"DI_Clamps"".DI.ClampRear.AtTower                  """,O
2025-09-30 15:29:57.753,"DI_Clamps"".DI.ClampRear.AtTower                  """,O
2025-09-30 15:29:57.764,"DI_Clamps"".DI.ClampRear.AtTower                  """,O
2025-09-30 15:29:57.775,"DI_Clamps"".DI.ClampRear.AtTower                  """,O
2025-09-30 15:29:57.786,"DI_Clamps"".DI.ClampRear.AtTower                  """,O
2025-09-30 15:29:57.797,"DI_Clamps"".DI.ClampRear.AtTower                  """,O
2025-09-30 15:29:57.809,"DI_Clamps"".DI.ClampRear.AtTower                  """,O
2025-09-30 15:29:57.819,"DI_Clamps"".DI.ClampRear.AtTower                  """,O
2025-09-30 15:29:57.830,"DI_Clamps"".DI.ClampRear.AtTower                  """,O
2025-09-30 15:29:57.841,"DI_Clamps"".DI.ClampRear.AtTower                  """,O
2025-09-30 15:29:57.852,"DI_Clamps"".DI.ClampRear.AtTower                  """,O
2025-09-30 15:29:57.863,"DI_Clamps"".DI.ClampRear.AtTower                  """,O
2025-09-30 15:29:57.874,"DI_Clamps"".DI.ClampRear.AtTower                  """,O
2025-09-30 15:29:57.885,"DI_Clamps"".DI.ClampRear.AtTower                  """,O
2025-09-30 15:29:57.896,"DI_Clamps"".DI.ClampRear.AtTower                  """,O
2025-09-30 15:29:57.908,"DI_Clamps"".DI.ClampRear.AtTower                  """,O
2025-09-30 15:29:57.919,"DI_Clamps"".DI.ClampRear.AtTower                  """,O
2025-09-30 15:29:57.929,"DI_Clamps"".DI.ClampRear.AtTower                  """,O
2025-09-30 15:29:57.940,"DI_Clamps"".DI.ClampRear.AtTower                  """,O
2025-09-30 15:29:57.952,"DI_Clamps"".DI.ClampRear.AtTower                  """,O
2025-09-30 15:29:57.963,"DI_Clamps"".DI.ClampRear.AtTower                  """,O
2025-09-30 15:29:57.973,"DI_Clamps"".DI.ClampRear.AtTower                  """,O
2025-09-30 15:29:57.984,"DI_Clamps"".DI.ClampRear.AtTower                  """,O
2025-09-30 15:29:57.995,"DI_Clamps"".DI.ClampRear.AtTower                  """,O
2025-09-30 15:29:58.007,"DI_Clamps"".DI.ClampRear.AtTower                  """,O
2025-09-30 15:29:58.018,"DI_Clamps"".DI.ClampRear.AtTower                  """,O
2025-09-30 15:29:58.029,"DI_Clamps"".DI.ClampRear.AtTower                  """,O
2025-09-30 15:29:58.039,"DI_Clamps"".DI.ClampRear.AtTower                  """,O
2025-09-30 15:29:58.051,"DI_Clamps"".DI.ClampRear.AtTower                  """,O
2025-09-30 15:29:58.062,"DI_Clamps"".DI.ClampRear.AtTower                  """,O
2025-09-30 15:29:58.073,"DI_Clamps"".DI.ClampRear.AtTower                  """,O
2025-09-30 15:29:58.084,"DI_Clamps"".DI.ClampRear.AtTower                  """,O
2025-09-30 15:29:58.095,"DI_Clamps"".DI.ClampRear.AtTower                  """,O
2025-09-30 15:29:58.107,"DI_Clamps"".DI.ClampRear.AtTower                  """,O
2025-09-30 15:29:58.182,"DI_Clamps"".DI.ClampRear.AtTower                  """,O
2025-09-30 15:29:58.196,"DI_Clamps"".DI.ClampRear.AtTower                  """,O
2025-09-30 15:29:58.208,"DI_Clamps"".DI.ClampRear.AtTower                  """,O
2025-09-30 15:29:58.219,"DI_Clamps"".DI.ClampRear.AtTower                  """,O
2025-09-30 15:29:58.230,"DI_Clamps"".DI.ClampRear.AtTower                  """,O
2025-09-30 15:29:58.241,"DI_Clamps"".DI.ClampRear.AtTower                  """,O
2025-09-30 15:29:58.252,"DI_Clamps"".DI.ClampRear.AtTower                  """,O
2025-09-30 15:29:58.263,"DI_Clamps"".DI.ClampRear.AtTower                  """,O
2025-09-30 15:29:58.274,"DI_Clamps"".DI.ClampRear.AtTower                  """,O
2025-09-30 15:29:58.284,"DI_Clamps"".DI.ClampRear.AtTower                  """,O
2025-09-30 15:29:58.295,"DI_Clamps"".DI.ClampRear.AtTower                  """,O
2025-09-30 15:29:58.308,"DI_Clamps"".DI.ClampRear.AtTower                  """,O
2025-09-30 15:29:58.318,"DI_Clamps"".DI.ClampRear.AtTower                  """,O
2025-09-30 15:29:58.330,"DI_Clamps"".DI.ClampRear.AtTower                  """,O
2025-09-30 15:29:58.341,"DI_Clamps"".DI.ClampRear.AtTower                  """,O
2025-09-30 15:29:58.352,"DI_Clamps"".DI.ClampRear.AtTower                  """,O
2025-09-30 15:29:58.364,"DI_Clamps"".DI.ClampRear.AtTower                  """,O
2025-09-30 15:29:58.374,"DI_Clamps"".DI.ClampRear.AtTower                  """,O
2025-09-30 15:29:58.386,"DI_Clamps"".DI.ClampRear.AtTower                  """,O
2025-09-30 15:29:58.396,"DI_Clamps"".DI.ClampRear.AtTower                  """,O
2025-09-30 15:29:58.408,"DI_Clamps"".DI.ClampRear.AtTower                  """,O
2025-09-30 15:29:58.419,"DI_Clamps"".DI.ClampRear.AtTower                  """,O
2025-09-30 15:29:58.430,"DI_Clamps"".DI.ClampRear.AtTower                  """,O
2025-09-30 15:29:58.441,"DI_Clamps"".DI.ClampRear.AtTower                  """,O
2025-09-30 15:29:58.452,"DI_Clamps"".DI.ClampRear.AtTower                  """,O
2025-09-30 15:29:58.463,"DI_Clamps"".DI.ClampRear.AtTower                  """,O
2025-09-30 15:29:58.473,"DI_Clamps"".DI.ClampRear.AtTower                  """,O
2025-09-30 15:29:58.484,"DI_Clamps"".DI.ClampRear.AtTower                  """,O
2025-09-30 15:29:58.495,"DI_Clamps"".DI.ClampRear.AtTower                  """,O
2025-09-30 15:29:58.507,"DI_Clamps"".DI.ClampRear.AtTower                  """,O
2025-09-30 15:29:58.518,"DI_Clamps"".DI.ClampRear.AtTower                  """,O
2025-09-30 15:29:58.529,"DI_Clamps"".DI.ClampRear.AtTower                  """,O
2025-09-30 15:29:58.540,"DI_Clamps"".DI.ClampRear.AtTower                  """,O
2025-09-30 15:29:58.551,"DI_Clamps"".DI.ClampRear.AtTower                  """,O
2025-09-30 15:29:58.562,"DI_Clamps"".DI.ClampRear.AtTower                  """,O
2025-09-30 15:29:58.573,"DI_Clamps"".DI.ClampRear.AtTower                  """,O
2025-09-30 15:29:58.583,"DI_Clamps"".DI.ClampRear.AtTower                  """,O
2025-09-30 15:29:58.594,"DI_Clamps"".DI.ClampRear.AtTower                  """,O
2025-09-30 15:29:58.607,"DI_Clamps"".DI.ClampRear.AtTower                  """,O
2025-09-30 15:29:58.617,"DI_Clamps"".DI.ClampRear.AtTower                  """,O
2025-09-30 15:29:58.628,"DI_Clamps"".DI.ClampRear.AtTower                  """,O
2025-09-30 15:29:58.639,"DI_Clamps"".DI.ClampRear.AtTower                  """,O
2025-09-30 15:29:58.650,"DI_Clamps"".DI.ClampRear.AtTower                  """,O
2025-09-30 15:29:58.662,"DI_Clamps"".DI.ClampRear.AtTower                  """,O
2025-09-30 15:29:58.672,"DI_Clamps"".DI.ClampRear.AtTower                  """,O
2025-09-30 15:29:58.683,"DI_Clamps"".DI.ClampRear.AtTower                  """,O
2025-09-30 15:29:58.694,"DI_Clamps"".DI.ClampRear.AtTower                  """,O
2025-09-30 15:29:58.704,"DI_Clamps"".DI.ClampRear.AtTower                  """,O
2025-09-30 15:29:58.717,"DI_Clamps"".DI.ClampRear.AtTower                  """,O
2025-09-30 15:29:58.728,"DI_Clamps"".DI.ClampRear.AtTower                  """,O
2025-09-30 15:29:58.739,"DI_Clamps"".DI.ClampRear.AtTower                  """,O
2025-09-30 15:29:58.751,"DI_Clamps"".DI.ClampRear.AtTower                  """,O
2025-09-30 15:29:58.762,"DI_Clamps"".DI.ClampRear.AtTower                  """,O
2025-09-30 15:29:58.772,"DI_Clamps"".DI.ClampRear.AtTower                  """,O
2025-09-30 15:29:58.783,"DI_Clamps"".DI.ClampRear.AtTower                  """,O
2025-09-30 15:29:58.794,"DI_Clamps"".DI.ClampRear.AtTower                  """,O
2025-09-30 15:29:58.804,"DI_Clamps"".DI.ClampRear.AtTower                  """,O
2025-09-30 15:29:58.817,"DI_Clamps"".DI.ClampRear.AtTower                  """,O
2025-09-30 15:29:58.832,"DI_Clamps"".DI.ClampRear.AtTower                  """,O
2025-09-30 15:29:58.842,"DI_Clamps"".DI.ClampRear.AtTower                  """,O
2025-09-30 15:29:58.854,"DI_Clamps"".DI.ClampRear.AtTower                  """,O
2025-09-30 15:29:58.865,"DI_Clamps"".DI.ClampRear.AtTower                  """,O
2025-09-30 15:29:58.876,"DI_Clamps"".DI.ClampRear.AtTower                  """,O
2025-09-30 15:29:58.887,"DI_Clamps"".DI.ClampRear.AtTower                  """,O
2025-09-30 15:29:58.897,"DI_Clamps"".DI.ClampRear.AtTower                  """,O
2025-09-30 15:29:58.909,"DI_Clamps"".DI.ClampRear.AtTower                  """,O
2025-09-30 15:29:58.920,"DI_Clamps"".DI.ClampRear.AtTower                  """,O
2025-09-30 15:29:58.931,"DI_Clamps"".DI.ClampRear.AtTower                  """,O
2025-09-30 15:29:58.942,"DI_Clamps"".DI.ClampRear.AtTower                  """,O
2025-09-30 15:29:58.953,"DI_Clamps"".DI.ClampRear.AtTower                  """,O
2025-09-30 15:29:58.964,"DI_Clamps"".DI.ClampRear.AtTower                  """,O
2025-09-30 15:29:58.975,"DI_Clamps"".DI.ClampRear.AtTower                  """,O
2025-09-30 15:29:58.986,"DI_Clamps"".DI.ClampRear.AtTower                  """,O
2025-09-30 15:29:58.997,"DI_Clamps"".DI.ClampRear.AtTower                  """,O
2025-09-30 15:29:59.009,"DI_Clamps"".DI.ClampRear.AtTower                  """,O
2025-09-30 15:29:59.019,"DI_Clamps"".DI.ClampRear.AtTower                  """,O
2025-09-30 15:29:59.030,"DI_Clamps"".DI.ClampRear.AtTower                  """,O
2025-09-30 15:29:59.042,"DI_Clamps"".DI.ClampRear.AtTower                  """,O
2025-09-30 15:29:59.053,"DI_Clamps"".DI.ClampRear.AtTower                  """,O
2025-09-30 15:29:59.064,"DI_Clamps"".DI.ClampRear.AtTower                  """,O
2025-09-30 15:29:59.074,"DI_Clamps"".DI.ClampRear.AtTower                  """,O
2025-09-30 15:29:59.085,"DI_Clamps"".DI.ClampRear.AtTower                  """,O
2025-09-30 15:29:59.096,"DI_Clamps"".DI.ClampRear.AtTower                  """,O
2025-09-30 15:29:59.108,"DI_Clamps"".DI.ClampRear.AtTower                  """,O
2025-09-30 15:29:59.186,"DI_Clamps"".DI.ClampRear.AtTower                  """,O
2025-09-30 15:29:59.197,"DI_Clamps"".DI.ClampRear.AtTower                  """,O
2025-09-30 15:29:59.209,"DI_Clamps"".DI.ClampRear.AtTower                  """,O
2025-09-30 15:29:59.220,"DI_Clamps"".DI.ClampRear.AtTower                  """,O
2025-09-30 15:29:59.234,"DI_Clamps"".DI.ClampRear.AtTower                  """,O
2025-09-30 15:29:59.246,"DI_Clamps"".DI.ClampRear.AtTower                  """,O
2025-09-30 15:29:59.257,"DI_Clamps"".DI.ClampRear.AtTower                  """,O
2025-09-30 15:29:59.268,"DI_Clamps"".DI.ClampRear.AtTower                  """,O
2025-09-30 15:29:59.279,"DI_Clamps"".DI.ClampRear.AtTower                  """,O
2025-09-30 15:29:59.290,"DI_Clamps"".DI.ClampRear.AtTower                  """,O
2025-09-30 15:29:59.300,"DI_Clamps"".DI.ClampRear.AtTower                  """,O
2025-09-30 15:29:59.312,"DI_Clamps"".DI.ClampRear.AtTower                  """,O
2025-09-30 15:29:59.323,"DI_Clamps"".DI.ClampRear.AtTower                  """,O
2025-09-30 15:29:59.334,"DI_Clamps"".DI.ClampRear.AtTower                  """,O
2025-09-30 15:29:59.345,"DI_Clamps"".DI.ClampRear.AtTower                  """,O
2025-09-30 15:29:59.356,"DI_Clamps"".DI.ClampRear.AtTower                  """,O
2025-09-30 15:29:59.367,"DI_Clamps"".DI.ClampRear.AtTower                  """,O
2025-09-30 15:29:59.378,"DI_Clamps"".DI.ClampRear.AtTower                  """,O
2025-09-30 15:29:59.389,"DI_Clamps"".DI.ClampRear.AtTower                  """,O
2025-09-30 15:29:59.399,"DI_Clamps"".DI.ClampRear.AtTower                  """,O
2025-09-30 15:29:59.412,"DI_Clamps"".DI.ClampRear.AtTower                  """,O
2025-09-30 15:29:59.423,"DI_Clamps"".DI.ClampRear.AtTower                  """,O
2025-09-30 15:29:59.434,"DI_Clamps"".DI.ClampRear.AtTower                  """,O
2025-09-30 15:29:59.445,"DI_Clamps"".DI.ClampRear.AtTower                  """,O
2025-09-30 15:29:59.456,"DI_Clamps"".DI.ClampRear.AtTower                  """,O
2025-09-30 15:29:59.467,"DI_Clamps"".DI.ClampRear.AtTower                  """,O
2025-09-30 15:29:59.478,"DI_Clamps"".DI.ClampRear.AtTower                  """,O
2025-09-30 15:29:59.489,"DI_Clamps"".DI.ClampRear.AtTower                  """,O
2025-09-30 15:29:59.499,"DI_Clamps"".DI.ClampRear.AtTower                  """,O
2025-09-30 15:29:59.512,"DI_Clamps"".DI.ClampRear.AtTower                  """,O
2025-09-30 15:29:59.522,"DI_Clamps"".DI.ClampRear.AtTower                  """,O
2025-09-30 15:29:59.533,"DI_Clamps"".DI.ClampRear.AtTower                  """,O
2025-09-30 15:29:59.544,"DI_Clamps"".DI.ClampRear.AtTower                  """,O
2025-09-30 15:29:59.556,"DI_Clamps"".DI.ClampRear.AtTower                  """,O
2025-09-30 15:29:59.566,"DI_Clamps"".DI.ClampRear.AtTower                  """,O
2025-09-30 15:29:59.577,"DI_Clamps"".DI.ClampRear.AtTower                  """,O
2025-09-30 15:29:59.588,"DI_Clamps"".DI.ClampRear.AtTower                  """,O
2025-09-30 15:29:59.599,"DI_Clamps"".DI.ClampRear.AtTower                  """,O
2025-09-30 15:29:59.611,"DI_Clamps"".DI.ClampRear.AtTower                  """,O
2025-09-30 15:29:59.621,"DI_Clamps"".DI.ClampRear.AtTower                  """,O
2025-09-30 15:29:59.633,"DI_Clamps"".DI.ClampRear.AtTower                  """,O
2025-09-30 15:29:59.644,"DI_Clamps"".DI.ClampRear.AtTower                  """,O
2025-09-30 15:29:59.656,"DI_Clamps"".DI.ClampRear.AtTower                  """,O
2025-09-30 15:29:59.666,"DI_Clamps"".DI.ClampRear.AtTower                  """,O
2025-09-30 15:29:59.677,"DI_Clamps"".DI.ClampRear.AtTower                  """,O
2025-09-30 15:29:59.688,"DI_Clamps"".DI.ClampRear.AtTower                  """,O
2025-09-30 15:29:59.698,"DI_Clamps"".DI.ClampRear.AtTower                  """,O
2025-09-30 15:29:59.711,"DI_Clamps"".DI.ClampRear.AtTower                  """,O
2025-09-30 15:29:59.721,"DI_Clamps"".DI.ClampRear.AtTower                  """,O
2025-09-30 15:29:59.799,"DI_Clamps"".DI.ClampRear.AtTower                  """,O
2025-09-30 15:29:59.815,"DI_Clamps"".DI.ClampRear.AtTower                  """,O
2025-09-30 15:29:59.827,"DI_Clamps"".DI.ClampRear.AtTower                  """,O
2025-09-30 15:29:59.837,"DI_Clamps"".DI.ClampRear.AtTower                  """,O
2025-09-30 15:29:59.852,"DI_Clamps"".DI.ClampRear.AtTower                  """,O
2025-09-30 15:29:59.863,"DI_Clamps"".DI.ClampRear.AtTower                  """,O
2025-09-30 15:29:59.874,"DI_Clamps"".DI.ClampRear.AtTower                  """,O
2025-09-30 15:29:59.885,"DI_Clamps"".DI.ClampRear.AtTower                  """,O
2025-09-30 15:29:59.896,"DI_Clamps"".DI.ClampRear.AtTower                  """,O
2025-09-30 15:29:59.908,"DI_Clamps"".DI.ClampRear.AtTower                  """,O
2025-09-30 15:29:59.919,"DI_Clamps"".DI.ClampRear.AtTower                  """,O
2025-09-30 15:29:59.930,"DI_Clamps"".DI.ClampRear.AtTower                  """,O
2025-09-30 15:29:59.940,"DI_Clamps"".DI.ClampRear.AtTower                  """,O
2025-09-30 15:29:59.952,"DI_Clamps"".DI.ClampRear.AtTower                  """,O
2025-09-30 15:29:59.963,"DI_Clamps"".DI.ClampRear.AtTower                  """,O
2025-09-30 15:29:59.973,"DI_Clamps"".DI.ClampRear.AtTower                  """,O
2025-09-30 15:29:59.984,"DI_Clamps"".DI.ClampRear.AtTower                  """,O
2025-09-30 15:29:59.995,"DI_Clamps"".DI.ClampRear.AtTower                  """,O
2025-09-30 15:30:00.007,"DI_Clamps"".DI.ClampRear.AtTower                  """,O
2025-09-30 15:30:00.018,"DI_Clamps"".DI.ClampRear.AtTower                  """,O
2025-09-30 15:30:00.029,"DI_Clamps"".DI.ClampRear.AtTower                  """,O
2025-09-30 15:30:00.040,"DI_Clamps"".DI.ClampRear.AtTower                  """,O
2025-09-30 15:30:00.051,"DI_Clamps"".DI.ClampRear.AtTower                  """,O
2025-09-30 15:30:00.062,"DI_Clamps"".DI.ClampRear.AtTower                  """,O
2025-09-30 15:30:00.073,"DI_Clamps"".DI.ClampRear.AtTower                  """,O
2025-09-30 15:30:00.083,"DI_Clamps"".DI.ClampRear.AtTower                  """,O
2025-09-30 15:30:00.094,"DI_Clamps"".DI.ClampRear.AtTower                  """,O
2025-09-30 15:30:00.106,"DI_Clamps"".DI.ClampRear.AtTower                  """,O
2025-09-30 15:30:00.117,"DI_Clamps"".DI.ClampRear.AtTower                  """,O
2025-09-30 15:30:00.132,"DI_Clamps"".DI.ClampRear.AtTower                  """,O
2025-09-30 15:30:00.143,"DI_Clamps"".DI.ClampRear.AtTower                  """,O
2025-09-30 15:30:00.155,"DI_Clamps"".DI.ClampRear.AtTower                  """,O
2025-09-30 15:30:00.166,"DI_Clamps"".DI.ClampRear.AtTower                  """,O
2025-09-30 15:30:00.177,"DI_Clamps"".DI.ClampRear.AtTower                  """,O
2025-09-30 15:30:00.257,"DI_Clamps"".DI.ClampRear.AtTower                  """,O
2025-09-30 15:30:00.271,"DI_Clamps"".DI.ClampRear.AtTower                  """,O
2025-09-30 15:30:00.283,"DI_Clamps"".DI.ClampRear.AtTower                  """,O
2025-09-30 15:30:00.293,"DI_Clamps"".DI.ClampRear.AtTower                  """,O
2025-09-30 15:30:00.304,"DI_Clamps"".DI.ClampRear.AtTower                  """,O
2025-09-30 15:30:00.317,"DI_Clamps"".DI.ClampRear.AtTower                  """,O
2025-09-30 15:30:00.328,"DI_Clamps"".DI.ClampRear.AtTower                  """,O
2025-09-30 15:30:00.338,"DI_Clamps"".DI.ClampRear.AtTower                  """,O
2025-09-30 15:30:00.350,"DI_Clamps"".DI.ClampRear.AtTower                  """,O
2025-09-30 15:30:00.361,"DI_Clamps"".DI.ClampRear.AtTower                  """,O
2025-09-30 15:30:00.371,"DI_Clamps"".DI.ClampRear.AtTower                  """,O
2025-09-30 15:30:00.382,"DI_Clamps"".DI.ClampRear.AtTower                  """,O
2025-09-30 15:30:00.393,"DI_Clamps"".DI.ClampRear.AtTower                  """,O
2025-09-30 15:30:00.403,"DI_Clamps"".DI.ClampRear.AtTower                  """,O
2025-09-30 15:30:00.416,"DI_Clamps"".DI.ClampRear.AtTower                  """,O
2025-09-30 15:30:00.427,"DI_Clamps"".DI.ClampRear.AtTower                  """,O
2025-09-30 15:30:00.438,"DI_Clamps"".DI.ClampRear.AtTower                  """,O
2025-09-30 15:30:00.449,"DI_Clamps"".DI.ClampRear.AtTower                  """,O
2025-09-30 15:30:00.460,"DI_Clamps"".DI.ClampRear.AtTower                  """,O
2025-09-30 15:30:00.471,"DI_Clamps"".DI.ClampRear.AtTower                  """,O
2025-09-30 15:30:00.482,"DI_Clamps"".DI.ClampRear.AtTower                  """,O
2025-09-30 15:30:00.493,"DI_Clamps"".DI.ClampRear.AtTower                  """,O
2025-09-30 15:30:00.503,"DI_Clamps"".DI.ClampRear.AtTower                  """,O
2025-09-30 15:30:00.516,"DI_Clamps"".DI.ClampRear.AtTower                  """,O
2025-09-30 15:30:00.527,"DI_Clamps"".DI.ClampRear.AtTower                  """,O
2025-09-30 15:30:00.537,"DI_Clamps"".DI.ClampRear.AtTower                  """,O
2025-09-30 15:30:00.549,"DI_Clamps"".DI.ClampRear.AtTower                  """,O
2025-09-30 15:30:00.560,"DI_Clamps"".DI.ClampRear.AtTower                  """,O
2025-09-30 15:30:00.570,"DI_Clamps"".DI.ClampRear.AtTower                  """,O
2025-09-30 15:30:00.581,"DI_Clamps"".DI.ClampRear.AtTower                  """,O
2025-09-30 15:30:00.592,"DI_Clamps"".DI.ClampRear.AtTower                  """,O
2025-09-30 15:30:00.602,"DI_Clamps"".DI.ClampRear.AtTower                  """,O
2025-09-30 15:30:00.615,"DI_Clamps"".DI.ClampRear.AtTower                  """,O
2025-09-30 15:30:00.626,"DI_Clamps"".DI.ClampRear.AtTower                  """,O
2025-09-30 15:30:00.636,"DI_Clamps"".DI.ClampRear.AtTower                  """,O
2025-09-30 15:30:00.648,"DI_Clamps"".DI.ClampRear.AtTower                  """,O
2025-09-30 15:30:00.659,"DI_Clamps"".DI.ClampRear.AtTower                  """,O
2025-09-30 15:30:00.669,"DI_Clamps"".DI.ClampRear.AtTower                  """,O
2025-09-30 15:30:00.680,"DI_Clamps"".DI.ClampRear.AtTower                  """,O
2025-09-30 15:30:00.691,"DI_Clamps"".DI.ClampRear.AtTower                  """,O
2025-09-30 15:30:00.702,"DI_Clamps"".DI.ClampRear.AtTower                  """,O
2025-09-30 15:30:00.714,"DI_Clamps"".DI.ClampRear.AtTower                  """,O
2025-09-30 15:30:00.726,"DI_Clamps"".DI.ClampRear.AtTower                  """,O
2025-09-30 15:30:00.736,"DI_Clamps"".DI.ClampRear.AtTower                  """,O
2025-09-30 15:30:00.748,"DI_Clamps"".DI.ClampRear.AtTower                  """,O
2025-09-30 15:30:00.759,"DI_Clamps"".DI.ClampRear.AtTower                  """,O
2025-09-30 15:30:00.770,"DI_Clamps"".DI.ClampRear.AtTower                  """,O
2025-09-30 15:30:00.781,"DI_Clamps"".DI.ClampRear.AtTower                  """,O
2025-09-30 15:30:00.791,"DI_Clamps"".DI.ClampRear.AtTower                  """,O
2025-09-30 15:30:00.802,"DI_Clamps"".DI.ClampRear.AtTower                  """,O
2025-09-30 15:30:00.815,"DI_Clamps"".DI.ClampRear.AtTower                  """,O
2025-09-30 15:30:00.827,"DI_Clamps"".DI.ClampRear.AtTower                  """,O
2025-09-30 15:30:00.837,"DI_Clamps"".DI.ClampRear.AtTower                  """,O
2025-09-30 15:30:00.852,"DI_Clamps"".DI.ClampRear.AtTower                  """,O
2025-09-30 15:30:00.863,"DI_Clamps"".DI.ClampRear.AtTower                  """,O
2025-09-30 15:30:00.874,"DI_Clamps"".DI.ClampRear.AtTower                  """,O
2025-09-30 15:30:00.884,"DI_Clamps"".DI.ClampRear.AtTower                  """,O
2025-09-30 15:30:00.896,"DI_Clamps"".DI.ClampRear.AtTower                  """,O
2025-09-30 15:30:00.908,"DI_Clamps"".DI.ClampRear.AtTower                  """,O
2025-09-30 15:30:00.918,"DI_Clamps"".DI.ClampRear.AtTower                  """,O
2025-09-30 15:30:00.929,"DI_Clamps"".DI.ClampRear.AtTower                  """,O
2025-09-30 15:30:00.940,"DI_Clamps"".DI.ClampRear.AtTower                  """,O
2025-09-30 15:30:00.955,"DI_Clamps"".DI.ClampRear.AtTower                  """,O
2025-09-30 15:30:00.966,"DI_Clamps"".DI.ClampRear.AtTower                  """,O
2025-09-30 15:30:00.977,"DI_Clamps"".DI.ClampRear.AtTower                  """,O
2025-09-30 15:30:00.987,"DI_Clamps"".DI.ClampRear.AtTower                  """,O
2025-09-30 15:30:00.998,"DI_Clamps"".DI.ClampRear.AtTower                  """,O
2025-09-30 15:30:01.010,"DI_Clamps"".DI.ClampRear.AtTower                  """,O
2025-09-30 15:30:01.021,"DI_Clamps"".DI.ClampRear.AtTower                  """,O
2025-09-30 15:30:01.032,"DI_Clamps"".DI.ClampRear.AtTower                  """,O
2025-09-30 15:30:01.042,"DI_Clamps"".DI.ClampRear.AtTower                  """,O
2025-09-30 15:30:01.054,"DI_Clamps"".DI.ClampRear.AtTower                  """,O
2025-09-30 15:30:01.066,"DI_Clamps"".DI.ClampRear.AtTower                  """,O
2025-09-30 15:30:01.076,"DI_Clamps"".DI.ClampRear.AtTower                  """,O
2025-09-30 15:30:01.087,"DI_Clamps"".DI.ClampRear.AtTower                  """,O
2025-09-30 15:30:01.098,"DI_Clamps"".DI.ClampRear.AtTower                  """,O
2025-09-30 15:30:01.110,"DI_Clamps"".DI.ClampRear.AtTower                  """,O
2025-09-30 15:30:01.121,"DI_Clamps"".DI.ClampRear.AtTower                  """,O
2025-09-30 15:30:01.132,"DI_Clamps"".DI.ClampRear.AtTower                  """,O
2025-09-30 15:30:01.143,"DI_Clamps"".DI.ClampRear.AtTower                  """,O
2025-09-30 15:30:01.155,"DI_Clamps"".DI.ClampRear.AtTower                  """,O
2025-09-30 15:30:01.166,"DI_Clamps"".DI.ClampRear.AtTower                  """,O
2025-09-30 15:30:01.177,"DI_Clamps"".DI.ClampRear.AtTower                  """,O
2025-09-30 15:30:01.255,"DI_Clamps"".DI.ClampRear.AtTower                  """,O
2025-09-30 15:30:01.266,"DI_Clamps"".DI.ClampRear.AtTower                  """,O
2025-09-30 15:30:01.276,"DI_Clamps"".DI.ClampRear.AtTower                  """,O
2025-09-30 15:30:01.287,"DI_Clamps"".DI.ClampRear.AtTower                  """,O
2025-09-30 15:30:01.298,"DI_Clamps"".DI.ClampRear.AtTower                  """,O
2025-09-30 15:30:01.310,"DI_Clamps"".DI.ClampRear.AtTower                  """,O
2025-09-30 15:30:01.321,"DI_Clamps"".DI.ClampRear.AtTower                  """,O
2025-09-30 15:30:01.331,"DI_Clamps"".DI.ClampRear.AtTower                  """,O
2025-09-30 15:30:01.342,"DI_Clamps"".DI.ClampRear.AtTower                  """,O
2025-09-30 15:30:01.354,"DI_Clamps"".DI.ClampRear.AtTower                  """,O
2025-09-30 15:30:01.368,"DI_Clamps"".DI.ClampRear.AtTower                  """,O
2025-09-30 15:30:01.379,"DI_Clamps"".DI.ClampRear.AtTower                  """,O
2025-09-30 15:30:01.390,"DI_Clamps"".DI.ClampRear.AtTower                  """,O
2025-09-30 15:30:01.401,"DI_Clamps"".DI.ClampRear.AtTower                  """,O
2025-09-30 15:30:01.413,"DI_Clamps"".DI.ClampRear.AtTower                  """,O
2025-09-30 15:30:01.424,"DI_Clamps"".DI.ClampRear.AtTower                  """,O
2025-09-30 15:30:01.435,"DI_Clamps"".DI.ClampRear.AtTower                  """,O
2025-09-30 15:30:01.446,"DI_Clamps"".DI.ClampRear.AtTower                  """,O
2025-09-30 15:30:01.457,"DI_Clamps"".DI.ClampRear.AtTower                  """,O
2025-09-30 15:30:01.468,"DI_Clamps"".DI.ClampRear.AtTower                  """,O
2025-09-30 15:30:01.479,"DI_Clamps"".DI.ClampRear.AtTower                  """,O
2025-09-30 15:30:01.490,"DI_Clamps"".DI.ClampRear.AtTower                  """,O
2025-09-30 15:30:01.500,"DI_Clamps"".DI.ClampRear.AtTower                  """,O
2025-09-30 15:30:01.513,"DI_Clamps"".DI.ClampRear.AtTower                  """,O
2025-09-30 15:30:01.523,"DI_Clamps"".DI.ClampRear.AtTower                  """,O
2025-09-30 15:30:01.534,"DI_Clamps"".DI.ClampRear.AtTower                  """,O
2025-09-30 15:30:01.545,"DI_Clamps"".DI.ClampRear.AtTower                  """,O
2025-09-30 15:30:01.560,"DI_Clamps"".DI.ClampRear.AtTower                  """,O
2025-09-30 15:30:01.571,"DI_Clamps"".DI.ClampRear.AtTower                  """,O
2025-09-30 15:30:01.581,"DI_Clamps"".DI.ClampRear.AtTower                  """,O
2025-09-30 15:30:01.592,"DI_Clamps"".DI.ClampRear.AtTower                  """,O
2025-09-30 15:30:01.603,"DI_Clamps"".DI.ClampRear.AtTower                  """,O
2025-09-30 15:30:01.616,"DI_Clamps"".DI.ClampRear.AtTower                  """,O
2025-09-30 15:30:01.627,"DI_Clamps"".DI.ClampRear.AtTower                  """,O
2025-09-30 15:30:01.637,"DI_Clamps"".DI.ClampRear.AtTower                  """,O
2025-09-30 15:30:01.649,"DI_Clamps"".DI.ClampRear.AtTower                  """,O
2025-09-30 15:30:01.660,"DI_Clamps"".DI.ClampRear.AtTower                  """,O
2025-09-30 15:30:01.671,"DI_Clamps"".DI.ClampRear.AtTower                  """,O
2025-09-30 15:30:01.682,"DI_Clamps"".DI.ClampRear.AtTower                  """,O
2025-09-30 15:30:01.692,"DI_Clamps"".DI.ClampRear.AtTower                  """,O
2025-09-30 15:30:01.703,"DI_Clamps"".DI.ClampRear.AtTower                  """,O
2025-09-30 15:30:01.716,"DI_Clamps"".DI.ClampRear.AtTower                  """,O
2025-09-30 15:30:01.727,"DI_Clamps"".DI.ClampRear.AtTower                  """,O
2025-09-30 15:30:01.737,"DI_Clamps"".DI.ClampRear.AtTower                  """,O
2025-09-30 15:30:01.749,"DI_Clamps"".DI.ClampRear.AtTower                  """,O
2025-09-30 15:30:01.760,"DI_Clamps"".DI.ClampRear.AtTower                  """,O
2025-09-30 15:30:01.771,"DI_Clamps"".DI.ClampRear.AtTower                  """,O
2025-09-30 15:30:01.781,"DI_Clamps"".DI.ClampRear.AtTower                  """,O
2025-09-30 15:30:01.792,"DI_Clamps"".DI.ClampRear.AtTower                  """,O
2025-09-30 15:30:01.803,"DI_Clamps"".DI.ClampRear.AtTower                  """,O
2025-09-30 15:30:01.816,"DI_Clamps"".DI.ClampRear.AtTower                  """,O
2025-09-30 15:30:01.827,"DI_Clamps"".DI.ClampRear.AtTower                  """,O
2025-09-30 15:30:01.838,"DI_Clamps"".DI.ClampRear.AtTower                  """,O
2025-09-30 15:30:01.849,"DI_Clamps"".DI.ClampRear.AtTower                  """,O
2025-09-30 15:30:01.860,"DI_Clamps"".DI.ClampRear.AtTower                  """,O
2025-09-30 15:30:01.871,"DI_Clamps"".DI.ClampRear.AtTower                  """,O
2025-09-30 15:30:01.885,"DI_Clamps"".DI.ClampRear.AtTower                  """,O
2025-09-30 15:30:01.963,"DI_Clamps"".DI.ClampRear.AtTower                  """,O
2025-09-30 15:30:01.974,"DI_Clamps"".DI.ClampRear.AtTower                  """,O
2025-09-30 15:30:01.985,"DI_Clamps"".DI.ClampRear.AtTower                  """,O
2025-09-30 15:30:01.996,"DI_Clamps"".DI.ClampRear.AtTower                  """,O
2025-09-30 15:30:02.012,"DI_Clamps"".DI.ClampRear.AtTower                  """,O
2025-09-30 15:30:02.027,"DI_Clamps"".DI.ClampRear.AtTower                  """,O
2025-09-30 15:30:02.041,"DI_Clamps"".DI.ClampRear.AtTower                  """,O
2025-09-30 15:30:02.053,"DI_Clamps"".DI.ClampRear.AtTower                  """,O
2025-09-30 15:30:02.064,"DI_Clamps"".DI.ClampRear.AtTower                  """,O
2025-09-30 15:30:02.075,"DI_Clamps"".DI.ClampRear.AtTower                  """,O
2025-09-30 15:30:02.086,"DI_Clamps"".DI.ClampRear.AtTower                  """,O
2025-09-30 15:30:02.097,"DI_Clamps"".DI.ClampRear.AtTower                  """,O
2025-09-30 15:30:02.109,"DI_Clamps"".DI.ClampRear.AtTower                  """,O
2025-09-30 15:30:02.120,"DI_Clamps"".DI.ClampRear.AtTower                  """,O
2025-09-30 15:30:02.130,"DI_Clamps"".DI.ClampRear.AtTower                  """,O
2025-09-30 15:30:02.141,"DI_Clamps"".DI.ClampRear.AtTower                  """,O
2025-09-30 15:30:02.153,"DI_Clamps"".DI.ClampRear.AtTower                  """,O
2025-09-30 15:30:02.163,"DI_Clamps"".DI.ClampRear.AtTower                  """,O
2025-09-30 15:30:02.174,"DI_Clamps"".DI.ClampRear.AtTower                  """,O
2025-09-30 15:30:02.185,"DI_Clamps"".DI.ClampRear.AtTower                  """,O
2025-09-30 15:30:02.196,"DI_Clamps"".DI.ClampRear.AtTower                  """,O
2025-09-30 15:30:02.209,"DI_Clamps"".DI.ClampRear.AtTower                  """,O
2025-09-30 15:30:02.220,"DI_Clamps"".DI.ClampRear.AtTower                  """,O
2025-09-30 15:30:02.231,"DI_Clamps"".DI.ClampRear.AtTower                  """,O
2025-09-30 15:30:02.241,"DI_Clamps"".DI.ClampRear.AtTower                  """,O
2025-09-30 15:30:02.253,"DI_Clamps"".DI.ClampRear.AtTower                  """,O
2025-09-30 15:30:02.264,"DI_Clamps"".DI.ClampRear.AtTower                  """,O
2025-09-30 15:30:02.341,"DI_Clamps"".DI.ClampRear.AtTower                  """,O
2025-09-30 15:30:02.353,"DI_Clamps"".DI.ClampRear.AtTower                  """,O
2025-09-30 15:30:02.364,"DI_Clamps"".DI.ClampRear.AtTower                  """,O
2025-09-30 15:30:02.374,"DI_Clamps"".DI.ClampRear.AtTower                  """,O
2025-09-30 15:30:02.386,"DI_Clamps"".DI.ClampRear.AtTower                  """,O
2025-09-30 15:30:02.400,"DI_Clamps"".DI.ClampRear.AtTower                  """,O
2025-09-30 15:30:02.412,"DI_Clamps"".DI.ClampRear.AtTower                  """,O
2025-09-30 15:30:02.423,"DI_Clamps"".DI.ClampRear.AtTower                  """,O
2025-09-30 15:30:02.434,"DI_Clamps"".DI.ClampRear.AtTower                  """,O
2025-09-30 15:30:02.446,"DI_Clamps"".DI.ClampRear.AtTower                  """,O
2025-09-30 15:30:02.460,"DI_Clamps"".DI.ClampRear.AtTower                  """,O
2025-09-30 15:30:02.471,"DI_Clamps"".DI.ClampRear.AtTower                  """,O
2025-09-30 15:30:02.481,"DI_Clamps"".DI.ClampRear.AtTower                  """,O
2025-09-30 15:30:02.492,"DI_Clamps"".DI.ClampRear.AtTower                  """,O
2025-09-30 15:30:02.503,"DI_Clamps"".DI.ClampRear.AtTower                  """,O
2025-09-30 15:30:02.515,"DI_Clamps"".DI.ClampRear.AtTower                  """,O
2025-09-30 15:30:02.526,"DI_Clamps"".DI.ClampRear.AtTower                  """,O
2025-09-30 15:30:02.537,"DI_Clamps"".DI.ClampRear.AtTower                  """,O
2025-09-30 15:30:02.548,"DI_Clamps"".DI.ClampRear.AtTower                  """,O
2025-09-30 15:30:02.559,"DI_Clamps"".DI.ClampRear.AtTower                  """,O
2025-09-30 15:30:02.570,"DI_Clamps"".DI.ClampRear.AtTower                  """,O
2025-09-30 15:30:02.581,"DI_Clamps"".DI.ClampRear.AtTower                  """,O
2025-09-30 15:30:02.592,"DI_Clamps"".DI.ClampRear.AtTower                  """,O
2025-09-30 15:30:02.603,"DI_Clamps"".DI.ClampRear.AtTower                  """,O
2025-09-30 15:30:02.615,"DI_Clamps"".DI.ClampRear.AtTower                  """,O
2025-09-30 15:30:02.626,"DI_Clamps"".DI.ClampRear.AtTower                  """,O
2025-09-30 15:30:02.637,"DI_Clamps"".DI.ClampRear.AtTower                  """,O
2025-09-30 15:30:02.648,"DI_Clamps"".DI.ClampRear.AtTower                  """,O
2025-09-30 15:30:02.659,"DI_Clamps"".DI.ClampRear.AtTower                  """,O
2025-09-30 15:30:02.670,"DI_Clamps"".DI.ClampRear.AtTower                  """,O
2025-09-30 15:30:02.680,"DI_Clamps"".DI.ClampRear.AtTower                  """,O
2025-09-30 15:30:02.691,"DI_Clamps"".DI.ClampRear.AtTower                  """,O
2025-09-30 15:30:02.702,"DI_Clamps"".DI.ClampRear.AtTower                  """,O
2025-09-30 15:30:02.714,"DI_Clamps"".DI.ClampRear.AtTower                  """,O
2025-09-30 15:30:02.726,"DI_Clamps"".DI.ClampRear.AtTower                  """,O
2025-09-30 15:30:02.737,"DI_Clamps"".DI.ClampRear.AtTower                  """,O
2025-09-30 15:30:02.748,"DI_Clamps"".DI.ClampRear.AtTower                  """,O
2025-09-30 15:30:02.759,"DI_Clamps"".DI.ClampRear.AtTower                  """,O
2025-09-30 15:30:02.770,"DI_Clamps"".DI.ClampRear.AtTower                  """,O
2025-09-30 15:30:02.781,"DI_Clamps"".DI.ClampRear.AtTower                  """,O
2025-09-30 15:30:02.791,"DI_Clamps"".DI.ClampRear.AtTower                  """,O
2025-09-30 15:30:02.802,"DI_Clamps"".DI.ClampRear.AtTower                  """,O
2025-09-30 15:30:02.814,"DI_Clamps"".DI.ClampRear.AtTower                  """,O
2025-09-30 15:30:02.826,"DI_Clamps"".DI.ClampRear.AtTower                  """,O
2025-09-30 15:30:02.836,"DI_Clamps"".DI.ClampRear.AtTower                  """,O
2025-09-30 15:30:02.848,"DI_Clamps"".DI.ClampRear.AtTower                  """,O
2025-09-30 15:30:02.859,"DI_Clamps"".DI.ClampRear.AtTower                  """,O
2025-09-30 15:30:02.877,"DI_Clamps"".DI.ClampRear.AtTower                  """,O
2025-09-30 15:30:02.887,"DI_Clamps"".DI.ClampRear.AtTower                  """,O
2025-09-30 15:30:02.898,"DI_Clamps"".DI.ClampRear.AtTower                  """,O
2025-09-30 15:30:02.914,"DI_Clamps"".DI.ClampRear.AtTower                  """,O
2025-09-30 15:30:02.924,"DI_Clamps"".DI.ClampRear.AtTower                  """,O
2025-09-30 15:30:02.935,"DI_Clamps"".DI.ClampRear.AtTower                  """,O
2025-09-30 15:30:02.947,"DI_Clamps"".DI.ClampRear.AtTower                  """,O
2025-09-30 15:30:02.958,"DI_Clamps"".DI.ClampRear.AtTower                  """,O
2025-09-30 15:30:02.968,"DI_Clamps"".DI.ClampRear.AtTower                  """,O
2025-09-30 15:30:02.979,"DI_Clamps"".DI.ClampRear.AtTower                  """,O
2025-09-30 15:30:02.990,"DI_Clamps"".DI.ClampRear.AtTower                  """,O
2025-09-30 15:30:03.001,"DI_Clamps"".DI.ClampRear.AtTower                  """,O
2025-09-30 15:30:03.013,"DI_Clamps"".DI.ClampRear.AtTower                  """,O
2025-09-30 15:30:03.024,"DI_Clamps"".DI.ClampRear.AtTower                  """,O
2025-09-30 15:30:03.034,"DI_Clamps"".DI.ClampRear.AtTower                  """,O
2025-09-30 15:30:03.046,"DI_Clamps"".DI.ClampRear.AtTower                  """,O
2025-09-30 15:30:03.057,"DI_Clamps"".DI.ClampRear.AtTower                  """,O
2025-09-30 15:30:03.068,"DI_Clamps"".DI.ClampRear.AtTower                  """,O
2025-09-30 15:30:03.078,"DI_Clamps"".DI.ClampRear.AtTower                  """,O
2025-09-30 15:30:03.089,"DI_Clamps"".DI.ClampRear.AtTower                  """,O
2025-09-30 15:30:03.100,"DI_Clamps"".DI.ClampRear.AtTower                  """,O
2025-09-30 15:30:03.112,"DI_Clamps"".DI.ClampRear.AtTower                  """,O
2025-09-30 15:30:03.124,"DI_Clamps"".DI.ClampRear.AtTower                  """,O
2025-09-30 15:30:03.134,"DI_Clamps"".DI.ClampRear.AtTower                  """,O
2025-09-30 15:30:03.146,"DI_Clamps"".DI.ClampRear.AtTower                  """,O
2025-09-30 15:30:03.157,"DI_Clamps"".DI.ClampRear.AtTower                  """,O
2025-09-30 15:30:03.168,"DI_Clamps"".DI.ClampRear.AtTower                  """,O
2025-09-30 15:30:03.179,"DI_Clamps"".DI.ClampRear.AtTower                  """,O
2025-09-30 15:30:03.196,"DI_Clamps"".DI.ClampRear.AtTower                  """,O
2025-09-30 15:30:03.208,"DI_Clamps"".DI.ClampRear.AtTower                  """,O
2025-09-30 15:30:03.219,"DI_Clamps"".DI.ClampRear.AtTower                  """,O
2025-09-30 15:30:03.229,"DI_Clamps"".DI.ClampRear.AtTower                  """,O
2025-09-30 15:30:03.240,"DI_Clamps"".DI.ClampRear.AtTower                  """,O
2025-09-30 15:30:03.252,"DI_Clamps"".DI.ClampRear.AtTower                  """,O
2025-09-30 15:30:03.262,"DI_Clamps"".DI.ClampRear.AtTower                  """,O
2025-09-30 15:30:03.273,"DI_Clamps"".DI.ClampRear.AtTower                  """,O
2025-09-30 15:30:03.351,"DI_Clamps"".DI.ClampRear.AtTower                  """,O
2025-09-30 15:30:03.362,"DI_Clamps"".DI.ClampRear.AtTower                  """,O
2025-09-30 15:30:03.373,"DI_Clamps"".DI.ClampRear.AtTower                  """,O
2025-09-30 15:30:03.384,"DI_Clamps"".DI.ClampRear.AtTower                  """,O
2025-09-30 15:30:03.394,"DI_Clamps"".DI.ClampRear.AtTower                  """,O
2025-09-30 15:30:03.407,"DI_Clamps"".DI.ClampRear.AtTower                  """,O
2025-09-30 15:30:03.417,"DI_Clamps"".DI.ClampRear.AtTower                  """,O
2025-09-30 15:30:03.432,"DI_Clamps"".DI.ClampRear.AtTower                  """,O
2025-09-30 15:30:03.447,"DI_Clamps"".DI.ClampRear.AtTower                  """,O
2025-09-30 15:30:03.459,"DI_Clamps"".DI.ClampRear.AtTower                  """,O
2025-09-30 15:30:03.469,"DI_Clamps"".DI.ClampRear.AtTower                  """,O
2025-09-30 15:30:03.480,"DI_Clamps"".DI.ClampRear.AtTower                  """,O
2025-09-30 15:30:03.491,"DI_Clamps"".DI.ClampRear.AtTower                  """,O
2025-09-30 15:30:03.502,"DI_Clamps"".DI.ClampRear.AtTower                  """,O
2025-09-30 15:30:03.514,"DI_Clamps"".DI.ClampRear.AtTower                  """,O
2025-09-30 15:30:03.525,"DI_Clamps"".DI.ClampRear.AtTower                  """,O
2025-09-30 15:30:03.536,"DI_Clamps"".DI.ClampRear.AtTower                  """,O
2025-09-30 15:30:03.547,"DI_Clamps"".DI.ClampRear.AtTower                  """,O
2025-09-30 15:30:03.558,"DI_Clamps"".DI.ClampRear.AtTower                  """,O
2025-09-30 15:30:03.569,"DI_Clamps"".DI.ClampRear.AtTower                  """,O
2025-09-30 15:30:03.580,"DI_Clamps"".DI.ClampRear.AtTower                  """,O
2025-09-30 15:30:03.590,"DI_Clamps"".DI.ClampRear.AtTower                  """,O
2025-09-30 15:30:03.601,"DI_Clamps"".DI.ClampRear.AtTower                  """,O
2025-09-30 15:30:03.613,"DI_Clamps"".DI.ClampRear.AtTower                  """,O
2025-09-30 15:30:03.624,"DI_Clamps"".DI.ClampRear.AtTower                  """,O
2025-09-30 15:30:03.635,"DI_Clamps"".DI.ClampRear.AtTower                  """,O
2025-09-30 15:30:03.647,"DI_Clamps"".DI.ClampRear.AtTower                  """,O
2025-09-30 15:30:03.657,"DI_Clamps"".DI.ClampRear.AtTower                  """,O
2025-09-30 15:30:03.668,"DI_Clamps"".DI.ClampRear.AtTower                  """,O
2025-09-30 15:30:03.679,"DI_Clamps"".DI.ClampRear.AtTower                  """,O
2025-09-30 15:30:03.690,"DI_Clamps"".DI.ClampRear.AtTower                  """,O
2025-09-30 15:30:03.700,"DI_Clamps"".DI.ClampRear.AtTower                  """,O
2025-09-30 15:30:03.713,"DI_Clamps"".DI.ClampRear.AtTower                  """,O
2025-09-30 15:30:03.723,"DI_Clamps"".DI.ClampRear.AtTower                  """,O
2025-09-30 15:30:03.734,"DI_Clamps"".DI.ClampRear.AtTower                  """,O
2025-09-30 15:30:03.746,"DI_Clamps"".DI.ClampRear.AtTower                  """,O
2025-09-30 15:30:03.757,"DI_Clamps"".DI.ClampRear.AtTower                  """,O
2025-09-30 15:30:03.768,"DI_Clamps"".DI.ClampRear.AtTower                  """,O
2025-09-30 15:30:03.780,"DI_Clamps"".DI.ClampRear.AtTower                  """,O
2025-09-30 15:30:03.791,"DI_Clamps"".DI.ClampRear.AtTower                  """,O
2025-09-30 15:30:03.801,"DI_Clamps"".DI.ClampRear.AtTower                  """,O
2025-09-30 15:30:03.813,"DI_Clamps"".DI.ClampRear.AtTower                  """,O
2025-09-30 15:30:03.824,"DI_Clamps"".DI.ClampRear.AtTower                  """,O
2025-09-30 15:30:03.835,"DI_Clamps"".DI.ClampRear.AtTower                  """,O
2025-09-30 15:30:03.847,"DI_Clamps"".DI.ClampRear.AtTower                  """,O
2025-09-30 15:30:03.857,"DI_Clamps"".DI.ClampRear.AtTower                  """,O
2025-09-30 15:30:03.868,"DI_Clamps"".DI.ClampRear.AtTower                  """,O
2025-09-30 15:30:03.879,"DI_Clamps"".DI.ClampRear.AtTower                  """,O
2025-09-30 15:30:03.890,"DI_Clamps"".DI.ClampRear.AtTower                  """,O
2025-09-30 15:30:03.901,"DI_Clamps"".DI.ClampRear.AtTower                  """,O
2025-09-30 15:30:03.913,"DI_Clamps"".DI.ClampRear.AtTower                  """,O
2025-09-30 15:30:03.923,"DI_Clamps"".DI.ClampRear.AtTower                  """,O
2025-09-30 15:30:03.934,"DI_Clamps"".DI.ClampRear.AtTower                  """,O
2025-09-30 15:30:03.950,"DI_Clamps"".DI.ClampRear.AtTower                  """,O
2025-09-30 15:30:03.960,"DI_Clamps"".DI.ClampRear.AtTower                  """,O
2025-09-30 15:30:03.971,"DI_Clamps"".DI.ClampRear.AtTower                  """,O
2025-09-30 15:30:03.982,"DI_Clamps"".DI.ClampRear.AtTower                  """,O
2025-09-30 15:30:03.992,"DI_Clamps"".DI.ClampRear.AtTower                  """,O
2025-09-30 15:30:04.003,"DI_Clamps"".DI.ClampRear.AtTower                  """,O
2025-09-30 15:30:04.016,"DI_Clamps"".DI.ClampRear.AtTower                  """,O
2025-09-30 15:30:04.027,"DI_Clamps"".DI.ClampRear.AtTower                  """,O
2025-09-30 15:30:04.037,"DI_Clamps"".DI.ClampRear.AtTower                  """,O
2025-09-30 15:30:04.049,"DI_Clamps"".DI.ClampRear.AtTower                  """,O
2025-09-30 15:30:04.089,"DI_Clamps"".DI.ClampRear.AtTower                  """,O
2025-09-30 15:30:04.100,"DI_Clamps"".DI.ClampRear.AtTower                  """,O
2025-09-30 15:30:04.112,"DI_Clamps"".DI.ClampRear.AtTower                  """,O
2025-09-30 15:30:04.123,"DI_Clamps"".DI.ClampRear.AtTower                  """,O
2025-09-30 15:30:04.134,"DI_Clamps"".DI.ClampRear.AtTower                  """,O
2025-09-30 15:30:04.145,"DI_Clamps"".DI.ClampRear.AtTower                  """,O
2025-09-30 15:30:04.160,"DI_Clamps"".DI.ClampRear.AtTower                  """,O
2025-09-30 15:30:04.170,"DI_Clamps"".DI.ClampRear.AtTower                  """,O
2025-09-30 15:30:04.181,"DI_Clamps"".DI.ClampRear.AtTower                  """,O
2025-09-30 15:30:04.193,"DI_Clamps"".DI.ClampRear.AtTower                  """,O
2025-09-30 15:30:04.204,"DI_Clamps"".DI.ClampRear.AtTower                  """,O
2025-09-30 15:30:04.216,"DI_Clamps"".DI.ClampRear.AtTower                  """,O
2025-09-30 15:30:04.227,"DI_Clamps"".DI.ClampRear.AtTower                  """,O
2025-09-30 15:30:04.238,"DI_Clamps"".DI.ClampRear.AtTower                  """,O
2025-09-30 15:30:04.249,"DI_Clamps"".DI.ClampRear.AtTower                  """,O
2025-09-30 15:30:04.260,"DI_Clamps"".DI.ClampRear.AtTower                  """,O
2025-09-30 15:30:04.271,"DI_Clamps"".DI.ClampRear.AtTower                  """,O
2025-09-30 15:30:04.281,"DI_Clamps"".DI.ClampRear.AtTower                  """,O
2025-09-30 15:30:04.292,"DI_Clamps"".DI.ClampRear.AtTower                  """,O
2025-09-30 15:30:04.303,"DI_Clamps"".DI.ClampRear.AtTower                  """,O
2025-09-30 15:30:04.385,"DI_Clamps"".DI.ClampRear.AtTower                  """,O
2025-09-30 15:30:04.396,"DI_Clamps"".DI.ClampRear.AtTower                  """,O
2025-09-30 15:30:04.408,"DI_Clamps"".DI.ClampRear.AtTower                  """,O
2025-09-30 15:30:04.419,"DI_Clamps"".DI.ClampRear.AtTower                  """,O
2025-09-30 15:30:04.430,"DI_Clamps"".DI.ClampRear.AtTower                  """,O
2025-09-30 15:30:04.440,"DI_Clamps"".DI.ClampRear.AtTower                  """,O
2025-09-30 15:30:04.452,"DI_Clamps"".DI.ClampRear.AtTower                  """,O
2025-09-30 15:30:04.470,"DI_Clamps"".DI.ClampRear.AtTower                  """,O
2025-09-30 15:30:04.480,"DI_Clamps"".DI.ClampRear.AtTower                  """,O
2025-09-30 15:30:04.491,"DI_Clamps"".DI.ClampRear.AtTower                  """,O
2025-09-30 15:30:04.502,"DI_Clamps"".DI.ClampRear.AtTower                  """,O
2025-09-30 15:30:04.514,"DI_Clamps"".DI.ClampRear.AtTower                  """,O
2025-09-30 15:30:04.525,"DI_Clamps"".DI.ClampRear.AtTower                  """,O
2025-09-30 15:30:04.536,"DI_Clamps"".DI.ClampRear.AtTower                  """,O
2025-09-30 15:30:04.547,"DI_Clamps"".DI.ClampRear.AtTower                  """,O
2025-09-30 15:30:04.558,"DI_Clamps"".DI.ClampRear.AtTower                  """,O
2025-09-30 15:30:04.569,"DI_Clamps"".DI.ClampRear.AtTower                  """,O
2025-09-30 15:30:04.580,"DI_Clamps"".DI.ClampRear.AtTower                  """,O
2025-09-30 15:30:04.590,"DI_Clamps"".DI.ClampRear.AtTower                  """,O
2025-09-30 15:30:04.601,"DI_Clamps"".DI.ClampRear.AtTower                  """,O
2025-09-30 15:30:04.613,"DI_Clamps"".DI.ClampRear.AtTower                  """,O
2025-09-30 15:30:04.624,"DI_Clamps"".DI.ClampRear.AtTower                  """,O
2025-09-30 15:30:04.635,"DI_Clamps"".DI.ClampRear.AtTower                  """,O
2025-09-30 15:30:04.646,"DI_Clamps"".DI.ClampRear.AtTower                  """,O
2025-09-30 15:30:04.658,"DI_Clamps"".DI.ClampRear.AtTower                  """,O
2025-09-30 15:30:04.669,"DI_Clamps"".DI.ClampRear.AtTower                  """,O
2025-09-30 15:30:04.679,"DI_Clamps"".DI.ClampRear.AtTower                  """,O
2025-09-30 15:30:04.690,"DI_Clamps"".DI.ClampRear.AtTower                  """,O
2025-09-30 15:30:04.701,"DI_Clamps"".DI.ClampRear.AtTower                  """,O
2025-09-30 15:30:04.713,"DI_Clamps"".DI.ClampRear.AtTower                  """,O
2025-09-30 15:30:04.724,"DI_Clamps"".DI.ClampRear.AtTower                  """,O
2025-09-30 15:30:04.736,"DI_Clamps"".DI.ClampRear.AtTower                  """,O
2025-09-30 15:30:04.747,"DI_Clamps"".DI.ClampRear.AtTower                  """,O
2025-09-30 15:30:04.758,"DI_Clamps"".DI.ClampRear.AtTower                  """,O
2025-09-30 15:30:04.769,"DI_Clamps"".DI.ClampRear.AtTower                  """,O
2025-09-30 15:30:04.780,"DI_Clamps"".DI.ClampRear.AtTower                  """,O
2025-09-30 15:30:04.790,"DI_Clamps"".DI.ClampRear.AtTower                  """,O
2025-09-30 15:30:04.801,"DI_Clamps"".DI.ClampRear.AtTower                  """,O
2025-09-30 15:30:04.813,"DI_Clamps"".DI.ClampRear.AtTower                  """,O
2025-09-30 15:30:04.824,"DI_Clamps"".DI.ClampRear.AtTower                  """,O
2025-09-30 15:30:04.835,"DI_Clamps"".DI.ClampRear.AtTower                  """,O
2025-09-30 15:30:04.847,"DI_Clamps"".DI.ClampRear.AtTower                  """,O
2025-09-30 15:30:04.857,"DI_Clamps"".DI.ClampRear.AtTower                  """,O
2025-09-30 15:30:04.868,"DI_Clamps"".DI.ClampRear.AtTower                  """,O
2025-09-30 15:30:04.879,"DI_Clamps"".DI.ClampRear.AtTower                  """,O
2025-09-30 15:30:04.890,"DI_Clamps"".DI.ClampRear.AtTower                  """,O
2025-09-30 15:30:04.900,"DI_Clamps"".DI.ClampRear.AtTower                  """,O
2025-09-30 15:30:04.913,"DI_Clamps"".DI.ClampRear.AtTower                  """,O
2025-09-30 15:30:04.923,"DI_Clamps"".DI.ClampRear.AtTower                  """,O
2025-09-30 15:30:04.934,"DI_Clamps"".DI.ClampRear.AtTower                  """,O
2025-09-30 15:30:04.945,"DI_Clamps"".DI.ClampRear.AtTower                  """,O
2025-09-30 15:30:04.957,"DI_Clamps"".DI.ClampRear.AtTower                  """,O
2025-09-30 15:30:04.968,"DI_Clamps"".DI.ClampRear.AtTower                  """,O
2025-09-30 15:30:04.982,"DI_Clamps"".DI.ClampRear.AtTower                  """,O
2025-09-30 15:30:04.993,"DI_Clamps"".DI.ClampRear.AtTower                  """,O
2025-09-30 15:30:05.003,"DI_Clamps"".DI.ClampRear.AtTower                  """,O
2025-09-30 15:30:05.016,"DI_Clamps"".DI.ClampRear.AtTower                  """,O
2025-09-30 15:30:05.027,"DI_Clamps"".DI.ClampRear.AtTower                  """,O
2025-09-30 15:30:05.038,"DI_Clamps"".DI.ClampRear.AtTower                  """,O
2025-09-30 15:30:05.049,"DI_Clamps"".DI.ClampRear.AtTower                  """,O
2025-09-30 15:30:05.060,"DI_Clamps"".DI.ClampRear.AtTower                  """,O
2025-09-30 15:30:05.070,"DI_Clamps"".DI.ClampRear.AtTower                  """,O
2025-09-30 15:30:05.081,"DI_Clamps"".DI.ClampRear.AtTower                  """,O
2025-09-30 15:30:05.092,"DI_Clamps"".DI.ClampRear.AtTower                  """,O
2025-09-30 15:30:05.103,"DI_Clamps"".DI.ClampRear.AtTower                  """,O
2025-09-30 15:30:05.115,"DI_Clamps"".DI.ClampRear.AtTower                  """,O
2025-09-30 15:30:05.126,"DI_Clamps"".DI.ClampRear.AtTower                  """,O
2025-09-30 15:30:05.137,"DI_Clamps"".DI.ClampRear.AtTower                  """,O
2025-09-30 15:30:05.148,"DI_Clamps"".DI.ClampRear.AtTower                  """,O
2025-09-30 15:30:05.159,"DI_Clamps"".DI.ClampRear.AtTower                  """,O
2025-09-30 15:30:05.171,"DI_Clamps"".DI.ClampRear.AtTower                  """,O
2025-09-30 15:30:05.181,"DI_Clamps"".DI.ClampRear.AtTower                  """,O
2025-09-30 15:30:05.192,"DI_Clamps"".DI.ClampRear.AtTower                  """,O
2025-09-30 15:30:05.203,"DI_Clamps"".DI.ClampRear.AtTower                  """,O
2025-09-30 15:30:05.215,"DI_Clamps"".DI.ClampRear.AtTower                  """,O
2025-09-30 15:30:05.226,"DI_Clamps"".DI.ClampRear.AtTower                  """,O
2025-09-30 15:30:05.237,"DI_Clamps"".DI.ClampRear.AtTower                  """,O
2025-09-30 15:30:05.248,"DI_Clamps"".DI.ClampRear.AtTower                  """,O
2025-09-30 15:30:05.259,"DI_Clamps"".DI.ClampRear.AtTower                  """,O
2025-09-30 15:30:05.271,"DI_Clamps"".DI.ClampRear.AtTower                  """,O
2025-09-30 15:30:05.281,"DI_Clamps"".DI.ClampRear.AtTower                  """,O
2025-09-30 15:30:05.292,"DI_Clamps"".DI.ClampRear.AtTower                  """,O
2025-09-30 15:30:05.303,"DI_Clamps"".DI.ClampRear.AtTower                  """,O
2025-09-30 15:30:05.315,"DI_Clamps"".DI.ClampRear.AtTower                  """,O
2025-09-30 15:30:05.399,"DI_Clamps"".DI.ClampRear.AtTower                  """,O
2025-09-30 15:30:05.411,"DI_Clamps"".DI.ClampRear.AtTower                  """,O
2025-09-30 15:30:05.422,"DI_Clamps"".DI.ClampRear.AtTower                  """,O
2025-09-30 15:30:05.433,"DI_Clamps"".DI.ClampRear.AtTower                  """,O
2025-09-30 15:30:05.443,"DI_Clamps"".DI.ClampRear.AtTower                  """,O
2025-09-30 15:30:05.455,"DI_Clamps"".DI.ClampRear.AtTower                  """,O
2025-09-30 15:30:05.466,"DI_Clamps"".DI.ClampRear.AtTower                  """,O
2025-09-30 15:30:05.477,"DI_Clamps"".DI.ClampRear.AtTower                  """,O
2025-09-30 15:30:05.488,"DI_Clamps"".DI.ClampRear.AtTower                  """,O
2025-09-30 15:30:05.502,"DI_Clamps"".DI.ClampRear.AtTower                  """,O
2025-09-30 15:30:05.514,"DI_Clamps"".DI.ClampRear.AtTower                  """,O
2025-09-30 15:30:05.524,"DI_Clamps"".DI.ClampRear.AtTower                  """,O
2025-09-30 15:30:05.536,"DI_Clamps"".DI.ClampRear.AtTower                  """,O
2025-09-30 15:30:05.547,"DI_Clamps"".DI.ClampRear.AtTower                  """,O
2025-09-30 15:30:05.558,"DI_Clamps"".DI.ClampRear.AtTower                  """,O
2025-09-30 15:30:05.569,"DI_Clamps"".DI.ClampRear.AtTower                  """,O
2025-09-30 15:30:05.580,"DI_Clamps"".DI.ClampRear.AtTower                  """,O
2025-09-30 15:30:05.591,"DI_Clamps"".DI.ClampRear.AtTower                  """,O
2025-09-30 15:30:05.601,"DI_Clamps"".DI.ClampRear.AtTower                  """,O
2025-09-30 15:30:05.614,"DI_Clamps"".DI.ClampRear.AtTower                  """,O
2025-09-30 15:30:05.624,"DI_Clamps"".DI.ClampRear.AtTower                  """,O
2025-09-30 15:30:05.635,"DI_Clamps"".DI.ClampRear.AtTower                  """,O
2025-09-30 15:30:05.647,"DI_Clamps"".DI.ClampRear.AtTower                  """,O
2025-09-30 15:30:05.658,"DI_Clamps"".DI.ClampRear.AtTower                  """,O
2025-09-30 15:30:05.668,"DI_Clamps"".DI.ClampRear.AtTower                  """,O
2025-09-30 15:30:05.679,"DI_Clamps"".DI.ClampRear.AtTower                  """,O
2025-09-30 15:30:05.690,"DI_Clamps"".DI.ClampRear.AtTower                  """,O
2025-09-30 15:30:05.701,"DI_Clamps"".DI.ClampRear.AtTower                  """,O
2025-09-30 15:30:05.713,"DI_Clamps"".DI.ClampRear.AtTower                  """,O
2025-09-30 15:30:05.724,"DI_Clamps"".DI.ClampRear.AtTower                  """,O
2025-09-30 15:30:05.734,"DI_Clamps"".DI.ClampRear.AtTower                  """,O
2025-09-30 15:30:05.746,"DI_Clamps"".DI.ClampRear.AtTower                  """,O
2025-09-30 15:30:05.757,"DI_Clamps"".DI.ClampRear.AtTower                  """,O
2025-09-30 15:30:05.768,"DI_Clamps"".DI.ClampRear.AtTower                  """,O
2025-09-30 15:30:05.779,"DI_Clamps"".DI.ClampRear.AtTower                  """,O
2025-09-30 15:30:05.790,"DI_Clamps"".DI.ClampRear.AtTower                  """,O
2025-09-30 15:30:05.800,"DI_Clamps"".DI.ClampRear.AtTower                  """,O
2025-09-30 15:30:05.812,"DI_Clamps"".DI.ClampRear.AtTower                  """,O
2025-09-30 15:30:05.823,"DI_Clamps"".DI.ClampRear.AtTower                  """,O
2025-09-30 15:30:05.834,"DI_Clamps"".DI.ClampRear.AtTower                  """,O
2025-09-30 15:30:05.845,"DI_Clamps"".DI.ClampRear.AtTower                  """,O
2025-09-30 15:30:05.856,"DI_Clamps"".DI.ClampRear.AtTower                  """,O
2025-09-30 15:30:05.868,"DI_Clamps"".DI.ClampRear.AtTower                  """,O
2025-09-30 15:30:05.879,"DI_Clamps"".DI.ClampRear.AtTower                  """,O
2025-09-30 15:30:05.889,"DI_Clamps"".DI.ClampRear.AtTower                  """,O
2025-09-30 15:30:05.900,"DI_Clamps"".DI.ClampRear.AtTower                  """,O
2025-09-30 15:30:05.912,"DI_Clamps"".DI.ClampRear.AtTower                  """,O
2025-09-30 15:30:05.923,"DI_Clamps"".DI.ClampRear.AtTower                  """,O
2025-09-30 15:30:05.934,"DI_Clamps"".DI.ClampRear.AtTower                  """,O
2025-09-30 15:30:05.952,"DI_Clamps"".DI.ClampRear.AtTower                  """,O
2025-09-30 15:30:05.963,"DI_Clamps"".DI.ClampRear.AtTower                  """,O
2025-09-30 15:30:05.973,"DI_Clamps"".DI.ClampRear.AtTower                  """,O
2025-09-30 15:30:05.984,"DI_Clamps"".DI.ClampRear.AtTower                  """,O
2025-09-30 15:30:05.995,"DI_Clamps"".DI.ClampRear.AtTower                  """,O
2025-09-30 15:30:06.007,"DI_Clamps"".DI.ClampRear.AtTower                  """,O
2025-09-30 15:30:06.022,"DI_Clamps"".DI.ClampRear.AtTower                  """,O
2025-09-30 15:30:06.032,"DI_Clamps"".DI.ClampRear.AtTower                  """,O
2025-09-30 15:30:06.043,"DI_Clamps"".DI.ClampRear.AtTower                  """,O
2025-09-30 15:30:06.054,"DI_Clamps"".DI.ClampRear.AtTower                  """,O
2025-09-30 15:30:06.066,"DI_Clamps"".DI.ClampRear.AtTower                  """,O
2025-09-30 15:30:06.076,"DI_Clamps"".DI.ClampRear.AtTower                  """,O
2025-09-30 15:30:06.087,"DI_Clamps"".DI.ClampRear.AtTower                  """,O
2025-09-30 15:30:06.098,"DI_Clamps"".DI.ClampRear.AtTower                  """,O
2025-09-30 15:30:06.110,"DI_Clamps"".DI.ClampRear.AtTower                  """,O
2025-09-30 15:30:06.121,"DI_Clamps"".DI.ClampRear.AtTower                  """,O
2025-09-30 15:30:06.132,"DI_Clamps"".DI.ClampRear.AtTower                  """,O
2025-09-30 15:30:06.142,"DI_Clamps"".DI.ClampRear.AtTower                  """,O
2025-09-30 15:30:06.154,"DI_Clamps"".DI.ClampRear.AtTower                  """,O
2025-09-30 15:30:06.166,"DI_Clamps"".DI.ClampRear.AtTower                  """,O
2025-09-30 15:30:06.176,"DI_Clamps"".DI.ClampRear.AtTower                  """,O
2025-09-30 15:30:06.187,"DI_Clamps"".DI.ClampRear.AtTower                  """,O
2025-09-30 15:30:06.201,"DI_Clamps"".DI.ClampRear.AtTower                  """,O
2025-09-30 15:30:06.214,"DI_Clamps"".DI.ClampRear.AtTower                  """,O
2025-09-30 15:30:06.224,"DI_Clamps"".DI.ClampRear.AtTower                  """,O
2025-09-30 15:30:06.236,"DI_Clamps"".DI.ClampRear.AtTower                  """,O
2025-09-30 15:30:06.247,"DI_Clamps"".DI.ClampRear.AtTower                  """,O
2025-09-30 15:30:06.262,"DI_Clamps"".DI.ClampRear.AtTower                  """,O
2025-09-30 15:30:06.273,"DI_Clamps"".DI.ClampRear.AtTower                  """,O
2025-09-30 15:30:06.283,"DI_Clamps"".DI.ClampRear.AtTower                  """,O
2025-09-30 15:30:06.294,"DI_Clamps"".DI.ClampRear.AtTower                  """,O
2025-09-30 15:30:06.307,"DI_Clamps"".DI.ClampRear.AtTower                  """,O
2025-09-30 15:30:06.317,"DI_Clamps"".DI.ClampRear.AtTower                  """,O
2025-09-30 15:30:06.328,"DI_Clamps"".DI.ClampRear.AtTower                  """,O
2025-09-30 15:30:06.413,"DI_Clamps"".DI.ClampRear.AtTower                  """,O
2025-09-30 15:30:06.428,"DI_Clamps"".DI.ClampRear.AtTower                  """,O
2025-09-30 15:30:06.442,"DI_Clamps"".DI.ClampRear.AtTower                  """,O
2025-09-30 15:30:06.454,"DI_Clamps"".DI.ClampRear.AtTower                  """,O
2025-09-30 15:30:06.465,"DI_Clamps"".DI.ClampRear.AtTower                  """,O
2025-09-30 15:30:06.476,"DI_Clamps"".DI.ClampRear.AtTower                  """,O
2025-09-30 15:30:06.487,"DI_Clamps"".DI.ClampRear.AtTower                  """,O
2025-09-30 15:30:06.532,"DI_Clamps"".DI.ClampRear.AtTower                  """,O
2025-09-30 15:30:06.547,"DI_Clamps"".DI.ClampRear.AtTower                  """,O
2025-09-30 15:30:06.558,"DI_Clamps"".DI.ClampRear.AtTower                  """,O
2025-09-30 15:30:06.568,"DI_Clamps"".DI.ClampRear.AtTower                  """,O
2025-09-30 15:30:06.579,"DI_Clamps"".DI.ClampRear.AtTower                  """,O
2025-09-30 15:30:06.590,"DI_Clamps"".DI.ClampRear.AtTower                  """,O
2025-09-30 15:30:06.601,"DI_Clamps"".DI.ClampRear.AtTower                  """,O
2025-09-30 15:30:06.613,"DI_Clamps"".DI.ClampRear.AtTower                  """,O
2025-09-30 15:30:06.623,"DI_Clamps"".DI.ClampRear.AtTower                  """,O
2025-09-30 15:30:06.634,"DI_Clamps"".DI.ClampRear.AtTower                  """,O
2025-09-30 15:30:06.646,"DI_Clamps"".DI.ClampRear.AtTower                  """,O
2025-09-30 15:30:06.657,"DI_Clamps"".DI.ClampRear.AtTower                  """,O
2025-09-30 15:30:06.668,"DI_Clamps"".DI.ClampRear.AtTower                  """,O
2025-09-30 15:30:06.678,"DI_Clamps"".DI.ClampRear.AtTower                  """,O
2025-09-30 15:30:06.689,"DI_Clamps"".DI.ClampRear.AtTower                  """,O
2025-09-30 15:30:06.700,"DI_Clamps"".DI.ClampRear.AtTower                  """,O
2025-09-30 15:30:06.712,"DI_Clamps"".DI.ClampRear.AtTower                  """,O
2025-09-30 15:30:06.723,"DI_Clamps"".DI.ClampRear.AtTower                  """,O
2025-09-30 15:30:06.734,"DI_Clamps"".DI.ClampRear.AtTower                  """,O
2025-09-30 15:30:06.745,"DI_Clamps"".DI.ClampRear.AtTower                  """,O
2025-09-30 15:30:06.757,"DI_Clamps"".DI.ClampRear.AtTower                  """,O
2025-09-30 15:30:06.768,"DI_Clamps"".DI.ClampRear.AtTower                  """,O
2025-09-30 15:30:06.779,"DI_Clamps"".DI.ClampRear.AtTower                  """,O
2025-09-30 15:30:06.790,"DI_Clamps"".DI.ClampRear.AtTower                  """,O
2025-09-30 15:30:06.801,"DI_Clamps"".DI.ClampRear.AtTower                  """,O
2025-09-30 15:30:06.813,"DI_Clamps"".DI.ClampRear.AtTower                  """,O
2025-09-30 15:30:06.823,"DI_Clamps"".DI.ClampRear.AtTower                  """,O
2025-09-30 15:30:06.834,"DI_Clamps"".DI.ClampRear.AtTower                  """,O
2025-09-30 15:30:06.846,"DI_Clamps"".DI.ClampRear.AtTower                  """,O
2025-09-30 15:30:06.857,"DI_Clamps"".DI.ClampRear.AtTower                  """,O
2025-09-30 15:30:06.868,"DI_Clamps"".DI.ClampRear.AtTower                  """,O
2025-09-30 15:30:06.879,"DI_Clamps"".DI.ClampRear.AtTower                  """,O
2025-09-30 15:30:06.889,"DI_Clamps"".DI.ClampRear.AtTower                  """,O
2025-09-30 15:30:06.900,"DI_Clamps"".DI.ClampRear.AtTower                  """,O
2025-09-30 15:30:06.912,"DI_Clamps"".DI.ClampRear.AtTower                  """,O
2025-09-30 15:30:06.924,"DI_Clamps"".DI.ClampRear.AtTower                  """,O
2025-09-30 15:30:06.934,"DI_Clamps"".DI.ClampRear.AtTower                  """,O
2025-09-30 15:30:06.946,"DI_Clamps"".DI.ClampRear.AtTower                  """,O
2025-09-30 15:30:06.957,"DI_Clamps"".DI.ClampRear.AtTower                  """,O
2025-09-30 15:30:06.968,"DI_Clamps"".DI.ClampRear.AtTower                  """,O
2025-09-30 15:30:06.979,"DI_Clamps"".DI.ClampRear.AtTower                  """,O
2025-09-30 15:30:06.989,"DI_Clamps"".DI.ClampRear.AtTower                  """,O
2025-09-30 15:30:07.000,"DI_Clamps"".DI.ClampRear.AtTower                  """,O
2025-09-30 15:30:07.012,"DI_Clamps"".DI.ClampRear.AtTower                  """,O
2025-09-30 15:30:07.023,"DI_Clamps"".DI.ClampRear.AtTower                  """,O
2025-09-30 15:30:07.034,"DI_Clamps"".DI.ClampRear.AtTower                  """,O
2025-09-30 15:30:07.045,"DI_Clamps"".DI.ClampRear.AtTower                  """,O
2025-09-30 15:30:07.060,"DI_Clamps"".DI.ClampRear.AtTower                  """,O
2025-09-30 15:30:07.071,"DI_Clamps"".DI.ClampRear.AtTower                  """,O
2025-09-30 15:30:07.082,"DI_Clamps"".DI.ClampRear.AtTower                  """,O
2025-09-30 15:30:07.092,"DI_Clamps"".DI.ClampRear.AtTower                  """,O
2025-09-30 15:30:07.103,"DI_Clamps"".DI.ClampRear.AtTower                  """,O
2025-09-30 15:30:07.116,"DI_Clamps"".DI.ClampRear.AtTower                  """,O
2025-09-30 15:30:07.127,"DI_Clamps"".DI.ClampRear.AtTower                  """,O
2025-09-30 15:30:07.137,"DI_Clamps"".DI.ClampRear.AtTower                  """,O
2025-09-30 15:30:07.149,"DI_Clamps"".DI.ClampRear.AtTower                  """,O
2025-09-30 15:30:07.160,"DI_Clamps"".DI.ClampRear.AtTower                  """,O
2025-09-30 15:30:07.170,"DI_Clamps"".DI.ClampRear.AtTower                  """,O
2025-09-30 15:30:07.181,"DI_Clamps"".DI.ClampRear.AtTower                  """,O
2025-09-30 15:30:07.192,"DI_Clamps"".DI.ClampRear.AtTower                  """,O
2025-09-30 15:30:07.203,"DI_Clamps"".DI.ClampRear.AtTower                  """,O
2025-09-30 15:30:07.215,"DI_Clamps"".DI.ClampRear.AtTower                  """,O
2025-09-30 15:30:07.226,"DI_Clamps"".DI.ClampRear.AtTower                  """,O
2025-09-30 15:30:07.237,"DI_Clamps"".DI.ClampRear.AtTower                  """,O
2025-09-30 15:30:07.248,"DI_Clamps"".DI.ClampRear.AtTower                  """,O
2025-09-30 15:30:07.259,"DI_Clamps"".DI.ClampRear.AtTower                  """,O
2025-09-30 15:30:07.270,"DI_Clamps"".DI.ClampRear.AtTower                  """,O
2025-09-30 15:30:07.280,"DI_Clamps"".DI.ClampRear.AtTower                  """,O
2025-09-30 15:30:07.291,"DI_Clamps"".DI.ClampRear.AtTower                  """,O
2025-09-30 15:30:07.302,"DI_Clamps"".DI.ClampRear.AtTower                  """,O
2025-09-30 15:30:07.314,"DI_Clamps"".DI.ClampRear.AtTower                  """,O
2025-09-30 15:30:07.325,"DI_Clamps"".DI.ClampRear.AtTower                  """,O
2025-09-30 15:30:07.337,"DI_Clamps"".DI.ClampRear.AtTower                  """,O
2025-09-30 15:30:07.348,"DI_Clamps"".DI.ClampRear.AtTower                  """,O
2025-09-30 15:30:07.359,"DI_Clamps"".DI.ClampRear.AtTower                  """,O
2025-09-30 15:30:07.374,"DI_Clamps"".DI.ClampRear.AtTower                  """,O
2025-09-30 15:30:07.459,"DI_Clamps"".DI.ClampRear.AtTower                  """,O
2025-09-30 15:30:07.469,"DI_Clamps"".DI.ClampRear.AtTower                  """,O
2025-09-30 15:30:07.480,"DI_Clamps"".DI.ClampRear.AtTower                  """,O
2025-09-30 15:30:07.491,"DI_Clamps"".DI.ClampRear.AtTower                  """,O
2025-09-30 15:30:07.502,"DI_Clamps"".DI.ClampRear.AtTower                  """,O
2025-09-30 15:30:07.514,"DI_Clamps"".DI.ClampRear.AtTower                  """,O
2025-09-30 15:30:07.524,"DI_Clamps"".DI.ClampRear.AtTower                  """,O
2025-09-30 15:30:07.536,"DI_Clamps"".DI.ClampRear.AtTower                  """,O
2025-09-30 15:30:07.547,"DI_Clamps"".DI.ClampRear.AtTower                  """,O
2025-09-30 15:30:07.558,"DI_Clamps"".DI.ClampRear.AtTower                  """,O
2025-09-30 15:30:07.572,"DI_Clamps"".DI.ClampRear.AtTower                  """,O
2025-09-30 15:30:07.583,"DI_Clamps"".DI.ClampRear.AtTower                  """,O
2025-09-30 15:30:07.593,"DI_Clamps"".DI.ClampRear.AtTower                  """,O
2025-09-30 15:30:07.604,"DI_Clamps"".DI.ClampRear.AtTower                  """,O
2025-09-30 15:30:07.617,"DI_Clamps"".DI.ClampRear.AtTower                  """,O
2025-09-30 15:30:07.631,"DI_Clamps"".DI.ClampRear.AtTower                  """,O
2025-09-30 15:30:07.642,"DI_Clamps"".DI.ClampRear.AtTower                  """,O
2025-09-30 15:30:07.653,"DI_Clamps"".DI.ClampRear.AtTower                  """,O
2025-09-30 15:30:07.665,"DI_Clamps"".DI.ClampRear.AtTower                  """,O
2025-09-30 15:30:07.676,"DI_Clamps"".DI.ClampRear.AtTower                  """,O
2025-09-30 15:30:07.686,"DI_Clamps"".DI.ClampRear.AtTower                  """,O
2025-09-30 15:30:07.697,"DI_Clamps"".DI.ClampRear.AtTower                  """,O
2025-09-30 15:30:07.709,"DI_Clamps"".DI.ClampRear.AtTower                  """,O
2025-09-30 15:30:07.720,"DI_Clamps"".DI.ClampRear.AtTower                  """,O
2025-09-30 15:30:07.731,"DI_Clamps"".DI.ClampRear.AtTower                  """,O
2025-09-30 15:30:07.742,"DI_Clamps"".DI.ClampRear.AtTower                  """,O
2025-09-30 15:30:07.754,"DI_Clamps"".DI.ClampRear.AtTower                  """,O
2025-09-30 15:30:07.764,"DI_Clamps"".DI.ClampRear.AtTower                  """,O
2025-09-30 15:30:07.776,"DI_Clamps"".DI.ClampRear.AtTower                  """,O
2025-09-30 15:30:07.786,"DI_Clamps"".DI.ClampRear.AtTower                  """,O
2025-09-30 15:30:07.797,"DI_Clamps"".DI.ClampRear.AtTower                  """,O
2025-09-30 15:30:07.809,"DI_Clamps"".DI.ClampRear.AtTower                  """,O
2025-09-30 15:30:07.820,"DI_Clamps"".DI.ClampRear.AtTower                  """,O
2025-09-30 15:30:07.831,"DI_Clamps"".DI.ClampRear.AtTower                  """,O
2025-09-30 15:30:07.841,"DI_Clamps"".DI.ClampRear.AtTower                  """,O
2025-09-30 15:30:07.853,"DI_Clamps"".DI.ClampRear.AtTower                  """,O
2025-09-30 15:30:07.864,"DI_Clamps"".DI.ClampRear.AtTower                  """,O
2025-09-30 15:30:07.874,"DI_Clamps"".DI.ClampRear.AtTower                  """,O
2025-09-30 15:30:07.886,"DI_Clamps"".DI.ClampRear.AtTower                  """,O
2025-09-30 15:30:07.896,"DI_Clamps"".DI.ClampRear.AtTower                  """,O
2025-09-30 15:30:07.909,"DI_Clamps"".DI.ClampRear.AtTower                  """,O
2025-09-30 15:30:07.919,"DI_Clamps"".DI.ClampRear.AtTower                  """,O
2025-09-30 15:30:07.930,"DI_Clamps"".DI.ClampRear.AtTower                  """,O
2025-09-30 15:30:07.941,"DI_Clamps"".DI.ClampRear.AtTower                  """,O
2025-09-30 15:30:07.952,"DI_Clamps"".DI.ClampRear.AtTower                  """,O
2025-09-30 15:30:07.964,"DI_Clamps"".DI.ClampRear.AtTower                  """,O
2025-09-30 15:30:07.974,"DI_Clamps"".DI.ClampRear.AtTower                  """,O
2025-09-30 15:30:07.986,"DI_Clamps"".DI.ClampRear.AtTower                  """,O
2025-09-30 15:30:07.996,"DI_Clamps"".DI.ClampRear.AtTower                  """,O
2025-09-30 15:30:08.009,"DI_Clamps"".DI.ClampRear.AtTower                  """,O
2025-09-30 15:30:08.019,"DI_Clamps"".DI.ClampRear.AtTower                  """,O
2025-09-30 15:30:08.030,"DI_Clamps"".DI.ClampRear.AtTower                  """,O
2025-09-30 15:30:08.041,"DI_Clamps"".DI.ClampRear.AtTower                  """,O
2025-09-30 15:30:08.052,"DI_Clamps"".DI.ClampRear.AtTower                  """,O
2025-09-30 15:30:08.063,"DI_Clamps"".DI.ClampRear.AtTower                  """,O
2025-09-30 15:30:08.074,"DI_Clamps"".DI.ClampRear.AtTower                  """,O
2025-09-30 15:30:08.088,"DI_Clamps"".DI.ClampRear.AtTower                  """,O
2025-09-30 15:30:08.099,"DI_Clamps"".DI.ClampRear.AtTower                  """,O
2025-09-30 15:30:08.111,"DI_Clamps"".DI.ClampRear.AtTower                  """,O
2025-09-30 15:30:08.122,"DI_Clamps"".DI.ClampRear.AtTower                  """,O
2025-09-30 15:30:08.133,"DI_Clamps"".DI.ClampRear.AtTower                  """,O
2025-09-30 15:30:08.143,"DI_Clamps"".DI.ClampRear.AtTower                  """,O
2025-09-30 15:30:08.155,"DI_Clamps"".DI.ClampRear.AtTower                  """,O
2025-09-30 15:30:08.166,"DI_Clamps"".DI.ClampRear.AtTower                  """,O
2025-09-30 15:30:08.177,"DI_Clamps"".DI.ClampRear.AtTower                  """,O
2025-09-30 15:30:08.188,"DI_Clamps"".DI.ClampRear.AtTower                  """,O
2025-09-30 15:30:08.198,"DI_Clamps"".DI.ClampRear.AtTower                  """,O
2025-09-30 15:30:08.211,"DI_Clamps"".DI.ClampRear.AtTower                  """,O
2025-09-30 15:30:08.221,"DI_Clamps"".DI.ClampRear.AtTower                  """,O
2025-09-30 15:30:08.232,"DI_Clamps"".DI.ClampRear.AtTower                  """,O
2025-09-30 15:30:08.244,"DI_Clamps"".DI.ClampRear.AtTower                  """,O
2025-09-30 15:30:08.256,"DI_Clamps"".DI.ClampRear.AtTower                  """,O
2025-09-30 15:30:08.267,"DI_Clamps"".DI.ClampRear.AtTower                  """,O
2025-09-30 15:30:08.278,"DI_Clamps"".DI.ClampRear.AtTower                  """,O
2025-09-30 15:30:08.289,"DI_Clamps"".DI.ClampRear.AtTower                  """,O
2025-09-30 15:30:08.299,"DI_Clamps"".DI.ClampRear.AtTower                  """,O
2025-09-30 15:30:08.312,"DI_Clamps"".DI.ClampRear.AtTower                  """,O
2025-09-30 15:30:08.322,"DI_Clamps"".DI.ClampRear.AtTower                  """,O
2025-09-30 15:30:08.333,"DI_Clamps"".DI.ClampRear.AtTower                  """,O
2025-09-30 15:30:08.344,"DI_Clamps"".DI.ClampRear.AtTower                  """,O
2025-09-30 15:30:08.356,"DI_Clamps"".DI.ClampRear.AtTower                  """,O
2025-09-30 15:30:08.367,"DI_Clamps"".DI.ClampRear.AtTower                  """,O
2025-09-30 15:30:08.378,"DI_Clamps"".DI.ClampRear.AtTower                  """,O
2025-09-30 15:30:08.388,"DI_Clamps"".DI.ClampRear.AtTower                  """,O
2025-09-30 15:30:08.473,"DI_Clamps"".DI.ClampRear.AtTower                  """,O
2025-09-30 15:30:08.484,"DI_Clamps"".DI.ClampRear.AtTower                  """,O
2025-09-30 15:30:08.494,"DI_Clamps"".DI.ClampRear.AtTower                  """,O
2025-09-30 15:30:08.507,"DI_Clamps"".DI.ClampRear.AtTower                  """,O
2025-09-30 15:30:08.518,"DI_Clamps"".DI.ClampRear.AtTower                  """,O
2025-09-30 15:30:08.532,"DI_Clamps"".DI.ClampRear.AtTower                  """,O
2025-09-30 15:30:08.543,"DI_Clamps"".DI.ClampRear.AtTower                  """,O
2025-09-30 15:30:08.555,"DI_Clamps"".DI.ClampRear.AtTower                  """,O
2025-09-30 15:30:08.566,"DI_Clamps"".DI.ClampRear.AtTower                  """,O
2025-09-30 15:30:08.577,"DI_Clamps"".DI.ClampRear.AtTower                  """,O
2025-09-30 15:30:08.588,"DI_Clamps"".DI.ClampRear.AtTower                  """,O
2025-09-30 15:30:08.602,"DI_Clamps"".DI.ClampRear.AtTower                  """,O
2025-09-30 15:30:08.614,"DI_Clamps"".DI.ClampRear.AtTower                  """,O
2025-09-30 15:30:08.625,"DI_Clamps"".DI.ClampRear.AtTower                  """,O
2025-09-30 15:30:08.636,"DI_Clamps"".DI.ClampRear.AtTower                  """,O
2025-09-30 15:30:08.647,"DI_Clamps"".DI.ClampRear.AtTower                  """,O
2025-09-30 15:30:08.658,"DI_Clamps"".DI.ClampRear.AtTower                  """,O
2025-09-30 15:30:08.669,"DI_Clamps"".DI.ClampRear.AtTower                  """,O
2025-09-30 15:30:08.680,"DI_Clamps"".DI.ClampRear.AtTower                  """,O
2025-09-30 15:30:08.690,"DI_Clamps"".DI.ClampRear.AtTower                  """,O
2025-09-30 15:30:08.701,"DI_Clamps"".DI.ClampRear.AtTower                  """,O
2025-09-30 15:30:08.714,"DI_Clamps"".DI.ClampRear.AtTower                  """,O
2025-09-30 15:30:08.725,"DI_Clamps"".DI.ClampRear.AtTower                  """,O
2025-09-30 15:30:08.736,"DI_Clamps"".DI.ClampRear.AtTower                  """,O
2025-09-30 15:30:08.748,"DI_Clamps"".DI.ClampRear.AtTower                  """,O
2025-09-30 15:30:08.759,"DI_Clamps"".DI.ClampRear.AtTower                  """,O
2025-09-30 15:30:08.769,"DI_Clamps"".DI.ClampRear.AtTower                  """,O
2025-09-30 15:30:08.780,"DI_Clamps"".DI.ClampRear.AtTower                  """,O
2025-09-30 15:30:08.791,"DI_Clamps"".DI.ClampRear.AtTower                  """,O
2025-09-30 15:30:08.802,"DI_Clamps"".DI.ClampRear.AtTower                  """,O
2025-09-30 15:30:08.814,"DI_Clamps"".DI.ClampRear.AtTower                  """,O
2025-09-30 15:30:08.825,"DI_Clamps"".DI.ClampRear.AtTower                  """,O
2025-09-30 15:30:08.836,"DI_Clamps"".DI.ClampRear.AtTower                  """,O
2025-09-30 15:30:08.847,"DI_Clamps"".DI.ClampRear.AtTower                  """,O
2025-09-30 15:30:08.859,"DI_Clamps"".DI.ClampRear.AtTower                  """,O
2025-09-30 15:30:08.869,"DI_Clamps"".DI.ClampRear.AtTower                  """,O
2025-09-30 15:30:08.880,"DI_Clamps"".DI.ClampRear.AtTower                  """,O
2025-09-30 15:30:08.891,"DI_Clamps"".DI.ClampRear.AtTower                  """,O
2025-09-30 15:30:08.902,"DI_Clamps"".DI.ClampRear.AtTower                  """,O
2025-09-30 15:30:08.914,"DI_Clamps"".DI.ClampRear.AtTower                  """,O
2025-09-30 15:30:08.924,"DI_Clamps"".DI.ClampRear.AtTower                  """,O
2025-09-30 15:30:08.936,"DI_Clamps"".DI.ClampRear.AtTower                  """,O
2025-09-30 15:30:08.947,"DI_Clamps"".DI.ClampRear.AtTower                  """,O
2025-09-30 15:30:08.958,"DI_Clamps"".DI.ClampRear.AtTower                  """,O
2025-09-30 15:30:08.969,"DI_Clamps"".DI.ClampRear.AtTower                  """,O
2025-09-30 15:30:08.979,"DI_Clamps"".DI.ClampRear.AtTower                  """,O
2025-09-30 15:30:08.990,"DI_Clamps"".DI.ClampRear.AtTower                  """,O
2025-09-30 15:30:09.001,"DI_Clamps"".DI.ClampRear.AtTower                  """,O
2025-09-30 15:30:09.013,"DI_Clamps"".DI.ClampRear.AtTower                  """,O
2025-09-30 15:30:09.034,"DI_Clamps"".DI.ClampRear.AtTower                  """,O
2025-09-30 15:30:09.050,"DI_Clamps"".DI.ClampRear.AtTower                  """,O
2025-09-30 15:30:09.064,"DI_Clamps"".DI.ClampRear.AtTower                  """,O
2025-09-30 15:30:09.076,"DI_Clamps"".DI.ClampRear.AtTower                  """,O
2025-09-30 15:30:09.087,"DI_Clamps"".DI.ClampRear.AtTower                  """,O
2025-09-30 15:30:09.097,"DI_Clamps"".DI.ClampRear.AtTower                  """,O
2025-09-30 15:30:09.109,"DI_Clamps"".DI.ClampRear.AtTower                  """,O
2025-09-30 15:30:09.124,"DI_Clamps"".DI.ClampRear.AtTower                  """,O
2025-09-30 15:30:09.139,"DI_Clamps"".DI.ClampRear.AtTower                  """,O
2025-09-30 15:30:09.154,"DI_Clamps"".DI.ClampRear.AtTower                  """,O
2025-09-30 15:30:09.166,"DI_Clamps"".DI.ClampRear.AtTower                  """,O
2025-09-30 15:30:09.176,"DI_Clamps"".DI.ClampRear.AtTower                  """,O
2025-09-30 15:30:09.187,"DI_Clamps"".DI.ClampRear.AtTower                  """,O
2025-09-30 15:30:09.198,"DI_Clamps"".DI.ClampRear.AtTower                  """,O
2025-09-30 15:30:09.210,"DI_Clamps"".DI.ClampRear.AtTower                  """,O
2025-09-30 15:30:09.222,"DI_Clamps"".DI.ClampRear.AtTower                  """,O
2025-09-30 15:30:09.232,"DI_Clamps"".DI.ClampRear.AtTower                  """,O
2025-09-30 15:30:09.243,"DI_Clamps"".DI.ClampRear.AtTower                  """,O
2025-09-30 15:30:09.255,"DI_Clamps"".DI.ClampRear.AtTower                  """,O
2025-09-30 15:30:09.266,"DI_Clamps"".DI.ClampRear.AtTower                  """,O
2025-09-30 15:30:09.277,"DI_Clamps"".DI.ClampRear.AtTower                  """,O
2025-09-30 15:30:09.287,"DI_Clamps"".DI.ClampRear.AtTower                  """,O
2025-09-30 15:30:09.298,"DI_Clamps"".DI.ClampRear.AtTower                  """,O
2025-09-30 15:30:09.310,"DI_Clamps"".DI.ClampRear.AtTower                  """,O
2025-09-30 15:30:09.321,"DI_Clamps"".DI.ClampRear.AtTower                  """,O
2025-09-30 15:30:09.332,"DI_Clamps"".DI.ClampRear.AtTower                  """,O
2025-09-30 15:30:09.343,"DI_Clamps"".DI.ClampRear.AtTower                  """,O
2025-09-30 15:30:09.354,"DI_Clamps"".DI.ClampRear.AtTower                  """,O
2025-09-30 15:30:09.365,"DI_Clamps"".DI.ClampRear.AtTower                  """,O
2025-09-30 15:30:09.376,"DI_Clamps"".DI.ClampRear.AtTower                  """,O
2025-09-30 15:30:09.387,"DI_Clamps"".DI.ClampRear.AtTower                  """,O
2025-09-30 15:30:09.397,"DI_Clamps"".DI.ClampRear.AtTower                  """,O
2025-09-30 15:30:09.410,"DI_Clamps"".DI.ClampRear.AtTower                  """,O
2025-09-30 15:30:09.420,"DI_Clamps"".DI.ClampRear.AtTower                  """,O
2025-09-30 15:30:09.501,"DI_Clamps"".DI.ClampRear.AtTower                  """,O
2025-09-30 15:30:09.513,"DI_Clamps"".DI.ClampRear.AtTower                  """,O
2025-09-30 15:30:09.524,"DI_Clamps"".DI.ClampRear.AtTower                  """,O
2025-09-30 15:30:09.535,"DI_Clamps"".DI.ClampRear.AtTower                  """,O
2025-09-30 15:30:09.546,"DI_Clamps"".DI.ClampRear.AtTower                  """,O
2025-09-30 15:30:09.557,"DI_Clamps"".DI.ClampRear.AtTower                  """,O
2025-09-30 15:30:09.568,"DI_Clamps"".DI.ClampRear.AtTower                  """,O
2025-09-30 15:30:09.579,"DI_Clamps"".DI.ClampRear.AtTower                  """,O
2025-09-30 15:30:09.590,"DI_Clamps"".DI.ClampRear.AtTower                  """,O
2025-09-30 15:30:09.600,"DI_Clamps"".DI.ClampRear.AtTower                  """,O
2025-09-30 15:30:09.612,"DI_Clamps"".DI.ClampRear.AtTower                  """,O
2025-09-30 15:30:09.623,"DI_Clamps"".DI.ClampRear.AtTower                  """,O
2025-09-30 15:30:09.638,"DI_Clamps"".DI.ClampRear.AtTower                  """,O
2025-09-30 15:30:09.649,"DI_Clamps"".DI.ClampRear.AtTower                  """,O
2025-09-30 15:30:09.660,"DI_Clamps"".DI.ClampRear.AtTower                  """,O
2025-09-30 15:30:09.671,"DI_Clamps"".DI.ClampRear.AtTower                  """,O
2025-09-30 15:30:09.681,"DI_Clamps"".DI.ClampRear.AtTower                  """,O
2025-09-30 15:30:09.692,"DI_Clamps"".DI.ClampRear.AtTower                  """,O
2025-09-30 15:30:09.703,"DI_Clamps"".DI.ClampRear.AtTower                  """,O
2025-09-30 15:30:09.715,"DI_Clamps"".DI.ClampRear.AtTower                  """,O
2025-09-30 15:30:09.726,"DI_Clamps"".DI.ClampRear.AtTower                  """,O
2025-09-30 15:30:09.737,"DI_Clamps"".DI.ClampRear.AtTower                  """,O
2025-09-30 15:30:09.749,"DI_Clamps"".DI.ClampRear.AtTower                  """,O
2025-09-30 15:30:09.761,"DI_Clamps"".DI.ClampRear.AtTower                  """,O
2025-09-30 15:30:09.772,"DI_Clamps"".DI.ClampRear.AtTower                  """,O
2025-09-30 15:30:09.782,"DI_Clamps"".DI.ClampRear.AtTower                  """,O
2025-09-30 15:30:09.793,"DI_Clamps"".DI.ClampRear.AtTower                  """,O
2025-09-30 15:30:09.804,"DI_Clamps"".DI.ClampRear.AtTower                  """,O
2025-09-30 15:30:09.816,"DI_Clamps"".DI.ClampRear.AtTower                  """,O
2025-09-30 15:30:09.827,"DI_Clamps"".DI.ClampRear.AtTower                  """,O
2025-09-30 15:30:09.838,"DI_Clamps"".DI.ClampRear.AtTower                  """,O
2025-09-30 15:30:09.849,"DI_Clamps"".DI.ClampRear.AtTower                  """,O
2025-09-30 15:30:09.860,"DI_Clamps"".DI.ClampRear.AtTower                  """,O
2025-09-30 15:30:09.871,"DI_Clamps"".DI.ClampRear.AtTower                  """,O
2025-09-30 15:30:09.882,"DI_Clamps"".DI.ClampRear.AtTower                  """,O
2025-09-30 15:30:09.892,"DI_Clamps"".DI.ClampRear.AtTower                  """,O
2025-09-30 15:30:09.903,"DI_Clamps"".DI.ClampRear.AtTower                  """,O
2025-09-30 15:30:09.916,"DI_Clamps"".DI.ClampRear.AtTower                  """,O
2025-09-30 15:30:09.926,"DI_Clamps"".DI.ClampRear.AtTower                  """,O
2025-09-30 15:30:09.937,"DI_Clamps"".DI.ClampRear.AtTower                  """,O
2025-09-30 15:30:09.949,"DI_Clamps"".DI.ClampRear.AtTower                  """,O
2025-09-30 15:30:09.960,"DI_Clamps"".DI.ClampRear.AtTower                  """,O
2025-09-30 15:30:09.970,"DI_Clamps"".DI.ClampRear.AtTower                  """,O
2025-09-30 15:30:09.981,"DI_Clamps"".DI.ClampRear.AtTower                  """,O
2025-09-30 15:30:09.992,"DI_Clamps"".DI.ClampRear.AtTower                  """,O
2025-09-30 15:30:10.002,"DI_Clamps"".DI.ClampRear.AtTower                  """,O
2025-09-30 15:30:10.014,"DI_Clamps"".DI.ClampRear.AtTower                  """,O
2025-09-30 15:30:10.026,"DI_Clamps"".DI.ClampRear.AtTower                  """,O
2025-09-30 15:30:10.036,"DI_Clamps"".DI.ClampRear.AtTower                  """,O
2025-09-30 15:30:10.048,"DI_Clamps"".DI.ClampRear.AtTower                  """,O
2025-09-30 15:30:10.059,"DI_Clamps"".DI.ClampRear.AtTower                  """,O
2025-09-30 15:30:10.070,"DI_Clamps"".DI.ClampRear.AtTower                  """,O
2025-09-30 15:30:10.081,"DI_Clamps"".DI.ClampRear.AtTower                  """,O
2025-09-30 15:30:10.092,"DI_Clamps"".DI.ClampRear.AtTower                  """,O
2025-09-30 15:30:10.102,"DI_Clamps"".DI.ClampRear.AtTower                  """,O
2025-09-30 15:30:10.114,"DI_Clamps"".DI.ClampRear.AtTower                  """,O
2025-09-30 15:30:10.126,"DI_Clamps"".DI.ClampRear.AtTower                  """,O
2025-09-30 15:30:10.136,"DI_Clamps"".DI.ClampRear.AtTower                  """,O
2025-09-30 15:30:10.151,"DI_Clamps"".DI.ClampRear.AtTower                  """,O
2025-09-30 15:30:10.162,"DI_Clamps"".DI.ClampRear.AtTower                  """,O
2025-09-30 15:30:10.173,"DI_Clamps"".DI.ClampRear.AtTower                  """,O
2025-09-30 15:30:10.183,"DI_Clamps"".DI.ClampRear.AtTower                  """,O
2025-09-30 15:30:10.194,"DI_Clamps"".DI.ClampRear.AtTower                  """,O
2025-09-30 15:30:10.207,"DI_Clamps"".DI.ClampRear.AtTower                  """,O
2025-09-30 15:30:10.217,"DI_Clamps"".DI.ClampRear.AtTower                  """,O
2025-09-30 15:30:10.228,"DI_Clamps"".DI.ClampRear.AtTower                  """,O
2025-09-30 15:30:10.239,"DI_Clamps"".DI.ClampRear.AtTower                  """,O
2025-09-30 15:30:10.250,"DI_Clamps"".DI.ClampRear.AtTower                  """,O
2025-09-30 15:30:10.261,"DI_Clamps"".DI.ClampRear.AtTower                  """,O
2025-09-30 15:30:10.272,"DI_Clamps"".DI.ClampRear.AtTower                  """,O
2025-09-30 15:30:10.283,"DI_Clamps"".DI.ClampRear.AtTower                  """,O
2025-09-30 15:30:10.293,"DI_Clamps"".DI.ClampRear.AtTower                  """,O
2025-09-30 15:30:10.307,"DI_Clamps"".DI.ClampRear.AtTower                  """,O
2025-09-30 15:30:10.318,"DI_Clamps"".DI.ClampRear.AtTower                  """,O
2025-09-30 15:30:10.328,"DI_Clamps"".DI.ClampRear.AtTower                  """,O
2025-09-30 15:30:10.339,"DI_Clamps"".DI.ClampRear.AtTower                  """,O
2025-09-30 15:30:10.351,"DI_Clamps"".DI.ClampRear.AtTower                  """,O
2025-09-30 15:30:10.362,"DI_Clamps"".DI.ClampRear.AtTower                  """,O
2025-09-30 15:30:10.373,"DI_Clamps"".DI.ClampRear.AtTower                  """,O
2025-09-30 15:30:10.383,"DI_Clamps"".DI.ClampRear.AtTower                  """,O
2025-09-30 15:30:10.394,"DI_Clamps"".DI.ClampRear.AtTower                  """,O
2025-09-30 15:30:10.407,"DI_Clamps"".DI.ClampRear.AtTower                  """,O
2025-09-30 15:30:10.417,"DI_Clamps"".DI.ClampRear.AtTower                  """,O
2025-09-30 15:30:10.501,"DI_Clamps"".DI.ClampRear.AtTower                  """,O
2025-09-30 15:30:10.513,"DI_Clamps"".DI.ClampRear.AtTower                  """,O
2025-09-30 15:30:10.524,"DI_Clamps"".DI.ClampRear.AtTower                  """,O
2025-09-30 15:30:10.534,"DI_Clamps"".DI.ClampRear.AtTower                  """,O
2025-09-30 15:30:10.546,"DI_Clamps"".DI.ClampRear.AtTower                  """,O
2025-09-30 15:30:10.557,"DI_Clamps"".DI.ClampRear.AtTower                  """,O
2025-09-30 15:30:10.568,"DI_Clamps"".DI.ClampRear.AtTower                  """,O
2025-09-30 15:30:10.578,"DI_Clamps"".DI.ClampRear.AtTower                  """,O
2025-09-30 15:30:10.589,"DI_Clamps"".DI.ClampRear.AtTower                  """,O
2025-09-30 15:30:10.603,"DI_Clamps"".DI.ClampRear.AtTower                  """,O
2025-09-30 15:30:10.616,"DI_Clamps"".DI.ClampRear.AtTower                  """,O
2025-09-30 15:30:10.626,"DI_Clamps"".DI.ClampRear.AtTower                  """,O
2025-09-30 15:30:10.637,"DI_Clamps"".DI.ClampRear.AtTower                  """,O
2025-09-30 15:30:10.649,"DI_Clamps"".DI.ClampRear.AtTower                  """,O
2025-09-30 15:30:10.667,"DI_Clamps"".DI.ClampRear.AtTower                  """,O
2025-09-30 15:30:10.678,"DI_Clamps"".DI.ClampRear.AtTower                  """,O
2025-09-30 15:30:10.688,"DI_Clamps"".DI.ClampRear.AtTower                  """,O
2025-09-30 15:30:10.699,"DI_Clamps"".DI.ClampRear.AtTower                  """,O
2025-09-30 15:30:10.711,"DI_Clamps"".DI.ClampRear.AtTower                  """,O
2025-09-30 15:30:10.722,"DI_Clamps"".DI.ClampRear.AtTower                  """,O
2025-09-30 15:30:10.733,"DI_Clamps"".DI.ClampRear.AtTower                  """,O
2025-09-30 15:30:10.744,"DI_Clamps"".DI.ClampRear.AtTower                  """,O
2025-09-30 15:30:10.756,"DI_Clamps"".DI.ClampRear.AtTower                  """,O
2025-09-30 15:30:10.767,"DI_Clamps"".DI.ClampRear.AtTower                  """,O
2025-09-30 15:30:10.777,"DI_Clamps"".DI.ClampRear.AtTower                  """,O
2025-09-30 15:30:10.788,"DI_Clamps"".DI.ClampRear.AtTower                  """,O
2025-09-30 15:30:10.799,"DI_Clamps"".DI.ClampRear.AtTower                  """,O
2025-09-30 15:30:10.811,"DI_Clamps"".DI.ClampRear.AtTower                  """,O
2025-09-30 15:30:10.822,"DI_Clamps"".DI.ClampRear.AtTower                  """,O
2025-09-30 15:30:10.832,"DI_Clamps"".DI.ClampRear.AtTower                  """,O
2025-09-30 15:30:10.843,"DI_Clamps"".DI.ClampRear.AtTower                  """,O
2025-09-30 15:30:10.855,"DI_Clamps"".DI.ClampRear.AtTower                  """,O
2025-09-30 15:30:10.866,"DI_Clamps"".DI.ClampRear.AtTower                  """,O
2025-09-30 15:30:10.877,"DI_Clamps"".DI.ClampRear.AtTower                  """,O
2025-09-30 15:30:10.887,"DI_Clamps"".DI.ClampRear.AtTower                  """,O
2025-09-30 15:30:10.898,"DI_Clamps"".DI.ClampRear.AtTower                  """,O
2025-09-30 15:30:10.910,"DI_Clamps"".DI.ClampRear.AtTower                  """,O
2025-09-30 15:30:10.921,"DI_Clamps"".DI.ClampRear.AtTower                  """,O
2025-09-30 15:30:10.932,"DI_Clamps"".DI.ClampRear.AtTower                  """,O
2025-09-30 15:30:10.942,"DI_Clamps"".DI.ClampRear.AtTower                  """,O
2025-09-30 15:30:10.954,"DI_Clamps"".DI.ClampRear.AtTower                  """,O
2025-09-30 15:30:10.966,"DI_Clamps"".DI.ClampRear.AtTower                  """,O
2025-09-30 15:30:10.977,"DI_Clamps"".DI.ClampRear.AtTower                  """,O
2025-09-30 15:30:10.987,"DI_Clamps"".DI.ClampRear.AtTower                  """,O
2025-09-30 15:30:10.998,"DI_Clamps"".DI.ClampRear.AtTower                  """,O
2025-09-30 15:30:11.010,"DI_Clamps"".DI.ClampRear.AtTower                  """,O
2025-09-30 15:30:11.021,"DI_Clamps"".DI.ClampRear.AtTower                  """,O
2025-09-30 15:30:11.032,"DI_Clamps"".DI.ClampRear.AtTower                  """,O
2025-09-30 15:30:11.042,"DI_Clamps"".DI.ClampRear.AtTower                  """,O
2025-09-30 15:30:11.054,"DI_Clamps"".DI.ClampRear.AtTower                  """,O
2025-09-30 15:30:11.065,"DI_Clamps"".DI.ClampRear.AtTower                  """,O
2025-09-30 15:30:11.076,"DI_Clamps"".DI.ClampRear.AtTower                  """,O
2025-09-30 15:30:11.087,"DI_Clamps"".DI.ClampRear.AtTower                  """,O
2025-09-30 15:30:11.097,"DI_Clamps"".DI.ClampRear.AtTower                  """,O
2025-09-30 15:30:11.109,"DI_Clamps"".DI.ClampRear.AtTower                  """,O
2025-09-30 15:30:11.120,"DI_Clamps"".DI.ClampRear.AtTower                  """,O
2025-09-30 15:30:11.131,"DI_Clamps"".DI.ClampRear.AtTower                  """,O
2025-09-30 15:30:11.142,"DI_Clamps"".DI.ClampRear.AtTower                  """,O
2025-09-30 15:30:11.153,"DI_Clamps"".DI.ClampRear.AtTower                  """,O
2025-09-30 15:30:11.164,"DI_Clamps"".DI.ClampRear.AtTower                  """,O
2025-09-30 15:30:11.179,"DI_Clamps"".DI.ClampRear.AtTower                  """,O
2025-09-30 15:30:11.189,"DI_Clamps"".DI.ClampRear.AtTower                  """,O
2025-09-30 15:30:11.200,"DI_Clamps"".DI.ClampRear.AtTower                  """,O
2025-09-30 15:30:11.212,"DI_Clamps"".DI.ClampRear.AtTower                  """,O
2025-09-30 15:30:11.223,"DI_Clamps"".DI.ClampRear.AtTower                  """,O
2025-09-30 15:30:11.234,"DI_Clamps"".DI.ClampRear.AtTower                  """,O
2025-09-30 15:30:11.245,"DI_Clamps"".DI.ClampRear.AtTower                  """,O
2025-09-30 15:30:11.256,"DI_Clamps"".DI.ClampRear.AtTower                  """,O
2025-09-30 15:30:11.268,"DI_Clamps"".DI.ClampRear.AtTower                  """,O
2025-09-30 15:30:11.279,"DI_Clamps"".DI.ClampRear.AtTower                  """,O
2025-09-30 15:30:11.290,"DI_Clamps"".DI.ClampRear.AtTower                  """,O
2025-09-30 15:30:11.301,"DI_Clamps"".DI.ClampRear.AtTower                  """,O
2025-09-30 15:30:11.313,"DI_Clamps"".DI.ClampRear.AtTower                  """,O
2025-09-30 15:30:11.324,"DI_Clamps"".DI.ClampRear.AtTower                  """,O
2025-09-30 15:30:11.334,"DI_Clamps"".DI.ClampRear.AtTower                  """,O
2025-09-30 15:30:11.346,"DI_Clamps"".DI.ClampRear.AtTower                  """,O
2025-09-30 15:30:11.360,"DI_Clamps"".DI.ClampRear.AtTower                  """,O
2025-09-30 15:30:11.371,"DI_Clamps"".DI.ClampRear.AtTower                  """,O
2025-09-30 15:30:11.382,"DI_Clamps"".DI.ClampRear.AtTower                  """,O
2025-09-30 15:30:11.392,"DI_Clamps"".DI.ClampRear.AtTower                  """,O
2025-09-30 15:30:11.403,"DI_Clamps"".DI.ClampRear.AtTower                  """,O
2025-09-30 15:30:11.416,"DI_Clamps"".DI.ClampRear.AtTower                  """,O
2025-09-30 15:30:11.426,"DI_Clamps"".DI.ClampRear.AtTower                  """,O
2025-09-30 15:30:11.437,"DI_Clamps"".DI.ClampRear.AtTower                  """,O
2025-09-30 15:30:11.519,"DI_Clamps"".DI.ClampRear.AtTower                  """,O
2025-09-30 15:30:11.530,"DI_Clamps"".DI.ClampRear.AtTower                  """,O
2025-09-30 15:30:11.540,"DI_Clamps"".DI.ClampRear.AtTower                  """,O
2025-09-30 15:30:11.552,"DI_Clamps"".DI.ClampRear.AtTower                  """,O
2025-09-30 15:30:11.563,"DI_Clamps"".DI.ClampRear.AtTower                  """,O
2025-09-30 15:30:11.574,"DI_Clamps"".DI.ClampRear.AtTower                  """,O
2025-09-30 15:30:11.585,"DI_Clamps"".DI.ClampRear.AtTower                  """,O
2025-09-30 15:30:11.596,"DI_Clamps"".DI.ClampRear.AtTower                  """,O
2025-09-30 15:30:11.608,"DI_Clamps"".DI.ClampRear.AtTower                  """,O
2025-09-30 15:30:11.619,"DI_Clamps"".DI.ClampRear.AtTower                  """,O
2025-09-30 15:30:11.629,"DI_Clamps"".DI.ClampRear.AtTower                  """,O
2025-09-30 15:30:11.640,"DI_Clamps"".DI.ClampRear.AtTower                  """,O
2025-09-30 15:30:11.655,"DI_Clamps"".DI.ClampRear.AtTower                  """,O
2025-09-30 15:30:11.666,"DI_Clamps"".DI.ClampRear.AtTower                  """,O
2025-09-30 15:30:11.677,"DI_Clamps"".DI.ClampRear.AtTower                  """,O
2025-09-30 15:30:11.691,"DI_Clamps"".DI.ClampRear.AtTower                  """,O
2025-09-30 15:30:11.702,"DI_Clamps"".DI.ClampRear.AtTower                  """,O
2025-09-30 15:30:11.714,"DI_Clamps"".DI.ClampRear.AtTower                  """,O
2025-09-30 15:30:11.729,"DI_Clamps"".DI.ClampRear.AtTower                  """,O
2025-09-30 15:30:11.744,"DI_Clamps"".DI.ClampRear.AtTower                  """,O
2025-09-30 15:30:11.756,"DI_Clamps"".DI.ClampRear.AtTower                  """,O
2025-09-30 15:30:11.766,"DI_Clamps"".DI.ClampRear.AtTower                  """,O
2025-09-30 15:30:11.777,"DI_Clamps"".DI.ClampRear.AtTower                  """,O
2025-09-30 15:30:11.788,"DI_Clamps"".DI.ClampRear.AtTower                  """,O
2025-09-30 15:30:11.799,"DI_Clamps"".DI.ClampRear.AtTower                  """,O
2025-09-30 15:30:11.811,"DI_Clamps"".DI.ClampRear.AtTower                  """,O
2025-09-30 15:30:11.822,"DI_Clamps"".DI.ClampRear.AtTower                  """,O
2025-09-30 15:30:11.832,"DI_Clamps"".DI.ClampRear.AtTower                  """,O
2025-09-30 15:30:11.843,"DI_Clamps"".DI.ClampRear.AtTower                  """,O
2025-09-30 15:30:11.855,"DI_Clamps"".DI.ClampRear.AtTower                  """,O
2025-09-30 15:30:11.866,"DI_Clamps"".DI.ClampRear.AtTower                  """,O
2025-09-30 15:30:11.877,"DI_Clamps"".DI.ClampRear.AtTower                  """,O
2025-09-30 15:30:11.888,"DI_Clamps"".DI.ClampRear.AtTower                  """,O
2025-09-30 15:30:11.899,"DI_Clamps"".DI.ClampRear.AtTower                  """,O
2025-09-30 15:30:11.911,"DI_Clamps"".DI.ClampRear.AtTower                  """,O
2025-09-30 15:30:11.922,"DI_Clamps"".DI.ClampRear.AtTower                  """,O
2025-09-30 15:30:11.932,"DI_Clamps"".DI.ClampRear.AtTower                  """,O
2025-09-30 15:30:11.943,"DI_Clamps"".DI.ClampRear.AtTower                  """,O
2025-09-30 15:30:11.955,"DI_Clamps"".DI.ClampRear.AtTower                  """,O
2025-09-30 15:30:11.966,"DI_Clamps"".DI.ClampRear.AtTower                  """,O
2025-09-30 15:30:11.977,"DI_Clamps"".DI.ClampRear.AtTower                  """,O
2025-09-30 15:30:11.987,"DI_Clamps"".DI.ClampRear.AtTower                  """,O
2025-09-30 15:30:11.998,"DI_Clamps"".DI.ClampRear.AtTower                  """,O
2025-09-30 15:30:12.010,"DI_Clamps"".DI.ClampRear.AtTower                  """,O
2025-09-30 15:30:12.021,"DI_Clamps"".DI.ClampRear.AtTower                  """,O
2025-09-30 15:30:12.032,"DI_Clamps"".DI.ClampRear.AtTower                  """,O
2025-09-30 15:30:12.042,"DI_Clamps"".DI.ClampRear.AtTower                  """,O
2025-09-30 15:30:12.054,"DI_Clamps"".DI.ClampRear.AtTower                  """,O
2025-09-30 15:30:12.065,"DI_Clamps"".DI.ClampRear.AtTower                  """,O
2025-09-30 15:30:12.086,"DI_Clamps"".DI.ClampRear.AtTower                  """,O
2025-09-30 15:30:12.096,"DI_Clamps"".DI.ClampRear.AtTower                  """,O
2025-09-30 15:30:12.109,"DI_Clamps"".DI.ClampRear.AtTower                  """,O
2025-09-30 15:30:12.119,"DI_Clamps"".DI.ClampRear.AtTower                  """,O
2025-09-30 15:30:12.130,"DI_Clamps"".DI.ClampRear.AtTower                  """,O
2025-09-30 15:30:12.141,"DI_Clamps"".DI.ClampRear.AtTower                  """,O
2025-09-30 15:30:12.152,"DI_Clamps"".DI.ClampRear.AtTower                  """,O
2025-09-30 15:30:12.164,"DI_Clamps"".DI.ClampRear.AtTower                  """,O
2025-09-30 15:30:12.174,"DI_Clamps"".DI.ClampRear.AtTower                  """,O
2025-09-30 15:30:12.186,"DI_Clamps"".DI.ClampRear.AtTower                  """,O
2025-09-30 15:30:12.196,"DI_Clamps"".DI.ClampRear.AtTower                  """,O
2025-09-30 15:30:12.212,"DI_Clamps"".DI.ClampRear.AtTower                  """,O
2025-09-30 15:30:12.223,"DI_Clamps"".DI.ClampRear.AtTower                  """,O
2025-09-30 15:30:12.234,"DI_Clamps"".DI.ClampRear.AtTower                  """,O
2025-09-30 15:30:12.246,"DI_Clamps"".DI.ClampRear.AtTower                  """,O
2025-09-30 15:30:12.258,"DI_Clamps"".DI.ClampRear.AtTower                  """,O
2025-09-30 15:30:12.269,"DI_Clamps"".DI.ClampRear.AtTower                  """,O
2025-09-30 15:30:12.279,"DI_Clamps"".DI.ClampRear.AtTower                  """,O
2025-09-30 15:30:12.290,"DI_Clamps"".DI.ClampRear.AtTower                  """,O
2025-09-30 15:30:12.301,"DI_Clamps"".DI.ClampRear.AtTower                  """,O
2025-09-30 15:30:12.313,"DI_Clamps"".DI.ClampRear.AtTower                  """,O
2025-09-30 15:30:12.324,"DI_Clamps"".DI.ClampRear.AtTower                  """,O
2025-09-30 15:30:12.335,"DI_Clamps"".DI.ClampRear.AtTower                  """,O
2025-09-30 15:30:12.346,"DI_Clamps"".DI.ClampRear.AtTower                  """,O
2025-09-30 15:30:12.357,"DI_Clamps"".DI.ClampRear.AtTower                  """,O
2025-09-30 15:30:12.368,"DI_Clamps"".DI.ClampRear.AtTower                  """,O
2025-09-30 15:30:12.379,"DI_Clamps"".DI.ClampRear.AtTower                  """,O
2025-09-30 15:30:12.390,"DI_Clamps"".DI.ClampRear.AtTower                  """,O
2025-09-30 15:30:12.400,"DI_Clamps"".DI.ClampRear.AtTower                  """,O
2025-09-30 15:30:12.412,"DI_Clamps"".DI.ClampRear.AtTower                  """,O
2025-09-30 15:30:12.423,"DI_Clamps"".DI.ClampRear.AtTower                  """,O
2025-09-30 15:30:12.434,"DI_Clamps"".DI.ClampRear.AtTower                  """,O
2025-09-30 15:30:12.445,"DI_Clamps"".DI.ClampRear.AtTower                  """,O
2025-09-30 15:30:12.456,"DI_Clamps"".DI.ClampRear.AtTower                  """,O
2025-09-30 15:30:12.538,"DI_Clamps"".DI.ClampRear.AtTower                  """,O
2025-09-30 15:30:12.549,"DI_Clamps"".DI.ClampRear.AtTower                  """,O
2025-09-30 15:30:12.560,"DI_Clamps"".DI.ClampRear.AtTower                  """,O
2025-09-30 15:30:12.571,"DI_Clamps"".DI.ClampRear.AtTower                  """,O
2025-09-30 15:30:12.581,"DI_Clamps"".DI.ClampRear.AtTower                  """,O
2025-09-30 15:30:12.592,"DI_Clamps"".DI.ClampRear.AtTower                  """,O
2025-09-30 15:30:12.603,"DI_Clamps"".DI.ClampRear.AtTower                  """,O
2025-09-30 15:30:12.615,"DI_Clamps"".DI.ClampRear.AtTower                  """,O
2025-09-30 15:30:12.626,"DI_Clamps"".DI.ClampRear.AtTower                  """,O
2025-09-30 15:30:12.637,"DI_Clamps"".DI.ClampRear.AtTower                  """,O
2025-09-30 15:30:12.671,"DI_Clamps"".DI.ClampRear.AtTower                  """,O
2025-09-30 15:30:12.682,"DI_Clamps"".DI.ClampRear.AtTower                  """,O
2025-09-30 15:30:12.693,"DI_Clamps"".DI.ClampRear.AtTower                  """,O
2025-09-30 15:30:12.704,"DI_Clamps"".DI.ClampRear.AtTower                  """,O
2025-09-30 15:30:12.716,"DI_Clamps"".DI.ClampRear.AtTower                  """,O
2025-09-30 15:30:12.727,"DI_Clamps"".DI.ClampRear.AtTower                  """,O
2025-09-30 15:30:12.742,"DI_Clamps"".DI.ClampRear.AtTower                  """,O
2025-09-30 15:30:12.757,"DI_Clamps"".DI.ClampRear.AtTower                  """,O
2025-09-30 15:30:12.768,"DI_Clamps"".DI.ClampRear.AtTower                  """,O
2025-09-30 15:30:12.779,"DI_Clamps"".DI.ClampRear.AtTower                  """,O
2025-09-30 15:30:12.790,"DI_Clamps"".DI.ClampRear.AtTower                  """,O
2025-09-30 15:30:12.801,"DI_Clamps"".DI.ClampRear.AtTower                  """,O
2025-09-30 15:30:12.813,"DI_Clamps"".DI.ClampRear.AtTower                  """,O
2025-09-30 15:30:12.823,"DI_Clamps"".DI.ClampRear.AtTower                  """,O
2025-09-30 15:30:12.834,"DI_Clamps"".DI.ClampRear.AtTower                  """,O
2025-09-30 15:30:12.846,"DI_Clamps"".DI.ClampRear.AtTower                  """,O
2025-09-30 15:30:12.860,"DI_Clamps"".DI.ClampRear.AtTower                  """,O
2025-09-30 15:30:12.871,"DI_Clamps"".DI.ClampRear.AtTower                  """,O
2025-09-30 15:30:12.882,"DI_Clamps"".DI.ClampRear.AtTower                  """,O
2025-09-30 15:30:12.892,"DI_Clamps"".DI.ClampRear.AtTower                  """,O
2025-09-30 15:30:12.903,"DI_Clamps"".DI.ClampRear.AtTower                  """,O
2025-09-30 15:30:12.916,"DI_Clamps"".DI.ClampRear.AtTower                  """,O
2025-09-30 15:30:12.927,"DI_Clamps"".DI.ClampRear.AtTower                  """,O
2025-09-30 15:30:12.938,"DI_Clamps"".DI.ClampRear.AtTower                  """,O
2025-09-30 15:30:12.949,"DI_Clamps"".DI.ClampRear.AtTower                  """,O
2025-09-30 15:30:12.960,"DI_Clamps"".DI.ClampRear.AtTower                  """,O
2025-09-30 15:30:12.971,"DI_Clamps"".DI.ClampRear.AtTower                  """,O
2025-09-30 15:30:12.981,"DI_Clamps"".DI.ClampRear.AtTower                  """,O
2025-09-30 15:30:12.992,"DI_Clamps"".DI.ClampRear.AtTower                  """,O
2025-09-30 15:30:13.003,"DI_Clamps"".DI.ClampRear.AtTower                  """,O
2025-09-30 15:30:13.016,"DI_Clamps"".DI.ClampRear.AtTower                  """,O
2025-09-30 15:30:13.027,"DI_Clamps"".DI.ClampRear.AtTower                  """,O
2025-09-30 15:30:13.038,"DI_Clamps"".DI.ClampRear.AtTower                  """,O
2025-09-30 15:30:13.049,"DI_Clamps"".DI.ClampRear.AtTower                  """,O
2025-09-30 15:30:13.060,"DI_Clamps"".DI.ClampRear.AtTower                  """,O
2025-09-30 15:30:13.071,"DI_Clamps"".DI.ClampRear.AtTower                  """,O
2025-09-30 15:30:13.082,"DI_Clamps"".DI.ClampRear.AtTower                  """,O
2025-09-30 15:30:13.093,"DI_Clamps"".DI.ClampRear.AtTower                  """,O
2025-09-30 15:30:13.103,"DI_Clamps"".DI.ClampRear.AtTower                  """,O
2025-09-30 15:30:13.116,"DI_Clamps"".DI.ClampRear.AtTower                  """,O
2025-09-30 15:30:13.127,"DI_Clamps"".DI.ClampRear.AtTower                  """,O
2025-09-30 15:30:13.137,"DI_Clamps"".DI.ClampRear.AtTower                  """,O
2025-09-30 15:30:13.149,"DI_Clamps"".DI.ClampRear.AtTower                  """,O
2025-09-30 15:30:13.160,"DI_Clamps"".DI.ClampRear.AtTower                  """,O
2025-09-30 15:30:13.170,"DI_Clamps"".DI.ClampRear.AtTower                  """,O
2025-09-30 15:30:13.181,"DI_Clamps"".DI.ClampRear.AtTower                  """,O
2025-09-30 15:30:13.192,"DI_Clamps"".DI.ClampRear.AtTower                  """,O
2025-09-30 15:30:13.203,"DI_Clamps"".DI.ClampRear.AtTower                  """,O
2025-09-30 15:30:13.215,"DI_Clamps"".DI.ClampRear.AtTower                  """,O
2025-09-30 15:30:13.226,"DI_Clamps"".DI.ClampRear.AtTower                  """,O
2025-09-30 15:30:13.240,"DI_Clamps"".DI.ClampRear.AtTower                  """,O
2025-09-30 15:30:13.252,"DI_Clamps"".DI.ClampRear.AtTower                  """,O
2025-09-30 15:30:13.262,"DI_Clamps"".DI.ClampRear.AtTower                  """,O
2025-09-30 15:30:13.273,"DI_Clamps"".DI.ClampRear.AtTower                  """,O
2025-09-30 15:30:13.284,"DI_Clamps"".DI.ClampRear.AtTower                  """,O
2025-09-30 15:30:13.294,"DI_Clamps"".DI.ClampRear.AtTower                  """,O
2025-09-30 15:30:13.307,"DI_Clamps"".DI.ClampRear.AtTower                  """,O
2025-09-30 15:30:13.318,"DI_Clamps"".DI.ClampRear.AtTower                  """,O
2025-09-30 15:30:13.330,"DI_Clamps"".DI.ClampRear.AtTower                  """,O
2025-09-30 15:30:13.341,"DI_Clamps"".DI.ClampRear.AtTower                  """,O
2025-09-30 15:30:13.352,"DI_Clamps"".DI.ClampRear.AtTower                  """,O
2025-09-30 15:30:13.364,"DI_Clamps"".DI.ClampRear.AtTower                  """,O
2025-09-30 15:30:13.374,"DI_Clamps"".DI.ClampRear.AtTower                  """,O
2025-09-30 15:30:13.386,"DI_Clamps"".DI.ClampRear.AtTower                  """,O
2025-09-30 15:30:13.396,"DI_Clamps"".DI.ClampRear.AtTower                  """,O
2025-09-30 15:30:13.408,"DI_Clamps"".DI.ClampRear.AtTower                  """,O
2025-09-30 15:30:13.419,"DI_Clamps"".DI.ClampRear.AtTower                  """,O
2025-09-30 15:30:13.430,"DI_Clamps"".DI.ClampRear.AtTower                  """,O
2025-09-30 15:30:13.441,"DI_Clamps"".DI.ClampRear.AtTower                  """,O
2025-09-30 15:30:13.452,"DI_Clamps"".DI.ClampRear.AtTower                  """,O
2025-09-30 15:30:13.464,"DI_Clamps"".DI.ClampRear.AtTower                  """,O
2025-09-30 15:30:13.479,"DI_Clamps"".DI.ClampRear.AtTower                  """,O
2025-09-30 15:30:13.489,"DI_Clamps"".DI.ClampRear.AtTower                  """,O
2025-09-30 15:30:13.601,"DI_Clamps"".DI.ClampRear.AtTower                  """,O
2025-09-30 15:30:13.613,"DI_Clamps"".DI.ClampRear.AtTower                  """,O
2025-09-30 15:30:13.623,"DI_Clamps"".DI.ClampRear.AtTower                  """,O
2025-09-30 15:30:13.634,"DI_Clamps"".DI.ClampRear.AtTower                  """,O
2025-09-30 15:30:13.646,"DI_Clamps"".DI.ClampRear.AtTower                  """,O
2025-09-30 15:30:13.657,"DI_Clamps"".DI.ClampRear.AtTower                  """,O
2025-09-30 15:30:13.668,"DI_Clamps"".DI.ClampRear.AtTower                  """,O
2025-09-30 15:30:13.679,"DI_Clamps"".DI.ClampRear.AtTower                  """,O
2025-09-30 15:30:13.690,"DI_Clamps"".DI.ClampRear.AtTower                  """,O
2025-09-30 15:30:13.700,"DI_Clamps"".DI.ClampRear.AtTower                  """,O
2025-09-30 15:30:13.712,"DI_Clamps"".DI.ClampRear.AtTower                  """,O
2025-09-30 15:30:13.723,"DI_Clamps"".DI.ClampRear.AtTower                  """,O
2025-09-30 15:30:13.734,"DI_Clamps"".DI.ClampRear.AtTower                  """,O
2025-09-30 15:30:13.745,"DI_Clamps"".DI.ClampRear.AtTower                  """,O
2025-09-30 15:30:13.760,"DI_Clamps"".DI.ClampRear.AtTower                  """,O
2025-09-30 15:30:13.771,"DI_Clamps"".DI.ClampRear.AtTower                  """,O
2025-09-30 15:30:13.782,"DI_Clamps"".DI.ClampRear.AtTower                  """,O
2025-09-30 15:30:13.793,"DI_Clamps"".DI.ClampRear.AtTower                  """,O
2025-09-30 15:30:13.803,"DI_Clamps"".DI.ClampRear.AtTower                  """,O
2025-09-30 15:30:13.816,"DI_Clamps"".DI.ClampRear.AtTower                  """,O
2025-09-30 15:30:13.827,"DI_Clamps"".DI.ClampRear.AtTower                  """,O
2025-09-30 15:30:13.837,"DI_Clamps"".DI.ClampRear.AtTower                  """,O
2025-09-30 15:30:13.849,"DI_Clamps"".DI.ClampRear.AtTower                  """,O
2025-09-30 15:30:13.860,"DI_Clamps"".DI.ClampRear.AtTower                  """,O
2025-09-30 15:30:13.870,"DI_Clamps"".DI.ClampRear.AtTower                  """,O
2025-09-30 15:30:13.881,"DI_Clamps"".DI.ClampRear.AtTower                  """,O
2025-09-30 15:30:13.892,"DI_Clamps"".DI.ClampRear.AtTower                  """,O
2025-09-30 15:30:13.903,"DI_Clamps"".DI.ClampRear.AtTower                  """,O
2025-09-30 15:30:13.915,"DI_Clamps"".DI.ClampRear.AtTower                  """,O
2025-09-30 15:30:13.926,"DI_Clamps"".DI.ClampRear.AtTower                  """,O
2025-09-30 15:30:13.937,"DI_Clamps"".DI.ClampRear.AtTower                  """,O
2025-09-30 15:30:13.948,"DI_Clamps"".DI.ClampRear.AtTower                  """,O
2025-09-30 15:30:13.959,"DI_Clamps"".DI.ClampRear.AtTower                  """,O
2025-09-30 15:30:13.970,"DI_Clamps"".DI.ClampRear.AtTower                  """,O
2025-09-30 15:30:13.981,"DI_Clamps"".DI.ClampRear.AtTower                  """,O
2025-09-30 15:30:13.992,"DI_Clamps"".DI.ClampRear.AtTower                  """,O
2025-09-30 15:30:14.002,"DI_Clamps"".DI.ClampRear.AtTower                  """,O
2025-09-30 15:30:14.015,"DI_Clamps"".DI.ClampRear.AtTower                  """,O
2025-09-30 15:30:14.026,"DI_Clamps"".DI.ClampRear.AtTower                  """,O
2025-09-30 15:30:14.037,"DI_Clamps"".DI.ClampRear.AtTower                  """,O
2025-09-30 15:30:14.048,"DI_Clamps"".DI.ClampRear.AtTower                  """,O
2025-09-30 15:30:14.059,"DI_Clamps"".DI.ClampRear.AtTower                  """,O
2025-09-30 15:30:14.069,"DI_Clamps"".DI.ClampRear.AtTower                  """,O
2025-09-30 15:30:14.080,"DI_Clamps"".DI.ClampRear.AtTower                  """,O
2025-09-30 15:30:14.091,"DI_Clamps"".DI.ClampRear.AtTower                  """,O
2025-09-30 15:30:14.102,"DI_Clamps"".DI.ClampRear.AtTower                  """,O
2025-09-30 15:30:14.114,"DI_Clamps"".DI.ClampRear.AtTower                  """,O
2025-09-30 15:30:14.124,"DI_Clamps"".DI.ClampRear.AtTower                  """,O
2025-09-30 15:30:14.136,"DI_Clamps"".DI.ClampRear.AtTower                  """,O
2025-09-30 15:30:14.147,"DI_Clamps"".DI.ClampRear.AtTower                  """,O
2025-09-30 15:30:14.158,"DI_Clamps"".DI.ClampRear.AtTower                  """,O
2025-09-30 15:30:14.169,"DI_Clamps"".DI.ClampRear.AtTower                  """,O
2025-09-30 15:30:14.180,"DI_Clamps"".DI.ClampRear.AtTower                  """,O
2025-09-30 15:30:14.190,"DI_Clamps"".DI.ClampRear.AtTower                  """,O
2025-09-30 15:30:14.201,"DI_Clamps"".DI.ClampRear.AtTower                  """,O
2025-09-30 15:30:14.213,"DI_Clamps"".DI.ClampRear.AtTower                  """,O
2025-09-30 15:30:14.224,"DI_Clamps"".DI.ClampRear.AtTower                  """,O
2025-09-30 15:30:14.235,"DI_Clamps"".DI.ClampRear.AtTower                  """,O
2025-09-30 15:30:14.246,"DI_Clamps"".DI.ClampRear.AtTower                  """,O
2025-09-30 15:30:14.258,"DI_Clamps"".DI.ClampRear.AtTower                  """,O
2025-09-30 15:30:14.272,"DI_Clamps"".DI.ClampRear.AtTower                  """,O
2025-09-30 15:30:14.283,"DI_Clamps"".DI.ClampRear.AtTower                  """,O
2025-09-30 15:30:14.294,"DI_Clamps"".DI.ClampRear.AtTower                  """,O
2025-09-30 15:30:14.304,"DI_Clamps"".DI.ClampRear.AtTower                  """,O
2025-09-30 15:30:14.317,"DI_Clamps"".DI.ClampRear.AtTower                  """,O
2025-09-30 15:30:14.332,"DI_Clamps"".DI.ClampRear.AtTower                  """,O
2025-09-30 15:30:14.343,"DI_Clamps"".DI.ClampRear.AtTower                  """,O
2025-09-30 15:30:14.354,"DI_Clamps"".DI.ClampRear.AtTower                  """,O
2025-09-30 15:30:14.366,"DI_Clamps"".DI.ClampRear.AtTower                  """,O
2025-09-30 15:30:14.376,"DI_Clamps"".DI.ClampRear.AtTower                  """,O
2025-09-30 15:30:14.387,"DI_Clamps"".DI.ClampRear.AtTower                  """,O
2025-09-30 15:30:14.398,"DI_Clamps"".DI.ClampRear.AtTower                  """,O
2025-09-30 15:30:14.411,"DI_Clamps"".DI.ClampRear.AtTower                  """,O
2025-09-30 15:30:14.422,"DI_Clamps"".DI.ClampRear.AtTower                  """,O
2025-09-30 15:30:14.432,"DI_Clamps"".DI.ClampRear.AtTower                  """,O
2025-09-30 15:30:14.443,"DI_Clamps"".DI.ClampRear.AtTower                  """,O
2025-09-30 15:30:14.455,"DI_Clamps"".DI.ClampRear.AtTower                  """,O
2025-09-30 15:30:14.466,"DI_Clamps"".DI.ClampRear.AtTower                  """,O
2025-09-30 15:30:14.477,"DI_Clamps"".DI.ClampRear.AtTower                  """,O
2025-09-30 15:30:14.487,"DI_Clamps"".DI.ClampRear.AtTower                  """,O
2025-09-30 15:30:14.498,"DI_Clamps"".DI.ClampRear.AtTower                  """,O
2025-09-30 15:30:14.510,"DI_Clamps"".DI.ClampRear.AtTower                  """,O
2025-09-30 15:30:14.521,"DI_Clamps"".DI.ClampRear.AtTower                  """,O
2025-09-30 15:30:14.532,"DI_Clamps"".DI.ClampRear.AtTower                  """,O
2025-09-30 15:30:14.611,"DI_Clamps"".DI.ClampRear.AtTower                  """,O
2025-09-30 15:30:14.621,"DI_Clamps"".DI.ClampRear.AtTower                  """,O
2025-09-30 15:30:14.632,"DI_Clamps"".DI.ClampRear.AtTower                  """,O
2025-09-30 15:30:14.643,"DI_Clamps"".DI.ClampRear.AtTower                  """,O
2025-09-30 15:30:14.654,"DI_Clamps"".DI.ClampRear.AtTower                  """,O
2025-09-30 15:30:14.666,"DI_Clamps"".DI.ClampRear.AtTower                  """,O
2025-09-30 15:30:14.676,"DI_Clamps"".DI.ClampRear.AtTower                  """,O
2025-09-30 15:30:14.687,"DI_Clamps"".DI.ClampRear.AtTower                  """,O
2025-09-30 15:30:14.698,"DI_Clamps"".DI.ClampRear.AtTower                  """,O
2025-09-30 15:30:14.710,"DI_Clamps"".DI.ClampRear.AtTower                  """,O
2025-09-30 15:30:14.721,"DI_Clamps"".DI.ClampRear.AtTower                  """,O
2025-09-30 15:30:14.731,"DI_Clamps"".DI.ClampRear.AtTower                  """,O
2025-09-30 15:30:14.743,"DI_Clamps"".DI.ClampRear.AtTower                  """,O
2025-09-30 15:30:14.754,"DI_Clamps"".DI.ClampRear.AtTower                  """,O
2025-09-30 15:30:14.765,"DI_Clamps"".DI.ClampRear.AtTower                  """,O
2025-09-30 15:30:14.776,"DI_Clamps"".DI.ClampRear.AtTower                  """,O
2025-09-30 15:30:14.790,"DI_Clamps"".DI.ClampRear.AtTower                  """,O
2025-09-30 15:30:14.801,"DI_Clamps"".DI.ClampRear.AtTower                  """,O
2025-09-30 15:30:14.813,"DI_Clamps"".DI.ClampRear.AtTower                  """,O
2025-09-30 15:30:14.824,"DI_Clamps"".DI.ClampRear.AtTower                  """,O
2025-09-30 15:30:14.834,"DI_Clamps"".DI.ClampRear.AtTower                  """,O
2025-09-30 15:30:14.846,"DI_Clamps"".DI.ClampRear.AtTower                  """,O
2025-09-30 15:30:14.857,"DI_Clamps"".DI.ClampRear.AtTower                  """,O
2025-09-30 15:30:14.872,"DI_Clamps"".DI.ClampRear.AtTower                  """,O
2025-09-30 15:30:14.882,"DI_Clamps"".DI.ClampRear.AtTower                  """,O
2025-09-30 15:30:14.893,"DI_Clamps"".DI.ClampRear.AtTower                  """,O
2025-09-30 15:30:14.904,"DI_Clamps"".DI.ClampRear.AtTower                  """,O
2025-09-30 15:30:14.916,"DI_Clamps"".DI.ClampRear.AtTower                  """,O
2025-09-30 15:30:14.927,"DI_Clamps"".DI.ClampRear.AtTower                  """,O
2025-09-30 15:30:14.938,"DI_Clamps"".DI.ClampRear.AtTower                  """,O
2025-09-30 15:30:14.949,"DI_Clamps"".DI.ClampRear.AtTower                  """,O
2025-09-30 15:30:14.960,"DI_Clamps"".DI.ClampRear.AtTower                  """,O
2025-09-30 15:30:14.971,"DI_Clamps"".DI.ClampRear.AtTower                  """,O
2025-09-30 15:30:14.981,"DI_Clamps"".DI.ClampRear.AtTower                  """,O
2025-09-30 15:30:14.992,"DI_Clamps"".DI.ClampRear.AtTower                  """,O
2025-09-30 15:30:15.003,"DI_Clamps"".DI.ClampRear.AtTower                  """,O
2025-09-30 15:30:15.015,"DI_Clamps"".DI.ClampRear.AtTower                  """,O
2025-09-30 15:30:15.026,"DI_Clamps"".DI.ClampRear.AtTower                  """,O
2025-09-30 15:30:15.037,"DI_Clamps"".DI.ClampRear.AtTower                  """,O
2025-09-30 15:30:15.049,"DI_Clamps"".DI.ClampRear.AtTower                  """,O
2025-09-30 15:30:15.059,"DI_Clamps"".DI.ClampRear.AtTower                  """,O
2025-09-30 15:30:15.070,"DI_Clamps"".DI.ClampRear.AtTower                  """,O
2025-09-30 15:30:15.081,"DI_Clamps"".DI.ClampRear.AtTower                  """,O
2025-09-30 15:30:15.092,"DI_Clamps"".DI.ClampRear.AtTower                  """,O
2025-09-30 15:30:15.102,"DI_Clamps"".DI.ClampRear.AtTower                  """,O
2025-09-30 15:30:15.115,"DI_Clamps"".DI.ClampRear.AtTower                  """,O
2025-09-30 15:30:15.126,"DI_Clamps"".DI.ClampRear.AtTower                  """,O
2025-09-30 15:30:15.143,"DI_Clamps"".DI.ClampRear.AtTower                  """,O
2025-09-30 15:30:15.155,"DI_Clamps"".DI.ClampRear.AtTower                  """,O
2025-09-30 15:30:15.166,"DI_Clamps"".DI.ClampRear.AtTower                  """,O
2025-09-30 15:30:15.177,"DI_Clamps"".DI.ClampRear.AtTower                  """,O
2025-09-30 15:30:15.188,"DI_Clamps"".DI.ClampRear.AtTower                  """,O
2025-09-30 15:30:15.199,"DI_Clamps"".DI.ClampRear.AtTower                  """,O
2025-09-30 15:30:15.211,"DI_Clamps"".DI.ClampRear.AtTower                  """,O
2025-09-30 15:30:15.222,"DI_Clamps"".DI.ClampRear.AtTower                  """,O
2025-09-30 15:30:15.232,"DI_Clamps"".DI.ClampRear.AtTower                  """,O
2025-09-30 15:30:15.243,"DI_Clamps"".DI.ClampRear.AtTower                  """,O
2025-09-30 15:30:15.255,"DI_Clamps"".DI.ClampRear.AtTower                  """,O
2025-09-30 15:30:15.266,"DI_Clamps"".DI.ClampRear.AtTower                  """,O
2025-09-30 15:30:15.277,"DI_Clamps"".DI.ClampRear.AtTower                  """,O
2025-09-30 15:30:15.287,"DI_Clamps"".DI.ClampRear.AtTower                  """,O
2025-09-30 15:30:15.301,"DI_Clamps"".DI.ClampRear.AtTower                  """,O
2025-09-30 15:30:15.314,"DI_Clamps"".DI.ClampRear.AtTower                  """,O
2025-09-30 15:30:15.326,"DI_Clamps"".DI.ClampRear.AtTower                  """,O
2025-09-30 15:30:15.336,"DI_Clamps"".DI.ClampRear.AtTower                  """,O
2025-09-30 15:30:15.348,"DI_Clamps"".DI.ClampRear.AtTower                  """,O
2025-09-30 15:30:15.359,"DI_Clamps"".DI.ClampRear.AtTower                  """,O
2025-09-30 15:30:15.370,"DI_Clamps"".DI.ClampRear.AtTower                  """,O
2025-09-30 15:30:15.380,"DI_Clamps"".DI.ClampRear.AtTower                  """,O
2025-09-30 15:30:15.391,"DI_Clamps"".DI.ClampRear.AtTower                  """,O
2025-09-30 15:30:15.402,"DI_Clamps"".DI.ClampRear.AtTower                  """,O
2025-09-30 15:30:15.448,"DI_Clamps"".DI.ClampRear.AtTower                  """,O
2025-09-30 15:30:15.459,"DI_Clamps"".DI.ClampRear.AtTower                  """,O
2025-09-30 15:30:15.470,"DI_Clamps"".DI.ClampRear.AtTower                  """,O
2025-09-30 15:30:15.480,"DB_Inputs"".LCC.REMOTE_ACCESS_CONNECTED           """,I
2025-09-30 15:30:15.491,"DI_Clamps"".DI.ClampRear.AtTower                  """,O
2025-09-30 15:30:15.502,"DI_Clamps"".DI.ClampRear.AtTower                  """,O
2025-09-30 15:30:15.514,"DI_Clamps"".DI.ClampRear.AtTower                  """,O
2025-09-30 15:30:15.525,"DI_Clamps"".DI.ClampRear.AtTower                  """,O
2025-09-30 15:30:15.536,"DI_Clamps"".DI.ClampRear.AtTower                  """,O
2025-09-30 15:30:15.547,"DI_Clamps"".DI.ClampRear.AtTower                  """,O
2025-09-30 15:30:15.558,"DI_Clamps"".DI.ClampRear.AtTower                  """,O
2025-09-30 15:30:15.569,"DI_Clamps"".DI.ClampRear.AtTower                  """,O
2025-09-30 15:30:15.647,"DI_Clamps"".DI.ClampRear.AtTower                  """,O
2025-09-30 15:30:15.658,"DI_Clamps"".DI.ClampRear.AtTower                  """,O
2025-09-30 15:30:15.669,"DI_Clamps"".DI.ClampRear.AtTower                  """,O
2025-09-30 15:30:15.679,"DI_Clamps"".DI.ClampRear.AtTower                  """,O
2025-09-30 15:30:15.690,"DI_Clamps"".DI.ClampRear.AtTower                  """,O
2025-09-30 15:30:15.701,"DI_Clamps"".DI.ClampRear.AtTower                  """,O
2025-09-30 15:30:15.713,"DI_Clamps"".DI.ClampRear.AtTower                  """,O
2025-09-30 15:30:15.724,"DI_Clamps"".DI.ClampRear.AtTower                  """,O
2025-09-30 15:30:15.734,"DI_Clamps"".DI.ClampRear.AtTower                  """,O
2025-09-30 15:30:15.747,"DI_Clamps"".DI.ClampRear.AtTower                  """,O
2025-09-30 15:30:15.762,"DI_Clamps"".DI.ClampRear.AtTower                  """,O
2025-09-30 15:30:15.773,"DI_Clamps"".DI.ClampRear.AtTower                  """,O
2025-09-30 15:30:15.783,"DI_Clamps"".DI.ClampRear.AtTower                  """,O
2025-09-30 15:30:15.794,"DI_Clamps"".DI.ClampRear.AtTower                  """,O
2025-09-30 15:30:15.804,"DI_Clamps"".DI.ClampRear.AtTower                  """,O
2025-09-30 15:30:15.818,"DI_Clamps"".DI.ClampRear.AtTower                  """,O
2025-09-30 15:30:15.828,"DI_Clamps"".DI.ClampRear.AtTower                  """,O
2025-09-30 15:30:15.839,"DI_Clamps"".DI.ClampRear.AtTower                  """,O
2025-09-30 15:30:15.851,"DI_Clamps"".DI.ClampRear.AtTower                  """,O
2025-09-30 15:30:15.861,"DI_Clamps"".DI.ClampRear.AtTower                  """,O
2025-09-30 15:30:15.872,"DI_Clamps"".DI.ClampRear.AtTower                  """,O
2025-09-30 15:30:15.883,"DI_Clamps"".DI.ClampRear.AtTower                  """,O
2025-09-30 15:30:15.894,"DI_Clamps"".DI.ClampRear.AtTower                  """,O
2025-09-30 15:30:15.904,"DI_Clamps"".DI.ClampRear.AtTower                  """,O
2025-09-30 15:30:15.917,"DI_Clamps"".DI.ClampRear.AtTower                  """,O
2025-09-30 15:30:15.928,"DI_Clamps"".DI.ClampRear.AtTower                  """,O
2025-09-30 15:30:15.938,"DI_Clamps"".DI.ClampRear.AtTower                  """,O
2025-09-30 15:30:15.950,"DI_Clamps"".DI.ClampRear.AtTower                  """,O
2025-09-30 15:30:15.961,"DI_Clamps"".DI.ClampRear.AtTower                  """,O
2025-09-30 15:30:15.971,"DI_Clamps"".DI.ClampRear.AtTower                  """,O
2025-09-30 15:30:15.982,"DI_Clamps"".DI.ClampRear.AtTower                  """,O
2025-09-30 15:30:15.993,"DI_Clamps"".DI.ClampRear.AtTower                  """,O
2025-09-30 15:30:16.003,"DI_Clamps"".DI.ClampRear.AtTower                  """,O
2025-09-30 15:30:16.016,"DI_Clamps"".DI.ClampRear.AtTower                  """,O
2025-09-30 15:30:16.027,"DI_Clamps"".DI.ClampRear.AtTower                  """,O
2025-09-30 15:30:16.038,"DI_Clamps"".DI.ClampRear.AtTower                  """,O
2025-09-30 15:30:16.049,"DI_Clamps"".DI.ClampRear.AtTower                  """,O
2025-09-30 15:30:16.060,"DI_Clamps"".DI.ClampRear.AtTower                  """,O
2025-09-30 15:30:16.071,"DI_Clamps"".DI.ClampRear.AtTower                  """,O
2025-09-30 15:30:16.082,"DI_Clamps"".DI.ClampRear.AtTower                  """,O
2025-09-30 15:30:16.093,"DI_Clamps"".DI.ClampRear.AtTower                  """,O
2025-09-30 15:30:16.103,"DI_Clamps"".DI.ClampRear.AtTower                  """,O
2025-09-30 15:30:16.116,"DI_Clamps"".DI.ClampRear.AtTower                  """,O
2025-09-30 15:30:16.127,"DI_Clamps"".DI.ClampRear.AtTower                  """,O
2025-09-30 15:30:16.137,"DI_Clamps"".DI.ClampRear.AtTower                  """,O
2025-09-30 15:30:16.149,"DI_Clamps"".DI.ClampRear.AtTower                  """,O
2025-09-30 15:30:16.160,"DI_Clamps"".DI.ClampRear.AtTower                  """,O
2025-09-30 15:30:16.171,"DI_Clamps"".DI.ClampRear.AtTower                  """,O
2025-09-30 15:30:16.181,"DI_Clamps"".DI.ClampRear.AtTower                  """,O
2025-09-30 15:30:16.192,"DI_Clamps"".DI.ClampRear.AtTower                  """,O
2025-09-30 15:30:16.203,"DI_Clamps"".DI.ClampRear.AtTower                  """,O
2025-09-30 15:30:16.215,"DI_Clamps"".DI.ClampRear.AtTower                  """,O
2025-09-30 15:30:16.226,"DI_Clamps"".DI.ClampRear.AtTower                  """,O
2025-09-30 15:30:16.237,"DI_Clamps"".DI.ClampRear.AtTower                  """,O
2025-09-30 15:30:16.248,"DI_Clamps"".DI.ClampRear.AtTower                  """,O
2025-09-30 15:30:16.259,"DI_Clamps"".DI.ClampRear.AtTower                  """,O
2025-09-30 15:30:16.270,"DI_Clamps"".DI.ClampRear.AtTower                  """,O
2025-09-30 15:30:16.281,"DI_Clamps"".DI.ClampRear.AtTower                  """,O
2025-09-30 15:30:16.292,"DI_Clamps"".DI.ClampRear.AtTower                  """,O
2025-09-30 15:30:16.303,"DI_Clamps"".DI.ClampRear.AtTower                  """,O
2025-09-30 15:30:16.316,"DI_Clamps"".DI.ClampRear.AtTower                  """,O
2025-09-30 15:30:16.326,"DI_Clamps"".DI.ClampRear.AtTower                  """,O
2025-09-30 15:30:16.341,"DI_Clamps"".DI.ClampRear.AtTower                  """,O
2025-09-30 15:30:16.352,"DI_Clamps"".DI.ClampRear.AtTower                  """,O
2025-09-30 15:30:16.363,"DI_Clamps"".DI.ClampRear.AtTower                  """,O
2025-09-30 15:30:16.374,"DI_Clamps"".DI.ClampRear.AtTower                  """,O
2025-09-30 15:30:16.385,"DI_Clamps"".DI.ClampRear.AtTower                  """,O
2025-09-30 15:30:16.396,"DI_Clamps"".DI.ClampRear.AtTower                  """,O
2025-09-30 15:30:16.408,"DI_Clamps"".DI.ClampRear.AtTower                  """,O
2025-09-30 15:30:16.419,"DI_Clamps"".DI.ClampRear.AtTower                  """,O
2025-09-30 15:30:16.430,"DI_Clamps"".DI.ClampRear.AtTower                  """,O
2025-09-30 15:30:16.440,"DI_Clamps"".DI.ClampRear.AtTower                  """,O
2025-09-30 15:30:16.452,"DI_Clamps"".DI.ClampRear.AtTower                  """,O
2025-09-30 15:30:16.463,"DI_Clamps"".DI.ClampRear.AtTower                  """,O
2025-09-30 15:30:16.473,"DI_Clamps"".DI.ClampRear.AtTower                  """,O
2025-09-30 15:30:16.484,"DI_Clamps"".DI.ClampRear.AtTower                  """,O
2025-09-30 15:30:16.495,"DI_Clamps"".DI.ClampRear.AtTower                  """,O
2025-09-30 15:30:16.507,"DI_Clamps"".DI.ClampRear.AtTower                  """,O
2025-09-30 15:30:16.518,"DI_Clamps"".DI.ClampRear.AtTower                  """,O
2025-09-30 15:30:16.529,"DI_Clamps"".DI.ClampRear.AtTower                  """,O
2025-09-30 15:30:16.540,"DI_Clamps"".DI.ClampRear.AtTower                  """,O
2025-09-30 15:30:16.551,"DI_Clamps"".DI.ClampRear.AtTower                  """,O
2025-09-30 15:30:16.562,"DI_Clamps"".DI.ClampRear.AtTower                  """,O
2025-09-30 15:30:16.640,"DI_Clamps"".DI.ClampRear.AtTower                  """,O
2025-09-30 15:30:16.651,"DI_Clamps"".DI.ClampRear.AtTower                  """,O
2025-09-30 15:30:16.662,"DI_Clamps"".DI.ClampRear.AtTower                  """,O
2025-09-30 15:30:16.673,"DI_Clamps"".DI.ClampRear.AtTower                  """,O
2025-09-30 15:30:16.684,"DI_Clamps"".DI.ClampRear.AtTower                  """,O
2025-09-30 15:30:16.695,"DI_Clamps"".DI.ClampRear.AtTower                  """,O
2025-09-30 15:30:16.707,"DI_Clamps"".DI.ClampRear.AtTower                  """,O
2025-09-30 15:30:16.718,"DI_Clamps"".DI.ClampRear.AtTower                  """,O
2025-09-30 15:30:16.729,"DI_Clamps"".DI.ClampRear.AtTower                  """,O
2025-09-30 15:30:16.740,"DI_Clamps"".DI.ClampRear.AtTower                  """,O
2025-09-30 15:30:16.751,"DI_Clamps"".DI.ClampRear.AtTower                  """,O
2025-09-30 15:30:16.762,"DI_Clamps"".DI.ClampRear.AtTower                  """,O
2025-09-30 15:30:16.773,"DI_Clamps"".DI.ClampRear.AtTower                  """,O
2025-09-30 15:30:16.784,"DI_Clamps"".DI.ClampRear.AtTower                  """,O
2025-09-30 15:30:16.794,"DI_Clamps"".DI.ClampRear.AtTower                  """,O
2025-09-30 15:30:16.807,"DI_Clamps"".DI.ClampRear.AtTower                  """,O
2025-09-30 15:30:16.818,"DI_Clamps"".DI.ClampRear.AtTower                  """,O
2025-09-30 15:30:16.828,"DI_Clamps"".DI.ClampRear.AtTower                  """,O
2025-09-30 15:30:16.839,"DI_Clamps"".DI.ClampRear.AtTower                  """,O
2025-09-30 15:30:16.921,"DI_Clamps"".DI.ClampRear.AtTower                  """,O
2025-09-30 15:30:16.932,"DI_Clamps"".DI.ClampRear.AtTower                  """,O
2025-09-30 15:30:16.943,"DI_Clamps"".DI.ClampRear.AtTower                  """,O
2025-09-30 15:30:16.954,"DI_Clamps"".DI.ClampRear.AtTower                  """,O
2025-09-30 15:30:16.966,"DI_Clamps"".DI.ClampRear.AtTower                  """,O
2025-09-30 15:30:16.977,"DI_Clamps"".DI.ClampRear.AtTower                  """,O
2025-09-30 15:30:16.988,"DI_Clamps"".DI.ClampRear.AtTower                  """,O
2025-09-30 15:30:16.998,"DI_Clamps"".DI.ClampRear.AtTower                  """,O
2025-09-30 15:30:17.010,"DI_Clamps"".DI.ClampRear.AtTower                  """,O
2025-09-30 15:30:17.021,"DI_Clamps"".DI.ClampRear.AtTower                  """,O
2025-09-30 15:30:17.032,"DI_Clamps"".DI.ClampRear.AtTower                  """,O
2025-09-30 15:30:17.043,"DI_Clamps"".DI.ClampRear.AtTower                  """,O
2025-09-30 15:30:17.058,"DI_Clamps"".DI.ClampRear.AtTower                  """,O
2025-09-30 15:30:17.069,"DI_Clamps"".DI.ClampRear.AtTower                  """,O
2025-09-30 15:30:17.079,"DI_Clamps"".DI.ClampRear.AtTower                  """,O
2025-09-30 15:30:17.090,"DI_Clamps"".DI.ClampRear.AtTower                  """,O
2025-09-30 15:30:17.101,"DI_Clamps"".DI.ClampRear.AtTower                  """,O
2025-09-30 15:30:17.113,"DI_Clamps"".DI.ClampRear.AtTower                  """,O
2025-09-30 15:30:17.124,"DI_Clamps"".DI.ClampRear.AtTower                  """,O
2025-09-30 15:30:17.134,"DI_Clamps"".DI.ClampRear.AtTower                  """,O
2025-09-30 15:30:17.146,"DI_Clamps"".DI.ClampRear.AtTower                  """,O
2025-09-30 15:30:17.157,"DI_Clamps"".DI.ClampRear.AtTower                  """,O
2025-09-30 15:30:17.168,"DI_Clamps"".DI.ClampRear.AtTower                  """,O
2025-09-30 15:30:17.179,"DI_Clamps"".DI.ClampRear.AtTower                  """,O
2025-09-30 15:30:17.189,"DI_Clamps"".DI.ClampRear.AtTower                  """,O
2025-09-30 15:30:17.200,"DI_Clamps"".DI.ClampRear.AtTower                  """,O
2025-09-30 15:30:17.212,"DI_Clamps"".DI.ClampRear.AtTower                  """,O
2025-09-30 15:30:17.223,"DI_Clamps"".DI.ClampRear.AtTower                  """,O
2025-09-30 15:30:17.234,"DI_Clamps"".DI.ClampRear.AtTower                  """,O
2025-09-30 15:30:17.245,"DI_Clamps"".DI.ClampRear.AtTower                  """,O
2025-09-30 15:30:17.256,"DI_Clamps"".DI.ClampRear.AtTower                  """,O
2025-09-30 15:30:17.268,"DI_Clamps"".DI.ClampRear.AtTower                  """,O
2025-09-30 15:30:17.279,"DI_Clamps"".DI.ClampRear.AtTower                  """,O
2025-09-30 15:30:17.290,"DI_Clamps"".DI.ClampRear.AtTower                  """,O
2025-09-30 15:30:17.301,"DI_Clamps"".DI.ClampRear.AtTower                  """,O
2025-09-30 15:30:17.313,"DI_Clamps"".DI.ClampRear.AtTower                  """,O
2025-09-30 15:30:17.324,"DI_Clamps"".DI.ClampRear.AtTower                  """,O
2025-09-30 15:30:17.335,"DI_Clamps"".DI.ClampRear.AtTower                  """,O
2025-09-30 15:30:17.346,"DI_Clamps"".DI.ClampRear.AtTower                  """,O
2025-09-30 15:30:17.357,"DI_Clamps"".DI.ClampRear.AtTower                  """,O
2025-09-30 15:30:17.368,"DI_Clamps"".DI.ClampRear.AtTower                  """,O
2025-09-30 15:30:17.379,"DI_Clamps"".DI.ClampRear.AtTower                  """,O
2025-09-30 15:30:17.389,"DI_Clamps"".DI.ClampRear.AtTower                  """,O
2025-09-30 15:30:17.400,"DI_Clamps"".DI.ClampRear.AtTower                  """,O
2025-09-30 15:30:17.412,"DI_Clamps"".DI.ClampRear.AtTower                  """,O
2025-09-30 15:30:17.423,"DI_Clamps"".DI.ClampRear.AtTower                  """,O
2025-09-30 15:30:17.441,"DI_Clamps"".DI.ClampRear.AtTower                  """,O
2025-09-30 15:30:17.452,"DI_Clamps"".DI.ClampRear.AtTower                  """,O
2025-09-30 15:30:17.463,"DI_Clamps"".DI.ClampRear.AtTower                  """,O
2025-09-30 15:30:17.474,"DI_Clamps"".DI.ClampRear.AtTower                  """,O
2025-09-30 15:30:17.485,"DI_Clamps"".DI.ClampRear.AtTower                  """,O
2025-09-30 15:30:17.496,"DI_Clamps"".DI.ClampRear.AtTower                  """,O
2025-09-30 15:30:17.508,"DI_Clamps"".DI.ClampRear.AtTower                  """,O
2025-09-30 15:30:17.519,"DI_Clamps"".DI.ClampRear.AtTower                  """,O
2025-09-30 15:30:17.529,"DI_Clamps"".DI.ClampRear.AtTower                  """,O
2025-09-30 15:30:17.540,"DI_Clamps"".DI.ClampRear.AtTower                  """,O
2025-09-30 15:30:17.556,"DI_Clamps"".DI.ClampRear.AtTower                  """,O
2025-09-30 15:30:17.567,"DI_Clamps"".DI.ClampRear.AtTower                  """,O
2025-09-30 15:30:17.577,"DI_Clamps"".DI.ClampRear.AtTower                  """,O
2025-09-30 15:30:17.588,"DI_Clamps"".DI.ClampRear.AtTower                  """,O
2025-09-30 15:30:17.599,"DI_Clamps"".DI.ClampRear.AtTower                  """,O
2025-09-30 15:30:17.611,"DI_Clamps"".DI.ClampRear.AtTower                  """,O
2025-09-30 15:30:17.622,"DI_Clamps"".DI.ClampRear.AtTower                  """,O
2025-09-30 15:30:17.632,"DI_Clamps"".DI.ClampRear.AtTower                  """,O
2025-09-30 15:30:17.643,"DI_Clamps"".DI.ClampRear.AtTower                  """,O
2025-09-30 15:30:17.725,"DI_Clamps"".DI.ClampRear.AtTower                  """,O
2025-09-30 15:30:17.736,"DI_Clamps"".DI.ClampRear.AtTower                  """,O
2025-09-30 15:30:17.748,"DI_Clamps"".DI.ClampRear.AtTower                  """,O
2025-09-30 15:30:17.759,"DI_Clamps"".DI.ClampRear.AtTower                  """,O
2025-09-30 15:30:17.770,"DI_Clamps"".DI.ClampRear.AtTower                  """,O
2025-09-30 15:30:17.780,"DI_Clamps"".DI.ClampRear.AtTower                  """,O
2025-09-30 15:30:17.791,"DI_Clamps"".DI.ClampRear.AtTower                  """,O
2025-09-30 15:30:17.802,"DI_Clamps"".DI.ClampRear.AtTower                  """,O
2025-09-30 15:30:17.814,"DI_Clamps"".DI.ClampRear.AtTower                  """,O
2025-09-30 15:30:17.825,"DI_Clamps"".DI.ClampRear.AtTower                  """,O
2025-09-30 15:30:17.836,"DI_Clamps"".DI.ClampRear.AtTower                  """,O
2025-09-30 15:30:17.847,"DI_Clamps"".DI.ClampRear.AtTower                  """,O
2025-09-30 15:30:17.858,"DI_Clamps"".DI.ClampRear.AtTower                  """,O
2025-09-30 15:30:17.869,"DI_Clamps"".DI.ClampRear.AtTower                  """,O
2025-09-30 15:30:17.880,"DI_Clamps"".DI.ClampRear.AtTower                  """,O
2025-09-30 15:30:17.891,"DI_Clamps"".DI.ClampRear.AtTower                  """,O
2025-09-30 15:30:17.902,"DI_Clamps"".DI.ClampRear.AtTower                  """,O
2025-09-30 15:30:17.914,"DI_Clamps"".DI.ClampRear.AtTower                  """,O
2025-09-30 15:30:17.926,"DI_Clamps"".DI.ClampRear.AtTower                  """,O
2025-09-30 15:30:17.936,"DI_Clamps"".DI.ClampRear.AtTower                  """,O
2025-09-30 15:30:17.947,"DI_Clamps"".DI.ClampRear.AtTower                  """,O
2025-09-30 15:30:17.962,"DI_Clamps"".DI.ClampRear.AtTower                  """,O
2025-09-30 15:30:17.973,"DI_Clamps"".DI.ClampRear.AtTower                  """,O
2025-09-30 15:30:17.983,"DI_Clamps"".DI.ClampRear.AtTower                  """,O
2025-09-30 15:30:17.994,"DI_Clamps"".DI.ClampRear.AtTower                  """,O
2025-09-30 15:30:18.007,"DI_Clamps"".DI.ClampRear.AtTower                  """,O
2025-09-30 15:30:18.017,"DI_Clamps"".DI.ClampRear.AtTower                  """,O
2025-09-30 15:30:18.028,"DI_Clamps"".DI.ClampRear.AtTower                  """,O
2025-09-30 15:30:18.039,"DI_Clamps"".DI.ClampRear.AtTower                  """,O
2025-09-30 15:30:18.050,"DI_Clamps"".DI.ClampRear.AtTower                  """,O
2025-09-30 15:30:18.061,"DI_Clamps"".DI.ClampRear.AtTower                  """,O
2025-09-30 15:30:18.072,"DI_Clamps"".DI.ClampRear.AtTower                  """,O
2025-09-30 15:30:18.083,"DI_Clamps"".DI.ClampRear.AtTower                  """,O
2025-09-30 15:30:18.093,"DI_Clamps"".DI.ClampRear.AtTower                  """,O
2025-09-30 15:30:18.104,"DI_Clamps"".DI.ClampRear.AtTower                  """,O
2025-09-30 15:30:18.117,"DI_Clamps"".DI.ClampRear.AtTower                  """,O
2025-09-30 15:30:18.127,"DI_Clamps"".DI.ClampRear.AtTower                  """,O
2025-09-30 15:30:18.138,"DI_Clamps"".DI.ClampRear.AtTower                  """,O
2025-09-30 15:30:18.150,"DI_Clamps"".DI.ClampRear.AtTower                  """,O
2025-09-30 15:30:18.161,"DI_Clamps"".DI.ClampRear.AtTower                  """,O
2025-09-30 15:30:18.172,"DI_Clamps"".DI.ClampRear.AtTower                  """,O
2025-09-30 15:30:18.183,"DI_Clamps"".DI.ClampRear.AtTower                  """,O
2025-09-30 15:30:18.193,"DI_Clamps"".DI.ClampRear.AtTower                  """,O
2025-09-30 15:30:18.204,"DI_Clamps"".DI.ClampRear.AtTower                  """,O
2025-09-30 15:30:18.217,"DI_Clamps"".DI.ClampRear.AtTower                  """,O
2025-09-30 15:30:18.227,"DI_Clamps"".DI.ClampRear.AtTower                  """,O
2025-09-30 15:30:18.238,"DI_Clamps"".DI.ClampRear.AtTower                  """,O
2025-09-30 15:30:18.250,"DI_Clamps"".DI.ClampRear.AtTower                  """,O
2025-09-30 15:30:18.260,"DI_Clamps"".DI.ClampRear.AtTower                  """,O
2025-09-30 15:30:18.271,"DI_Clamps"".DI.ClampRear.AtTower                  """,O
2025-09-30 15:30:18.288,"DI_Clamps"".DI.ClampRear.AtTower                  """,O
2025-09-30 15:30:18.299,"DI_Clamps"".DI.ClampRear.AtTower                  """,O
2025-09-30 15:30:18.311,"DI_Clamps"".DI.ClampRear.AtTower                  """,O
2025-09-30 15:30:18.322,"DI_Clamps"".DI.ClampRear.AtTower                  """,O
2025-09-30 15:30:18.333,"DI_Clamps"".DI.ClampRear.AtTower                  """,O
2025-09-30 15:30:18.344,"DI_Clamps"".DI.ClampRear.AtTower                  """,O
2025-09-30 15:30:18.357,"DI_Clamps"".DI.ClampRear.AtTower                  """,O
2025-09-30 15:30:18.368,"DI_Clamps"".DI.ClampRear.AtTower                  """,O
2025-09-30 15:30:18.379,"DI_Clamps"".DI.ClampRear.AtTower                  """,O
2025-09-30 15:30:18.390,"DI_Clamps"".DI.ClampRear.AtTower                  """,O
2025-09-30 15:30:18.400,"DI_Clamps"".DI.ClampRear.AtTower                  """,O
2025-09-30 15:30:18.412,"DI_Clamps"".DI.ClampRear.AtTower                  """,O
2025-09-30 15:30:18.423,"DI_Clamps"".DI.ClampRear.AtTower                  """,O
2025-09-30 15:30:18.434,"DI_Clamps"".DI.ClampRear.AtTower                  """,O
2025-09-30 15:30:18.445,"DI_Clamps"".DI.ClampRear.AtTower                  """,O
2025-09-30 15:30:18.457,"DI_Clamps"".DI.ClampRear.AtTower                  """,O
2025-09-30 15:30:18.471,"DI_Clamps"".DI.ClampRear.AtTower                  """,O
2025-09-30 15:30:18.482,"DI_Clamps"".DI.ClampRear.AtTower                  """,O
2025-09-30 15:30:18.493,"DI_Clamps"".DI.ClampRear.AtTower                  """,O
2025-09-30 15:30:18.503,"DI_Clamps"".DI.ClampRear.AtTower                  """,O
2025-09-30 15:30:18.516,"DI_Clamps"".DI.ClampRear.AtTower                  """,O
2025-09-30 15:30:18.527,"DI_Clamps"".DI.ClampRear.AtTower                  """,O
2025-09-30 15:30:18.537,"DI_Clamps"".DI.ClampRear.AtTower                  """,O
2025-09-30 15:30:18.549,"DI_Clamps"".DI.ClampRear.AtTower                  """,O
2025-09-30 15:30:18.560,"DI_Clamps"".DI.ClampRear.AtTower                  """,O
2025-09-30 15:30:18.571,"DI_Clamps"".DI.ClampRear.AtTower                  """,O
2025-09-30 15:30:18.581,"DI_Clamps"".DI.ClampRear.AtTower                  """,O
2025-09-30 15:30:18.592,"DI_Clamps"".DI.ClampRear.AtTower                  """,O
2025-09-30 15:30:18.603,"DI_Clamps"".DI.ClampRear.AtTower                  """,O
2025-09-30 15:30:18.615,"DI_Clamps"".DI.ClampRear.AtTower                  """,O
2025-09-30 15:30:18.626,"DI_Clamps"".DI.ClampRear.AtTower                  """,O
2025-09-30 15:30:18.637,"DI_Clamps"".DI.ClampRear.AtTower                  """,O
2025-09-30 15:30:18.648,"DI_Clamps"".DI.ClampRear.AtTower                  """,O
2025-09-30 15:30:18.729,"DI_Clamps"".DI.ClampRear.AtTower                  """,O
2025-09-30 15:30:18.740,"DI_Clamps"".DI.ClampRear.AtTower                  """,O
2025-09-30 15:30:18.752,"DI_Clamps"".DI.ClampRear.AtTower                  """,O
2025-09-30 15:30:18.767,"DI_Clamps"".DI.ClampRear.AtTower                  """,O
2025-09-30 15:30:18.778,"DI_Clamps"".DI.ClampRear.AtTower                  """,O
2025-09-30 15:30:18.788,"DI_Clamps"".DI.ClampRear.AtTower                  """,O
2025-09-30 15:30:18.799,"DI_Clamps"".DI.ClampRear.AtTower                  """,O
2025-09-30 15:30:18.811,"DI_Clamps"".DI.ClampRear.AtTower                  """,O
2025-09-30 15:30:18.822,"DI_Clamps"".DI.ClampRear.AtTower                  """,O
2025-09-30 15:30:18.833,"DI_Clamps"".DI.ClampRear.AtTower                  """,O
2025-09-30 15:30:18.844,"DI_Clamps"".DI.ClampRear.AtTower                  """,O
2025-09-30 15:30:18.856,"DI_Clamps"".DI.ClampRear.AtTower                  """,O
2025-09-30 15:30:18.866,"DI_Clamps"".DI.ClampRear.AtTower                  """,O
2025-09-30 15:30:18.877,"DI_Clamps"".DI.ClampRear.AtTower                  """,O
2025-09-30 15:30:18.888,"DI_Clamps"".DI.ClampRear.AtTower                  """,O
2025-09-30 15:30:18.899,"DI_Clamps"".DI.ClampRear.AtTower                  """,O
2025-09-30 15:30:18.911,"DI_Clamps"".DI.ClampRear.AtTower                  """,O
2025-09-30 15:30:18.922,"DI_Clamps"".DI.ClampRear.AtTower                  """,O
2025-09-30 15:30:18.932,"DI_Clamps"".DI.ClampRear.AtTower                  """,O
2025-09-30 15:30:18.943,"DI_Clamps"".DI.ClampRear.AtTower                  """,O
2025-09-30 15:30:18.955,"DI_Clamps"".DI.ClampRear.AtTower                  """,O
2025-09-30 15:30:18.966,"DI_Clamps"".DI.ClampRear.AtTower                  """,O
2025-09-30 15:30:18.976,"DI_Clamps"".DI.ClampRear.AtTower                  """,O
2025-09-30 15:30:18.991,"DI_Clamps"".DI.ClampRear.AtTower                  """,O
2025-09-30 15:30:19.001,"DI_Clamps"".DI.ClampRear.AtTower                  """,O
2025-09-30 15:30:19.014,"DI_Clamps"".DI.ClampRear.AtTower                  """,O
2025-09-30 15:30:19.024,"DI_Clamps"".DI.ClampRear.AtTower                  """,O
2025-09-30 15:30:19.035,"DI_Clamps"".DI.ClampRear.AtTower                  """,O
2025-09-30 15:30:19.047,"DI_Clamps"".DI.ClampRear.AtTower                  """,O
2025-09-30 15:30:19.058,"DI_Clamps"".DI.ClampRear.AtTower                  """,O
2025-09-30 15:30:19.068,"DI_Clamps"".DI.ClampRear.AtTower                  """,O
2025-09-30 15:30:19.079,"DI_Clamps"".DI.ClampRear.AtTower                  """,O
2025-09-30 15:30:19.090,"DI_Clamps"".DI.ClampRear.AtTower                  """,O
2025-09-30 15:30:19.101,"DI_Clamps"".DI.ClampRear.AtTower                  """,O
2025-09-30 15:30:19.113,"DI_Clamps"".DI.ClampRear.AtTower                  """,O
2025-09-30 15:30:19.124,"DI_Clamps"".DI.ClampRear.AtTower                  """,O
2025-09-30 15:30:19.134,"DI_Clamps"".DI.ClampRear.AtTower                  """,O
2025-09-30 15:30:19.147,"DI_Clamps"".DI.ClampRear.AtTower                  """,O
2025-09-30 15:30:19.157,"DI_Clamps"".DI.ClampRear.AtTower                  """,O
2025-09-30 15:30:19.171,"DI_Clamps"".DI.ClampRear.AtTower                  """,O
2025-09-30 15:30:19.182,"DI_Clamps"".DI.ClampRear.AtTower                  """,O
2025-09-30 15:30:19.193,"DI_Clamps"".DI.ClampRear.AtTower                  """,O
2025-09-30 15:30:19.203,"DI_Clamps"".DI.ClampRear.AtTower                  """,O
2025-09-30 15:30:19.216,"DI_Clamps"".DI.ClampRear.AtTower                  """,O
2025-09-30 15:30:19.227,"DI_Clamps"".DI.ClampRear.AtTower                  """,O
2025-09-30 15:30:19.238,"DI_Clamps"".DI.ClampRear.AtTower                  """,O
2025-09-30 15:30:19.249,"DI_Clamps"".DI.ClampRear.AtTower                  """,O
2025-09-30 15:30:19.260,"DI_Clamps"".DI.ClampRear.AtTower                  """,O
2025-09-30 15:30:19.271,"DI_Clamps"".DI.ClampRear.AtTower                  """,O
2025-09-30 15:30:19.281,"DI_Clamps"".DI.ClampRear.AtTower                  """,O
2025-09-30 15:30:19.292,"DI_Clamps"".DI.ClampRear.AtTower                  """,O
2025-09-30 15:30:19.303,"DI_Clamps"".DI.ClampRear.AtTower                  """,O
2025-09-30 15:30:19.315,"DI_Clamps"".DI.ClampRear.AtTower                  """,O
2025-09-30 15:30:19.327,"DI_Clamps"".DI.ClampRear.AtTower                  """,O
2025-09-30 15:30:19.338,"DI_Clamps"".DI.ClampRear.AtTower                  """,O
2025-09-30 15:30:19.350,"DI_Clamps"".DI.ClampRear.AtTower                  """,O
2025-09-30 15:30:19.361,"DI_Clamps"".DI.ClampRear.AtTower                  """,O
2025-09-30 15:30:19.372,"DI_Clamps"".DI.ClampRear.AtTower                  """,O
2025-09-30 15:30:19.383,"DI_Clamps"".DI.ClampRear.AtTower                  """,O
2025-09-30 15:30:19.393,"DI_Clamps"".DI.ClampRear.AtTower                  """,O
2025-09-30 15:30:19.404,"DI_Clamps"".DI.ClampRear.AtTower                  """,O
2025-09-30 15:30:19.417,"DI_Clamps"".DI.ClampRear.AtTower                  """,O
2025-09-30 15:30:19.427,"DI_Clamps"".DI.ClampRear.AtTower                  """,O
2025-09-30 15:30:19.438,"DI_Clamps"".DI.ClampRear.AtTower                  """,O
2025-09-30 15:30:19.450,"DI_Clamps"".DI.ClampRear.AtTower                  """,O
2025-09-30 15:30:19.460,"DI_Clamps"".DI.ClampRear.AtTower                  """,O
2025-09-30 15:30:19.471,"DI_Clamps"".DI.ClampRear.AtTower                  """,O
2025-09-30 15:30:19.482,"DI_Clamps"".DI.ClampRear.AtTower                  """,O
2025-09-30 15:30:19.493,"DI_Clamps"".DI.ClampRear.AtTower                  """,O
2025-09-30 15:30:19.508,"DI_Clamps"".DI.ClampRear.AtTower                  """,O
2025-09-30 15:30:19.519,"DI_Clamps"".DI.ClampRear.AtTower                  """,O
2025-09-30 15:30:19.530,"DI_Clamps"".DI.ClampRear.AtTower                  """,O
2025-09-30 15:30:19.541,"DI_Clamps"".DI.ClampRear.AtTower                  """,O
2025-09-30 15:30:19.552,"DI_Clamps"".DI.ClampRear.AtTower                  """,O
2025-09-30 15:30:19.563,"DI_Clamps"".DI.ClampRear.AtTower                  """,O
2025-09-30 15:30:19.574,"DI_Clamps"".DI.ClampRear.AtTower                  """,O
2025-09-30 15:30:19.584,"DI_Clamps"".DI.ClampRear.AtTower                  """,O
2025-09-30 15:30:19.596,"DI_Clamps"".DI.ClampRear.AtTower                  """,O
2025-09-30 15:30:19.608,"DI_Clamps"".DI.ClampRear.AtTower                  """,O
2025-09-30 15:30:19.618,"DI_Clamps"".DI.ClampRear.AtTower                  """,O
2025-09-30 15:30:19.629,"DI_Clamps"".DI.ClampRear.AtTower                  """,O
2025-09-30 15:30:19.640,"DI_Clamps"".DI.ClampRear.AtTower                  """,O
2025-09-30 15:30:19.655,"DI_Clamps"".DI.ClampRear.AtTower                  """,O
2025-09-30 15:30:19.736,"DI_Clamps"".DI.ClampRear.AtTower                  """,O
2025-09-30 15:30:19.748,"DI_Clamps"".DI.ClampRear.AtTower                  """,O
2025-09-30 15:30:19.759,"DI_Clamps"".DI.ClampRear.AtTower                  """,O
2025-09-30 15:30:19.770,"DI_Clamps"".DI.ClampRear.AtTower                  """,O
2025-09-30 15:30:19.781,"DI_Clamps"".DI.ClampRear.AtTower                  """,O
2025-09-30 15:30:19.791,"DI_Clamps"".DI.ClampRear.AtTower                  """,O
2025-09-30 15:30:19.802,"DI_Clamps"".DI.ClampRear.AtTower                  """,O
2025-09-30 15:30:19.814,"DI_Clamps"".DI.ClampRear.AtTower                  """,O
2025-09-30 15:30:19.825,"DI_Clamps"".DI.ClampRear.AtTower                  """,O
2025-09-30 15:30:19.836,"DI_Clamps"".DI.ClampRear.AtTower                  """,O
2025-09-30 15:30:19.848,"DI_Clamps"".DI.ClampRear.AtTower                  """,O
2025-09-30 15:30:19.858,"DI_Clamps"".DI.ClampRear.AtTower                  """,O
2025-09-30 15:30:19.869,"DI_Clamps"".DI.ClampRear.AtTower                  """,O
2025-09-30 15:30:19.880,"DI_Clamps"".DI.ClampRear.AtTower                  """,O
2025-09-30 15:30:19.891,"DI_Clamps"".DI.ClampRear.AtTower                  """,O
2025-09-30 15:30:19.901,"DI_Clamps"".DI.ClampRear.AtTower                  """,O
2025-09-30 15:30:19.913,"DI_Clamps"".DI.ClampRear.AtTower                  """,O
2025-09-30 15:30:19.924,"DI_Clamps"".DI.ClampRear.AtTower                  """,O
2025-09-30 15:30:19.935,"DI_Clamps"".DI.ClampRear.AtTower                  """,O
2025-09-30 15:30:19.947,"DI_Clamps"".DI.ClampRear.AtTower                  """,O
2025-09-30 15:30:19.958,"DI_Clamps"".DI.ClampRear.AtTower                  """,O
2025-09-30 15:30:19.972,"DI_Clamps"".DI.ClampRear.AtTower                  """,O
2025-09-30 15:30:19.983,"DI_Clamps"".DI.ClampRear.AtTower                  """,O
2025-09-30 15:30:19.994,"DI_Clamps"".DI.ClampRear.AtTower                  """,O
2025-09-30 15:30:20.004,"DI_Clamps"".DI.ClampRear.AtTower                  """,O
2025-09-30 15:30:20.017,"DI_Clamps"".DI.ClampRear.AtTower                  """,O
2025-09-30 15:30:20.028,"DI_Clamps"".DI.ClampRear.AtTower                  """,O
2025-09-30 15:30:20.039,"DI_Clamps"".DI.ClampRear.AtTower                  """,O
2025-09-30 15:30:20.050,"DI_Clamps"".DI.ClampRear.AtTower                  """,O
2025-09-30 15:30:20.061,"DI_Clamps"".DI.ClampRear.AtTower                  """,O
2025-09-30 15:30:20.072,"DI_Clamps"".DI.ClampRear.AtTower                  """,O
2025-09-30 15:30:20.082,"DI_Clamps"".DI.ClampRear.AtTower                  """,O
2025-09-30 15:30:20.093,"DI_Clamps"".DI.ClampRear.AtTower                  """,O
2025-09-30 15:30:20.104,"DI_Clamps"".DI.ClampRear.AtTower                  """,O
2025-09-30 15:30:20.116,"DI_Clamps"".DI.ClampRear.AtTower                  """,O
2025-09-30 15:30:20.127,"DI_Clamps"".DI.ClampRear.AtTower                  """,O
2025-09-30 15:30:20.138,"DI_Clamps"".DI.ClampRear.AtTower                  """,O
2025-09-30 15:30:20.149,"DI_Clamps"".DI.ClampRear.AtTower                  """,O
2025-09-30 15:30:20.160,"DI_Clamps"".DI.ClampRear.AtTower                  """,O
2025-09-30 15:30:20.171,"DI_Clamps"".DI.ClampRear.AtTower                  """,O
2025-09-30 15:30:20.181,"DI_Clamps"".DI.ClampRear.AtTower                  """,O
2025-09-30 15:30:20.192,"DI_Clamps"".DI.ClampRear.AtTower                  """,O
2025-09-30 15:30:20.203,"DI_Clamps"".DI.ClampRear.AtTower                  """,O
2025-09-30 15:30:20.216,"DI_Clamps"".DI.ClampRear.AtTower                  """,O
2025-09-30 15:30:20.226,"DI_Clamps"".DI.ClampRear.AtTower                  """,O
2025-09-30 15:30:20.237,"DI_Clamps"".DI.ClampRear.AtTower                  """,O
2025-09-30 15:30:20.248,"DI_Clamps"".DI.ClampRear.AtTower                  """,O
2025-09-30 15:30:20.259,"DI_Clamps"".DI.ClampRear.AtTower                  """,O
2025-09-30 15:30:20.270,"DI_Clamps"".DI.ClampRear.AtTower                  """,O
2025-09-30 15:30:20.281,"DI_Clamps"".DI.ClampRear.AtTower                  """,O
2025-09-30 15:30:20.292,"DI_Clamps"".DI.ClampRear.AtTower                  """,O
2025-09-30 15:30:20.302,"DI_Clamps"".DI.ClampRear.AtTower                  """,O
2025-09-30 15:30:20.315,"DI_Clamps"".DI.ClampRear.AtTower                  """,O
2025-09-30 15:30:20.327,"DI_Clamps"".DI.ClampRear.AtTower                  """,O
2025-09-30 15:30:20.338,"DI_Clamps"".DI.ClampRear.AtTower                  """,O
2025-09-30 15:30:20.349,"DI_Clamps"".DI.ClampRear.AtTower                  """,O
2025-09-30 15:30:20.360,"DI_Clamps"".DI.ClampRear.AtTower                  """,O
2025-09-30 15:30:20.371,"DI_Clamps"".DI.ClampRear.AtTower                  """,O
2025-09-30 15:30:20.382,"DI_Clamps"".DI.ClampRear.AtTower                  """,O
2025-09-30 15:30:20.392,"DI_Clamps"".DI.ClampRear.AtTower                  """,O
2025-09-30 15:30:20.403,"DI_Clamps"".DI.ClampRear.AtTower                  """,O
2025-09-30 15:30:20.416,"DI_Clamps"".DI.ClampRear.AtTower                  """,O
2025-09-30 15:30:20.426,"DI_Clamps"".DI.ClampRear.AtTower                  """,O
2025-09-30 15:30:20.437,"DI_Clamps"".DI.ClampRear.AtTower                  """,O
2025-09-30 15:30:20.449,"DI_Clamps"".DI.ClampRear.AtTower                  """,O
2025-09-30 15:30:20.459,"DI_Clamps"".DI.ClampRear.AtTower                  """,O
2025-09-30 15:30:20.470,"DI_Clamps"".DI.ClampRear.AtTower                  """,O
2025-09-30 15:30:20.481,"DI_Clamps"".DI.ClampRear.AtTower                  """,O
2025-09-30 15:30:20.492,"DI_Clamps"".DI.ClampRear.AtTower                  """,O
2025-09-30 15:30:20.502,"DI_Clamps"".DI.ClampRear.AtTower                  """,O
2025-09-30 15:30:20.514,"DI_Clamps"".DI.ClampRear.AtTower                  """,O
2025-09-30 15:30:20.525,"DI_Clamps"".DI.ClampRear.AtTower                  """,O
2025-09-30 15:30:20.540,"DI_Clamps"".DI.ClampRear.AtTower                  """,O
2025-09-30 15:30:20.551,"DI_Clamps"".DI.ClampRear.AtTower                  """,O
2025-09-30 15:30:20.562,"DI_Clamps"".DI.ClampRear.AtTower                  """,O
2025-09-30 15:30:20.573,"DI_Clamps"".DI.ClampRear.AtTower                  """,O
2025-09-30 15:30:20.584,"DI_Clamps"".DI.ClampRear.AtTower                  """,O
2025-09-30 15:30:20.595,"DI_Clamps"".DI.ClampRear.AtTower                  """,O
2025-09-30 15:30:20.607,"DI_Clamps"".DI.ClampRear.AtTower                  """,O
2025-09-30 15:30:20.618,"DI_Clamps"".DI.ClampRear.AtTower                  """,O
2025-09-30 15:30:20.629,"DI_Clamps"".DI.ClampRear.AtTower                  """,O
2025-09-30 15:30:20.639,"DI_Clamps"".DI.ClampRear.AtTower                  """,O
2025-09-30 15:30:20.651,"DI_Clamps"".DI.ClampRear.AtTower                  """,O
2025-09-30 15:30:20.662,"DI_Clamps"".DI.ClampRear.AtTower                  """,O
2025-09-30 15:30:20.747,"DI_Clamps"".DI.ClampRear.AtTower                  """,O
2025-09-30 15:30:20.758,"DI_Clamps"".DI.ClampRear.AtTower                  """,O
2025-09-30 15:30:20.769,"DI_Clamps"".DI.ClampRear.AtTower                  """,O
2025-09-30 15:30:20.780,"DI_Clamps"".DI.ClampRear.AtTower                  """,O
2025-09-30 15:30:20.790,"DI_Clamps"".DI.ClampRear.AtTower                  """,O
2025-09-30 15:30:20.801,"DI_Clamps"".DI.ClampRear.AtTower                  """,O
2025-09-30 15:30:20.813,"DI_Clamps"".DI.ClampRear.AtTower                  """,O
2025-09-30 15:30:20.824,"DI_Clamps"".DI.ClampRear.AtTower                  """,O
2025-09-30 15:30:20.835,"DI_Clamps"".DI.ClampRear.AtTower                  """,O
2025-09-30 15:30:20.846,"DI_Clamps"".DI.ClampRear.AtTower                  """,O
2025-09-30 15:30:20.861,"DI_Clamps"".DI.ClampRear.AtTower                  """,O
2025-09-30 15:30:20.872,"DI_Clamps"".DI.ClampRear.AtTower                  """,O
2025-09-30 15:30:20.883,"DI_Clamps"".DI.ClampRear.AtTower                  """,O
2025-09-30 15:30:20.893,"DI_Clamps"".DI.ClampRear.AtTower                  """,O
2025-09-30 15:30:20.904,"DI_Clamps"".DI.ClampRear.AtTower                  """,O
2025-09-30 15:30:20.917,"DI_Clamps"".DI.ClampRear.AtTower                  """,O
2025-09-30 15:30:20.928,"DI_Clamps"".DI.ClampRear.AtTower                  """,O
2025-09-30 15:30:20.939,"DI_Clamps"".DI.ClampRear.AtTower                  """,O
2025-09-30 15:30:20.950,"DI_Clamps"".DI.ClampRear.AtTower                  """,O
2025-09-30 15:30:20.961,"DI_Clamps"".DI.ClampRear.AtTower                  """,O
2025-09-30 15:30:20.972,"DI_Clamps"".DI.ClampRear.AtTower                  """,O
2025-09-30 15:30:20.983,"DI_Clamps"".DI.ClampRear.AtTower                  """,O
2025-09-30 15:30:20.993,"DI_Clamps"".DI.ClampRear.AtTower                  """,O
2025-09-30 15:30:21.004,"DI_Clamps"".DI.ClampRear.AtTower                  """,O
2025-09-30 15:30:21.017,"DI_Clamps"".DI.ClampRear.AtTower                  """,O
2025-09-30 15:30:21.027,"DI_Clamps"".DI.ClampRear.AtTower                  """,O
2025-09-30 15:30:21.038,"DI_Clamps"".DI.ClampRear.AtTower                  """,O
2025-09-30 15:30:21.053,"DI_Clamps"".DI.ClampRear.AtTower                  """,O
2025-09-30 15:30:21.064,"DI_Clamps"".DI.ClampRear.AtTower                  """,O
2025-09-30 15:30:21.074,"DI_Clamps"".DI.ClampRear.AtTower                  """,O
2025-09-30 15:30:21.086,"DI_Clamps"".DI.ClampRear.AtTower                  """,O
2025-09-30 15:30:21.096,"DI_Clamps"".DI.ClampRear.AtTower                  """,O
2025-09-30 15:30:21.108,"DI_Clamps"".DI.ClampRear.AtTower                  """,O
2025-09-30 15:30:21.119,"DI_Clamps"".DI.ClampRear.AtTower                  """,O
2025-09-30 15:30:21.130,"DI_Clamps"".DI.ClampRear.AtTower                  """,O
2025-09-30 15:30:21.141,"DI_Clamps"".DI.ClampRear.AtTower                  """,O
2025-09-30 15:30:21.152,"DI_Clamps"".DI.ClampRear.AtTower                  """,O
2025-09-30 15:30:21.164,"DI_Clamps"".DI.ClampRear.AtTower                  """,O
2025-09-30 15:30:21.174,"DI_Clamps"".DI.ClampRear.AtTower                  """,O
2025-09-30 15:30:21.186,"DI_Clamps"".DI.ClampRear.AtTower                  """,O
2025-09-30 15:30:21.196,"DI_Clamps"".DI.ClampRear.AtTower                  """,O
2025-09-30 15:30:21.208,"DI_Clamps"".DI.ClampRear.AtTower                  """,O
2025-09-30 15:30:21.219,"DI_Clamps"".DI.ClampRear.AtTower                  """,O
2025-09-30 15:30:21.230,"DI_Clamps"".DI.ClampRear.AtTower                  """,O
2025-09-30 15:30:21.241,"DI_Clamps"".DI.ClampRear.AtTower                  """,O
2025-09-30 15:30:21.252,"DI_Clamps"".DI.ClampRear.AtTower                  """,O
2025-09-30 15:30:21.267,"DI_Clamps"".DI.ClampRear.AtTower                  """,O
2025-09-30 15:30:21.277,"DI_Clamps"".DI.ClampRear.AtTower                  """,O
2025-09-30 15:30:21.288,"DI_Clamps"".DI.ClampRear.AtTower                  """,O
2025-09-30 15:30:21.299,"DI_Clamps"".DI.ClampRear.AtTower                  """,O
2025-09-30 15:30:21.318,"DI_Clamps"".DI.ClampRear.AtTower                  """,O
2025-09-30 15:30:21.329,"DI_Clamps"".DI.ClampRear.AtTower                  """,O
2025-09-30 15:30:21.340,"DI_Clamps"".DI.ClampRear.AtTower                  """,O
2025-09-30 15:30:21.352,"DI_Clamps"".DI.ClampRear.AtTower                  """,O
2025-09-30 15:30:21.362,"DI_Clamps"".DI.ClampRear.AtTower                  """,O
2025-09-30 15:30:21.373,"DI_Clamps"".DI.ClampRear.AtTower                  """,O
2025-09-30 15:30:21.384,"DI_Clamps"".DI.ClampRear.AtTower                  """,O
2025-09-30 15:30:21.394,"DI_Clamps"".DI.ClampRear.AtTower                  """,O
2025-09-30 15:30:21.407,"DI_Clamps"".DI.ClampRear.AtTower                  """,O
2025-09-30 15:30:21.418,"DI_Clamps"".DI.ClampRear.AtTower                  """,O
2025-09-30 15:30:21.432,"DI_Clamps"".DI.ClampRear.AtTower                  """,O
2025-09-30 15:30:21.443,"DI_Clamps"".DI.ClampRear.AtTower                  """,O
2025-09-30 15:30:21.454,"DI_Clamps"".DI.ClampRear.AtTower                  """,O
2025-09-30 15:30:21.466,"DI_Clamps"".DI.ClampRear.AtTower                  """,O
2025-09-30 15:30:21.476,"DI_Clamps"".DI.ClampRear.AtTower                  """,O
2025-09-30 15:30:21.487,"DI_Clamps"".DI.ClampRear.AtTower                  """,O
2025-09-30 15:30:21.498,"DI_Clamps"".DI.ClampRear.AtTower                  """,O
2025-09-30 15:30:21.511,"DI_Clamps"".DI.ClampRear.AtTower                  """,O
2025-09-30 15:30:21.521,"DI_Clamps"".DI.ClampRear.AtTower                  """,O
2025-09-30 15:30:21.532,"DI_Clamps"".DI.ClampRear.AtTower                  """,O
2025-09-30 15:30:21.543,"DI_Clamps"".DI.ClampRear.AtTower                  """,O
2025-09-30 15:30:21.554,"DI_Clamps"".DI.ClampRear.AtTower                  """,O
2025-09-30 15:30:21.569,"DI_Clamps"".DI.ClampRear.AtTower                  """,O
2025-09-30 15:30:21.580,"DI_Clamps"".DI.ClampRear.AtTower                  """,O
2025-09-30 15:30:21.590,"DI_Clamps"".DI.ClampRear.AtTower                  """,O
2025-09-30 15:30:21.601,"DI_Clamps"".DI.ClampRear.AtTower                  """,O
2025-09-30 15:30:21.613,"DI_Clamps"".DI.ClampRear.AtTower                  """,O
2025-09-30 15:30:21.625,"DI_Clamps"".DI.ClampRear.AtTower                  """,O
2025-09-30 15:30:21.636,"DI_Clamps"".DI.ClampRear.AtTower                  """,O
2025-09-30 15:30:21.647,"DI_Clamps"".DI.ClampRear.AtTower                  """,O
2025-09-30 15:30:21.658,"DI_Clamps"".DI.ClampRear.AtTower                  """,O
2025-09-30 15:30:21.669,"DI_Clamps"".DI.ClampRear.AtTower                  """,O
2025-09-30 15:30:21.680,"DI_Clamps"".DI.ClampRear.AtTower                  """,O
2025-09-30 15:30:21.763,"DI_Clamps"".DI.ClampRear.AtTower                  """,O
2025-09-30 15:30:21.773,"DI_Clamps"".DI.ClampRear.AtTower                  """,O
2025-09-30 15:30:21.784,"DI_Clamps"".DI.ClampRear.AtTower                  """,O
2025-09-30 15:30:21.795,"DI_Clamps"".DI.ClampRear.AtTower                  """,O
2025-09-30 15:30:21.807,"DI_Clamps"".DI.ClampRear.AtTower                  """,O
2025-09-30 15:30:21.818,"DI_Clamps"".DI.ClampRear.AtTower                  """,O
2025-09-30 15:30:21.829,"DI_Clamps"".DI.ClampRear.AtTower                  """,O
2025-09-30 15:30:21.840,"DI_Clamps"".DI.ClampRear.AtTower                  """,O
2025-09-30 15:30:21.851,"DI_Clamps"".DI.ClampRear.AtTower                  """,O
2025-09-30 15:30:21.862,"DI_Clamps"".DI.ClampRear.AtTower                  """,O
2025-09-30 15:30:21.873,"DI_Clamps"".DI.ClampRear.AtTower                  """,O
2025-09-30 15:30:21.883,"DI_Clamps"".DI.ClampRear.AtTower                  """,O
2025-09-30 15:30:21.894,"DI_Clamps"".DI.ClampRear.AtTower                  """,O
2025-09-30 15:30:21.907,"DI_Clamps"".DI.ClampRear.AtTower                  """,O
2025-09-30 15:30:21.917,"DI_Clamps"".DI.ClampRear.AtTower                  """,O
2025-09-30 15:30:21.928,"DI_Clamps"".DI.ClampRear.AtTower                  """,O
2025-09-30 15:30:21.939,"DI_Clamps"".DI.ClampRear.AtTower                  """,O
2025-09-30 15:30:21.950,"DI_Clamps"".DI.ClampRear.AtTower                  """,O
2025-09-30 15:30:21.961,"DI_Clamps"".DI.ClampRear.AtTower                  """,O
2025-09-30 15:30:21.972,"DI_Clamps"".DI.ClampRear.AtTower                  """,O
2025-09-30 15:30:21.983,"DI_Clamps"".DI.ClampRear.AtTower                  """,O
2025-09-30 15:30:21.993,"DI_Clamps"".DI.ClampRear.AtTower                  """,O
2025-09-30 15:30:22.004,"DI_Clamps"".DI.ClampRear.AtTower                  """,O
2025-09-30 15:30:22.017,"DI_Clamps"".DI.ClampRear.AtTower                  """,O
2025-09-30 15:30:22.031,"DI_Clamps"".DI.ClampRear.AtTower                  """,O
2025-09-30 15:30:22.042,"DI_Clamps"".DI.ClampRear.AtTower                  """,O
2025-09-30 15:30:22.053,"DI_Clamps"".DI.ClampRear.AtTower                  """,O
2025-09-30 15:30:22.064,"DI_Clamps"".DI.ClampRear.AtTower                  """,O
2025-09-30 15:30:22.075,"DI_Clamps"".DI.ClampRear.AtTower                  """,O
2025-09-30 15:30:22.089,"DI_Clamps"".DI.ClampRear.AtTower                  """,O
2025-09-30 15:30:22.101,"DI_Clamps"".DI.ClampRear.AtTower                  """,O
2025-09-30 15:30:22.113,"DI_Clamps"".DI.ClampRear.AtTower                  """,O
2025-09-30 15:30:22.124,"DI_Clamps"".DI.ClampRear.AtTower                  """,O
2025-09-30 15:30:22.134,"DI_Clamps"".DI.ClampRear.AtTower                  """,O
2025-09-30 15:30:22.146,"DI_Clamps"".DI.ClampRear.AtTower                  """,O
2025-09-30 15:30:22.157,"DI_Clamps"".DI.ClampRear.AtTower                  """,O
2025-09-30 15:30:22.168,"DI_Clamps"".DI.ClampRear.AtTower                  """,O
2025-09-30 15:30:22.179,"DI_Clamps"".DI.ClampRear.AtTower                  """,O
2025-09-30 15:30:22.189,"DI_Clamps"".DI.ClampRear.AtTower                  """,O
2025-09-30 15:30:22.200,"DI_Clamps"".DI.ClampRear.AtTower                  """,O
2025-09-30 15:30:22.212,"DI_Clamps"".DI.ClampRear.AtTower                  """,O
2025-09-30 15:30:22.223,"DI_Clamps"".DI.ClampRear.AtTower                  """,O
2025-09-30 15:30:22.234,"DI_Clamps"".DI.ClampRear.AtTower                  """,O
2025-09-30 15:30:22.245,"DI_Clamps"".DI.ClampRear.AtTower                  """,O
2025-09-30 15:30:22.257,"DI_Clamps"".DI.ClampRear.AtTower                  """,O
2025-09-30 15:30:22.267,"DI_Clamps"".DI.ClampRear.AtTower                  """,O
2025-09-30 15:30:22.278,"DI_Clamps"".DI.ClampRear.AtTower                  """,O
2025-09-30 15:30:22.289,"DI_Clamps"".DI.ClampRear.AtTower                  """,O
2025-09-30 15:30:22.300,"DI_Clamps"".DI.ClampRear.AtTower                  """,O
2025-09-30 15:30:22.312,"DI_Clamps"".DI.ClampRear.AtTower                  """,O
2025-09-30 15:30:22.322,"DI_Clamps"".DI.ClampRear.AtTower                  """,O
2025-09-30 15:30:22.333,"DI_Clamps"".DI.ClampRear.AtTower                  """,O
2025-09-30 15:30:22.344,"DI_Clamps"".DI.ClampRear.AtTower                  """,O
2025-09-30 15:30:22.356,"DI_Clamps"".DI.ClampRear.AtTower                  """,O
2025-09-30 15:30:22.367,"DI_Clamps"".DI.ClampRear.AtTower                  """,O
2025-09-30 15:30:22.378,"DI_Clamps"".DI.ClampRear.AtTower                  """,O
2025-09-30 15:30:22.389,"DI_Clamps"".DI.ClampRear.AtTower                  """,O
2025-09-30 15:30:22.399,"DI_Clamps"".DI.ClampRear.AtTower                  """,O
2025-09-30 15:30:22.413,"DI_Clamps"".DI.ClampRear.AtTower                  """,O
2025-09-30 15:30:22.427,"DI_Clamps"".DI.ClampRear.AtTower                  """,O
2025-09-30 15:30:22.438,"DI_Clamps"".DI.ClampRear.AtTower                  """,O
2025-09-30 15:30:22.450,"DI_Clamps"".DI.ClampRear.AtTower                  """,O
2025-09-30 15:30:22.461,"DI_Clamps"".DI.ClampRear.AtTower                  """,O
2025-09-30 15:30:22.471,"DI_Clamps"".DI.ClampRear.AtTower                  """,O
2025-09-30 15:30:22.482,"DI_Clamps"".DI.ClampRear.AtTower                  """,O
2025-09-30 15:30:22.493,"DI_Clamps"".DI.ClampRear.AtTower                  """,O
2025-09-30 15:30:22.503,"DI_Clamps"".DI.ClampRear.AtTower                  """,O
2025-09-30 15:30:22.516,"DI_Clamps"".DI.ClampRear.AtTower                  """,O
2025-09-30 15:30:22.527,"DI_Clamps"".DI.ClampRear.AtTower                  """,O
2025-09-30 15:30:22.538,"DI_Clamps"".DI.ClampRear.AtTower                  """,O
2025-09-30 15:30:22.549,"DI_Clamps"".DI.ClampRear.AtTower                  """,O
2025-09-30 15:30:22.560,"DI_Clamps"".DI.ClampRear.AtTower                  """,O
2025-09-30 15:30:22.571,"DI_Clamps"".DI.ClampRear.AtTower                  """,O
2025-09-30 15:30:22.581,"DI_Clamps"".DI.ClampRear.AtTower                  """,O
2025-09-30 15:30:22.592,"DI_Clamps"".DI.ClampRear.AtTower                  """,O
2025-09-30 15:30:22.608,"DI_Clamps"".DI.ClampRear.AtTower                  """,O
2025-09-30 15:30:22.619,"DI_Clamps"".DI.ClampRear.AtTower                  """,O
2025-09-30 15:30:22.630,"DI_Clamps"".DI.ClampRear.AtTower                  """,O
2025-09-30 15:30:22.640,"DI_Clamps"".DI.ClampRear.AtTower                  """,O
2025-09-30 15:30:22.652,"DI_Clamps"".DI.ClampRear.AtTower                  """,O
2025-09-30 15:30:22.663,"DI_Clamps"".DI.ClampRear.AtTower                  """,O
2025-09-30 15:30:22.673,"DI_Clamps"".DI.ClampRear.AtTower                  """,O
2025-09-30 15:30:22.684,"DI_Clamps"".DI.ClampRear.AtTower                  """,O
2025-09-30 15:30:22.760,"DI_Clamps"".DI.ClampRear.AtTower                  """,O
2025-09-30 15:30:22.771,"DI_Clamps"".DI.ClampRear.AtTower                  """,O
2025-09-30 15:30:22.782,"DI_Clamps"".DI.ClampRear.AtTower                  """,O
2025-09-30 15:30:22.793,"DI_Clamps"".DI.ClampRear.AtTower                  """,O
2025-09-30 15:30:22.803,"DI_Clamps"".DI.ClampRear.AtTower                  """,O
2025-09-30 15:30:22.816,"DI_Clamps"".DI.ClampRear.AtTower                  """,O
2025-09-30 15:30:22.827,"DI_Clamps"".DI.ClampRear.AtTower                  """,O
2025-09-30 15:30:22.838,"DI_Clamps"".DI.ClampRear.AtTower                  """,O
2025-09-30 15:30:22.849,"DI_Clamps"".DI.ClampRear.AtTower                  """,O
2025-09-30 15:30:22.860,"DI_Clamps"".DI.ClampRear.AtTower                  """,O
2025-09-30 15:30:22.871,"DI_Clamps"".DI.ClampRear.AtTower                  """,O
2025-09-30 15:30:22.881,"DI_Clamps"".DI.ClampRear.AtTower                  """,O
2025-09-30 15:30:22.892,"DI_Clamps"".DI.ClampRear.AtTower                  """,O
2025-09-30 15:30:22.903,"DI_Clamps"".DI.ClampRear.AtTower                  """,O
2025-09-30 15:30:22.915,"DI_Clamps"".DI.ClampRear.AtTower                  """,O
2025-09-30 15:30:22.926,"DI_Clamps"".DI.ClampRear.AtTower                  """,O
2025-09-30 15:30:22.937,"DI_Clamps"".DI.ClampRear.AtTower                  """,O
2025-09-30 15:30:22.948,"DI_Clamps"".DI.ClampRear.AtTower                  """,O
2025-09-30 15:30:22.959,"DI_Clamps"".DI.ClampRear.AtTower                  """,O
2025-09-30 15:30:22.971,"DI_Clamps"".DI.ClampRear.AtTower                  """,O
2025-09-30 15:30:22.981,"DI_Clamps"".DI.ClampRear.AtTower                  """,O
2025-09-30 15:30:22.992,"DI_Clamps"".DI.ClampRear.AtTower                  """,O
2025-09-30 15:30:23.003,"DI_Clamps"".DI.ClampRear.AtTower                  """,O
2025-09-30 15:30:23.015,"DI_Clamps"".DI.ClampRear.AtTower                  """,O
2025-09-30 15:30:23.026,"DI_Clamps"".DI.ClampRear.AtTower                  """,O
2025-09-30 15:30:23.037,"DI_Clamps"".DI.ClampRear.AtTower                  """,O
2025-09-30 15:30:23.048,"DI_Clamps"".DI.ClampRear.AtTower                  """,O
2025-09-30 15:30:23.059,"DI_Clamps"".DI.ClampRear.AtTower                  """,O
2025-09-30 15:30:23.070,"DI_Clamps"".DI.ClampRear.AtTower                  """,O
2025-09-30 15:30:23.081,"DI_Clamps"".DI.ClampRear.AtTower                  """,O
2025-09-30 15:30:23.092,"DI_Clamps"".DI.ClampRear.AtTower                  """,O
2025-09-30 15:30:23.102,"DI_Clamps"".DI.ClampRear.AtTower                  """,O
2025-09-30 15:30:23.114,"DI_Clamps"".DI.ClampRear.AtTower                  """,O
2025-09-30 15:30:23.129,"DI_Clamps"".DI.ClampRear.AtTower                  """,O
2025-09-30 15:30:23.143,"DI_Clamps"".DI.ClampRear.AtTower                  """,O
2025-09-30 15:30:23.155,"DI_Clamps"".DI.ClampRear.AtTower                  """,O
2025-09-30 15:30:23.166,"DI_Clamps"".DI.ClampRear.AtTower                  """,O
2025-09-30 15:30:23.177,"DI_Clamps"".DI.ClampRear.AtTower                  """,O
2025-09-30 15:30:23.188,"DI_Clamps"".DI.ClampRear.AtTower                  """,O
2025-09-30 15:30:23.198,"DI_Clamps"".DI.ClampRear.AtTower                  """,O
2025-09-30 15:30:23.211,"DI_Clamps"".DI.ClampRear.AtTower                  """,O
2025-09-30 15:30:23.221,"DI_Clamps"".DI.ClampRear.AtTower                  """,O
2025-09-30 15:30:23.232,"DI_Clamps"".DI.ClampRear.AtTower                  """,O
2025-09-30 15:30:23.243,"DI_Clamps"".DI.ClampRear.AtTower                  """,O
2025-09-30 15:30:23.254,"DI_Clamps"".DI.ClampRear.AtTower                  """,O
2025-09-30 15:30:23.265,"DI_Clamps"".DI.ClampRear.AtTower                  """,O
2025-09-30 15:30:23.276,"DI_Clamps"".DI.ClampRear.AtTower                  """,O
2025-09-30 15:30:23.288,"DI_Clamps"".DI.ClampRear.AtTower                  """,O
2025-09-30 15:30:23.298,"DI_Clamps"".DI.ClampRear.AtTower                  """,O
2025-09-30 15:30:23.330,"DI_Clamps"".DI.ClampRear.AtTower                  """,O
2025-09-30 15:30:23.345,"DI_Clamps"".DI.ClampRear.AtTower                  """,O
2025-09-30 15:30:23.356,"DI_Clamps"".DI.ClampRear.AtTower                  """,O
2025-09-30 15:30:23.367,"DI_Clamps"".DI.ClampRear.AtTower                  """,O
2025-09-30 15:30:23.378,"DI_Clamps"".DI.ClampRear.AtTower                  """,O
2025-09-30 15:30:23.393,"DI_Clamps"".DI.ClampRear.AtTower                  """,O
2025-09-30 15:30:23.403,"DI_Clamps"".DI.ClampRear.AtTower                  """,O
2025-09-30 15:30:23.416,"DI_Clamps"".DI.ClampRear.AtTower                  """,O
2025-09-30 15:30:23.427,"DI_Clamps"".DI.ClampRear.AtTower                  """,O
2025-09-30 15:30:23.438,"DI_Clamps"".DI.ClampRear.AtTower                  """,O
2025-09-30 15:30:23.449,"DI_Clamps"".DI.ClampRear.AtTower                  """,O
2025-09-30 15:30:23.460,"DI_Clamps"".DI.ClampRear.AtTower                  """,O
2025-09-30 15:30:23.471,"DI_Clamps"".DI.ClampRear.AtTower                  """,O
2025-09-30 15:30:23.481,"DI_Clamps"".DI.ClampRear.AtTower                  """,O
2025-09-30 15:30:23.492,"DI_Clamps"".DI.ClampRear.AtTower                  """,O
2025-09-30 15:30:23.503,"DI_Clamps"".DI.ClampRear.AtTower                  """,O
2025-09-30 15:30:23.515,"DI_Clamps"".DI.ClampRear.AtTower                  """,O
2025-09-30 15:30:23.526,"DI_Clamps"".DI.ClampRear.AtTower                  """,O
2025-09-30 15:30:23.537,"DI_Clamps"".DI.ClampRear.AtTower                  """,O
2025-09-30 15:30:23.548,"DI_Clamps"".DI.ClampRear.AtTower                  """,O
2025-09-30 15:30:23.560,"DI_Clamps"".DI.ClampRear.AtTower                  """,O
2025-09-30 15:30:23.570,"DI_Clamps"".DI.ClampRear.AtTower                  """,O
2025-09-30 15:30:23.581,"DI_Clamps"".DI.ClampRear.AtTower                  """,O
